cluster,task,importance,n_active,n_valid,n_toxic,n_nontoxic,pct_toxic,pct_nontoxic,rank
76,NR-AR,0.015057,343,308,10,298,3.25,96.75,1
265,NR-AR,0.008327,274,264,12,252,4.55,95.45,2
254,NR-AR,0.008184,264,242,21,221,8.68,91.32,3
29,NR-AR,0.006087,128,122,8,114,6.56,93.44,4
17,NR-AR,0.00499,233,212,9,203,4.25,95.75,5
149,NR-AR,0.004816,120,109,2,107,1.83,98.17,6
114,NR-AR,0.004636,126,106,7,99,6.6,93.4,7
121,NR-AR,0.004329,90,88,5,83,5.68,94.32,8
106,NR-AR,0.004114,239,223,13,210,5.83,94.17,9
38,NR-AR,0.003936,241,222,8,214,3.6,96.4,10
2,NR-AR,0.003913,185,162,7,155,4.32,95.68,11
280,NR-AR,0.003877,122,112,4,108,3.57,96.43,12
4,NR-AR,0.003867,143,128,6,122,4.69,95.31,13
287,NR-AR,0.003746,167,151,6,145,3.97,96.03,14
129,NR-AR,0.0037,96,90,4,86,4.44,95.56,15
33,NR-AR,0.00366,166,157,8,149,5.1,94.9,16
282,NR-AR,0.003659,57,48,2,46,4.17,95.83,17
104,NR-AR,0.003629,163,150,13,137,8.67,91.33,18
153,NR-AR,0.003571,215,201,11,190,5.47,94.53,19
72,NR-AR,0.0034,256,233,18,215,7.73,92.27,20
59,NR-AR,0.00336,158,145,9,136,6.21,93.79,21
133,NR-AR,0.003277,35,35,0,35,0.0,100.0,22
60,NR-AR,0.003218,36,35,2,33,5.71,94.29,23
15,NR-AR,0.003199,222,198,7,191,3.54,96.46,24
117,NR-AR,0.003105,144,131,6,125,4.58,95.42,25
159,NR-AR,0.003013,127,118,6,112,5.08,94.92,26
163,NR-AR,0.00281,107,101,5,96,4.95,95.05,27
234,NR-AR,0.002733,53,50,3,47,6.0,94.0,28
146,NR-AR,0.002676,117,104,5,99,4.81,95.19,29
210,NR-AR,0.002623,42,35,0,35,0.0,100.0,30
91,NR-AR,0.002478,93,84,4,80,4.76,95.24,31
194,NR-AR,0.002411,30,30,1,29,3.33,96.67,32
267,NR-AR,0.002374,63,60,3,57,5.0,95.0,33
118,NR-AR,0.002347,86,81,10,71,12.35,87.65,34
92,NR-AR,0.002277,100,94,2,92,2.13,97.87,35
293,NR-AR,0.002266,92,82,1,81,1.22,98.78,36
128,NR-AR,0.002264,83,73,3,70,4.11,95.89,37
138,NR-AR,0.002231,81,75,2,73,2.67,97.33,38
178,NR-AR,0.002178,27,27,4,23,14.81,85.19,39
44,NR-AR,0.002132,155,141,3,138,2.13,97.87,40
26,NR-AR,0.002128,101,91,1,90,1.1,98.9,41
27,NR-AR,0.002112,82,74,4,70,5.41,94.59,42
125,NR-AR,0.002001,47,45,1,44,2.22,97.78,43
11,NR-AR,0.001997,82,77,1,76,1.3,98.7,44
197,NR-AR,0.001986,55,54,2,52,3.7,96.3,45
46,NR-AR,0.001932,88,80,1,79,1.25,98.75,46
269,NR-AR,0.001922,18,18,1,17,5.56,94.44,47
94,NR-AR,0.001916,114,108,3,105,2.78,97.22,48
97,NR-AR,0.001825,41,36,0,36,0.0,100.0,49
203,NR-AR,0.001801,59,54,2,52,3.7,96.3,50
230,NR-AR,0.001762,75,69,7,62,10.14,89.86,51
8,NR-AR,0.001718,97,89,8,81,8.99,91.01,52
255,NR-AR,0.001707,10,8,0,8,0.0,100.0,53
150,NR-AR,0.001704,57,53,3,50,5.66,94.34,54
101,NR-AR,0.001699,56,50,1,49,2.0,98.0,55
123,NR-AR,0.001693,34,31,1,30,3.23,96.77,56
98,NR-AR,0.001662,39,35,0,35,0.0,100.0,57
256,NR-AR,0.00161,31,29,2,27,6.9,93.1,58
50,NR-AR,0.00153,52,46,1,45,2.17,97.83,59
142,NR-AR,0.001524,32,29,0,29,0.0,100.0,60
30,NR-AR,0.00149,40,36,2,34,5.56,94.44,61
224,NR-AR,0.001481,16,14,0,14,0.0,100.0,62
93,NR-AR,0.001479,47,46,3,43,6.52,93.48,63
89,NR-AR,0.001464,50,46,6,40,13.04,86.96,64
185,NR-AR,0.001455,39,35,2,33,5.71,94.29,65
82,NR-AR,0.00144,14,13,2,11,15.38,84.62,66
226,NR-AR,0.001439,92,81,6,75,7.41,92.59,67
34,NR-AR,0.001432,93,85,4,81,4.71,95.29,68
12,NR-AR,0.001389,81,72,1,71,1.39,98.61,69
32,NR-AR,0.001382,74,69,5,64,7.25,92.75,70
45,NR-AR,0.001373,35,33,4,29,12.12,87.88,71
152,NR-AR,0.001367,88,82,6,76,7.32,92.68,72
43,NR-AR,0.001351,59,54,11,43,20.37,79.63,73
161,NR-AR,0.001346,21,18,1,17,5.56,94.44,74
156,NR-AR,0.001346,39,32,6,26,18.75,81.25,75
299,NR-AR,0.001337,29,27,1,26,3.7,96.3,76
122,NR-AR,0.001337,10,8,0,8,0.0,100.0,77
65,NR-AR,0.001315,10,10,2,8,20.0,80.0,78
157,NR-AR,0.001308,37,36,0,36,0.0,100.0,79
95,NR-AR,0.001305,24,24,1,23,4.17,95.83,80
49,NR-AR,0.001289,46,39,2,37,5.13,94.87,81
176,NR-AR,0.001281,39,38,2,36,5.26,94.74,82
58,NR-AR,0.001275,68,59,1,58,1.69,98.31,83
100,NR-AR,0.001255,33,29,0,29,0.0,100.0,84
70,NR-AR,0.001217,60,54,3,51,5.56,94.44,85
21,NR-AR,0.001209,56,50,5,45,10.0,90.0,86
164,NR-AR,0.001208,11,11,1,10,9.09,90.91,87
193,NR-AR,0.001205,32,30,1,29,3.33,96.67,88
275,NR-AR,0.00117,32,31,3,28,9.68,90.32,89
110,NR-AR,0.001167,13,11,1,10,9.09,90.91,90
112,NR-AR,0.001159,33,30,2,28,6.67,93.33,91
214,NR-AR,0.001155,17,17,0,17,0.0,100.0,92
202,NR-AR,0.001148,10,10,1,9,10.0,90.0,93
16,NR-AR,0.001116,40,38,3,35,7.89,92.11,94
77,NR-AR,0.001115,33,32,2,30,6.25,93.75,95
180,NR-AR,0.001106,11,11,2,9,18.18,81.82,96
218,NR-AR,0.001097,20,17,0,17,0.0,100.0,97
113,NR-AR,0.001071,21,16,1,15,6.25,93.75,98
227,NR-AR,0.001061,81,74,1,73,1.35,98.65,99
268,NR-AR,0.001053,46,46,2,44,4.35,95.65,100
253,NR-AR,0.001049,19,16,0,16,0.0,100.0,101
191,NR-AR,0.001046,17,14,1,13,7.14,92.86,102
19,NR-AR,0.001034,52,47,1,46,2.13,97.87,103
231,NR-AR,0.001024,69,63,5,58,7.94,92.06,104
1,NR-AR,0.00102,10,10,0,10,0.0,100.0,105
81,NR-AR,0.001006,20,17,1,16,5.88,94.12,106
5,NR-AR,0.001005,36,33,6,27,18.18,81.82,107
190,NR-AR,0.000993,35,35,0,35,0.0,100.0,108
64,NR-AR,0.00098,47,45,1,44,2.22,97.78,109
291,NR-AR,0.000972,27,25,0,25,0.0,100.0,110
18,NR-AR,0.000967,52,49,2,47,4.08,95.92,111
71,NR-AR,0.000965,12,10,1,9,10.0,90.0,112
51,NR-AR,0.00096,30,27,1,26,3.7,96.3,113
211,NR-AR,0.000957,20,18,1,17,5.56,94.44,114
80,NR-AR,0.000956,21,18,1,17,5.56,94.44,115
283,NR-AR,0.000939,35,33,0,33,0.0,100.0,116
196,NR-AR,0.000933,21,20,0,20,0.0,100.0,117
144,NR-AR,0.000928,16,14,0,14,0.0,100.0,118
0,NR-AR,0.000922,20,18,0,18,0.0,100.0,119
86,NR-AR,0.00091,19,17,1,16,5.88,94.12,120
84,NR-AR,0.000897,59,55,5,50,9.09,90.91,121
40,NR-AR,0.000894,15,13,1,12,7.69,92.31,122
96,NR-AR,0.000889,48,46,4,42,8.7,91.3,123
252,NR-AR,0.000881,31,22,0,22,0.0,100.0,124
219,NR-AR,0.000873,13,13,0,13,0.0,100.0,125
248,NR-AR,0.000863,19,17,0,17,0.0,100.0,126
53,NR-AR,0.000862,28,23,1,22,4.35,95.65,127
154,NR-AR,0.000851,27,26,1,25,3.85,96.15,128
213,NR-AR,0.000845,11,11,1,10,9.09,90.91,129
20,NR-AR,0.000837,13,12,0,12,0.0,100.0,130
205,NR-AR,0.000836,19,17,2,15,11.76,88.24,131
281,NR-AR,0.000836,27,25,0,25,0.0,100.0,132
209,NR-AR,0.000833,17,14,0,14,0.0,100.0,133
102,NR-AR,0.000829,22,20,0,20,0.0,100.0,134
68,NR-AR,0.000825,18,16,3,13,18.75,81.25,135
9,NR-AR,0.000822,19,19,2,17,10.53,89.47,136
251,NR-AR,0.000821,29,26,0,26,0.0,100.0,137
132,NR-AR,0.000819,19,19,3,16,15.79,84.21,138
74,NR-AR,0.000814,24,21,2,19,9.52,90.48,139
63,NR-AR,0.00081,21,18,0,18,0.0,100.0,140
221,NR-AR,0.000778,30,29,1,28,3.45,96.55,141
10,NR-AR,0.000772,30,27,3,24,11.11,88.89,142
183,NR-AR,0.000761,14,14,1,13,7.14,92.86,143
57,NR-AR,0.000753,11,10,1,9,10.0,90.0,144
177,NR-AR,0.000752,26,23,1,22,4.35,95.65,145
263,NR-AR,0.000748,10,10,1,9,10.0,90.0,146
52,NR-AR,0.000745,16,16,1,15,6.25,93.75,147
85,NR-AR,0.000739,22,21,0,21,0.0,100.0,148
90,NR-AR,0.000728,30,28,1,27,3.57,96.43,149
222,NR-AR,0.000724,10,10,0,10,0.0,100.0,150
120,NR-AR,0.000723,9,9,0,9,0.0,100.0,151
175,NR-AR,0.000714,9,7,0,7,0.0,100.0,152
264,NR-AR,0.000699,10,8,0,8,0.0,100.0,153
200,NR-AR,0.000695,8,8,0,8,0.0,100.0,154
297,NR-AR,0.000683,26,26,1,25,3.85,96.15,155
137,NR-AR,0.000679,18,16,0,16,0.0,100.0,156
31,NR-AR,0.00067,27,25,3,22,12.0,88.0,157
182,NR-AR,0.000667,14,10,0,10,0.0,100.0,158
66,NR-AR,0.000653,44,42,2,40,4.76,95.24,159
115,NR-AR,0.000646,10,10,1,9,10.0,90.0,160
119,NR-AR,0.000643,8,8,0,8,0.0,100.0,161
69,NR-AR,0.000638,14,14,0,14,0.0,100.0,162
35,NR-AR,0.000635,21,21,0,21,0.0,100.0,163
103,NR-AR,0.000632,9,9,1,8,11.11,88.89,164
28,NR-AR,0.000629,19,18,1,17,5.56,94.44,165
39,NR-AR,0.000629,10,8,0,8,0.0,100.0,166
271,NR-AR,0.000611,21,19,1,18,5.26,94.74,167
239,NR-AR,0.00061,15,14,1,13,7.14,92.86,168
189,NR-AR,0.000609,10,10,1,9,10.0,90.0,169
243,NR-AR,0.000599,11,10,1,9,10.0,90.0,170
174,NR-AR,0.000599,12,12,0,12,0.0,100.0,171
22,NR-AR,0.000596,18,17,1,16,5.88,94.12,172
139,NR-AR,0.000593,7,7,0,7,0.0,100.0,173
145,NR-AR,0.000593,20,16,2,14,12.5,87.5,174
184,NR-AR,0.000592,9,9,0,9,0.0,100.0,175
140,NR-AR,0.000592,7,7,0,7,0.0,100.0,176
3,NR-AR,0.000587,12,12,0,12,0.0,100.0,177
37,NR-AR,0.000586,29,27,2,25,7.41,92.59,178
199,NR-AR,0.000581,7,7,2,5,28.57,71.43,179
296,NR-AR,0.000576,9,8,0,8,0.0,100.0,180
143,NR-AR,0.00057,20,19,1,18,5.26,94.74,181
162,NR-AR,0.000569,14,14,0,14,0.0,100.0,182
170,NR-AR,0.000568,5,4,0,4,0.0,100.0,183
181,NR-AR,0.000568,12,11,1,10,9.09,90.91,184
169,NR-AR,0.000565,14,14,0,14,0.0,100.0,185
7,NR-AR,0.000564,23,22,1,21,4.55,95.45,186
259,NR-AR,0.000548,8,8,0,8,0.0,100.0,187
55,NR-AR,0.000546,7,6,0,6,0.0,100.0,188
165,NR-AR,0.000545,8,8,0,8,0.0,100.0,189
215,NR-AR,0.000542,8,6,0,6,0.0,100.0,190
292,NR-AR,0.00054,17,16,2,14,12.5,87.5,191
257,NR-AR,0.000531,12,12,1,11,8.33,91.67,192
204,NR-AR,0.000531,19,17,2,15,11.76,88.24,193
167,NR-AR,0.00053,6,5,2,3,40.0,60.0,194
41,NR-AR,0.000516,22,19,1,18,5.26,94.74,195
262,NR-AR,0.000507,5,5,0,5,0.0,100.0,196
232,NR-AR,0.0005,11,11,0,11,0.0,100.0,197
235,NR-AR,0.000487,8,7,0,7,0.0,100.0,198
198,NR-AR,0.000483,10,10,1,9,10.0,90.0,199
186,NR-AR,0.000482,5,5,0,5,0.0,100.0,200
78,NR-AR,0.000478,14,12,1,11,8.33,91.67,201
47,NR-AR,0.000472,6,6,2,4,33.33,66.67,202
107,NR-AR,0.000472,8,8,0,8,0.0,100.0,203
130,NR-AR,0.000463,12,10,0,10,0.0,100.0,204
99,NR-AR,0.00046,4,4,0,4,0.0,100.0,205
238,NR-AR,0.000459,11,10,0,10,0.0,100.0,206
62,NR-AR,0.000454,21,21,2,19,9.52,90.48,207
79,NR-AR,0.000447,7,7,0,7,0.0,100.0,208
105,NR-AR,0.000444,17,15,0,15,0.0,100.0,209
6,NR-AR,0.00044,9,8,0,8,0.0,100.0,210
171,NR-AR,0.000439,5,4,0,4,0.0,100.0,211
172,NR-AR,0.000437,12,11,0,11,0.0,100.0,212
148,NR-AR,0.000434,7,7,0,7,0.0,100.0,213
179,NR-AR,0.000433,7,7,0,7,0.0,100.0,214
274,NR-AR,0.00043,8,6,0,6,0.0,100.0,215
208,NR-AR,0.000423,9,8,1,7,12.5,87.5,216
36,NR-AR,0.000421,13,12,1,11,8.33,91.67,217
116,NR-AR,0.000417,9,9,0,9,0.0,100.0,218
289,NR-AR,0.000417,14,14,1,13,7.14,92.86,219
207,NR-AR,0.000413,6,6,0,6,0.0,100.0,220
201,NR-AR,0.000409,7,7,0,7,0.0,100.0,221
236,NR-AR,0.000403,11,10,0,10,0.0,100.0,222
155,NR-AR,0.000398,9,9,0,9,0.0,100.0,223
277,NR-AR,0.000397,12,11,1,10,9.09,90.91,224
168,NR-AR,0.000395,7,7,0,7,0.0,100.0,225
158,NR-AR,0.000393,24,23,1,22,4.35,95.65,226
134,NR-AR,0.00039,12,12,0,12,0.0,100.0,227
14,NR-AR,0.00038,15,14,0,14,0.0,100.0,228
166,NR-AR,0.000378,7,6,1,5,16.67,83.33,229
295,NR-AR,0.000378,5,5,0,5,0.0,100.0,230
270,NR-AR,0.000377,12,11,0,11,0.0,100.0,231
216,NR-AR,0.000364,4,4,1,3,25.0,75.0,232
13,NR-AR,0.000364,7,6,0,6,0.0,100.0,233
42,NR-AR,0.000354,6,6,1,5,16.67,83.33,234
56,NR-AR,0.000342,9,9,1,8,11.11,88.89,235
276,NR-AR,0.00034,11,10,2,8,20.0,80.0,236
250,NR-AR,0.00034,5,5,0,5,0.0,100.0,237
245,NR-AR,0.00033,11,10,2,8,20.0,80.0,238
136,NR-AR,0.00033,8,7,0,7,0.0,100.0,239
266,NR-AR,0.000327,6,6,0,6,0.0,100.0,240
223,NR-AR,0.000319,4,4,2,2,50.0,50.0,241
61,NR-AR,0.000317,4,4,0,4,0.0,100.0,242
241,NR-AR,0.00031,5,5,0,5,0.0,100.0,243
187,NR-AR,0.000306,2,2,0,2,0.0,100.0,244
126,NR-AR,0.000299,4,2,0,2,0.0,100.0,245
246,NR-AR,0.000298,6,6,0,6,0.0,100.0,246
188,NR-AR,0.000292,3,3,0,3,0.0,100.0,247
284,NR-AR,0.00029,6,5,0,5,0.0,100.0,248
54,NR-AR,0.000289,8,8,0,8,0.0,100.0,249
135,NR-AR,0.000282,13,13,1,12,7.69,92.31,250
124,NR-AR,0.000277,16,16,5,11,31.25,68.75,251
23,NR-AR,0.000272,8,8,0,8,0.0,100.0,252
88,NR-AR,0.000272,6,4,1,3,25.0,75.0,253
237,NR-AR,0.000251,4,4,0,4,0.0,100.0,254
24,NR-AR,0.000247,8,6,0,6,0.0,100.0,255
73,NR-AR,0.000246,7,6,1,5,16.67,83.33,256
220,NR-AR,0.000245,5,4,0,4,0.0,100.0,257
288,NR-AR,0.000244,10,10,2,8,20.0,80.0,258
258,NR-AR,0.00024,3,3,0,3,0.0,100.0,259
229,NR-AR,0.000239,2,2,0,2,0.0,100.0,260
249,NR-AR,0.000233,5,5,0,5,0.0,100.0,261
247,NR-AR,0.000226,4,4,0,4,0.0,100.0,262
195,NR-AR,0.000221,7,7,0,7,0.0,100.0,263
244,NR-AR,0.000214,5,4,0,4,0.0,100.0,264
233,NR-AR,0.000213,6,6,0,6,0.0,100.0,265
87,NR-AR,0.000211,7,7,0,7,0.0,100.0,266
151,NR-AR,0.00021,5,4,0,4,0.0,100.0,267
192,NR-AR,0.000207,6,6,0,6,0.0,100.0,268
286,NR-AR,0.000205,5,4,0,4,0.0,100.0,269
285,NR-AR,0.000204,4,4,0,4,0.0,100.0,270
228,NR-AR,0.000202,7,6,1,5,16.67,83.33,271
25,NR-AR,0.000196,8,7,0,7,0.0,100.0,272
225,NR-AR,0.000193,2,2,0,2,0.0,100.0,273
206,NR-AR,0.000191,4,3,0,3,0.0,100.0,274
83,NR-AR,0.000188,2,2,0,2,0.0,100.0,275
48,NR-AR,0.000185,6,6,0,6,0.0,100.0,276
240,NR-AR,0.000185,5,5,0,5,0.0,100.0,277
75,NR-AR,0.000184,7,7,1,6,14.29,85.71,278
212,NR-AR,0.000183,6,6,0,6,0.0,100.0,279
279,NR-AR,0.00018,5,5,1,4,20.0,80.0,280
141,NR-AR,0.000173,4,2,0,2,0.0,100.0,281
147,NR-AR,0.000168,4,4,0,4,0.0,100.0,282
294,NR-AR,0.000162,3,3,0,3,0.0,100.0,283
298,NR-AR,0.00015,6,6,0,6,0.0,100.0,284
278,NR-AR,0.000144,5,4,0,4,0.0,100.0,285
273,NR-AR,0.000117,6,6,0,6,0.0,100.0,286
260,NR-AR,0.000106,4,4,0,4,0.0,100.0,287
160,NR-AR,0.000105,4,3,0,3,0.0,100.0,288
272,NR-AR,8e-05,6,6,0,6,0.0,100.0,289
217,NR-AR,6.7e-05,2,2,0,2,0.0,100.0,290
67,NR-AR,6.4e-05,4,4,0,4,0.0,100.0,291
127,NR-AR,4e-05,2,2,1,1,50.0,50.0,292
131,NR-AR,3.7e-05,2,1,0,1,0.0,100.0,293
173,NR-AR,3.3e-05,2,2,0,2,0.0,100.0,294
108,NR-AR,3.2e-05,1,1,0,1,0.0,100.0,295
261,NR-AR,2.5e-05,2,2,0,2,0.0,100.0,296
290,NR-AR,1e-05,1,1,0,1,0.0,100.0,297
76,NR-AR-LBD,0.007163,343,282,11,271,3.9,96.1,1
254,NR-AR-LBD,0.00471,264,225,20,205,8.89,91.11,2
265,NR-AR-LBD,0.00223,274,241,9,232,3.73,96.27,3
149,NR-AR-LBD,0.002143,120,103,1,102,0.97,99.03,4
104,NR-AR-LBD,0.001969,163,133,10,123,7.52,92.48,5
29,NR-AR-LBD,0.001943,128,117,9,108,7.69,92.31,6
129,NR-AR-LBD,0.001767,96,85,3,82,3.53,96.47,7
106,NR-AR-LBD,0.001728,239,202,8,194,3.96,96.04,8
2,NR-AR-LBD,0.001683,185,150,11,139,7.33,92.67,9
280,NR-AR-LBD,0.001649,122,107,5,102,4.67,95.33,10
159,NR-AR-LBD,0.001533,127,110,7,103,6.36,93.64,11
59,NR-AR-LBD,0.001507,158,138,11,127,7.97,92.03,12
17,NR-AR-LBD,0.001466,233,196,7,189,3.57,96.43,13
4,NR-AR-LBD,0.001454,143,119,5,114,4.2,95.8,14
15,NR-AR-LBD,0.001329,222,188,6,182,3.19,96.81,15
210,NR-AR-LBD,0.001245,42,33,1,32,3.03,96.97,16
91,NR-AR-LBD,0.001245,93,76,3,73,3.95,96.05,17
287,NR-AR-LBD,0.001223,167,144,6,138,4.17,95.83,18
267,NR-AR-LBD,0.001195,63,49,1,48,2.04,97.96,19
142,NR-AR-LBD,0.001176,32,24,0,24,0.0,100.0,20
72,NR-AR-LBD,0.001159,256,220,16,204,7.27,92.73,21
27,NR-AR-LBD,0.001152,82,66,3,63,4.55,95.45,22
38,NR-AR-LBD,0.001151,241,206,5,201,2.43,97.57,23
97,NR-AR-LBD,0.001142,41,34,0,34,0.0,100.0,24
133,NR-AR-LBD,0.001127,35,35,0,35,0.0,100.0,25
11,NR-AR-LBD,0.001113,82,69,2,67,2.9,97.1,26
153,NR-AR-LBD,0.001107,215,187,10,177,5.35,94.65,27
94,NR-AR-LBD,0.001032,114,101,3,98,2.97,97.03,28
146,NR-AR-LBD,0.001013,117,95,4,91,4.21,95.79,29
16,NR-AR-LBD,0.000979,40,36,3,33,8.33,91.67,30
293,NR-AR-LBD,0.000965,92,74,1,73,1.35,98.65,31
138,NR-AR-LBD,0.000941,81,66,3,63,4.55,95.45,32
282,NR-AR-LBD,0.000936,57,45,3,42,6.67,93.33,33
92,NR-AR-LBD,0.000922,100,86,2,84,2.33,97.67,34
150,NR-AR-LBD,0.000913,57,51,2,49,3.92,96.08,35
118,NR-AR-LBD,0.000895,86,75,8,67,10.67,89.33,36
33,NR-AR-LBD,0.000871,166,135,9,126,6.67,93.33,37
44,NR-AR-LBD,0.000866,155,130,3,127,2.31,97.69,38
12,NR-AR-LBD,0.000813,81,67,1,66,1.49,98.51,39
125,NR-AR-LBD,0.00081,47,39,1,38,2.56,97.44,40
8,NR-AR-LBD,0.000785,97,82,7,75,8.54,91.46,41
114,NR-AR-LBD,0.00078,126,101,7,94,6.93,93.07,42
117,NR-AR-LBD,0.00076,144,124,7,117,5.65,94.35,43
121,NR-AR-LBD,0.00076,90,81,4,77,4.94,95.06,44
43,NR-AR-LBD,0.00076,59,51,8,43,15.69,84.31,45
163,NR-AR-LBD,0.000753,107,96,5,91,5.21,94.79,46
234,NR-AR-LBD,0.000723,53,41,3,38,7.32,92.68,47
101,NR-AR-LBD,0.000716,56,45,1,44,2.22,97.78,48
60,NR-AR-LBD,0.000715,36,33,0,33,0.0,100.0,49
283,NR-AR-LBD,0.000711,35,28,0,28,0.0,100.0,50
34,NR-AR-LBD,0.000693,93,82,4,78,4.88,95.12,51
89,NR-AR-LBD,0.000686,50,42,4,38,9.52,90.48,52
26,NR-AR-LBD,0.000686,101,80,1,79,1.25,98.75,53
161,NR-AR-LBD,0.000683,21,15,0,15,0.0,100.0,54
230,NR-AR-LBD,0.000676,75,66,6,60,9.09,90.91,55
224,NR-AR-LBD,0.000675,16,12,0,12,0.0,100.0,56
98,NR-AR-LBD,0.000671,39,31,1,30,3.23,96.77,57
197,NR-AR-LBD,0.00066,55,50,2,48,4.0,96.0,58
275,NR-AR-LBD,0.000652,32,26,1,25,3.85,96.15,59
46,NR-AR-LBD,0.000646,88,75,3,72,4.0,96.0,60
128,NR-AR-LBD,0.000636,83,65,3,62,4.62,95.38,61
64,NR-AR-LBD,0.000622,47,38,1,37,2.63,97.37,62
102,NR-AR-LBD,0.000617,22,16,0,16,0.0,100.0,63
93,NR-AR-LBD,0.000615,47,42,3,39,7.14,92.86,64
123,NR-AR-LBD,0.000608,34,26,0,26,0.0,100.0,65
157,NR-AR-LBD,0.000604,37,34,0,34,0.0,100.0,66
45,NR-AR-LBD,0.000588,35,30,3,27,10.0,90.0,67
251,NR-AR-LBD,0.000588,29,24,0,24,0.0,100.0,68
226,NR-AR-LBD,0.000585,92,72,5,67,6.94,93.06,69
185,NR-AR-LBD,0.000584,39,34,2,32,5.88,94.12,70
152,NR-AR-LBD,0.000575,88,74,5,69,6.76,93.24,71
50,NR-AR-LBD,0.000572,52,41,1,40,2.44,97.56,72
113,NR-AR-LBD,0.000564,21,17,0,17,0.0,100.0,73
205,NR-AR-LBD,0.000548,19,17,1,16,5.88,94.12,74
178,NR-AR-LBD,0.000546,27,25,3,22,12.0,88.0,75
31,NR-AR-LBD,0.000542,27,22,3,19,13.64,86.36,76
243,NR-AR-LBD,0.000529,11,10,1,9,10.0,90.0,77
177,NR-AR-LBD,0.000527,26,21,0,21,0.0,100.0,78
176,NR-AR-LBD,0.000524,39,36,1,35,2.78,97.22,79
32,NR-AR-LBD,0.000507,74,60,3,57,5.0,95.0,80
58,NR-AR-LBD,0.000499,68,56,2,54,3.57,96.43,81
227,NR-AR-LBD,0.000498,81,64,2,62,3.12,96.88,82
252,NR-AR-LBD,0.000498,31,25,0,25,0.0,100.0,83
30,NR-AR-LBD,0.000495,40,33,1,32,3.03,96.97,84
281,NR-AR-LBD,0.000486,27,25,0,25,0.0,100.0,85
143,NR-AR-LBD,0.000484,20,15,1,14,6.67,93.33,86
5,NR-AR-LBD,0.000481,36,32,6,26,18.75,81.25,87
19,NR-AR-LBD,0.000481,52,36,2,34,5.56,94.44,88
84,NR-AR-LBD,0.000478,59,47,5,42,10.64,89.36,89
95,NR-AR-LBD,0.000471,24,23,0,23,0.0,100.0,90
112,NR-AR-LBD,0.000454,33,27,2,25,7.41,92.59,91
256,NR-AR-LBD,0.000453,31,27,2,25,7.41,92.59,92
52,NR-AR-LBD,0.000453,16,14,1,13,7.14,92.86,93
35,NR-AR-LBD,0.000448,21,21,0,21,0.0,100.0,94
144,NR-AR-LBD,0.000439,16,13,0,13,0.0,100.0,95
122,NR-AR-LBD,0.000416,10,8,1,7,12.5,87.5,96
49,NR-AR-LBD,0.000414,46,33,4,29,12.12,87.88,97
70,NR-AR-LBD,0.00041,60,49,4,45,8.16,91.84,98
291,NR-AR-LBD,0.000408,27,21,0,21,0.0,100.0,99
235,NR-AR-LBD,0.000406,8,6,0,6,0.0,100.0,100
21,NR-AR-LBD,0.000406,56,44,6,38,13.64,86.36,101
203,NR-AR-LBD,0.000405,59,47,3,44,6.38,93.62,102
292,NR-AR-LBD,0.000403,17,16,0,16,0.0,100.0,103
37,NR-AR-LBD,0.000403,29,25,3,22,12.0,88.0,104
156,NR-AR-LBD,0.000395,39,33,5,28,15.15,84.85,105
269,NR-AR-LBD,0.000392,18,17,1,16,5.88,94.12,106
231,NR-AR-LBD,0.000387,69,55,5,50,9.09,90.91,107
268,NR-AR-LBD,0.000383,46,43,2,41,4.65,95.35,108
190,NR-AR-LBD,0.000383,35,34,0,34,0.0,100.0,109
193,NR-AR-LBD,0.000378,32,27,1,26,3.7,96.3,110
194,NR-AR-LBD,0.000371,30,29,2,27,6.9,93.1,111
105,NR-AR-LBD,0.000362,17,14,0,14,0.0,100.0,112
82,NR-AR-LBD,0.00036,14,12,2,10,16.67,83.33,113
137,NR-AR-LBD,0.000346,18,15,0,15,0.0,100.0,114
180,NR-AR-LBD,0.000345,11,11,2,9,18.18,81.82,115
214,NR-AR-LBD,0.000344,17,16,0,16,0.0,100.0,116
63,NR-AR-LBD,0.000341,21,16,0,16,0.0,100.0,117
299,NR-AR-LBD,0.000339,29,21,2,19,9.52,90.48,118
196,NR-AR-LBD,0.000336,21,20,0,20,0.0,100.0,119
238,NR-AR-LBD,0.000336,11,10,0,10,0.0,100.0,120
96,NR-AR-LBD,0.000332,48,44,2,42,4.55,95.45,121
81,NR-AR-LBD,0.000331,20,13,0,13,0.0,100.0,122
130,NR-AR-LBD,0.000329,12,9,0,9,0.0,100.0,123
22,NR-AR-LBD,0.000327,18,16,1,15,6.25,93.75,124
237,NR-AR-LBD,0.000326,4,4,0,4,0.0,100.0,125
18,NR-AR-LBD,0.000326,52,48,2,46,4.17,95.83,126
297,NR-AR-LBD,0.000318,26,21,0,21,0.0,100.0,127
100,NR-AR-LBD,0.000318,33,27,0,27,0.0,100.0,128
263,NR-AR-LBD,0.000318,10,10,0,10,0.0,100.0,129
55,NR-AR-LBD,0.000317,7,5,0,5,0.0,100.0,130
191,NR-AR-LBD,0.000312,17,14,0,14,0.0,100.0,131
154,NR-AR-LBD,0.000304,27,24,1,23,4.17,95.83,132
51,NR-AR-LBD,0.000302,30,26,0,26,0.0,100.0,133
86,NR-AR-LBD,0.000299,19,17,1,16,5.88,94.12,134
219,NR-AR-LBD,0.000295,13,11,0,11,0.0,100.0,135
7,NR-AR-LBD,0.000293,23,21,1,20,4.76,95.24,136
90,NR-AR-LBD,0.000292,30,25,1,24,4.0,96.0,137
77,NR-AR-LBD,0.000291,33,28,2,26,7.14,92.86,138
110,NR-AR-LBD,0.00029,13,10,0,10,0.0,100.0,139
66,NR-AR-LBD,0.000289,44,34,0,34,0.0,100.0,140
211,NR-AR-LBD,0.000285,20,16,1,15,6.25,93.75,141
218,NR-AR-LBD,0.000283,20,14,0,14,0.0,100.0,142
3,NR-AR-LBD,0.000276,12,10,0,10,0.0,100.0,143
13,NR-AR-LBD,0.000274,7,5,0,5,0.0,100.0,144
155,NR-AR-LBD,0.000266,9,8,0,8,0.0,100.0,145
183,NR-AR-LBD,0.000258,14,13,1,12,7.69,92.31,146
181,NR-AR-LBD,0.000258,12,10,0,10,0.0,100.0,147
277,NR-AR-LBD,0.000254,12,10,0,10,0.0,100.0,148
56,NR-AR-LBD,0.000252,9,8,1,7,12.5,87.5,149
6,NR-AR-LBD,0.000252,9,8,0,8,0.0,100.0,150
140,NR-AR-LBD,0.000248,7,6,0,6,0.0,100.0,151
41,NR-AR-LBD,0.000246,22,14,1,13,7.14,92.86,152
85,NR-AR-LBD,0.000241,22,18,0,18,0.0,100.0,153
175,NR-AR-LBD,0.000237,9,7,0,7,0.0,100.0,154
199,NR-AR-LBD,0.000236,7,7,1,6,14.29,85.71,155
71,NR-AR-LBD,0.000231,12,8,1,7,12.5,87.5,156
53,NR-AR-LBD,0.000226,28,20,1,19,5.0,95.0,157
258,NR-AR-LBD,0.000226,3,2,0,2,0.0,100.0,158
272,NR-AR-LBD,0.000226,6,4,0,4,0.0,100.0,159
132,NR-AR-LBD,0.000225,19,17,0,17,0.0,100.0,160
182,NR-AR-LBD,0.000225,14,8,0,8,0.0,100.0,161
273,NR-AR-LBD,0.000223,6,5,0,5,0.0,100.0,162
184,NR-AR-LBD,0.000216,9,8,0,8,0.0,100.0,163
9,NR-AR-LBD,0.000215,19,18,0,18,0.0,100.0,164
78,NR-AR-LBD,0.000215,14,10,1,9,10.0,90.0,165
221,NR-AR-LBD,0.000214,30,27,2,25,7.41,92.59,166
24,NR-AR-LBD,0.000212,8,6,0,6,0.0,100.0,167
264,NR-AR-LBD,0.000209,10,7,0,7,0.0,100.0,168
271,NR-AR-LBD,0.000209,21,17,0,17,0.0,100.0,169
10,NR-AR-LBD,0.000206,30,23,2,21,8.7,91.3,170
248,NR-AR-LBD,0.000204,19,16,0,16,0.0,100.0,171
170,NR-AR-LBD,0.000197,5,4,0,4,0.0,100.0,172
245,NR-AR-LBD,0.000196,11,9,3,6,33.33,66.67,173
145,NR-AR-LBD,0.000195,20,16,2,14,12.5,87.5,174
151,NR-AR-LBD,0.000192,5,4,0,4,0.0,100.0,175
28,NR-AR-LBD,0.000187,19,16,1,15,6.25,93.75,176
171,NR-AR-LBD,0.000185,5,4,0,4,0.0,100.0,177
158,NR-AR-LBD,0.000184,24,20,0,20,0.0,100.0,178
255,NR-AR-LBD,0.000183,10,7,0,7,0.0,100.0,179
39,NR-AR-LBD,0.000182,10,10,0,10,0.0,100.0,180
69,NR-AR-LBD,0.000181,14,13,0,13,0.0,100.0,181
126,NR-AR-LBD,0.000179,4,2,0,2,0.0,100.0,182
284,NR-AR-LBD,0.000179,6,5,0,5,0.0,100.0,183
136,NR-AR-LBD,0.000179,8,7,0,7,0.0,100.0,184
74,NR-AR-LBD,0.000177,24,19,3,16,15.79,84.21,185
0,NR-AR-LBD,0.000176,20,14,0,14,0.0,100.0,186
40,NR-AR-LBD,0.000173,15,11,1,10,9.09,90.91,187
192,NR-AR-LBD,0.00017,6,6,0,6,0.0,100.0,188
289,NR-AR-LBD,0.000169,14,12,1,11,8.33,91.67,189
20,NR-AR-LBD,0.000168,13,11,1,10,9.09,90.91,190
147,NR-AR-LBD,0.000168,4,2,0,2,0.0,100.0,191
206,NR-AR-LBD,0.000166,4,2,0,2,0.0,100.0,192
232,NR-AR-LBD,0.000163,11,10,0,10,0.0,100.0,193
116,NR-AR-LBD,0.000163,9,5,0,5,0.0,100.0,194
68,NR-AR-LBD,0.000161,18,15,3,12,20.0,80.0,195
223,NR-AR-LBD,0.000161,4,4,1,3,25.0,75.0,196
124,NR-AR-LBD,0.00016,16,12,5,7,41.67,58.33,197
80,NR-AR-LBD,0.000156,21,14,2,12,14.29,85.71,198
209,NR-AR-LBD,0.000155,17,15,0,15,0.0,100.0,199
276,NR-AR-LBD,0.000154,11,8,1,7,12.5,87.5,200
220,NR-AR-LBD,0.000153,5,4,0,4,0.0,100.0,201
278,NR-AR-LBD,0.000153,5,3,0,3,0.0,100.0,202
270,NR-AR-LBD,0.000152,12,11,0,11,0.0,100.0,203
179,NR-AR-LBD,0.000152,7,7,0,7,0.0,100.0,204
54,NR-AR-LBD,0.000151,8,7,0,7,0.0,100.0,205
62,NR-AR-LBD,0.000151,21,20,2,18,10.0,90.0,206
165,NR-AR-LBD,0.000151,8,8,0,8,0.0,100.0,207
36,NR-AR-LBD,0.000147,13,11,1,10,9.09,90.91,208
253,NR-AR-LBD,0.000146,19,16,0,16,0.0,100.0,209
296,NR-AR-LBD,0.000145,9,8,0,8,0.0,100.0,210
164,NR-AR-LBD,0.000143,11,10,0,10,0.0,100.0,211
120,NR-AR-LBD,0.000138,9,8,0,8,0.0,100.0,212
198,NR-AR-LBD,0.000137,10,8,2,6,25.0,75.0,213
233,NR-AR-LBD,0.000136,6,4,1,3,25.0,75.0,214
257,NR-AR-LBD,0.000132,12,12,0,12,0.0,100.0,215
148,NR-AR-LBD,0.000131,7,6,0,6,0.0,100.0,216
23,NR-AR-LBD,0.00013,8,7,0,7,0.0,100.0,217
201,NR-AR-LBD,0.000129,7,3,0,3,0.0,100.0,218
119,NR-AR-LBD,0.000128,8,8,0,8,0.0,100.0,219
79,NR-AR-LBD,0.000123,7,6,0,6,0.0,100.0,220
103,NR-AR-LBD,0.000122,9,9,0,9,0.0,100.0,221
42,NR-AR-LBD,0.000122,6,6,1,5,16.67,83.33,222
107,NR-AR-LBD,0.000122,8,7,0,7,0.0,100.0,223
298,NR-AR-LBD,0.000121,6,5,0,5,0.0,100.0,224
189,NR-AR-LBD,0.00012,10,10,0,10,0.0,100.0,225
174,NR-AR-LBD,0.000119,12,12,1,11,8.33,91.67,226
288,NR-AR-LBD,0.000118,10,10,0,10,0.0,100.0,227
246,NR-AR-LBD,0.000117,6,5,0,5,0.0,100.0,228
204,NR-AR-LBD,0.000115,19,18,2,16,11.11,88.89,229
169,NR-AR-LBD,0.000115,14,11,0,11,0.0,100.0,230
195,NR-AR-LBD,0.000115,7,6,0,6,0.0,100.0,231
213,NR-AR-LBD,0.00011,11,11,1,10,9.09,90.91,232
134,NR-AR-LBD,0.000108,12,11,0,11,0.0,100.0,233
239,NR-AR-LBD,0.000107,15,13,1,12,7.69,92.31,234
25,NR-AR-LBD,0.000106,8,5,0,5,0.0,100.0,235
75,NR-AR-LBD,0.000104,7,7,1,6,14.29,85.71,236
240,NR-AR-LBD,0.000103,5,5,0,5,0.0,100.0,237
48,NR-AR-LBD,0.000103,6,5,0,5,0.0,100.0,238
215,NR-AR-LBD,0.000102,8,6,0,6,0.0,100.0,239
274,NR-AR-LBD,0.000102,8,5,0,5,0.0,100.0,240
236,NR-AR-LBD,0.000101,11,10,0,10,0.0,100.0,241
202,NR-AR-LBD,9.8e-05,10,7,2,5,28.57,71.43,242
225,NR-AR-LBD,9.7e-05,2,2,0,2,0.0,100.0,243
259,NR-AR-LBD,9.6e-05,8,8,0,8,0.0,100.0,244
186,NR-AR-LBD,9.5e-05,5,5,0,5,0.0,100.0,245
166,NR-AR-LBD,9.4e-05,7,4,1,3,25.0,75.0,246
14,NR-AR-LBD,9.2e-05,15,13,0,13,0.0,100.0,247
250,NR-AR-LBD,8.7e-05,5,3,0,3,0.0,100.0,248
295,NR-AR-LBD,8.6e-05,5,5,0,5,0.0,100.0,249
139,NR-AR-LBD,8.4e-05,7,7,1,6,14.29,85.71,250
135,NR-AR-LBD,7.9e-05,13,13,1,12,7.69,92.31,251
172,NR-AR-LBD,7.8e-05,12,10,1,9,10.0,90.0,252
1,NR-AR-LBD,7.3e-05,10,10,0,10,0.0,100.0,253
241,NR-AR-LBD,7.1e-05,5,4,0,4,0.0,100.0,254
200,NR-AR-LBD,7e-05,8,8,0,8,0.0,100.0,255
61,NR-AR-LBD,6.9e-05,4,4,0,4,0.0,100.0,256
266,NR-AR-LBD,6.9e-05,6,6,0,6,0.0,100.0,257
65,NR-AR-LBD,6.7e-05,10,9,1,8,11.11,88.89,258
99,NR-AR-LBD,6.7e-05,4,3,0,3,0.0,100.0,259
222,NR-AR-LBD,6.7e-05,10,10,1,9,10.0,90.0,260
207,NR-AR-LBD,6.6e-05,6,6,0,6,0.0,100.0,261
212,NR-AR-LBD,6.5e-05,6,6,1,5,16.67,83.33,262
228,NR-AR-LBD,6.4e-05,7,6,1,5,16.67,83.33,263
208,NR-AR-LBD,6.3e-05,9,8,1,7,12.5,87.5,264
162,NR-AR-LBD,6.2e-05,14,12,0,12,0.0,100.0,265
47,NR-AR-LBD,6.1e-05,6,5,1,4,20.0,80.0,266
57,NR-AR-LBD,5.9e-05,11,9,1,8,11.11,88.89,267
141,NR-AR-LBD,5.9e-05,4,2,0,2,0.0,100.0,268
115,NR-AR-LBD,5.6e-05,10,10,1,9,10.0,90.0,269
73,NR-AR-LBD,5.3e-05,7,5,1,4,20.0,80.0,270
279,NR-AR-LBD,5.3e-05,5,5,2,3,40.0,60.0,271
286,NR-AR-LBD,5.2e-05,5,4,0,4,0.0,100.0,272
285,NR-AR-LBD,5.1e-05,4,3,0,3,0.0,100.0,273
168,NR-AR-LBD,5e-05,7,6,0,6,0.0,100.0,274
87,NR-AR-LBD,5e-05,7,6,0,6,0.0,100.0,275
88,NR-AR-LBD,4.9e-05,6,4,0,4,0.0,100.0,276
216,NR-AR-LBD,4.5e-05,4,4,1,3,25.0,75.0,277
167,NR-AR-LBD,4.3e-05,6,6,1,5,16.67,83.33,278
294,NR-AR-LBD,3.9e-05,3,3,0,3,0.0,100.0,279
261,NR-AR-LBD,3.8e-05,2,1,0,1,0.0,100.0,280
249,NR-AR-LBD,3.8e-05,5,5,0,5,0.0,100.0,281
160,NR-AR-LBD,3.2e-05,4,3,0,3,0.0,100.0,282
260,NR-AR-LBD,2.9e-05,4,3,0,3,0.0,100.0,283
131,NR-AR-LBD,2.8e-05,2,2,0,2,0.0,100.0,284
188,NR-AR-LBD,2.8e-05,3,3,0,3,0.0,100.0,285
187,NR-AR-LBD,2.7e-05,2,2,0,2,0.0,100.0,286
247,NR-AR-LBD,2.7e-05,4,4,0,4,0.0,100.0,287
244,NR-AR-LBD,2.4e-05,5,4,0,4,0.0,100.0,288
229,NR-AR-LBD,2.2e-05,2,2,0,2,0.0,100.0,289
127,NR-AR-LBD,1.9e-05,2,1,0,1,0.0,100.0,290
262,NR-AR-LBD,1.8e-05,5,5,0,5,0.0,100.0,291
67,NR-AR-LBD,1.8e-05,4,4,0,4,0.0,100.0,292
83,NR-AR-LBD,1.5e-05,2,2,0,2,0.0,100.0,293
217,NR-AR-LBD,1.4e-05,2,2,1,1,50.0,50.0,294
173,NR-AR-LBD,4e-06,2,2,0,2,0.0,100.0,295
290,NR-AR-LBD,2e-06,1,1,1,0,100.0,0.0,296
76,NR-AhR,0.014031,343,270,29,241,10.74,89.26,1
287,NR-AhR,0.007251,167,137,25,112,18.25,81.75,2
265,NR-AhR,0.007194,274,228,49,179,21.49,78.51,3
38,NR-AhR,0.004937,241,197,32,165,16.24,83.76,4
17,NR-AhR,0.004246,233,190,31,159,16.32,83.68,5
146,NR-AhR,0.003348,117,91,6,85,6.59,93.41,6
149,NR-AhR,0.002573,120,96,13,83,13.54,86.46,7
121,NR-AhR,0.002486,90,77,22,55,28.57,71.43,8
280,NR-AhR,0.002353,122,98,9,89,9.18,90.82,9
33,NR-AhR,0.002282,166,134,23,111,17.16,82.84,10
29,NR-AhR,0.002278,128,113,11,102,9.73,90.27,11
104,NR-AhR,0.002231,163,131,20,111,15.27,84.73,12
2,NR-AhR,0.002223,185,149,12,137,8.05,91.95,13
254,NR-AhR,0.002074,264,219,21,198,9.59,90.41,14
72,NR-AhR,0.002062,256,204,18,186,8.82,91.18,15
15,NR-AhR,0.002025,222,184,28,156,15.22,84.78,16
159,NR-AhR,0.002,127,112,10,102,8.93,91.07,17
106,NR-AhR,0.001986,239,202,18,184,8.91,91.09,18
267,NR-AhR,0.001874,63,51,9,42,17.65,82.35,19
4,NR-AhR,0.001863,143,110,11,99,10.0,90.0,20
293,NR-AhR,0.001811,92,74,14,60,18.92,81.08,21
153,NR-AhR,0.001789,215,180,22,158,12.22,87.78,22
117,NR-AhR,0.001776,144,116,18,98,15.52,84.48,23
94,NR-AhR,0.00175,114,96,11,85,11.46,88.54,24
253,NR-AhR,0.001726,19,15,2,13,13.33,86.67,25
11,NR-AhR,0.001707,82,72,9,63,12.5,87.5,26
114,NR-AhR,0.001691,126,94,4,90,4.26,95.74,27
163,NR-AhR,0.001636,107,98,9,89,9.18,90.82,28
12,NR-AhR,0.001632,81,67,6,61,8.96,91.04,29
133,NR-AhR,0.001629,35,32,3,29,9.38,90.62,30
129,NR-AhR,0.001582,96,82,6,76,7.32,92.68,31
44,NR-AhR,0.001516,155,129,17,112,13.18,86.82,32
26,NR-AhR,0.00148,101,80,14,66,17.5,82.5,33
91,NR-AhR,0.001422,93,75,12,63,16.0,84.0,34
49,NR-AhR,0.001394,46,33,4,29,12.12,87.88,35
59,NR-AhR,0.001375,158,130,19,111,14.62,85.38,36
32,NR-AhR,0.001322,74,62,12,50,19.35,80.65,37
152,NR-AhR,0.001318,88,68,9,59,13.24,86.76,38
157,NR-AhR,0.001275,37,33,4,29,12.12,87.88,39
234,NR-AhR,0.001229,53,44,8,36,18.18,81.82,40
60,NR-AhR,0.001212,36,34,4,30,11.76,88.24,41
158,NR-AhR,0.001199,24,18,4,14,22.22,77.78,42
128,NR-AhR,0.001183,83,66,10,56,15.15,84.85,43
150,NR-AhR,0.001171,57,48,12,36,25.0,75.0,44
8,NR-AhR,0.00117,97,78,18,60,23.08,76.92,45
123,NR-AhR,0.001152,34,30,2,28,6.67,93.33,46
291,NR-AhR,0.001149,27,23,4,19,17.39,82.61,47
30,NR-AhR,0.001138,40,29,2,27,6.9,93.1,48
16,NR-AhR,0.0011,40,35,4,31,11.43,88.57,49
203,NR-AhR,0.001097,59,46,9,37,19.57,80.43,50
230,NR-AhR,0.001093,75,59,9,50,15.25,84.75,51
138,NR-AhR,0.001092,81,71,7,64,9.86,90.14,52
156,NR-AhR,0.001086,39,28,5,23,17.86,82.14,53
275,NR-AhR,0.001062,32,21,7,14,33.33,66.67,54
210,NR-AhR,0.001058,42,34,3,31,8.82,91.18,55
227,NR-AhR,0.00104,81,67,10,57,14.93,85.07,56
18,NR-AhR,0.001038,52,43,9,34,20.93,79.07,57
27,NR-AhR,0.001023,82,68,7,61,10.29,89.71,58
92,NR-AhR,0.001016,100,84,8,76,9.52,90.48,59
125,NR-AhR,0.000999,47,36,10,26,27.78,72.22,60
177,NR-AhR,0.000995,26,21,5,16,23.81,76.19,61
218,NR-AhR,0.000986,20,16,1,15,6.25,93.75,62
226,NR-AhR,0.000966,92,72,9,63,12.5,87.5,63
19,NR-AhR,0.00096,52,39,4,35,10.26,89.74,64
197,NR-AhR,0.000931,55,49,0,49,0.0,100.0,65
299,NR-AhR,0.00093,29,21,0,21,0.0,100.0,66
118,NR-AhR,0.000926,86,74,11,63,14.86,85.14,67
178,NR-AhR,0.000926,27,23,2,21,8.7,91.3,68
101,NR-AhR,0.000907,56,44,2,42,4.55,95.45,69
46,NR-AhR,0.000882,88,72,7,65,9.72,90.28,70
193,NR-AhR,0.000882,32,25,6,19,24.0,76.0,71
84,NR-AhR,0.000867,59,50,6,44,12.0,88.0,72
196,NR-AhR,0.000854,21,19,1,18,5.26,94.74,73
238,NR-AhR,0.000854,11,9,0,9,0.0,100.0,74
74,NR-AhR,0.000853,24,18,3,15,16.67,83.33,75
231,NR-AhR,0.000843,69,55,12,43,21.82,78.18,76
34,NR-AhR,0.000831,93,78,11,67,14.1,85.9,77
168,NR-AhR,0.000807,7,6,1,5,16.67,83.33,78
97,NR-AhR,0.000807,41,33,0,33,0.0,100.0,79
176,NR-AhR,0.000786,39,34,1,33,2.94,97.06,80
50,NR-AhR,0.000785,52,43,7,36,16.28,83.72,81
66,NR-AhR,0.000784,44,38,9,29,23.68,76.32,82
221,NR-AhR,0.000779,30,25,1,24,4.0,96.0,83
154,NR-AhR,0.000775,27,23,0,23,0.0,100.0,84
252,NR-AhR,0.000772,31,20,4,16,20.0,80.0,85
9,NR-AhR,0.000767,19,16,4,12,25.0,75.0,86
283,NR-AhR,0.000766,35,31,2,29,6.45,93.55,87
96,NR-AhR,0.000752,48,40,3,37,7.5,92.5,88
251,NR-AhR,0.00074,29,26,4,22,15.38,84.62,89
62,NR-AhR,0.000729,21,16,3,13,18.75,81.25,90
64,NR-AhR,0.000712,47,39,5,34,12.82,87.18,91
185,NR-AhR,0.000698,39,33,5,28,15.15,84.85,92
21,NR-AhR,0.000697,56,44,7,37,15.91,84.09,93
161,NR-AhR,0.000688,21,15,2,13,13.33,86.67,94
182,NR-AhR,0.000684,14,11,0,11,0.0,100.0,95
58,NR-AhR,0.000671,68,48,3,45,6.25,93.75,96
282,NR-AhR,0.000663,57,41,5,36,12.2,87.8,97
269,NR-AhR,0.000663,18,18,3,15,16.67,83.33,98
264,NR-AhR,0.000644,10,8,0,8,0.0,100.0,99
116,NR-AhR,0.000641,9,8,3,5,37.5,62.5,100
145,NR-AhR,0.000637,20,14,4,10,28.57,71.43,101
180,NR-AhR,0.000636,11,8,0,8,0.0,100.0,102
142,NR-AhR,0.000634,32,24,1,23,4.17,95.83,103
86,NR-AhR,0.000627,19,16,1,15,6.25,93.75,104
100,NR-AhR,0.000622,33,28,2,26,7.14,92.86,105
57,NR-AhR,0.000614,11,9,0,9,0.0,100.0,106
82,NR-AhR,0.000606,14,12,0,12,0.0,100.0,107
183,NR-AhR,0.000593,14,12,1,11,8.33,91.67,108
122,NR-AhR,0.000592,10,8,2,6,25.0,75.0,109
204,NR-AhR,0.000592,19,15,1,14,6.67,93.33,110
89,NR-AhR,0.00059,50,42,4,38,9.52,90.48,111
93,NR-AhR,0.000589,47,42,3,39,7.14,92.86,112
70,NR-AhR,0.000583,60,49,6,43,12.24,87.76,113
219,NR-AhR,0.00058,13,13,0,13,0.0,100.0,114
5,NR-AhR,0.000576,36,29,4,25,13.79,86.21,115
190,NR-AhR,0.000572,35,33,10,23,30.3,69.7,116
98,NR-AhR,0.000566,39,32,4,28,12.5,87.5,117
69,NR-AhR,0.00056,14,13,1,12,7.69,92.31,118
78,NR-AhR,0.000553,14,11,2,9,18.18,81.82,119
43,NR-AhR,0.000545,59,51,3,48,5.88,94.12,120
268,NR-AhR,0.000544,46,45,2,43,4.44,95.56,121
211,NR-AhR,0.000543,20,14,2,12,14.29,85.71,122
255,NR-AhR,0.000536,10,7,1,6,14.29,85.71,123
137,NR-AhR,0.00051,18,15,0,15,0.0,100.0,124
52,NR-AhR,0.000506,16,16,2,14,12.5,87.5,125
110,NR-AhR,0.000506,13,9,1,8,11.11,88.89,126
297,NR-AhR,0.000506,26,24,7,17,29.17,70.83,127
212,NR-AhR,0.000505,6,5,0,5,0.0,100.0,128
85,NR-AhR,0.000505,22,19,0,19,0.0,100.0,129
36,NR-AhR,0.000503,13,11,1,10,9.09,90.91,130
51,NR-AhR,0.000502,30,23,5,18,21.74,78.26,131
256,NR-AhR,0.0005,31,28,5,23,17.86,82.14,132
169,NR-AhR,0.000493,14,13,1,12,7.69,92.31,133
45,NR-AhR,0.000488,35,27,6,21,22.22,77.78,134
240,NR-AhR,0.00047,5,5,1,4,20.0,80.0,135
144,NR-AhR,0.000469,16,15,1,14,6.67,93.33,136
235,NR-AhR,0.000463,8,6,0,6,0.0,100.0,137
266,NR-AhR,0.000462,6,6,0,6,0.0,100.0,138
172,NR-AhR,0.000449,12,10,2,8,20.0,80.0,139
224,NR-AhR,0.000444,16,11,1,10,9.09,90.91,140
40,NR-AhR,0.000443,15,12,2,10,16.67,83.33,141
281,NR-AhR,0.000439,27,24,3,21,12.5,87.5,142
239,NR-AhR,0.000434,15,12,2,10,16.67,83.33,143
105,NR-AhR,0.000415,17,14,1,13,7.14,92.86,144
214,NR-AhR,0.00041,17,16,3,13,18.75,81.25,145
53,NR-AhR,0.00041,28,19,2,17,10.53,89.47,146
10,NR-AhR,0.000408,30,23,4,19,17.39,82.61,147
271,NR-AhR,0.000406,21,14,2,12,14.29,85.71,148
124,NR-AhR,0.000402,16,13,3,10,23.08,76.92,149
102,NR-AhR,0.000395,22,18,3,15,16.67,83.33,150
35,NR-AhR,0.000394,21,19,2,17,10.53,89.47,151
222,NR-AhR,0.000393,10,10,1,9,10.0,90.0,152
236,NR-AhR,0.000391,11,10,0,10,0.0,100.0,153
14,NR-AhR,0.000386,15,13,2,11,15.38,84.62,154
22,NR-AhR,0.000384,18,15,2,13,13.33,86.67,155
148,NR-AhR,0.000384,7,6,0,6,0.0,100.0,156
0,NR-AhR,0.000383,20,16,5,11,31.25,68.75,157
209,NR-AhR,0.000383,17,13,1,12,7.69,92.31,158
77,NR-AhR,0.000374,33,26,6,20,23.08,76.92,159
112,NR-AhR,0.00037,33,29,2,27,6.9,93.1,160
113,NR-AhR,0.000369,21,14,1,13,7.14,92.86,161
42,NR-AhR,0.000364,6,5,0,5,0.0,100.0,162
202,NR-AhR,0.000358,10,8,0,8,0.0,100.0,163
277,NR-AhR,0.000357,12,10,0,10,0.0,100.0,164
80,NR-AhR,0.000351,21,12,4,8,33.33,66.67,165
37,NR-AhR,0.00035,29,24,1,23,4.17,95.83,166
48,NR-AhR,0.000349,6,6,0,6,0.0,100.0,167
41,NR-AhR,0.000348,22,15,0,15,0.0,100.0,168
289,NR-AhR,0.000348,14,12,1,11,8.33,91.67,169
7,NR-AhR,0.000345,23,21,3,18,14.29,85.71,170
243,NR-AhR,0.000341,11,8,0,8,0.0,100.0,171
31,NR-AhR,0.00034,27,21,5,16,23.81,76.19,172
28,NR-AhR,0.00034,19,18,2,16,11.11,88.89,173
1,NR-AhR,0.000339,10,10,1,9,10.0,90.0,174
103,NR-AhR,0.000338,9,7,0,7,0.0,100.0,175
90,NR-AhR,0.000333,30,26,2,24,7.69,92.31,176
207,NR-AhR,0.00033,6,6,1,5,16.67,83.33,177
194,NR-AhR,0.000325,30,26,3,23,11.54,88.46,178
95,NR-AhR,0.000321,24,22,1,21,4.55,95.45,179
298,NR-AhR,0.00032,6,6,2,4,33.33,66.67,180
246,NR-AhR,0.000319,6,4,1,3,25.0,75.0,181
273,NR-AhR,0.000316,6,5,2,3,40.0,60.0,182
276,NR-AhR,0.000312,11,10,1,9,10.0,90.0,183
205,NR-AhR,0.000309,19,16,1,15,6.25,93.75,184
274,NR-AhR,0.000306,8,5,0,5,0.0,100.0,185
68,NR-AhR,0.000303,18,15,0,15,0.0,100.0,186
199,NR-AhR,0.000301,7,7,1,6,14.29,85.71,187
278,NR-AhR,0.000293,5,4,0,4,0.0,100.0,188
162,NR-AhR,0.00029,14,13,0,13,0.0,100.0,189
56,NR-AhR,0.000289,9,7,0,7,0.0,100.0,190
165,NR-AhR,0.000289,8,6,0,6,0.0,100.0,191
107,NR-AhR,0.000289,8,6,1,5,16.67,83.33,192
119,NR-AhR,0.000288,8,8,0,8,0.0,100.0,193
134,NR-AhR,0.000282,12,11,2,9,18.18,81.82,194
174,NR-AhR,0.000281,12,10,0,10,0.0,100.0,195
233,NR-AhR,0.00028,6,6,1,5,16.67,83.33,196
257,NR-AhR,0.00028,12,11,0,11,0.0,100.0,197
132,NR-AhR,0.000279,19,18,7,11,38.89,61.11,198
73,NR-AhR,0.000267,7,5,0,5,0.0,100.0,199
71,NR-AhR,0.000265,12,10,2,8,20.0,80.0,200
292,NR-AhR,0.000264,17,13,1,12,7.69,92.31,201
216,NR-AhR,0.000263,4,3,1,2,33.33,66.67,202
192,NR-AhR,0.000262,6,5,1,4,20.0,80.0,203
20,NR-AhR,0.00026,13,12,1,11,8.33,91.67,204
220,NR-AhR,0.000259,5,3,0,3,0.0,100.0,205
248,NR-AhR,0.000256,19,16,0,16,0.0,100.0,206
136,NR-AhR,0.000255,8,7,1,6,14.29,85.71,207
189,NR-AhR,0.000255,10,10,1,9,10.0,90.0,208
6,NR-AhR,0.000252,9,8,2,6,25.0,75.0,209
3,NR-AhR,0.000251,12,10,3,7,30.0,70.0,210
55,NR-AhR,0.000248,7,6,0,6,0.0,100.0,211
139,NR-AhR,0.000246,7,5,0,5,0.0,100.0,212
166,NR-AhR,0.000242,7,4,0,4,0.0,100.0,213
54,NR-AhR,0.000241,8,7,1,6,14.29,85.71,214
201,NR-AhR,0.000239,7,6,0,6,0.0,100.0,215
115,NR-AhR,0.000236,10,9,1,8,11.11,88.89,216
135,NR-AhR,0.000233,13,11,1,10,9.09,90.91,217
140,NR-AhR,0.000232,7,7,1,6,14.29,85.71,218
143,NR-AhR,0.00023,20,18,3,15,16.67,83.33,219
270,NR-AhR,0.000227,12,9,0,9,0.0,100.0,220
200,NR-AhR,0.000223,8,8,0,8,0.0,100.0,221
232,NR-AhR,0.000223,11,7,1,6,14.29,85.71,222
63,NR-AhR,0.000223,21,17,1,16,5.88,94.12,223
23,NR-AhR,0.000223,8,7,2,5,28.57,71.43,224
79,NR-AhR,0.000221,7,6,1,5,16.67,83.33,225
181,NR-AhR,0.000212,12,11,0,11,0.0,100.0,226
208,NR-AhR,0.000209,9,9,1,8,11.11,88.89,227
288,NR-AhR,0.000208,10,8,1,7,12.5,87.5,228
130,NR-AhR,0.000207,12,8,0,8,0.0,100.0,229
25,NR-AhR,0.000205,8,6,0,6,0.0,100.0,230
39,NR-AhR,0.000205,10,10,0,10,0.0,100.0,231
286,NR-AhR,0.000203,5,5,0,5,0.0,100.0,232
120,NR-AhR,0.000198,9,9,2,7,22.22,77.78,233
206,NR-AhR,0.00019,4,3,0,3,0.0,100.0,234
198,NR-AhR,0.00019,10,9,1,8,11.11,88.89,235
65,NR-AhR,0.000186,10,9,0,9,0.0,100.0,236
296,NR-AhR,0.000186,9,8,1,7,12.5,87.5,237
213,NR-AhR,0.000185,11,9,1,8,11.11,88.89,238
81,NR-AhR,0.000185,20,16,0,16,0.0,100.0,239
228,NR-AhR,0.000182,7,6,0,6,0.0,100.0,240
284,NR-AhR,0.000176,6,4,0,4,0.0,100.0,241
191,NR-AhR,0.00017,17,13,3,10,23.08,76.92,242
259,NR-AhR,0.00017,8,6,0,6,0.0,100.0,243
295,NR-AhR,0.00017,5,4,0,4,0.0,100.0,244
241,NR-AhR,0.000167,5,4,0,4,0.0,100.0,245
244,NR-AhR,0.000167,5,5,0,5,0.0,100.0,246
151,NR-AhR,0.000166,5,4,0,4,0.0,100.0,247
245,NR-AhR,0.00016,11,9,2,7,22.22,77.78,248
249,NR-AhR,0.000157,5,5,0,5,0.0,100.0,249
237,NR-AhR,0.000156,4,4,1,3,25.0,75.0,250
184,NR-AhR,0.000154,9,7,0,7,0.0,100.0,251
99,NR-AhR,0.000148,4,3,0,3,0.0,100.0,252
155,NR-AhR,0.000147,9,9,4,5,44.44,55.56,253
175,NR-AhR,0.000146,9,6,0,6,0.0,100.0,254
167,NR-AhR,0.000145,6,6,1,5,16.67,83.33,255
164,NR-AhR,0.000144,11,9,1,8,11.11,88.89,256
147,NR-AhR,0.00014,4,3,0,3,0.0,100.0,257
195,NR-AhR,0.000139,7,7,0,7,0.0,100.0,258
179,NR-AhR,0.000137,7,6,0,6,0.0,100.0,259
272,NR-AhR,0.000131,6,5,0,5,0.0,100.0,260
187,NR-AhR,0.00013,2,1,0,1,0.0,100.0,261
263,NR-AhR,0.000124,10,9,3,6,33.33,66.67,262
217,NR-AhR,0.000118,2,2,0,2,0.0,100.0,263
262,NR-AhR,0.000105,5,4,0,4,0.0,100.0,264
87,NR-AhR,0.000105,7,7,0,7,0.0,100.0,265
258,NR-AhR,0.0001,3,3,1,2,33.33,66.67,266
24,NR-AhR,9.5e-05,8,5,0,5,0.0,100.0,267
160,NR-AhR,9.3e-05,4,3,0,3,0.0,100.0,268
279,NR-AhR,9.2e-05,5,4,0,4,0.0,100.0,269
75,NR-AhR,9.2e-05,7,7,0,7,0.0,100.0,270
13,NR-AhR,7.6e-05,7,6,1,5,16.67,83.33,271
88,NR-AhR,7.4e-05,6,3,2,1,66.67,33.33,272
285,NR-AhR,7.3e-05,4,3,0,3,0.0,100.0,273
170,NR-AhR,7.3e-05,5,3,0,3,0.0,100.0,274
215,NR-AhR,7e-05,8,6,0,6,0.0,100.0,275
188,NR-AhR,6.8e-05,3,3,1,2,33.33,66.67,276
171,NR-AhR,6.8e-05,5,4,1,3,25.0,75.0,277
186,NR-AhR,6.7e-05,5,5,0,5,0.0,100.0,278
173,NR-AhR,6.4e-05,2,2,0,2,0.0,100.0,279
141,NR-AhR,6.4e-05,4,2,0,2,0.0,100.0,280
131,NR-AhR,6.2e-05,2,2,0,2,0.0,100.0,281
261,NR-AhR,6.2e-05,2,2,0,2,0.0,100.0,282
223,NR-AhR,6.1e-05,4,3,1,2,33.33,66.67,283
225,NR-AhR,6e-05,2,2,1,1,50.0,50.0,284
47,NR-AhR,5.9e-05,6,6,2,4,33.33,66.67,285
250,NR-AhR,5.8e-05,5,5,1,4,20.0,80.0,286
260,NR-AhR,5.4e-05,4,4,0,4,0.0,100.0,287
61,NR-AhR,5.1e-05,4,4,0,4,0.0,100.0,288
126,NR-AhR,5.1e-05,4,2,1,1,50.0,50.0,289
127,NR-AhR,4.8e-05,2,2,1,1,50.0,50.0,290
229,NR-AhR,4.1e-05,2,2,0,2,0.0,100.0,291
247,NR-AhR,2.9e-05,4,3,0,3,0.0,100.0,292
83,NR-AhR,2.8e-05,2,2,0,2,0.0,100.0,293
294,NR-AhR,2.4e-05,3,3,1,2,33.33,66.67,294
108,NR-AhR,1.9e-05,1,1,0,1,0.0,100.0,295
67,NR-AhR,1.3e-05,4,4,0,4,0.0,100.0,296
290,NR-AhR,1.1e-05,1,1,0,1,0.0,100.0,297
76,NR-Aromatase,0.005074,343,243,18,225,7.41,92.59,1
254,NR-Aromatase,0.003348,264,190,12,178,6.32,93.68,2
265,NR-Aromatase,0.002591,274,195,20,175,10.26,89.74,3
121,NR-Aromatase,0.002437,90,69,10,59,14.49,85.51,4
287,NR-Aromatase,0.001954,167,126,6,120,4.76,95.24,5
29,NR-Aromatase,0.00174,128,96,5,91,5.21,94.79,6
106,NR-Aromatase,0.001675,239,183,10,173,5.46,94.54,7
38,NR-Aromatase,0.001515,241,177,18,159,10.17,89.83,8
17,NR-Aromatase,0.001487,233,167,12,155,7.19,92.81,9
153,NR-Aromatase,0.001404,215,160,11,149,6.88,93.12,10
2,NR-Aromatase,0.001336,185,129,10,119,7.75,92.25,11
8,NR-Aromatase,0.001305,97,62,10,52,16.13,83.87,12
72,NR-Aromatase,0.001237,256,179,16,163,8.94,91.06,13
159,NR-Aromatase,0.001236,127,94,9,85,9.57,90.43,14
280,NR-Aromatase,0.001212,122,90,2,88,2.22,97.78,15
293,NR-Aromatase,0.001175,92,65,6,59,9.23,90.77,16
146,NR-Aromatase,0.001134,117,84,6,78,7.14,92.86,17
4,NR-Aromatase,0.001102,143,100,5,95,5.0,95.0,18
32,NR-Aromatase,0.001033,74,47,6,41,12.77,87.23,19
163,NR-Aromatase,0.001025,107,83,3,80,3.61,96.39,20
117,NR-Aromatase,0.001025,144,101,7,94,6.93,93.07,21
104,NR-Aromatase,0.001016,163,112,9,103,8.04,91.96,22
59,NR-Aromatase,0.000998,158,110,9,101,8.18,91.82,23
26,NR-Aromatase,0.000939,101,69,0,69,0.0,100.0,24
66,NR-Aromatase,0.000928,44,34,5,29,14.71,85.29,25
33,NR-Aromatase,0.000924,166,110,11,99,10.0,90.0,26
149,NR-Aromatase,0.000919,120,82,7,75,8.54,91.46,27
177,NR-Aromatase,0.000907,26,15,0,15,0.0,100.0,28
44,NR-Aromatase,0.000893,155,114,6,108,5.26,94.74,29
226,NR-Aromatase,0.000874,92,64,4,60,6.25,93.75,30
91,NR-Aromatase,0.000836,93,72,7,65,9.72,90.28,31
11,NR-Aromatase,0.000804,82,59,4,55,6.78,93.22,32
94,NR-Aromatase,0.000785,114,86,8,78,9.3,90.7,33
15,NR-Aromatase,0.000752,222,162,9,153,5.56,94.44,34
128,NR-Aromatase,0.000738,83,56,8,48,14.29,85.71,35
114,NR-Aromatase,0.000707,126,86,5,81,5.81,94.19,36
129,NR-Aromatase,0.0007,96,81,5,76,6.17,93.83,37
152,NR-Aromatase,0.00069,88,60,8,52,13.33,86.67,38
227,NR-Aromatase,0.000683,81,61,5,56,8.2,91.8,39
230,NR-Aromatase,0.000665,75,47,4,43,8.51,91.49,40
27,NR-Aromatase,0.000659,82,60,3,57,5.0,95.0,41
84,NR-Aromatase,0.000654,59,43,5,38,11.63,88.37,42
118,NR-Aromatase,0.00064,86,54,8,46,14.81,85.19,43
275,NR-Aromatase,0.000637,32,21,3,18,14.29,85.71,44
176,NR-Aromatase,0.000618,39,31,1,30,3.23,96.77,45
46,NR-Aromatase,0.000616,88,60,4,56,6.67,93.33,46
30,NR-Aromatase,0.000613,40,28,2,26,7.14,92.86,47
281,NR-Aromatase,0.000594,27,22,0,22,0.0,100.0,48
92,NR-Aromatase,0.000593,100,74,4,70,5.41,94.59,49
101,NR-Aromatase,0.00059,56,42,5,37,11.9,88.1,50
50,NR-Aromatase,0.000578,52,39,5,34,12.82,87.18,51
34,NR-Aromatase,0.000577,93,69,4,65,5.8,94.2,52
231,NR-Aromatase,0.000567,69,45,5,40,11.11,88.89,53
267,NR-Aromatase,0.000563,63,46,3,43,6.52,93.48,54
282,NR-Aromatase,0.000559,57,40,5,35,12.5,87.5,55
138,NR-Aromatase,0.00055,81,65,4,61,6.15,93.85,56
269,NR-Aromatase,0.000548,18,14,1,13,7.14,92.86,57
283,NR-Aromatase,0.000543,35,23,1,22,4.35,95.65,58
12,NR-Aromatase,0.000543,81,64,0,64,0.0,100.0,59
246,NR-Aromatase,0.000537,6,5,2,3,40.0,60.0,60
43,NR-Aromatase,0.000537,59,42,2,40,4.76,95.24,61
256,NR-Aromatase,0.000531,31,25,3,22,12.0,88.0,62
221,NR-Aromatase,0.00053,30,24,2,22,8.33,91.67,63
81,NR-Aromatase,0.000516,20,12,1,11,8.33,91.67,64
178,NR-Aromatase,0.000514,27,21,3,18,14.29,85.71,65
125,NR-Aromatase,0.000513,47,31,5,26,16.13,83.87,66
49,NR-Aromatase,0.000511,46,28,1,27,3.57,96.43,67
197,NR-Aromatase,0.00051,55,47,2,45,4.26,95.74,68
58,NR-Aromatase,0.000506,68,46,2,44,4.35,95.65,69
64,NR-Aromatase,0.000502,47,32,4,28,12.5,87.5,70
194,NR-Aromatase,0.000488,30,23,2,21,8.7,91.3,71
16,NR-Aromatase,0.000487,40,28,1,27,3.57,96.43,72
124,NR-Aromatase,0.000486,16,9,2,7,22.22,77.78,73
53,NR-Aromatase,0.000478,28,17,2,15,11.76,88.24,74
97,NR-Aromatase,0.000477,41,30,1,29,3.33,96.67,75
276,NR-Aromatase,0.000476,11,8,0,8,0.0,100.0,76
70,NR-Aromatase,0.000473,60,42,3,39,7.14,92.86,77
98,NR-Aromatase,0.000468,39,27,1,26,3.7,96.3,78
196,NR-Aromatase,0.000467,21,19,0,19,0.0,100.0,79
181,NR-Aromatase,0.000461,12,10,1,9,10.0,90.0,80
132,NR-Aromatase,0.000456,19,11,2,9,18.18,81.82,81
210,NR-Aromatase,0.000454,42,28,2,26,7.14,92.86,82
93,NR-Aromatase,0.000447,47,34,1,33,2.94,97.06,83
51,NR-Aromatase,0.000445,30,22,2,20,9.09,90.91,84
190,NR-Aromatase,0.000442,35,30,3,27,10.0,90.0,85
77,NR-Aromatase,0.00044,33,24,2,22,8.33,91.67,86
234,NR-Aromatase,0.000433,53,38,8,30,21.05,78.95,87
255,NR-Aromatase,0.000428,10,5,0,5,0.0,100.0,88
45,NR-Aromatase,0.000426,35,26,2,24,7.69,92.31,89
150,NR-Aromatase,0.000411,57,38,5,33,13.16,86.84,90
74,NR-Aromatase,0.000395,24,15,2,13,13.33,86.67,91
185,NR-Aromatase,0.000386,39,26,5,21,19.23,80.77,92
89,NR-Aromatase,0.000383,50,37,2,35,5.41,94.59,93
202,NR-Aromatase,0.000379,10,7,1,6,14.29,85.71,94
21,NR-Aromatase,0.000378,56,37,3,34,8.11,91.89,95
19,NR-Aromatase,0.000377,52,32,7,25,21.88,78.12,96
18,NR-Aromatase,0.000364,52,39,5,34,12.82,87.18,97
123,NR-Aromatase,0.00036,34,23,1,22,4.35,95.65,98
39,NR-Aromatase,0.000358,10,6,0,6,0.0,100.0,99
71,NR-Aromatase,0.000357,12,6,1,5,16.67,83.33,100
60,NR-Aromatase,0.000354,36,28,2,26,7.14,92.86,101
233,NR-Aromatase,0.000349,6,3,0,3,0.0,100.0,102
144,NR-Aromatase,0.000343,16,10,1,9,10.0,90.0,103
261,NR-Aromatase,0.000338,2,1,0,1,0.0,100.0,104
134,NR-Aromatase,0.000337,12,7,3,4,42.86,57.14,105
236,NR-Aromatase,0.000337,11,8,1,7,12.5,87.5,106
148,NR-Aromatase,0.000337,7,4,0,4,0.0,100.0,107
273,NR-Aromatase,0.000336,6,3,0,3,0.0,100.0,108
62,NR-Aromatase,0.000334,21,14,0,14,0.0,100.0,109
80,NR-Aromatase,0.000334,21,11,2,9,18.18,81.82,110
299,NR-Aromatase,0.000332,29,22,1,21,4.55,95.45,111
57,NR-Aromatase,0.000332,11,9,2,7,22.22,77.78,112
112,NR-Aromatase,0.000331,33,21,2,19,9.52,90.48,113
297,NR-Aromatase,0.000329,26,18,3,15,16.67,83.33,114
41,NR-Aromatase,0.000325,22,14,2,12,14.29,85.71,115
271,NR-Aromatase,0.000321,21,13,2,11,15.38,84.62,116
218,NR-Aromatase,0.00032,20,13,2,11,15.38,84.62,117
133,NR-Aromatase,0.000318,35,29,0,29,0.0,100.0,118
193,NR-Aromatase,0.000318,32,23,1,22,4.35,95.65,119
161,NR-Aromatase,0.000313,21,11,0,11,0.0,100.0,120
0,NR-Aromatase,0.000309,20,11,2,9,18.18,81.82,121
35,NR-Aromatase,0.000302,21,16,0,16,0.0,100.0,122
145,NR-Aromatase,0.000301,20,10,2,8,20.0,80.0,123
214,NR-Aromatase,0.000301,17,13,0,13,0.0,100.0,124
10,NR-Aromatase,0.000298,30,17,2,15,11.76,88.24,125
142,NR-Aromatase,0.000296,32,24,3,21,12.5,87.5,126
6,NR-Aromatase,0.000294,9,8,1,7,12.5,87.5,127
253,NR-Aromatase,0.000289,19,12,0,12,0.0,100.0,128
110,NR-Aromatase,0.000289,13,7,0,7,0.0,100.0,129
113,NR-Aromatase,0.000289,21,14,1,13,7.14,92.86,130
250,NR-Aromatase,0.000288,5,3,1,2,33.33,66.67,131
31,NR-Aromatase,0.000286,27,15,6,9,40.0,60.0,132
183,NR-Aromatase,0.000285,14,11,2,9,18.18,81.82,133
143,NR-Aromatase,0.000283,20,14,0,14,0.0,100.0,134
37,NR-Aromatase,0.000283,29,20,5,15,25.0,75.0,135
96,NR-Aromatase,0.000282,48,32,1,31,3.12,96.88,136
203,NR-Aromatase,0.000277,59,39,3,36,7.69,92.31,137
204,NR-Aromatase,0.000276,19,15,3,12,20.0,80.0,138
157,NR-Aromatase,0.000273,37,30,0,30,0.0,100.0,139
130,NR-Aromatase,0.000271,12,8,0,8,0.0,100.0,140
284,NR-Aromatase,0.000271,6,4,1,3,25.0,75.0,141
268,NR-Aromatase,0.000269,46,38,3,35,7.89,92.11,142
278,NR-Aromatase,0.000267,5,2,0,2,0.0,100.0,143
191,NR-Aromatase,0.000266,17,9,0,9,0.0,100.0,144
105,NR-Aromatase,0.000266,17,11,0,11,0.0,100.0,145
162,NR-Aromatase,0.000263,14,11,0,11,0.0,100.0,146
5,NR-Aromatase,0.000261,36,23,2,21,8.7,91.3,147
205,NR-Aromatase,0.000261,19,15,2,13,13.33,86.67,148
102,NR-Aromatase,0.00026,22,12,1,11,8.33,91.67,149
270,NR-Aromatase,0.000256,12,9,0,9,0.0,100.0,150
180,NR-Aromatase,0.000254,11,7,0,7,0.0,100.0,151
86,NR-Aromatase,0.000253,19,10,0,10,0.0,100.0,152
248,NR-Aromatase,0.000253,19,14,0,14,0.0,100.0,153
252,NR-Aromatase,0.000247,31,18,1,17,5.56,94.44,154
169,NR-Aromatase,0.000246,14,10,2,8,20.0,80.0,155
100,NR-Aromatase,0.000243,33,27,3,24,11.11,88.89,156
158,NR-Aromatase,0.000242,24,17,2,15,11.76,88.24,157
54,NR-Aromatase,0.000242,8,5,2,3,40.0,60.0,158
216,NR-Aromatase,0.000242,4,4,0,4,0.0,100.0,159
69,NR-Aromatase,0.000239,14,11,0,11,0.0,100.0,160
199,NR-Aromatase,0.000237,7,6,1,5,16.67,83.33,161
95,NR-Aromatase,0.000235,24,21,1,20,4.76,95.24,162
9,NR-Aromatase,0.000231,19,14,1,13,7.14,92.86,163
137,NR-Aromatase,0.000231,18,12,2,10,16.67,83.33,164
3,NR-Aromatase,0.000228,12,11,1,10,9.09,90.91,165
291,NR-Aromatase,0.000228,27,21,3,18,14.29,85.71,166
154,NR-Aromatase,0.000223,27,22,2,20,9.09,90.91,167
174,NR-Aromatase,0.00022,12,10,0,10,0.0,100.0,168
239,NR-Aromatase,0.00022,15,10,3,7,30.0,70.0,169
156,NR-Aromatase,0.000218,39,25,3,22,12.0,88.0,170
55,NR-Aromatase,0.000217,7,5,1,4,20.0,80.0,171
36,NR-Aromatase,0.000213,13,8,1,7,12.5,87.5,172
238,NR-Aromatase,0.000208,11,8,0,8,0.0,100.0,173
63,NR-Aromatase,0.000205,21,18,2,16,11.11,88.89,174
61,NR-Aromatase,0.000205,4,3,0,3,0.0,100.0,175
1,NR-Aromatase,0.000205,10,8,0,8,0.0,100.0,176
172,NR-Aromatase,0.000203,12,10,3,7,30.0,70.0,177
257,NR-Aromatase,0.000201,12,9,0,9,0.0,100.0,178
82,NR-Aromatase,0.000199,14,9,0,9,0.0,100.0,179
122,NR-Aromatase,0.000196,10,6,1,5,16.67,83.33,180
200,NR-Aromatase,0.000195,8,7,0,7,0.0,100.0,181
292,NR-Aromatase,0.000194,17,13,0,13,0.0,100.0,182
120,NR-Aromatase,0.000191,9,8,3,5,37.5,62.5,183
211,NR-Aromatase,0.000191,20,11,0,11,0.0,100.0,184
40,NR-Aromatase,0.000188,15,11,1,10,9.09,90.91,185
25,NR-Aromatase,0.000188,8,4,0,4,0.0,100.0,186
28,NR-Aromatase,0.000185,19,13,0,13,0.0,100.0,187
7,NR-Aromatase,0.000185,23,20,3,17,15.0,85.0,188
139,NR-Aromatase,0.000183,7,6,0,6,0.0,100.0,189
136,NR-Aromatase,0.000182,8,5,0,5,0.0,100.0,190
52,NR-Aromatase,0.000181,16,12,1,11,8.33,91.67,191
107,NR-Aromatase,0.00018,8,6,0,6,0.0,100.0,192
85,NR-Aromatase,0.000179,22,17,0,17,0.0,100.0,193
90,NR-Aromatase,0.000178,30,21,1,20,4.76,95.24,194
115,NR-Aromatase,0.000173,10,8,0,8,0.0,100.0,195
79,NR-Aromatase,0.000173,7,5,1,4,20.0,80.0,196
198,NR-Aromatase,0.00017,10,7,2,5,28.57,71.43,197
184,NR-Aromatase,0.000168,9,8,0,8,0.0,100.0,198
155,NR-Aromatase,0.000166,9,6,0,6,0.0,100.0,199
274,NR-Aromatase,0.000165,8,5,0,5,0.0,100.0,200
290,NR-Aromatase,0.000165,1,1,1,0,100.0,0.0,201
168,NR-Aromatase,0.000164,7,6,0,6,0.0,100.0,202
232,NR-Aromatase,0.000161,11,7,0,7,0.0,100.0,203
47,NR-Aromatase,0.00016,6,4,1,3,25.0,75.0,204
182,NR-Aromatase,0.000159,14,8,1,7,12.5,87.5,205
14,NR-Aromatase,0.000158,15,10,0,10,0.0,100.0,206
262,NR-Aromatase,0.000156,5,3,0,3,0.0,100.0,207
237,NR-Aromatase,0.000155,4,2,0,2,0.0,100.0,208
22,NR-Aromatase,0.000154,18,13,2,11,15.38,84.62,209
251,NR-Aromatase,0.000154,29,19,1,18,5.26,94.74,210
241,NR-Aromatase,0.000148,5,4,0,4,0.0,100.0,211
68,NR-Aromatase,0.000147,18,11,1,10,9.09,90.91,212
167,NR-Aromatase,0.000145,6,6,1,5,16.67,83.33,213
277,NR-Aromatase,0.000141,12,9,0,9,0.0,100.0,214
266,NR-Aromatase,0.000139,6,6,0,6,0.0,100.0,215
78,NR-Aromatase,0.000138,14,9,1,8,11.11,88.89,216
73,NR-Aromatase,0.000136,7,4,0,4,0.0,100.0,217
20,NR-Aromatase,0.000135,13,9,0,9,0.0,100.0,218
288,NR-Aromatase,0.000135,10,8,1,7,12.5,87.5,219
135,NR-Aromatase,0.000134,13,11,1,10,9.09,90.91,220
243,NR-Aromatase,0.000131,11,7,1,6,14.29,85.71,221
42,NR-Aromatase,0.000131,6,6,0,6,0.0,100.0,222
219,NR-Aromatase,0.000128,13,11,0,11,0.0,100.0,223
206,NR-Aromatase,0.000122,4,3,0,3,0.0,100.0,224
228,NR-Aromatase,0.000121,7,5,0,5,0.0,100.0,225
88,NR-Aromatase,0.00012,6,3,1,2,33.33,66.67,226
126,NR-Aromatase,0.000119,4,1,0,1,0.0,100.0,227
141,NR-Aromatase,0.000115,4,2,0,2,0.0,100.0,228
195,NR-Aromatase,0.000113,7,4,0,4,0.0,100.0,229
175,NR-Aromatase,0.000112,9,5,0,5,0.0,100.0,230
179,NR-Aromatase,0.000111,7,7,0,7,0.0,100.0,231
56,NR-Aromatase,0.00011,9,6,1,5,16.67,83.33,232
224,NR-Aromatase,0.000107,16,14,1,13,7.14,92.86,233
165,NR-Aromatase,0.000106,8,7,0,7,0.0,100.0,234
23,NR-Aromatase,0.000105,8,6,0,6,0.0,100.0,235
213,NR-Aromatase,0.000103,11,11,0,11,0.0,100.0,236
13,NR-Aromatase,0.000101,7,4,1,3,25.0,75.0,237
209,NR-Aromatase,0.0001,17,13,0,13,0.0,100.0,238
286,NR-Aromatase,0.0001,5,3,0,3,0.0,100.0,239
264,NR-Aromatase,9.9e-05,10,7,0,7,0.0,100.0,240
222,NR-Aromatase,9.8e-05,10,6,0,6,0.0,100.0,241
296,NR-Aromatase,9.6e-05,9,8,1,7,12.5,87.5,242
147,NR-Aromatase,9.6e-05,4,3,1,2,33.33,66.67,243
170,NR-Aromatase,9.4e-05,5,4,0,4,0.0,100.0,244
235,NR-Aromatase,9.4e-05,8,6,0,6,0.0,100.0,245
244,NR-Aromatase,9e-05,5,5,1,4,20.0,80.0,246
151,NR-Aromatase,8.7e-05,5,4,0,4,0.0,100.0,247
65,NR-Aromatase,8.5e-05,10,8,1,7,12.5,87.5,248
263,NR-Aromatase,8.5e-05,10,9,0,9,0.0,100.0,249
87,NR-Aromatase,8.1e-05,7,7,1,6,14.29,85.71,250
245,NR-Aromatase,8e-05,11,7,1,6,14.29,85.71,251
164,NR-Aromatase,8e-05,11,10,0,10,0.0,100.0,252
189,NR-Aromatase,7.8e-05,10,6,1,5,16.67,83.33,253
295,NR-Aromatase,7.8e-05,5,4,1,3,25.0,75.0,254
217,NR-Aromatase,7.7e-05,2,2,1,1,50.0,50.0,255
208,NR-Aromatase,7.1e-05,9,6,0,6,0.0,100.0,256
249,NR-Aromatase,7e-05,5,4,0,4,0.0,100.0,257
103,NR-Aromatase,6.7e-05,9,6,0,6,0.0,100.0,258
119,NR-Aromatase,6.4e-05,8,6,1,5,16.67,83.33,259
240,NR-Aromatase,6.3e-05,5,3,0,3,0.0,100.0,260
272,NR-Aromatase,6.2e-05,6,5,2,3,40.0,60.0,261
67,NR-Aromatase,6.2e-05,4,4,0,4,0.0,100.0,262
24,NR-Aromatase,6.2e-05,8,5,0,5,0.0,100.0,263
171,NR-Aromatase,6e-05,5,3,0,3,0.0,100.0,264
192,NR-Aromatase,5.7e-05,6,5,0,5,0.0,100.0,265
298,NR-Aromatase,5.7e-05,6,4,0,4,0.0,100.0,266
116,NR-Aromatase,5.2e-05,9,6,2,4,33.33,66.67,267
201,NR-Aromatase,5e-05,7,6,2,4,33.33,66.67,268
247,NR-Aromatase,5e-05,4,3,0,3,0.0,100.0,269
48,NR-Aromatase,5e-05,6,5,0,5,0.0,100.0,270
173,NR-Aromatase,5e-05,2,2,0,2,0.0,100.0,271
166,NR-Aromatase,4.8e-05,7,4,0,4,0.0,100.0,272
207,NR-Aromatase,4.8e-05,6,6,0,6,0.0,100.0,273
215,NR-Aromatase,4.7e-05,8,6,0,6,0.0,100.0,274
140,NR-Aromatase,4.7e-05,7,5,0,5,0.0,100.0,275
285,NR-Aromatase,4.6e-05,4,4,0,4,0.0,100.0,276
259,NR-Aromatase,4.5e-05,8,6,0,6,0.0,100.0,277
187,NR-Aromatase,4.4e-05,2,1,0,1,0.0,100.0,278
212,NR-Aromatase,4.1e-05,6,5,2,3,40.0,60.0,279
279,NR-Aromatase,3.5e-05,5,4,1,3,25.0,75.0,280
225,NR-Aromatase,3.4e-05,2,2,1,1,50.0,50.0,281
186,NR-Aromatase,3.3e-05,5,4,1,3,25.0,75.0,282
220,NR-Aromatase,3.2e-05,5,3,0,3,0.0,100.0,283
229,NR-Aromatase,2.8e-05,2,2,0,2,0.0,100.0,284
289,NR-Aromatase,2.6e-05,14,10,1,9,10.0,90.0,285
75,NR-Aromatase,2.6e-05,7,7,0,7,0.0,100.0,286
260,NR-Aromatase,2.6e-05,4,3,0,3,0.0,100.0,287
160,NR-Aromatase,2.4e-05,4,3,0,3,0.0,100.0,288
131,NR-Aromatase,2.3e-05,2,1,0,1,0.0,100.0,289
258,NR-Aromatase,2.1e-05,3,3,1,2,33.33,66.67,290
223,NR-Aromatase,1.7e-05,4,4,0,4,0.0,100.0,291
99,NR-Aromatase,1.6e-05,4,4,0,4,0.0,100.0,292
294,NR-Aromatase,1.1e-05,3,3,0,3,0.0,100.0,293
83,NR-Aromatase,7e-06,2,2,0,2,0.0,100.0,294
108,NR-Aromatase,5e-06,1,1,0,1,0.0,100.0,295
188,NR-Aromatase,3e-06,3,2,0,2,0.0,100.0,296
127,NR-Aromatase,2e-06,2,1,0,1,0.0,100.0,297
76,NR-ER,0.020696,343,243,31,212,12.76,87.24,1
265,NR-ER,0.008742,274,212,37,175,17.45,82.55,2
254,NR-ER,0.007258,264,203,25,178,12.32,87.68,3
153,NR-ER,0.007166,215,167,14,153,8.38,91.62,4
106,NR-ER,0.006104,239,181,25,156,13.81,86.19,5
282,NR-ER,0.006035,57,42,3,39,7.14,92.86,6
17,NR-ER,0.005881,233,173,17,156,9.83,90.17,7
59,NR-ER,0.005796,158,113,19,94,16.81,83.19,8
38,NR-ER,0.00547,241,185,30,155,16.22,83.78,9
280,NR-ER,0.005399,122,102,8,94,7.84,92.16,10
146,NR-ER,0.005285,117,87,6,81,6.9,93.1,11
33,NR-ER,0.005226,166,123,25,98,20.33,79.67,12
104,NR-ER,0.005144,163,123,14,109,11.38,88.62,13
72,NR-ER,0.005016,256,192,33,159,17.19,82.81,14
29,NR-ER,0.004845,128,105,13,92,12.38,87.62,15
2,NR-ER,0.004792,185,135,25,110,18.52,81.48,16
234,NR-ER,0.004783,53,40,15,25,37.5,62.5,17
287,NR-ER,0.00477,167,129,14,115,10.85,89.15,18
149,NR-ER,0.004657,120,91,15,76,16.48,83.52,19
118,NR-ER,0.004466,86,63,11,52,17.46,82.54,20
91,NR-ER,0.004445,93,67,6,61,8.96,91.04,21
128,NR-ER,0.004092,83,59,8,51,13.56,86.44,22
114,NR-ER,0.003944,126,84,8,76,9.52,90.48,23
163,NR-ER,0.003939,107,83,7,76,8.43,91.57,24
15,NR-ER,0.003865,222,165,18,147,10.91,89.09,25
159,NR-ER,0.003842,127,98,10,88,10.2,89.8,26
210,NR-ER,0.003813,42,30,3,27,10.0,90.0,27
44,NR-ER,0.003698,155,114,16,98,14.04,85.96,28
129,NR-ER,0.003646,96,82,8,74,9.76,90.24,29
26,NR-ER,0.003637,101,78,7,71,8.97,91.03,30
117,NR-ER,0.003633,144,109,9,100,8.26,91.74,31
11,NR-ER,0.003396,82,60,8,52,13.33,86.67,32
4,NR-ER,0.003394,143,110,14,96,12.73,87.27,33
138,NR-ER,0.003393,81,56,6,50,10.71,89.29,34
32,NR-ER,0.003201,74,59,10,49,16.95,83.05,35
121,NR-ER,0.003198,90,71,17,54,23.94,76.06,36
93,NR-ER,0.003194,47,39,7,32,17.95,82.05,37
92,NR-ER,0.003112,100,79,10,69,12.66,87.34,38
12,NR-ER,0.003088,81,66,6,60,9.09,90.91,39
256,NR-ER,0.003015,31,25,2,23,8.0,92.0,40
133,NR-ER,0.003006,35,31,3,28,9.68,90.32,41
101,NR-ER,0.002929,56,40,5,35,12.5,87.5,42
293,NR-ER,0.002825,92,64,8,56,12.5,87.5,43
150,NR-ER,0.002811,57,39,3,36,7.69,92.31,44
94,NR-ER,0.00275,114,85,7,78,8.24,91.76,45
8,NR-ER,0.002701,97,69,15,54,21.74,78.26,46
267,NR-ER,0.00269,63,46,4,42,8.7,91.3,47
66,NR-ER,0.002649,44,32,6,26,18.75,81.25,48
84,NR-ER,0.002573,59,42,3,39,7.14,92.86,49
45,NR-ER,0.002545,35,21,1,20,4.76,95.24,50
227,NR-ER,0.002507,81,61,13,48,21.31,78.69,51
18,NR-ER,0.002455,52,37,3,34,8.11,91.89,52
252,NR-ER,0.002449,31,20,2,18,10.0,90.0,53
5,NR-ER,0.002409,36,25,2,23,8.0,92.0,54
154,NR-ER,0.002355,27,22,1,21,4.55,95.45,55
46,NR-ER,0.002342,88,67,10,57,14.93,85.07,56
97,NR-ER,0.002338,41,33,1,32,3.03,96.97,57
89,NR-ER,0.002317,50,39,6,33,15.38,84.62,58
50,NR-ER,0.002309,52,36,0,36,0.0,100.0,59
226,NR-ER,0.002304,92,61,7,54,11.48,88.52,60
176,NR-ER,0.002297,39,30,2,28,6.67,93.33,61
230,NR-ER,0.002245,75,52,9,43,17.31,82.69,62
269,NR-ER,0.002242,18,14,1,13,7.14,92.86,63
194,NR-ER,0.002234,30,24,3,21,12.5,87.5,64
221,NR-ER,0.00217,30,22,3,19,13.64,86.36,65
34,NR-ER,0.002159,93,69,10,59,14.49,85.51,66
58,NR-ER,0.002148,68,48,5,43,10.42,89.58,67
125,NR-ER,0.002142,47,35,5,30,14.29,85.71,68
143,NR-ER,0.002064,20,19,3,16,15.79,84.21,69
98,NR-ER,0.002045,39,29,6,23,20.69,79.31,70
291,NR-ER,0.002041,27,21,0,21,0.0,100.0,71
255,NR-ER,0.002029,10,8,3,5,37.5,62.5,72
203,NR-ER,0.001997,59,39,7,32,17.95,82.05,73
213,NR-ER,0.001991,11,10,0,10,0.0,100.0,74
27,NR-ER,0.001973,82,62,5,57,8.06,91.94,75
95,NR-ER,0.00197,24,22,1,21,4.55,95.45,76
64,NR-ER,0.001964,47,30,3,27,10.0,90.0,77
152,NR-ER,0.001922,88,68,13,55,19.12,80.88,78
123,NR-ER,0.00192,34,22,1,21,4.55,95.45,79
49,NR-ER,0.00192,46,30,5,25,16.67,83.33,80
275,NR-ER,0.001882,32,21,1,20,4.76,95.24,81
231,NR-ER,0.001879,69,48,9,39,18.75,81.25,82
53,NR-ER,0.001875,28,20,0,20,0.0,100.0,83
197,NR-ER,0.001852,55,47,4,43,8.51,91.49,84
178,NR-ER,0.0018,27,24,4,20,16.67,83.33,85
30,NR-ER,0.001775,40,29,6,23,20.69,79.31,86
100,NR-ER,0.00176,33,26,2,24,7.69,92.31,87
60,NR-ER,0.001748,36,30,1,29,3.33,96.67,88
156,NR-ER,0.001735,39,26,5,21,19.23,80.77,89
144,NR-ER,0.001726,16,11,1,10,9.09,90.91,90
253,NR-ER,0.001718,19,14,0,14,0.0,100.0,91
21,NR-ER,0.001712,56,41,10,31,24.39,75.61,92
16,NR-ER,0.001709,40,33,9,24,27.27,72.73,93
52,NR-ER,0.001685,16,12,0,12,0.0,100.0,94
96,NR-ER,0.001651,48,39,5,34,12.82,87.18,95
82,NR-ER,0.00165,14,12,2,10,16.67,83.33,96
31,NR-ER,0.001648,27,19,6,13,31.58,68.42,97
162,NR-ER,0.001615,14,12,0,12,0.0,100.0,98
43,NR-ER,0.001612,59,47,12,35,25.53,74.47,99
81,NR-ER,0.001609,20,12,3,9,25.0,75.0,100
70,NR-ER,0.001554,60,39,8,31,20.51,79.49,101
299,NR-ER,0.00155,29,22,2,20,9.09,90.91,102
193,NR-ER,0.001542,32,22,5,17,22.73,77.27,103
86,NR-ER,0.001525,19,15,1,14,6.67,93.33,104
20,NR-ER,0.001518,13,10,1,9,10.0,90.0,105
77,NR-ER,0.001508,33,23,1,22,4.35,95.65,106
69,NR-ER,0.001481,14,11,0,11,0.0,100.0,107
243,NR-ER,0.001476,11,8,2,6,25.0,75.0,108
264,NR-ER,0.001447,10,7,0,7,0.0,100.0,109
41,NR-ER,0.001444,22,14,0,14,0.0,100.0,110
62,NR-ER,0.00144,21,15,1,14,6.67,93.33,111
185,NR-ER,0.001426,39,27,3,24,11.11,88.89,112
271,NR-ER,0.001425,21,13,0,13,0.0,100.0,113
142,NR-ER,0.001415,32,21,0,21,0.0,100.0,114
283,NR-ER,0.001415,35,26,4,22,15.38,84.62,115
263,NR-ER,0.001385,10,10,1,9,10.0,90.0,116
37,NR-ER,0.001363,29,22,2,20,9.09,90.91,117
235,NR-ER,0.001362,8,7,0,7,0.0,100.0,118
196,NR-ER,0.001361,21,19,2,17,10.53,89.47,119
74,NR-ER,0.001354,24,15,5,10,33.33,66.67,120
268,NR-ER,0.00134,46,39,3,36,7.69,92.31,121
113,NR-ER,0.001336,21,17,2,15,11.76,88.24,122
9,NR-ER,0.001294,19,17,3,14,17.65,82.35,123
51,NR-ER,0.001282,30,22,3,19,13.64,86.36,124
251,NR-ER,0.001274,29,21,3,18,14.29,85.71,125
78,NR-ER,0.001272,14,10,3,7,30.0,70.0,126
105,NR-ER,0.001271,17,11,0,11,0.0,100.0,127
112,NR-ER,0.001265,33,25,3,22,12.0,88.0,128
35,NR-ER,0.001251,21,21,2,19,9.52,90.48,129
191,NR-ER,0.001242,17,12,1,11,8.33,91.67,130
297,NR-ER,0.001235,26,18,3,15,16.67,83.33,131
157,NR-ER,0.001221,37,30,4,26,13.33,86.67,132
137,NR-ER,0.001205,18,12,1,11,8.33,91.67,133
164,NR-ER,0.001187,11,11,2,9,18.18,81.82,134
209,NR-ER,0.001184,17,12,1,11,8.33,91.67,135
174,NR-ER,0.001182,12,9,0,9,0.0,100.0,136
224,NR-ER,0.001174,16,12,0,12,0.0,100.0,137
19,NR-ER,0.001168,52,34,5,29,14.71,85.29,138
215,NR-ER,0.001155,8,6,0,6,0.0,100.0,139
190,NR-ER,0.001142,35,24,3,21,12.5,87.5,140
214,NR-ER,0.001141,17,13,0,13,0.0,100.0,141
281,NR-ER,0.001131,27,20,1,19,5.0,95.0,142
169,NR-ER,0.001122,14,7,0,7,0.0,100.0,143
296,NR-ER,0.001103,9,7,0,7,0.0,100.0,144
218,NR-ER,0.001102,20,12,2,10,16.67,83.33,145
219,NR-ER,0.001084,13,9,2,7,22.22,77.78,146
7,NR-ER,0.00108,23,15,3,12,20.0,80.0,147
90,NR-ER,0.001079,30,23,2,21,8.7,91.3,148
189,NR-ER,0.001075,10,9,1,8,11.11,88.89,149
10,NR-ER,0.001075,30,19,2,17,10.53,89.47,150
277,NR-ER,0.001063,12,9,1,8,11.11,88.89,151
158,NR-ER,0.001062,24,19,2,17,10.53,89.47,152
240,NR-ER,0.001059,5,5,0,5,0.0,100.0,153
145,NR-ER,0.001057,20,13,0,13,0.0,100.0,154
103,NR-ER,0.001031,9,7,0,7,0.0,100.0,155
205,NR-ER,0.001028,19,13,2,11,15.38,84.62,156
1,NR-ER,0.001026,10,8,0,8,0.0,100.0,157
36,NR-ER,0.001015,13,11,1,10,9.09,90.91,158
102,NR-ER,0.001009,22,18,2,16,11.11,88.89,159
107,NR-ER,0.000984,8,6,0,6,0.0,100.0,160
239,NR-ER,0.000979,15,9,2,7,22.22,77.78,161
68,NR-ER,0.000975,18,13,2,11,15.38,84.62,162
151,NR-ER,0.000973,5,4,0,4,0.0,100.0,163
85,NR-ER,0.00097,22,17,1,16,5.88,94.12,164
170,NR-ER,0.000953,5,4,0,4,0.0,100.0,165
48,NR-ER,0.000942,6,5,1,4,20.0,80.0,166
182,NR-ER,0.000924,14,9,1,8,11.11,88.89,167
166,NR-ER,0.000921,7,5,0,5,0.0,100.0,168
183,NR-ER,0.000904,14,13,3,10,23.08,76.92,169
80,NR-ER,0.000901,21,16,5,11,31.25,68.75,170
14,NR-ER,0.0009,15,8,1,7,12.5,87.5,171
63,NR-ER,0.000895,21,14,0,14,0.0,100.0,172
198,NR-ER,0.000894,10,10,2,8,20.0,80.0,173
116,NR-ER,0.000889,9,5,1,4,20.0,80.0,174
257,NR-ER,0.000889,12,12,0,12,0.0,100.0,175
245,NR-ER,0.000889,11,7,2,5,28.57,71.43,176
177,NR-ER,0.000888,26,19,5,14,26.32,73.68,177
22,NR-ER,0.000875,18,15,3,12,20.0,80.0,178
204,NR-ER,0.000873,19,13,1,12,7.69,92.31,179
28,NR-ER,0.000863,19,15,1,14,6.67,93.33,180
200,NR-ER,0.000849,8,7,0,7,0.0,100.0,181
232,NR-ER,0.00084,11,11,1,10,9.09,90.91,182
79,NR-ER,0.000821,7,6,0,6,0.0,100.0,183
110,NR-ER,0.000804,13,11,0,11,0.0,100.0,184
120,NR-ER,0.000798,9,9,1,8,11.11,88.89,185
292,NR-ER,0.000792,17,14,2,12,14.29,85.71,186
289,NR-ER,0.000785,14,10,1,9,10.0,90.0,187
132,NR-ER,0.00078,19,15,2,13,13.33,86.67,188
119,NR-ER,0.000775,8,7,0,7,0.0,100.0,189
42,NR-ER,0.000768,6,6,1,5,16.67,83.33,190
258,NR-ER,0.000761,3,2,0,2,0.0,100.0,191
161,NR-ER,0.000761,21,9,0,9,0.0,100.0,192
136,NR-ER,0.000752,8,5,0,5,0.0,100.0,193
273,NR-ER,0.000746,6,3,0,3,0.0,100.0,194
246,NR-ER,0.000739,6,3,0,3,0.0,100.0,195
212,NR-ER,0.000738,6,6,0,6,0.0,100.0,196
238,NR-ER,0.000734,11,10,2,8,20.0,80.0,197
223,NR-ER,0.000722,4,4,1,3,25.0,75.0,198
262,NR-ER,0.00072,5,4,0,4,0.0,100.0,199
122,NR-ER,0.000716,10,7,1,6,14.29,85.71,200
248,NR-ER,0.000709,19,14,1,13,7.14,92.86,201
57,NR-ER,0.000703,11,8,0,8,0.0,100.0,202
73,NR-ER,0.000702,7,4,0,4,0.0,100.0,203
270,NR-ER,0.0007,12,11,1,10,9.09,90.91,204
65,NR-ER,0.000699,10,9,2,7,22.22,77.78,205
130,NR-ER,0.000697,12,9,0,9,0.0,100.0,206
71,NR-ER,0.00069,12,9,1,8,11.11,88.89,207
266,NR-ER,0.000689,6,6,1,5,16.67,83.33,208
124,NR-ER,0.00068,16,9,2,7,22.22,77.78,209
222,NR-ER,0.000676,10,6,1,5,16.67,83.33,210
39,NR-ER,0.000675,10,6,0,6,0.0,100.0,211
0,NR-ER,0.000673,20,12,5,7,41.67,58.33,212
288,NR-ER,0.000662,10,9,1,8,11.11,88.89,213
3,NR-ER,0.00066,12,10,1,9,10.0,90.0,214
236,NR-ER,0.000648,11,10,2,8,20.0,80.0,215
184,NR-ER,0.000647,9,9,0,9,0.0,100.0,216
179,NR-ER,0.000642,7,7,0,7,0.0,100.0,217
241,NR-ER,0.000621,5,3,0,3,0.0,100.0,218
88,NR-ER,0.000621,6,2,0,2,0.0,100.0,219
140,NR-ER,0.000607,7,5,0,5,0.0,100.0,220
298,NR-ER,0.000597,6,5,1,4,20.0,80.0,221
134,NR-ER,0.000594,12,11,0,11,0.0,100.0,222
175,NR-ER,0.000592,9,7,1,6,14.29,85.71,223
259,NR-ER,0.000588,8,8,0,8,0.0,100.0,224
274,NR-ER,0.000588,8,5,1,4,20.0,80.0,225
199,NR-ER,0.000586,7,5,1,4,20.0,80.0,226
24,NR-ER,0.000579,8,4,1,3,25.0,75.0,227
139,NR-ER,0.000575,7,5,1,4,20.0,80.0,228
165,NR-ER,0.000569,8,7,1,6,14.29,85.71,229
261,NR-ER,0.000569,2,1,0,1,0.0,100.0,230
180,NR-ER,0.000561,11,11,5,6,45.45,54.55,231
202,NR-ER,0.000559,10,8,3,5,37.5,62.5,232
25,NR-ER,0.000557,8,6,1,5,16.67,83.33,233
208,NR-ER,0.000555,9,8,0,8,0.0,100.0,234
211,NR-ER,0.000542,20,15,4,11,26.67,73.33,235
23,NR-ER,0.000536,8,7,0,7,0.0,100.0,236
207,NR-ER,0.000535,6,4,1,3,25.0,75.0,237
201,NR-ER,0.00053,7,4,0,4,0.0,100.0,238
6,NR-ER,0.000521,9,6,0,6,0.0,100.0,239
55,NR-ER,0.000507,7,5,1,4,20.0,80.0,240
276,NR-ER,0.000505,11,9,0,9,0.0,100.0,241
160,NR-ER,0.000501,4,3,1,2,33.33,66.67,242
233,NR-ER,0.000498,6,3,1,2,33.33,66.67,243
247,NR-ER,0.000478,4,3,0,3,0.0,100.0,244
237,NR-ER,0.000466,4,3,1,2,33.33,66.67,245
115,NR-ER,0.000462,10,10,1,9,10.0,90.0,246
61,NR-ER,0.000448,4,4,0,4,0.0,100.0,247
40,NR-ER,0.000445,15,8,0,8,0.0,100.0,248
168,NR-ER,0.000436,7,6,0,6,0.0,100.0,249
47,NR-ER,0.000434,6,5,2,3,40.0,60.0,250
250,NR-ER,0.000434,5,2,0,2,0.0,100.0,251
155,NR-ER,0.000431,9,6,0,6,0.0,100.0,252
56,NR-ER,0.000424,9,8,1,7,12.5,87.5,253
13,NR-ER,0.000423,7,4,1,3,25.0,75.0,254
260,NR-ER,0.000417,4,4,0,4,0.0,100.0,255
172,NR-ER,0.000415,12,10,1,9,10.0,90.0,256
192,NR-ER,0.0004,6,6,0,6,0.0,100.0,257
171,NR-ER,0.000397,5,3,0,3,0.0,100.0,258
54,NR-ER,0.000393,8,7,2,5,28.57,71.43,259
87,NR-ER,0.000391,7,6,3,3,50.0,50.0,260
67,NR-ER,0.000387,4,4,0,4,0.0,100.0,261
286,NR-ER,0.000385,5,4,0,4,0.0,100.0,262
75,NR-ER,0.000375,7,7,1,6,14.29,85.71,263
141,NR-ER,0.000361,4,2,0,2,0.0,100.0,264
148,NR-ER,0.00036,7,5,0,5,0.0,100.0,265
167,NR-ER,0.000352,6,6,1,5,16.67,83.33,266
278,NR-ER,0.00035,5,2,0,2,0.0,100.0,267
295,NR-ER,0.000347,5,4,0,4,0.0,100.0,268
186,NR-ER,0.000344,5,4,1,3,25.0,75.0,269
272,NR-ER,0.000342,6,3,1,2,33.33,66.67,270
228,NR-ER,0.000332,7,5,1,4,20.0,80.0,271
216,NR-ER,0.000329,4,3,1,2,33.33,66.67,272
99,NR-ER,0.000328,4,4,0,4,0.0,100.0,273
126,NR-ER,0.000327,4,2,1,1,50.0,50.0,274
195,NR-ER,0.000325,7,5,0,5,0.0,100.0,275
135,NR-ER,0.000309,13,10,4,6,40.0,60.0,276
181,NR-ER,0.000292,12,9,0,9,0.0,100.0,277
244,NR-ER,0.000287,5,4,1,3,25.0,75.0,278
131,NR-ER,0.000278,2,1,0,1,0.0,100.0,279
279,NR-ER,0.000275,5,4,1,3,25.0,75.0,280
188,NR-ER,0.000263,3,2,0,2,0.0,100.0,281
220,NR-ER,0.000262,5,3,0,3,0.0,100.0,282
147,NR-ER,0.000235,4,3,0,3,0.0,100.0,283
249,NR-ER,0.000217,5,5,1,4,20.0,80.0,284
206,NR-ER,0.000209,4,3,0,3,0.0,100.0,285
285,NR-ER,0.000203,4,3,1,2,33.33,66.67,286
284,NR-ER,0.000203,6,4,0,4,0.0,100.0,287
229,NR-ER,0.000135,2,2,0,2,0.0,100.0,288
294,NR-ER,0.000108,3,3,1,2,33.33,66.67,289
108,NR-ER,0.000107,1,1,0,1,0.0,100.0,290
225,NR-ER,9.3e-05,2,1,1,0,100.0,0.0,291
290,NR-ER,9.2e-05,1,1,0,1,0.0,100.0,292
83,NR-ER,8e-05,2,2,0,2,0.0,100.0,293
187,NR-ER,7.2e-05,2,1,1,0,100.0,0.0,294
173,NR-ER,6.8e-05,2,1,0,1,0.0,100.0,295
127,NR-ER,6.8e-05,2,1,1,0,100.0,0.0,296
217,NR-ER,4.6e-05,2,2,0,2,0.0,100.0,297
76,NR-ER-LBD,0.004843,343,289,17,272,5.88,94.12,1
234,NR-ER-LBD,0.002751,53,43,10,33,23.26,76.74,2
254,NR-ER-LBD,0.002475,264,232,15,217,6.47,93.53,3
265,NR-ER-LBD,0.002011,274,242,24,218,9.92,90.08,4
33,NR-ER-LBD,0.001414,166,144,17,127,11.81,88.19,5
149,NR-ER-LBD,0.001172,120,103,9,94,8.74,91.26,6
2,NR-ER-LBD,0.001154,185,154,14,140,9.09,90.91,7
72,NR-ER-LBD,0.001137,256,222,15,207,6.76,93.24,8
29,NR-ER-LBD,0.001108,128,116,7,109,6.03,93.97,9
11,NR-ER-LBD,0.001106,82,71,6,65,8.45,91.55,10
153,NR-ER-LBD,0.00108,215,188,9,179,4.79,95.21,11
287,NR-ER-LBD,0.00104,167,139,7,132,5.04,94.96,12
121,NR-ER-LBD,0.001027,90,81,10,71,12.35,87.65,13
299,NR-ER-LBD,0.00099,29,26,3,23,11.54,88.46,14
26,NR-ER-LBD,0.000989,101,86,6,80,6.98,93.02,15
280,NR-ER-LBD,0.000985,122,108,5,103,4.63,95.37,16
106,NR-ER-LBD,0.000985,239,205,14,191,6.83,93.17,17
38,NR-ER-LBD,0.000959,241,209,11,198,5.26,94.74,18
218,NR-ER-LBD,0.000941,20,14,3,11,21.43,78.57,19
129,NR-ER-LBD,0.000935,96,85,5,80,5.88,94.12,20
60,NR-ER-LBD,0.000919,36,31,2,29,6.45,93.55,21
256,NR-ER-LBD,0.000912,31,28,1,27,3.57,96.43,22
159,NR-ER-LBD,0.00085,127,107,7,100,6.54,93.46,23
59,NR-ER-LBD,0.000837,158,135,10,125,7.41,92.59,24
4,NR-ER-LBD,0.000831,143,122,7,115,5.74,94.26,25
17,NR-ER-LBD,0.000818,233,199,7,192,3.52,96.48,26
117,NR-ER-LBD,0.000802,144,123,7,116,5.69,94.31,27
91,NR-ER-LBD,0.00079,93,80,4,76,5.0,95.0,28
293,NR-ER-LBD,0.00075,92,75,4,71,5.33,94.67,29
104,NR-ER-LBD,0.000741,163,138,10,128,7.25,92.75,30
227,NR-ER-LBD,0.000722,81,70,8,62,11.43,88.57,31
66,NR-ER-LBD,0.000682,44,39,5,34,12.82,87.18,32
12,NR-ER-LBD,0.000661,81,70,5,65,7.14,92.86,33
146,NR-ER-LBD,0.000658,117,92,4,88,4.35,95.65,34
50,NR-ER-LBD,0.000653,52,42,2,40,4.76,95.24,35
275,NR-ER-LBD,0.000643,32,27,2,25,7.41,92.59,36
267,NR-ER-LBD,0.000622,63,55,2,53,3.64,96.36,37
8,NR-ER-LBD,0.000612,97,86,9,77,10.47,89.53,38
27,NR-ER-LBD,0.000606,82,71,3,68,4.23,95.77,39
118,NR-ER-LBD,0.000599,86,76,6,70,7.89,92.11,40
123,NR-ER-LBD,0.000589,34,28,2,26,7.14,92.86,41
230,NR-ER-LBD,0.000579,75,70,8,62,11.43,88.57,42
94,NR-ER-LBD,0.000565,114,102,8,94,7.84,92.16,43
282,NR-ER-LBD,0.000554,57,44,1,43,2.27,97.73,44
125,NR-ER-LBD,0.000552,47,40,1,39,2.5,97.5,45
15,NR-ER-LBD,0.000523,222,191,11,180,5.76,94.24,46
44,NR-ER-LBD,0.000521,155,133,8,125,6.02,93.98,47
231,NR-ER-LBD,0.000518,69,58,6,52,10.34,89.66,48
178,NR-ER-LBD,0.000502,27,26,3,23,11.54,88.46,49
45,NR-ER-LBD,0.000501,35,29,0,29,0.0,100.0,50
114,NR-ER-LBD,0.000498,126,99,6,93,6.06,93.94,51
142,NR-ER-LBD,0.000498,32,25,1,24,4.0,96.0,52
272,NR-ER-LBD,0.000498,6,4,1,3,25.0,75.0,53
64,NR-ER-LBD,0.000497,47,42,1,41,2.38,97.62,54
128,NR-ER-LBD,0.000495,83,67,4,63,5.97,94.03,55
147,NR-ER-LBD,0.000491,4,4,1,3,25.0,75.0,56
243,NR-ER-LBD,0.00049,11,10,2,8,20.0,80.0,57
132,NR-ER-LBD,0.000487,19,18,3,15,16.67,83.33,58
49,NR-ER-LBD,0.000482,46,35,2,33,5.71,94.29,59
77,NR-ER-LBD,0.000465,33,29,1,28,3.45,96.55,60
84,NR-ER-LBD,0.000458,59,48,4,44,8.33,91.67,61
226,NR-ER-LBD,0.00045,92,74,4,70,5.41,94.59,62
224,NR-ER-LBD,0.00045,16,14,0,14,0.0,100.0,63
137,NR-ER-LBD,0.000449,18,15,1,14,6.67,93.33,64
221,NR-ER-LBD,0.000444,30,27,3,24,11.11,88.89,65
21,NR-ER-LBD,0.000444,56,47,6,41,12.77,87.23,66
150,NR-ER-LBD,0.000444,57,48,4,44,8.33,91.67,67
58,NR-ER-LBD,0.000439,68,57,2,55,3.51,96.49,68
63,NR-ER-LBD,0.000438,21,15,0,15,0.0,100.0,69
34,NR-ER-LBD,0.000429,93,83,4,79,4.82,95.18,70
32,NR-ER-LBD,0.000422,74,58,4,54,6.9,93.1,71
157,NR-ER-LBD,0.000421,37,33,1,32,3.03,96.97,72
16,NR-ER-LBD,0.000421,40,37,7,30,18.92,81.08,73
156,NR-ER-LBD,0.000418,39,31,3,28,9.68,90.32,74
211,NR-ER-LBD,0.000416,20,15,4,11,26.67,73.33,75
9,NR-ER-LBD,0.000416,19,18,2,16,11.11,88.89,76
92,NR-ER-LBD,0.000413,100,87,3,84,3.45,96.55,77
46,NR-ER-LBD,0.000412,88,77,6,71,7.79,92.21,78
22,NR-ER-LBD,0.00041,18,17,2,15,11.76,88.24,79
138,NR-ER-LBD,0.000406,81,73,5,68,6.85,93.15,80
43,NR-ER-LBD,0.000405,59,51,9,42,17.65,82.35,81
89,NR-ER-LBD,0.0004,50,41,3,38,7.32,92.68,82
100,NR-ER-LBD,0.000397,33,25,0,25,0.0,100.0,83
194,NR-ER-LBD,0.000391,30,29,3,26,10.34,89.66,84
69,NR-ER-LBD,0.000391,14,12,0,12,0.0,100.0,85
101,NR-ER-LBD,0.000389,56,44,0,44,0.0,100.0,86
238,NR-ER-LBD,0.000385,11,9,0,9,0.0,100.0,87
18,NR-ER-LBD,0.000383,52,45,1,44,2.22,97.78,88
113,NR-ER-LBD,0.000377,21,16,0,16,0.0,100.0,89
257,NR-ER-LBD,0.000377,12,11,1,10,9.09,90.91,90
163,NR-ER-LBD,0.000373,107,98,4,94,4.08,95.92,91
152,NR-ER-LBD,0.000364,88,76,9,67,11.84,88.16,92
201,NR-ER-LBD,0.000348,7,5,0,5,0.0,100.0,93
297,NR-ER-LBD,0.000348,26,25,3,22,12.0,88.0,94
95,NR-ER-LBD,0.000346,24,23,2,21,8.7,91.3,95
70,NR-ER-LBD,0.000345,60,49,3,46,6.12,93.88,96
122,NR-ER-LBD,0.000339,10,8,1,7,12.5,87.5,97
162,NR-ER-LBD,0.000336,14,12,0,12,0.0,100.0,98
79,NR-ER-LBD,0.000332,7,7,0,7,0.0,100.0,99
19,NR-ER-LBD,0.000328,52,41,4,37,9.76,90.24,100
246,NR-ER-LBD,0.000327,6,5,0,5,0.0,100.0,101
81,NR-ER-LBD,0.000324,20,16,1,15,6.25,93.75,102
197,NR-ER-LBD,0.000323,55,54,1,53,1.85,98.15,103
97,NR-ER-LBD,0.000318,41,35,2,33,5.71,94.29,104
7,NR-ER-LBD,0.000314,23,19,2,17,10.53,89.47,105
80,NR-ER-LBD,0.000306,21,16,4,12,25.0,75.0,106
96,NR-ER-LBD,0.000298,48,39,3,36,7.69,92.31,107
93,NR-ER-LBD,0.000295,47,44,3,41,6.82,93.18,108
273,NR-ER-LBD,0.000294,6,6,0,6,0.0,100.0,109
41,NR-ER-LBD,0.00029,22,18,1,17,5.56,94.44,110
291,NR-ER-LBD,0.000288,27,24,0,24,0.0,100.0,111
182,NR-ER-LBD,0.000283,14,12,1,11,8.33,91.67,112
210,NR-ER-LBD,0.00028,42,32,2,30,6.25,93.75,113
292,NR-ER-LBD,0.000276,17,14,1,13,7.14,92.86,114
140,NR-ER-LBD,0.000273,7,6,0,6,0.0,100.0,115
283,NR-ER-LBD,0.000266,35,29,3,26,10.34,89.66,116
54,NR-ER-LBD,0.000265,8,8,3,5,37.5,62.5,117
203,NR-ER-LBD,0.000261,59,48,3,45,6.25,93.75,118
215,NR-ER-LBD,0.000255,8,6,0,6,0.0,100.0,119
30,NR-ER-LBD,0.000253,40,33,1,32,3.03,96.97,120
144,NR-ER-LBD,0.00025,16,14,1,13,7.14,92.86,121
20,NR-ER-LBD,0.000245,13,10,1,9,10.0,90.0,122
112,NR-ER-LBD,0.000245,33,28,1,27,3.57,96.43,123
78,NR-ER-LBD,0.000245,14,10,2,8,20.0,80.0,124
133,NR-ER-LBD,0.000242,35,33,0,33,0.0,100.0,125
185,NR-ER-LBD,0.000241,39,35,3,32,8.57,91.43,126
148,NR-ER-LBD,0.000239,7,5,0,5,0.0,100.0,127
269,NR-ER-LBD,0.000237,18,16,0,16,0.0,100.0,128
193,NR-ER-LBD,0.000233,32,27,3,24,11.11,88.89,129
71,NR-ER-LBD,0.000232,12,9,1,8,11.11,88.89,130
251,NR-ER-LBD,0.000221,29,26,2,24,7.69,92.31,131
130,NR-ER-LBD,0.000219,12,9,0,9,0.0,100.0,132
74,NR-ER-LBD,0.000218,24,20,2,18,10.0,90.0,133
190,NR-ER-LBD,0.000212,35,29,0,29,0.0,100.0,134
35,NR-ER-LBD,0.000211,21,20,2,18,10.0,90.0,135
255,NR-ER-LBD,0.00021,10,7,0,7,0.0,100.0,136
189,NR-ER-LBD,0.000209,10,9,0,9,0.0,100.0,137
3,NR-ER-LBD,0.000208,12,11,0,11,0.0,100.0,138
65,NR-ER-LBD,0.000206,10,10,1,9,10.0,90.0,139
136,NR-ER-LBD,0.000205,8,7,0,7,0.0,100.0,140
205,NR-ER-LBD,0.000204,19,15,0,15,0.0,100.0,141
174,NR-ER-LBD,0.0002,12,10,1,9,10.0,90.0,142
177,NR-ER-LBD,0.000197,26,19,3,16,15.79,84.21,143
176,NR-ER-LBD,0.000194,39,35,0,35,0.0,100.0,144
5,NR-ER-LBD,0.000193,36,31,3,28,9.68,90.32,145
56,NR-ER-LBD,0.00019,9,9,1,8,11.11,88.89,146
53,NR-ER-LBD,0.00019,28,21,1,20,4.76,95.24,147
87,NR-ER-LBD,0.000186,7,7,1,6,14.29,85.71,148
158,NR-ER-LBD,0.000185,24,22,1,21,4.55,95.45,149
151,NR-ER-LBD,0.000185,5,4,0,4,0.0,100.0,150
166,NR-ER-LBD,0.000184,7,7,1,6,14.29,85.71,151
37,NR-ER-LBD,0.000182,29,23,3,20,13.04,86.96,152
31,NR-ER-LBD,0.000182,27,20,2,18,10.0,90.0,153
68,NR-ER-LBD,0.000181,18,13,2,11,15.38,84.62,154
52,NR-ER-LBD,0.000179,16,14,2,12,14.29,85.71,155
232,NR-ER-LBD,0.000179,11,9,0,9,0.0,100.0,156
252,NR-ER-LBD,0.000178,31,22,1,21,4.55,95.45,157
244,NR-ER-LBD,0.000178,5,5,1,4,20.0,80.0,158
268,NR-ER-LBD,0.000178,46,44,3,41,6.82,93.18,159
196,NR-ER-LBD,0.000175,21,21,1,20,4.76,95.24,160
220,NR-ER-LBD,0.000174,5,4,0,4,0.0,100.0,161
169,NR-ER-LBD,0.000173,14,11,1,10,9.09,90.91,162
202,NR-ER-LBD,0.000173,10,9,3,6,33.33,66.67,163
90,NR-ER-LBD,0.000172,30,26,1,25,3.85,96.15,164
98,NR-ER-LBD,0.000168,39,34,5,29,14.71,85.29,165
85,NR-ER-LBD,0.000165,22,20,0,20,0.0,100.0,166
110,NR-ER-LBD,0.000159,13,11,0,11,0.0,100.0,167
219,NR-ER-LBD,0.000156,13,12,1,11,8.33,91.67,168
51,NR-ER-LBD,0.000154,30,22,1,21,4.55,95.45,169
24,NR-ER-LBD,0.000153,8,5,0,5,0.0,100.0,170
105,NR-ER-LBD,0.000151,17,15,0,15,0.0,100.0,171
107,NR-ER-LBD,0.000151,8,8,0,8,0.0,100.0,172
75,NR-ER-LBD,0.000149,7,7,0,7,0.0,100.0,173
187,NR-ER-LBD,0.000149,2,2,0,2,0.0,100.0,174
0,NR-ER-LBD,0.000147,20,15,1,14,6.67,93.33,175
270,NR-ER-LBD,0.000144,12,10,1,9,10.0,90.0,176
145,NR-ER-LBD,0.000144,20,16,1,15,6.25,93.75,177
209,NR-ER-LBD,0.000144,17,14,0,14,0.0,100.0,178
154,NR-ER-LBD,0.000143,27,26,1,25,3.85,96.15,179
102,NR-ER-LBD,0.00014,22,19,2,17,10.53,89.47,180
225,NR-ER-LBD,0.000138,2,2,0,2,0.0,100.0,181
296,NR-ER-LBD,0.000138,9,8,0,8,0.0,100.0,182
241,NR-ER-LBD,0.000133,5,5,1,4,20.0,80.0,183
235,NR-ER-LBD,0.00013,8,7,0,7,0.0,100.0,184
155,NR-ER-LBD,0.000129,9,8,0,8,0.0,100.0,185
10,NR-ER-LBD,0.000127,30,22,0,22,0.0,100.0,186
186,NR-ER-LBD,0.000126,5,5,1,4,20.0,80.0,187
191,NR-ER-LBD,0.000122,17,13,1,12,7.69,92.31,188
120,NR-ER-LBD,0.000121,9,7,0,7,0.0,100.0,189
115,NR-ER-LBD,0.000119,10,10,0,10,0.0,100.0,190
28,NR-ER-LBD,0.000118,19,16,1,15,6.25,93.75,191
143,NR-ER-LBD,0.000116,20,18,2,16,11.11,88.89,192
198,NR-ER-LBD,0.000114,10,6,1,5,16.67,83.33,193
206,NR-ER-LBD,0.000113,4,3,0,3,0.0,100.0,194
116,NR-ER-LBD,0.000112,9,7,1,6,14.29,85.71,195
266,NR-ER-LBD,0.00011,6,6,1,5,16.67,83.33,196
213,NR-ER-LBD,0.00011,11,10,0,10,0.0,100.0,197
204,NR-ER-LBD,0.000108,19,16,0,16,0.0,100.0,198
289,NR-ER-LBD,0.000108,14,12,1,11,8.33,91.67,199
253,NR-ER-LBD,0.000107,19,15,0,15,0.0,100.0,200
214,NR-ER-LBD,0.000107,17,16,0,16,0.0,100.0,201
228,NR-ER-LBD,0.000106,7,6,1,5,16.67,83.33,202
222,NR-ER-LBD,0.000106,10,8,1,7,12.5,87.5,203
248,NR-ER-LBD,0.000104,19,17,1,16,5.88,94.12,204
86,NR-ER-LBD,0.000103,19,17,0,17,0.0,100.0,205
175,NR-ER-LBD,0.000103,9,7,0,7,0.0,100.0,206
127,NR-ER-LBD,0.000102,2,1,1,0,100.0,0.0,207
36,NR-ER-LBD,0.000102,13,10,1,9,10.0,90.0,208
281,NR-ER-LBD,0.000101,27,25,2,23,8.0,92.0,209
161,NR-ER-LBD,0.0001,21,18,1,17,5.56,94.44,210
184,NR-ER-LBD,0.0001,9,9,0,9,0.0,100.0,211
164,NR-ER-LBD,9.8e-05,11,11,0,11,0.0,100.0,212
103,NR-ER-LBD,9.7e-05,9,7,0,7,0.0,100.0,213
237,NR-ER-LBD,9.6e-05,4,3,0,3,0.0,100.0,214
207,NR-ER-LBD,9.4e-05,6,6,0,6,0.0,100.0,215
57,NR-ER-LBD,9.4e-05,11,10,0,10,0.0,100.0,216
172,NR-ER-LBD,9.4e-05,12,10,1,9,10.0,90.0,217
73,NR-ER-LBD,9.4e-05,7,6,0,6,0.0,100.0,218
188,NR-ER-LBD,9.3e-05,3,3,0,3,0.0,100.0,219
13,NR-ER-LBD,9.3e-05,7,6,1,5,16.67,83.33,220
124,NR-ER-LBD,9.1e-05,16,15,3,12,20.0,80.0,221
119,NR-ER-LBD,9e-05,8,7,0,7,0.0,100.0,222
259,NR-ER-LBD,8.8e-05,8,7,0,7,0.0,100.0,223
192,NR-ER-LBD,8.7e-05,6,6,0,6,0.0,100.0,224
40,NR-ER-LBD,8.7e-05,15,13,0,13,0.0,100.0,225
223,NR-ER-LBD,8.6e-05,4,3,1,2,33.33,66.67,226
271,NR-ER-LBD,8.5e-05,21,18,0,18,0.0,100.0,227
180,NR-ER-LBD,8.4e-05,11,9,3,6,33.33,66.67,228
263,NR-ER-LBD,8.4e-05,10,10,1,9,10.0,90.0,229
25,NR-ER-LBD,8.3e-05,8,6,1,5,16.67,83.33,230
82,NR-ER-LBD,8.3e-05,14,11,1,10,9.09,90.91,231
135,NR-ER-LBD,8.1e-05,13,12,1,11,8.33,91.67,232
239,NR-ER-LBD,7.9e-05,15,11,1,10,9.09,90.91,233
258,NR-ER-LBD,7.8e-05,3,3,0,3,0.0,100.0,234
233,NR-ER-LBD,7.6e-05,6,5,1,4,20.0,80.0,235
264,NR-ER-LBD,7.6e-05,10,8,0,8,0.0,100.0,236
181,NR-ER-LBD,7.2e-05,12,10,0,10,0.0,100.0,237
236,NR-ER-LBD,7e-05,11,10,1,9,10.0,90.0,238
134,NR-ER-LBD,6.8e-05,12,11,0,11,0.0,100.0,239
42,NR-ER-LBD,6.7e-05,6,6,0,6,0.0,100.0,240
199,NR-ER-LBD,6.7e-05,7,7,1,6,14.29,85.71,241
262,NR-ER-LBD,6.7e-05,5,5,0,5,0.0,100.0,242
179,NR-ER-LBD,6.5e-05,7,7,0,7,0.0,100.0,243
167,NR-ER-LBD,6.5e-05,6,6,1,5,16.67,83.33,244
55,NR-ER-LBD,6.5e-05,7,6,0,6,0.0,100.0,245
285,NR-ER-LBD,6.5e-05,4,4,0,4,0.0,100.0,246
240,NR-ER-LBD,6.5e-05,5,5,0,5,0.0,100.0,247
250,NR-ER-LBD,6.4e-05,5,4,0,4,0.0,100.0,248
168,NR-ER-LBD,6.3e-05,7,7,0,7,0.0,100.0,249
165,NR-ER-LBD,6.3e-05,8,8,0,8,0.0,100.0,250
216,NR-ER-LBD,6.2e-05,4,4,0,4,0.0,100.0,251
245,NR-ER-LBD,5.8e-05,11,9,3,6,33.33,66.67,252
247,NR-ER-LBD,5.6e-05,4,4,0,4,0.0,100.0,253
6,NR-ER-LBD,5.5e-05,9,8,0,8,0.0,100.0,254
183,NR-ER-LBD,5.2e-05,14,14,2,12,14.29,85.71,255
284,NR-ER-LBD,5e-05,6,5,1,4,20.0,80.0,256
277,NR-ER-LBD,4.9e-05,12,11,2,9,18.18,81.82,257
14,NR-ER-LBD,4.9e-05,15,13,0,13,0.0,100.0,258
274,NR-ER-LBD,4.7e-05,8,5,1,4,20.0,80.0,259
278,NR-ER-LBD,4.6e-05,5,3,0,3,0.0,100.0,260
62,NR-ER-LBD,4.6e-05,21,20,1,19,5.0,95.0,261
139,NR-ER-LBD,4.3e-05,7,6,1,5,16.67,83.33,262
195,NR-ER-LBD,4.1e-05,7,6,0,6,0.0,100.0,263
48,NR-ER-LBD,4.1e-05,6,6,0,6,0.0,100.0,264
1,NR-ER-LBD,4e-05,10,10,1,9,10.0,90.0,265
208,NR-ER-LBD,4e-05,9,7,0,7,0.0,100.0,266
279,NR-ER-LBD,3.9e-05,5,5,1,4,20.0,80.0,267
160,NR-ER-LBD,3.8e-05,4,3,1,2,33.33,66.67,268
170,NR-ER-LBD,3.7e-05,5,4,0,4,0.0,100.0,269
260,NR-ER-LBD,3.6e-05,4,3,0,3,0.0,100.0,270
99,NR-ER-LBD,3.4e-05,4,4,0,4,0.0,100.0,271
88,NR-ER-LBD,3.3e-05,6,3,0,3,0.0,100.0,272
47,NR-ER-LBD,3.2e-05,6,3,1,2,33.33,66.67,273
295,NR-ER-LBD,3.2e-05,5,5,0,5,0.0,100.0,274
141,NR-ER-LBD,3.2e-05,4,2,0,2,0.0,100.0,275
276,NR-ER-LBD,3e-05,11,8,0,8,0.0,100.0,276
200,NR-ER-LBD,3e-05,8,8,0,8,0.0,100.0,277
23,NR-ER-LBD,2.9e-05,8,8,0,8,0.0,100.0,278
171,NR-ER-LBD,2.9e-05,5,4,0,4,0.0,100.0,279
294,NR-ER-LBD,2.7e-05,3,3,1,2,33.33,66.67,280
298,NR-ER-LBD,2.5e-05,6,5,0,5,0.0,100.0,281
288,NR-ER-LBD,2.5e-05,10,10,2,8,20.0,80.0,282
83,NR-ER-LBD,2.4e-05,2,2,0,2,0.0,100.0,283
39,NR-ER-LBD,2.4e-05,10,9,0,9,0.0,100.0,284
212,NR-ER-LBD,2.2e-05,6,5,0,5,0.0,100.0,285
126,NR-ER-LBD,2.1e-05,4,1,0,1,0.0,100.0,286
108,NR-ER-LBD,1.9e-05,1,1,0,1,0.0,100.0,287
249,NR-ER-LBD,1.8e-05,5,4,0,4,0.0,100.0,288
67,NR-ER-LBD,1.7e-05,4,4,0,4,0.0,100.0,289
229,NR-ER-LBD,1.5e-05,2,2,0,2,0.0,100.0,290
131,NR-ER-LBD,1.3e-05,2,2,0,2,0.0,100.0,291
286,NR-ER-LBD,1.1e-05,5,2,0,2,0.0,100.0,292
61,NR-ER-LBD,1e-05,4,4,0,4,0.0,100.0,293
261,NR-ER-LBD,4e-06,2,1,0,1,0.0,100.0,294
173,NR-ER-LBD,3e-06,2,2,0,2,0.0,100.0,295
217,NR-ER-LBD,1e-06,2,1,0,1,0.0,100.0,296
76,NR-PPAR-gamma,0.004196,343,258,7,251,2.71,97.29,1
265,NR-PPAR-gamma,0.002613,274,221,7,214,3.17,96.83,2
38,NR-PPAR-gamma,0.001779,241,195,3,192,1.54,98.46,3
287,NR-PPAR-gamma,0.001733,167,139,4,135,2.88,97.12,4
149,NR-PPAR-gamma,0.001545,120,89,3,86,3.37,96.63,5
254,NR-PPAR-gamma,0.001494,264,212,4,208,1.89,98.11,6
2,NR-PPAR-gamma,0.001485,185,140,6,134,4.29,95.71,7
106,NR-PPAR-gamma,0.001473,239,190,4,186,2.11,97.89,8
17,NR-PPAR-gamma,0.001417,233,182,2,180,1.1,98.9,9
33,NR-PPAR-gamma,0.001256,166,124,4,120,3.23,96.77,10
104,NR-PPAR-gamma,0.001244,163,125,2,123,1.6,98.4,11
153,NR-PPAR-gamma,0.001188,215,179,5,174,2.79,97.21,12
299,NR-PPAR-gamma,0.001176,29,21,2,19,9.52,90.48,13
11,NR-PPAR-gamma,0.001131,82,62,2,60,3.23,96.77,14
15,NR-PPAR-gamma,0.001085,222,176,4,172,2.27,97.73,15
114,NR-PPAR-gamma,0.001071,126,96,2,94,2.08,97.92,16
29,NR-PPAR-gamma,0.001066,128,105,3,102,2.86,97.14,17
91,NR-PPAR-gamma,0.001022,93,75,1,74,1.33,98.67,18
280,NR-PPAR-gamma,0.000976,122,102,2,100,1.96,98.04,19
121,NR-PPAR-gamma,0.000938,90,70,0,70,0.0,100.0,20
72,NR-PPAR-gamma,0.00091,256,194,4,190,2.06,97.94,21
138,NR-PPAR-gamma,0.000899,81,60,1,59,1.67,98.33,22
59,NR-PPAR-gamma,0.000895,158,130,6,124,4.62,95.38,23
4,NR-PPAR-gamma,0.000871,143,111,2,109,1.8,98.2,24
94,NR-PPAR-gamma,0.000868,114,95,4,91,4.21,95.79,25
26,NR-PPAR-gamma,0.000821,101,79,3,76,3.8,96.2,26
118,NR-PPAR-gamma,0.000815,86,65,2,63,3.08,96.92,27
293,NR-PPAR-gamma,0.000814,92,69,3,66,4.35,95.65,28
234,NR-PPAR-gamma,0.0008,53,38,1,37,2.63,97.37,29
163,NR-PPAR-gamma,0.000791,107,85,3,82,3.53,96.47,30
159,NR-PPAR-gamma,0.000777,127,100,4,96,4.0,96.0,31
50,NR-PPAR-gamma,0.000772,52,37,4,33,10.81,89.19,32
129,NR-PPAR-gamma,0.000757,96,82,2,80,2.44,97.56,33
66,NR-PPAR-gamma,0.00075,44,35,2,33,5.71,94.29,34
125,NR-PPAR-gamma,0.000742,47,33,0,33,0.0,100.0,35
44,NR-PPAR-gamma,0.000731,155,118,3,115,2.54,97.46,36
152,NR-PPAR-gamma,0.00073,88,70,1,69,1.43,98.57,37
71,NR-PPAR-gamma,0.000688,12,9,2,7,22.22,77.78,38
231,NR-PPAR-gamma,0.000686,69,49,1,48,2.04,97.96,39
93,NR-PPAR-gamma,0.000681,47,42,0,42,0.0,100.0,40
226,NR-PPAR-gamma,0.000676,92,69,3,66,4.35,95.65,41
230,NR-PPAR-gamma,0.00067,75,60,1,59,1.67,98.33,42
227,NR-PPAR-gamma,0.000661,81,60,2,58,3.33,96.67,43
146,NR-PPAR-gamma,0.000658,117,88,2,86,2.27,97.73,44
46,NR-PPAR-gamma,0.000645,88,75,5,70,6.67,93.33,45
8,NR-PPAR-gamma,0.000634,97,77,4,73,5.19,94.81,46
117,NR-PPAR-gamma,0.000624,144,113,2,111,1.77,98.23,47
84,NR-PPAR-gamma,0.000614,59,46,1,45,2.17,97.83,48
128,NR-PPAR-gamma,0.000604,83,59,2,57,3.39,96.61,49
283,NR-PPAR-gamma,0.000603,35,27,1,26,3.7,96.3,50
263,NR-PPAR-gamma,0.000588,10,10,0,10,0.0,100.0,51
49,NR-PPAR-gamma,0.000572,46,34,3,31,8.82,91.18,52
14,NR-PPAR-gamma,0.000564,15,10,0,10,0.0,100.0,53
282,NR-PPAR-gamma,0.000561,57,46,4,42,8.7,91.3,54
21,NR-PPAR-gamma,0.000546,56,40,2,38,5.0,95.0,55
43,NR-PPAR-gamma,0.000536,59,51,1,50,1.96,98.04,56
142,NR-PPAR-gamma,0.00052,32,21,0,21,0.0,100.0,57
273,NR-PPAR-gamma,0.000519,6,4,0,4,0.0,100.0,58
98,NR-PPAR-gamma,0.000517,39,33,2,31,6.06,93.94,59
97,NR-PPAR-gamma,0.000515,41,32,1,31,3.12,96.88,60
32,NR-PPAR-gamma,0.000514,74,49,1,48,2.04,97.96,61
45,NR-PPAR-gamma,0.000502,35,25,0,25,0.0,100.0,62
255,NR-PPAR-gamma,0.000492,10,7,0,7,0.0,100.0,63
253,NR-PPAR-gamma,0.000491,19,16,1,15,6.25,93.75,64
12,NR-PPAR-gamma,0.000488,81,67,2,65,2.99,97.01,65
178,NR-PPAR-gamma,0.000488,27,25,0,25,0.0,100.0,66
196,NR-PPAR-gamma,0.000488,21,20,0,20,0.0,100.0,67
89,NR-PPAR-gamma,0.000475,50,42,1,41,2.38,97.62,68
92,NR-PPAR-gamma,0.000472,100,83,3,80,3.61,96.39,69
80,NR-PPAR-gamma,0.00047,21,13,0,13,0.0,100.0,70
101,NR-PPAR-gamma,0.000465,56,45,1,44,2.22,97.78,71
70,NR-PPAR-gamma,0.00046,60,45,3,42,6.67,93.33,72
267,NR-PPAR-gamma,0.000455,63,49,2,47,4.08,95.92,73
197,NR-PPAR-gamma,0.000455,55,47,2,45,4.26,95.74,74
256,NR-PPAR-gamma,0.000455,31,24,1,23,4.17,95.83,75
6,NR-PPAR-gamma,0.000451,9,5,0,5,0.0,100.0,76
16,NR-PPAR-gamma,0.000446,40,33,2,31,6.06,93.94,77
58,NR-PPAR-gamma,0.000434,68,50,0,50,0.0,100.0,78
248,NR-PPAR-gamma,0.000432,19,16,0,16,0.0,100.0,79
5,NR-PPAR-gamma,0.000426,36,30,1,29,3.33,96.67,80
157,NR-PPAR-gamma,0.000425,37,35,2,33,5.71,94.29,81
37,NR-PPAR-gamma,0.000422,29,23,3,20,13.04,86.96,82
185,NR-PPAR-gamma,0.000415,39,29,0,29,0.0,100.0,83
74,NR-PPAR-gamma,0.000408,24,20,0,20,0.0,100.0,84
96,NR-PPAR-gamma,0.000401,48,35,2,33,5.71,94.29,85
10,NR-PPAR-gamma,0.000401,30,25,1,24,4.0,96.0,86
158,NR-PPAR-gamma,0.0004,24,20,0,20,0.0,100.0,87
156,NR-PPAR-gamma,0.0004,39,31,2,29,6.45,93.55,88
275,NR-PPAR-gamma,0.000398,32,25,1,24,4.0,96.0,89
30,NR-PPAR-gamma,0.000374,40,31,0,31,0.0,100.0,90
203,NR-PPAR-gamma,0.000373,59,42,0,42,0.0,100.0,91
150,NR-PPAR-gamma,0.000371,57,44,1,43,2.27,97.73,92
190,NR-PPAR-gamma,0.000369,35,32,1,31,3.12,96.88,93
95,NR-PPAR-gamma,0.000367,24,21,1,20,4.76,95.24,94
20,NR-PPAR-gamma,0.000364,13,11,1,10,9.09,90.91,95
105,NR-PPAR-gamma,0.000362,17,14,0,14,0.0,100.0,96
112,NR-PPAR-gamma,0.000362,33,28,2,26,7.14,92.86,97
143,NR-PPAR-gamma,0.00036,20,14,0,14,0.0,100.0,98
122,NR-PPAR-gamma,0.000346,10,7,0,7,0.0,100.0,99
34,NR-PPAR-gamma,0.000344,93,76,2,74,2.63,97.37,100
252,NR-PPAR-gamma,0.000339,31,25,1,24,4.0,96.0,101
19,NR-PPAR-gamma,0.000335,52,34,2,32,5.88,94.12,102
90,NR-PPAR-gamma,0.000333,30,24,1,23,4.17,95.83,103
27,NR-PPAR-gamma,0.000325,82,64,1,63,1.56,98.44,104
181,NR-PPAR-gamma,0.000323,12,11,1,10,9.09,90.91,105
264,NR-PPAR-gamma,0.000322,10,7,0,7,0.0,100.0,106
133,NR-PPAR-gamma,0.000321,35,31,1,30,3.23,96.77,107
211,NR-PPAR-gamma,0.000321,20,15,2,13,13.33,86.67,108
64,NR-PPAR-gamma,0.000321,47,36,1,35,2.78,97.22,109
205,NR-PPAR-gamma,0.000313,19,14,0,14,0.0,100.0,110
123,NR-PPAR-gamma,0.000313,34,26,2,24,7.69,92.31,111
210,NR-PPAR-gamma,0.000308,42,35,4,31,11.43,88.57,112
235,NR-PPAR-gamma,0.000308,8,6,0,6,0.0,100.0,113
100,NR-PPAR-gamma,0.000308,33,27,0,27,0.0,100.0,114
239,NR-PPAR-gamma,0.000297,15,11,1,10,9.09,90.91,115
214,NR-PPAR-gamma,0.000296,17,14,0,14,0.0,100.0,116
68,NR-PPAR-gamma,0.000292,18,15,2,13,13.33,86.67,117
193,NR-PPAR-gamma,0.000292,32,25,2,23,8.0,92.0,118
291,NR-PPAR-gamma,0.000289,27,18,0,18,0.0,100.0,119
57,NR-PPAR-gamma,0.000287,11,9,1,8,11.11,88.89,120
233,NR-PPAR-gamma,0.000285,6,4,0,4,0.0,100.0,121
18,NR-PPAR-gamma,0.000283,52,40,0,40,0.0,100.0,122
110,NR-PPAR-gamma,0.000282,13,10,0,10,0.0,100.0,123
81,NR-PPAR-gamma,0.00028,20,12,0,12,0.0,100.0,124
51,NR-PPAR-gamma,0.00028,30,22,1,21,4.55,95.45,125
209,NR-PPAR-gamma,0.000278,17,14,0,14,0.0,100.0,126
192,NR-PPAR-gamma,0.000278,6,5,0,5,0.0,100.0,127
269,NR-PPAR-gamma,0.000271,18,16,1,15,6.25,93.75,128
85,NR-PPAR-gamma,0.00027,22,20,1,19,5.0,95.0,129
130,NR-PPAR-gamma,0.000259,12,9,0,9,0.0,100.0,130
77,NR-PPAR-gamma,0.000258,33,26,2,24,7.69,92.31,131
182,NR-PPAR-gamma,0.000254,14,11,1,10,9.09,90.91,132
297,NR-PPAR-gamma,0.000244,26,22,2,20,9.09,90.91,133
31,NR-PPAR-gamma,0.00024,27,23,1,22,4.35,95.65,134
183,NR-PPAR-gamma,0.000237,14,13,0,13,0.0,100.0,135
236,NR-PPAR-gamma,0.000237,11,10,0,10,0.0,100.0,136
53,NR-PPAR-gamma,0.000234,28,20,0,20,0.0,100.0,137
221,NR-PPAR-gamma,0.000233,30,27,1,26,3.7,96.3,138
144,NR-PPAR-gamma,0.000226,16,13,1,12,7.69,92.31,139
268,NR-PPAR-gamma,0.000225,46,43,2,41,4.65,95.35,140
86,NR-PPAR-gamma,0.000224,19,13,1,12,7.69,92.31,141
274,NR-PPAR-gamma,0.000223,8,5,0,5,0.0,100.0,142
113,NR-PPAR-gamma,0.000222,21,17,0,17,0.0,100.0,143
28,NR-PPAR-gamma,0.000219,19,14,1,13,7.14,92.86,144
166,NR-PPAR-gamma,0.000215,7,4,0,4,0.0,100.0,145
251,NR-PPAR-gamma,0.000215,29,21,1,20,4.76,95.24,146
219,NR-PPAR-gamma,0.000213,13,11,0,11,0.0,100.0,147
54,NR-PPAR-gamma,0.000211,8,5,0,5,0.0,100.0,148
63,NR-PPAR-gamma,0.000208,21,15,0,15,0.0,100.0,149
82,NR-PPAR-gamma,0.000205,14,11,1,10,9.09,90.91,150
194,NR-PPAR-gamma,0.000204,30,24,2,22,8.33,91.67,151
24,NR-PPAR-gamma,0.000199,8,5,0,5,0.0,100.0,152
102,NR-PPAR-gamma,0.000198,22,16,1,15,6.25,93.75,153
240,NR-PPAR-gamma,0.000196,5,4,0,4,0.0,100.0,154
148,NR-PPAR-gamma,0.000196,7,5,1,4,20.0,80.0,155
3,NR-PPAR-gamma,0.000195,12,12,1,11,8.33,91.67,156
191,NR-PPAR-gamma,0.000193,17,13,0,13,0.0,100.0,157
47,NR-PPAR-gamma,0.000193,6,4,1,3,25.0,75.0,158
79,NR-PPAR-gamma,0.000187,7,4,0,4,0.0,100.0,159
0,NR-PPAR-gamma,0.000187,20,13,0,13,0.0,100.0,160
36,NR-PPAR-gamma,0.000183,13,12,1,11,8.33,91.67,161
124,NR-PPAR-gamma,0.000181,16,12,0,12,0.0,100.0,162
204,NR-PPAR-gamma,0.000181,19,14,0,14,0.0,100.0,163
228,NR-PPAR-gamma,0.000178,7,6,0,6,0.0,100.0,164
9,NR-PPAR-gamma,0.000176,19,18,0,18,0.0,100.0,165
132,NR-PPAR-gamma,0.000175,19,16,0,16,0.0,100.0,166
115,NR-PPAR-gamma,0.000173,10,10,0,10,0.0,100.0,167
247,NR-PPAR-gamma,0.000173,4,4,0,4,0.0,100.0,168
180,NR-PPAR-gamma,0.000171,11,10,1,9,10.0,90.0,169
292,NR-PPAR-gamma,0.000169,17,16,0,16,0.0,100.0,170
285,NR-PPAR-gamma,0.000168,4,3,0,3,0.0,100.0,171
218,NR-PPAR-gamma,0.000166,20,13,1,12,7.69,92.31,172
259,NR-PPAR-gamma,0.000165,8,7,1,6,14.29,85.71,173
78,NR-PPAR-gamma,0.000165,14,10,0,10,0.0,100.0,174
168,NR-PPAR-gamma,0.000165,7,6,0,6,0.0,100.0,175
189,NR-PPAR-gamma,0.000164,10,10,0,10,0.0,100.0,176
271,NR-PPAR-gamma,0.00016,21,17,0,17,0.0,100.0,177
277,NR-PPAR-gamma,0.000157,12,11,2,9,18.18,81.82,178
281,NR-PPAR-gamma,0.000157,27,23,0,23,0.0,100.0,179
60,NR-PPAR-gamma,0.000156,36,33,3,30,9.09,90.91,180
224,NR-PPAR-gamma,0.000156,16,12,0,12,0.0,100.0,181
154,NR-PPAR-gamma,0.000154,27,25,1,24,4.0,96.0,182
170,NR-PPAR-gamma,0.000152,5,4,0,4,0.0,100.0,183
69,NR-PPAR-gamma,0.000151,14,13,0,13,0.0,100.0,184
198,NR-PPAR-gamma,0.000149,10,9,1,8,11.11,88.89,185
184,NR-PPAR-gamma,0.000149,9,8,0,8,0.0,100.0,186
135,NR-PPAR-gamma,0.000149,13,11,0,11,0.0,100.0,187
40,NR-PPAR-gamma,0.000147,15,10,0,10,0.0,100.0,188
62,NR-PPAR-gamma,0.000146,21,16,1,15,6.25,93.75,189
177,NR-PPAR-gamma,0.000146,26,21,2,19,9.52,90.48,190
139,NR-PPAR-gamma,0.000145,7,6,1,5,16.67,83.33,191
55,NR-PPAR-gamma,0.000143,7,5,1,4,20.0,80.0,192
296,NR-PPAR-gamma,0.000143,9,7,0,7,0.0,100.0,193
41,NR-PPAR-gamma,0.000142,22,16,1,15,6.25,93.75,194
212,NR-PPAR-gamma,0.000142,6,5,1,4,20.0,80.0,195
161,NR-PPAR-gamma,0.000141,21,18,2,16,11.11,88.89,196
116,NR-PPAR-gamma,0.000139,9,6,0,6,0.0,100.0,197
257,NR-PPAR-gamma,0.000138,12,12,1,11,8.33,91.67,198
202,NR-PPAR-gamma,0.000138,10,9,2,7,22.22,77.78,199
232,NR-PPAR-gamma,0.000137,11,8,1,7,12.5,87.5,200
147,NR-PPAR-gamma,0.000136,4,2,0,2,0.0,100.0,201
52,NR-PPAR-gamma,0.000136,16,13,1,12,7.69,92.31,202
199,NR-PPAR-gamma,0.000135,7,6,0,6,0.0,100.0,203
145,NR-PPAR-gamma,0.000131,20,13,1,12,7.69,92.31,204
266,NR-PPAR-gamma,0.000129,6,6,0,6,0.0,100.0,205
22,NR-PPAR-gamma,0.000128,18,16,1,15,6.25,93.75,206
179,NR-PPAR-gamma,0.000127,7,7,0,7,0.0,100.0,207
39,NR-PPAR-gamma,0.000126,10,9,1,8,11.11,88.89,208
288,NR-PPAR-gamma,0.000125,10,6,0,6,0.0,100.0,209
294,NR-PPAR-gamma,0.000124,3,2,0,2,0.0,100.0,210
176,NR-PPAR-gamma,0.000124,39,33,1,32,3.03,96.97,211
213,NR-PPAR-gamma,0.000121,11,11,1,10,9.09,90.91,212
249,NR-PPAR-gamma,0.00012,5,5,1,4,20.0,80.0,213
243,NR-PPAR-gamma,0.000115,11,10,0,10,0.0,100.0,214
165,NR-PPAR-gamma,0.000112,8,8,0,8,0.0,100.0,215
208,NR-PPAR-gamma,0.00011,9,8,1,7,12.5,87.5,216
207,NR-PPAR-gamma,0.000109,6,6,0,6,0.0,100.0,217
270,NR-PPAR-gamma,0.000109,12,11,1,10,9.09,90.91,218
272,NR-PPAR-gamma,0.000105,6,3,0,3,0.0,100.0,219
201,NR-PPAR-gamma,0.000105,7,5,0,5,0.0,100.0,220
289,NR-PPAR-gamma,0.000104,14,11,1,10,9.09,90.91,221
223,NR-PPAR-gamma,0.000101,4,4,1,3,25.0,75.0,222
42,NR-PPAR-gamma,9.9e-05,6,6,0,6,0.0,100.0,223
195,NR-PPAR-gamma,9.9e-05,7,6,0,6,0.0,100.0,224
7,NR-PPAR-gamma,9.9e-05,23,19,1,18,5.26,94.74,225
175,NR-PPAR-gamma,9.7e-05,9,7,1,6,14.29,85.71,226
103,NR-PPAR-gamma,9.7e-05,9,8,1,7,12.5,87.5,227
56,NR-PPAR-gamma,9.6e-05,9,5,0,5,0.0,100.0,228
261,NR-PPAR-gamma,9.5e-05,2,1,0,1,0.0,100.0,229
188,NR-PPAR-gamma,9.4e-05,3,2,0,2,0.0,100.0,230
172,NR-PPAR-gamma,9.4e-05,12,9,0,9,0.0,100.0,231
88,NR-PPAR-gamma,9.4e-05,6,4,0,4,0.0,100.0,232
23,NR-PPAR-gamma,9.4e-05,8,7,0,7,0.0,100.0,233
35,NR-PPAR-gamma,9.1e-05,21,21,1,20,4.76,95.24,234
160,NR-PPAR-gamma,9e-05,4,3,0,3,0.0,100.0,235
237,NR-PPAR-gamma,8.5e-05,4,3,0,3,0.0,100.0,236
48,NR-PPAR-gamma,8.4e-05,6,5,0,5,0.0,100.0,237
137,NR-PPAR-gamma,8.4e-05,18,13,0,13,0.0,100.0,238
278,NR-PPAR-gamma,8.4e-05,5,3,0,3,0.0,100.0,239
215,NR-PPAR-gamma,8e-05,8,6,0,6,0.0,100.0,240
155,NR-PPAR-gamma,7.7e-05,9,8,0,8,0.0,100.0,241
87,NR-PPAR-gamma,7.6e-05,7,7,0,7,0.0,100.0,242
174,NR-PPAR-gamma,7.4e-05,12,9,1,8,11.11,88.89,243
162,NR-PPAR-gamma,7.3e-05,14,9,2,7,22.22,77.78,244
250,NR-PPAR-gamma,7.3e-05,5,4,1,3,25.0,75.0,245
120,NR-PPAR-gamma,7.1e-05,9,7,0,7,0.0,100.0,246
222,NR-PPAR-gamma,7.1e-05,10,9,2,7,22.22,77.78,247
151,NR-PPAR-gamma,7.1e-05,5,3,0,3,0.0,100.0,248
141,NR-PPAR-gamma,7.1e-05,4,2,0,2,0.0,100.0,249
134,NR-PPAR-gamma,7e-05,12,11,1,10,9.09,90.91,250
1,NR-PPAR-gamma,6.9e-05,10,10,2,8,20.0,80.0,251
25,NR-PPAR-gamma,6.6e-05,8,6,1,5,16.67,83.33,252
220,NR-PPAR-gamma,6.5e-05,5,4,0,4,0.0,100.0,253
279,NR-PPAR-gamma,6.5e-05,5,5,0,5,0.0,100.0,254
295,NR-PPAR-gamma,6.4e-05,5,5,0,5,0.0,100.0,255
65,NR-PPAR-gamma,6.2e-05,10,10,0,10,0.0,100.0,256
173,NR-PPAR-gamma,6.2e-05,2,1,0,1,0.0,100.0,257
200,NR-PPAR-gamma,5.9e-05,8,8,0,8,0.0,100.0,258
107,NR-PPAR-gamma,5.8e-05,8,7,1,6,14.29,85.71,259
119,NR-PPAR-gamma,5.7e-05,8,8,1,7,12.5,87.5,260
245,NR-PPAR-gamma,5.5e-05,11,8,1,7,12.5,87.5,261
169,NR-PPAR-gamma,5.4e-05,14,11,1,10,9.09,90.91,262
136,NR-PPAR-gamma,5.1e-05,8,7,0,7,0.0,100.0,263
244,NR-PPAR-gamma,4.5e-05,5,4,0,4,0.0,100.0,264
167,NR-PPAR-gamma,4e-05,6,6,0,6,0.0,100.0,265
61,NR-PPAR-gamma,4e-05,4,4,0,4,0.0,100.0,266
171,NR-PPAR-gamma,3.9e-05,5,2,0,2,0.0,100.0,267
225,NR-PPAR-gamma,3.8e-05,2,2,0,2,0.0,100.0,268
13,NR-PPAR-gamma,3.7e-05,7,3,0,3,0.0,100.0,269
276,NR-PPAR-gamma,3.7e-05,11,8,0,8,0.0,100.0,270
73,NR-PPAR-gamma,3.6e-05,7,5,0,5,0.0,100.0,271
260,NR-PPAR-gamma,3.5e-05,4,4,1,3,25.0,75.0,272
164,NR-PPAR-gamma,3.2e-05,11,10,1,9,10.0,90.0,273
286,NR-PPAR-gamma,3.1e-05,5,5,1,4,20.0,80.0,274
241,NR-PPAR-gamma,3.1e-05,5,5,1,4,20.0,80.0,275
284,NR-PPAR-gamma,2.9e-05,6,3,0,3,0.0,100.0,276
238,NR-PPAR-gamma,2.9e-05,11,9,0,9,0.0,100.0,277
126,NR-PPAR-gamma,2.7e-05,4,2,0,2,0.0,100.0,278
186,NR-PPAR-gamma,2.6e-05,5,5,1,4,20.0,80.0,279
131,NR-PPAR-gamma,2.5e-05,2,2,0,2,0.0,100.0,280
229,NR-PPAR-gamma,2.4e-05,2,2,0,2,0.0,100.0,281
246,NR-PPAR-gamma,2.3e-05,6,3,0,3,0.0,100.0,282
298,NR-PPAR-gamma,1.8e-05,6,3,0,3,0.0,100.0,283
75,NR-PPAR-gamma,1.8e-05,7,7,0,7,0.0,100.0,284
140,NR-PPAR-gamma,1.7e-05,7,6,0,6,0.0,100.0,285
258,NR-PPAR-gamma,1.5e-05,3,2,0,2,0.0,100.0,286
99,NR-PPAR-gamma,1.5e-05,4,4,0,4,0.0,100.0,287
262,NR-PPAR-gamma,1.2e-05,5,4,0,4,0.0,100.0,288
206,NR-PPAR-gamma,1.2e-05,4,3,0,3,0.0,100.0,289
187,NR-PPAR-gamma,9e-06,2,1,0,1,0.0,100.0,290
127,NR-PPAR-gamma,9e-06,2,1,0,1,0.0,100.0,291
83,NR-PPAR-gamma,9e-06,2,2,0,2,0.0,100.0,292
67,NR-PPAR-gamma,6e-06,4,4,1,3,25.0,75.0,293
108,NR-PPAR-gamma,6e-06,1,1,0,1,0.0,100.0,294
216,NR-PPAR-gamma,5e-06,4,4,0,4,0.0,100.0,295
217,NR-PPAR-gamma,2e-06,2,2,1,1,50.0,50.0,296
290,NR-PPAR-gamma,0.0,1,1,1,0,100.0,0.0,297
76,SR-ARE,0.014236,343,219,24,195,10.96,89.04,1
265,SR-ARE,0.010621,274,188,40,148,21.28,78.72,2
2,SR-ARE,0.006562,185,127,23,104,18.11,81.89,3
287,SR-ARE,0.005979,167,122,18,104,14.75,85.25,4
254,SR-ARE,0.00594,264,167,22,145,13.17,86.83,5
38,SR-ARE,0.005449,241,164,22,142,13.41,86.59,6
17,SR-ARE,0.004688,233,147,18,129,12.24,87.76,7
121,SR-ARE,0.004539,90,57,8,49,14.04,85.96,8
72,SR-ARE,0.004439,256,174,30,144,17.24,82.76,9
106,SR-ARE,0.004236,239,155,16,139,10.32,89.68,10
27,SR-ARE,0.004226,82,51,4,47,7.84,92.16,11
29,SR-ARE,0.004188,128,94,8,86,8.51,91.49,12
104,SR-ARE,0.004027,163,114,18,96,15.79,84.21,13
114,SR-ARE,0.003881,126,86,11,75,12.79,87.21,14
129,SR-ARE,0.003819,96,62,5,57,8.06,91.94,15
4,SR-ARE,0.003707,143,105,17,88,16.19,83.81,16
153,SR-ARE,0.003617,215,139,16,123,11.51,88.49,17
91,SR-ARE,0.003609,93,62,7,55,11.29,88.71,18
163,SR-ARE,0.003595,107,68,3,65,4.41,95.59,19
33,SR-ARE,0.003571,166,107,24,83,22.43,77.57,20
293,SR-ARE,0.003568,92,74,13,61,17.57,82.43,21
146,SR-ARE,0.0035,117,79,12,67,15.19,84.81,22
59,SR-ARE,0.003488,158,96,12,84,12.5,87.5,23
280,SR-ARE,0.003459,122,83,15,68,18.07,81.93,24
159,SR-ARE,0.003447,127,98,12,86,12.24,87.76,25
149,SR-ARE,0.003182,120,85,11,74,12.94,87.06,26
15,SR-ARE,0.003139,222,157,19,138,12.1,87.9,27
283,SR-ARE,0.003125,35,26,5,21,19.23,80.77,28
234,SR-ARE,0.003042,53,34,10,24,29.41,70.59,29
94,SR-ARE,0.003038,114,74,13,61,17.57,82.43,30
8,SR-ARE,0.002876,97,61,13,48,21.31,78.69,31
26,SR-ARE,0.002827,101,68,11,57,16.18,83.82,32
44,SR-ARE,0.002724,155,108,14,94,12.96,87.04,33
226,SR-ARE,0.002634,92,56,9,47,16.07,83.93,34
299,SR-ARE,0.002612,29,17,4,13,23.53,76.47,35
92,SR-ARE,0.002588,100,60,8,52,13.33,86.67,36
118,SR-ARE,0.002553,86,53,6,47,11.32,88.68,37
12,SR-ARE,0.002549,81,60,4,56,6.67,93.33,38
101,SR-ARE,0.002492,56,37,3,34,8.11,91.89,39
282,SR-ARE,0.002465,57,40,5,35,12.5,87.5,40
267,SR-ARE,0.002369,63,41,7,34,17.07,82.93,41
97,SR-ARE,0.002368,41,26,3,23,11.54,88.46,42
128,SR-ARE,0.002332,83,47,7,40,14.89,85.11,43
117,SR-ARE,0.002309,144,91,13,78,14.29,85.71,44
138,SR-ARE,0.002292,81,56,6,50,10.71,89.29,45
32,SR-ARE,0.002247,74,49,9,40,18.37,81.63,46
230,SR-ARE,0.00222,75,45,10,35,22.22,77.78,47
178,SR-ARE,0.0022,27,14,1,13,7.14,92.86,48
34,SR-ARE,0.002169,93,58,9,49,15.52,84.48,49
227,SR-ARE,0.002138,81,53,7,46,13.21,86.79,50
93,SR-ARE,0.002137,47,36,6,30,16.67,83.33,51
252,SR-ARE,0.002091,31,24,5,19,20.83,79.17,52
30,SR-ARE,0.002083,40,22,6,16,27.27,72.73,53
89,SR-ARE,0.002039,50,37,4,33,10.81,89.19,54
150,SR-ARE,0.002017,57,40,4,36,10.0,90.0,55
11,SR-ARE,0.002015,82,50,7,43,14.0,86.0,56
64,SR-ARE,0.002,47,33,10,23,30.3,69.7,57
46,SR-ARE,0.001984,88,62,14,48,22.58,77.42,58
77,SR-ARE,0.001941,33,21,5,16,23.81,76.19,59
98,SR-ARE,0.001907,39,22,1,21,4.55,95.45,60
190,SR-ARE,0.001904,35,23,6,17,26.09,73.91,61
125,SR-ARE,0.001833,47,26,7,19,26.92,73.08,62
203,SR-ARE,0.001826,59,38,5,33,13.16,86.84,63
37,SR-ARE,0.001817,29,18,7,11,38.89,61.11,64
58,SR-ARE,0.001814,68,44,5,39,11.36,88.64,65
231,SR-ARE,0.001796,69,34,11,23,32.35,67.65,66
66,SR-ARE,0.001759,44,28,6,22,21.43,78.57,67
268,SR-ARE,0.001728,46,32,5,27,15.62,84.38,68
50,SR-ARE,0.001714,52,34,3,31,8.82,91.18,69
49,SR-ARE,0.001713,46,29,7,22,24.14,75.86,70
156,SR-ARE,0.001708,39,32,8,24,25.0,75.0,71
5,SR-ARE,0.001675,36,19,3,16,15.79,84.21,72
194,SR-ARE,0.001671,30,20,6,14,30.0,70.0,73
221,SR-ARE,0.001662,30,21,1,20,4.76,95.24,74
251,SR-ARE,0.00166,29,19,3,16,15.79,84.21,75
197,SR-ARE,0.001633,55,39,5,34,12.82,87.18,76
224,SR-ARE,0.001628,16,12,1,11,8.33,91.67,77
133,SR-ARE,0.001589,35,26,5,21,19.23,80.77,78
84,SR-ARE,0.001583,59,31,6,25,19.35,80.65,79
70,SR-ARE,0.001533,60,37,6,31,16.22,83.78,80
157,SR-ARE,0.001527,37,24,3,21,12.5,87.5,81
52,SR-ARE,0.001509,16,11,2,9,18.18,81.82,82
74,SR-ARE,0.001505,24,15,5,10,33.33,66.67,83
205,SR-ARE,0.001498,19,13,1,12,7.69,92.31,84
210,SR-ARE,0.001484,42,35,5,30,14.29,85.71,85
275,SR-ARE,0.001482,32,17,5,12,29.41,70.59,86
9,SR-ARE,0.001482,19,13,4,9,30.77,69.23,87
16,SR-ARE,0.001468,40,28,3,25,10.71,89.29,88
143,SR-ARE,0.001464,20,13,2,11,15.38,84.62,89
161,SR-ARE,0.001461,21,14,2,12,14.29,85.71,90
96,SR-ARE,0.001436,48,28,3,25,10.71,89.29,91
21,SR-ARE,0.001433,56,39,10,29,25.64,74.36,92
238,SR-ARE,0.001419,11,10,2,8,20.0,80.0,93
43,SR-ARE,0.001418,59,37,5,32,13.51,86.49,94
248,SR-ARE,0.001408,19,14,2,12,14.29,85.71,95
152,SR-ARE,0.001387,88,57,7,50,12.28,87.72,96
177,SR-ARE,0.001382,26,16,3,13,18.75,81.25,97
185,SR-ARE,0.001368,39,26,2,24,7.69,92.31,98
236,SR-ARE,0.001342,11,8,2,6,25.0,75.0,99
176,SR-ARE,0.001303,39,21,3,18,14.29,85.71,100
162,SR-ARE,0.001279,14,11,1,10,9.09,90.91,101
18,SR-ARE,0.001266,52,33,3,30,9.09,90.91,102
60,SR-ARE,0.001264,36,24,5,19,20.83,79.17,103
291,SR-ARE,0.001245,27,16,0,16,0.0,100.0,104
51,SR-ARE,0.001224,30,15,0,15,0.0,100.0,105
142,SR-ARE,0.00122,32,20,1,19,5.0,95.0,106
19,SR-ARE,0.001214,52,32,3,29,9.38,90.62,107
105,SR-ARE,0.001191,17,9,1,8,11.11,88.89,108
281,SR-ARE,0.001178,27,21,2,19,9.52,90.48,109
28,SR-ARE,0.001174,19,13,2,11,15.38,84.62,110
158,SR-ARE,0.001172,24,13,3,10,23.08,76.92,111
137,SR-ARE,0.001168,18,10,4,6,40.0,60.0,112
123,SR-ARE,0.001156,34,24,6,18,25.0,75.0,113
253,SR-ARE,0.001136,19,16,1,15,6.25,93.75,114
193,SR-ARE,0.001115,32,16,3,13,18.75,81.25,115
85,SR-ARE,0.001076,22,15,1,14,6.67,93.33,116
256,SR-ARE,0.001065,31,23,3,20,13.04,86.96,117
191,SR-ARE,0.001038,17,12,1,11,8.33,91.67,118
271,SR-ARE,0.001037,21,12,1,11,8.33,91.67,119
297,SR-ARE,0.001025,26,17,2,15,11.76,88.24,120
112,SR-ARE,0.001003,33,21,6,15,28.57,71.43,121
102,SR-ARE,0.000983,22,16,4,12,25.0,75.0,122
196,SR-ARE,0.000969,21,16,1,15,6.25,93.75,123
174,SR-ARE,0.000959,12,8,0,8,0.0,100.0,124
100,SR-ARE,0.000954,33,22,3,19,13.64,86.36,125
86,SR-ARE,0.000948,19,11,1,10,9.09,90.91,126
232,SR-ARE,0.000945,11,6,1,5,16.67,83.33,127
171,SR-ARE,0.000942,5,3,1,2,33.33,66.67,128
95,SR-ARE,0.000937,24,15,1,14,6.67,93.33,129
213,SR-ARE,0.000935,11,7,0,7,0.0,100.0,130
292,SR-ARE,0.00092,17,10,0,10,0.0,100.0,131
209,SR-ARE,0.000916,17,11,1,10,9.09,90.91,132
134,SR-ARE,0.000914,12,7,0,7,0.0,100.0,133
113,SR-ARE,0.000912,21,12,1,11,8.33,91.67,134
10,SR-ARE,0.000891,30,20,2,18,10.0,90.0,135
148,SR-ARE,0.000876,7,3,1,2,33.33,66.67,136
63,SR-ARE,0.000865,21,14,1,13,7.14,92.86,137
218,SR-ARE,0.000864,20,18,2,16,11.11,88.89,138
53,SR-ARE,0.000864,28,16,1,15,6.25,93.75,139
199,SR-ARE,0.000858,7,5,1,4,20.0,80.0,140
35,SR-ARE,0.000853,21,13,0,13,0.0,100.0,141
80,SR-ARE,0.000853,21,10,2,8,20.0,80.0,142
201,SR-ARE,0.000852,7,6,0,6,0.0,100.0,143
82,SR-ARE,0.000847,14,9,2,7,22.22,77.78,144
204,SR-ARE,0.000845,19,9,3,6,33.33,66.67,145
7,SR-ARE,0.00083,23,15,4,11,26.67,73.33,146
31,SR-ARE,0.000811,27,17,8,9,47.06,52.94,147
144,SR-ARE,0.00081,16,9,1,8,11.11,88.89,148
68,SR-ARE,0.000809,18,7,1,6,14.29,85.71,149
20,SR-ARE,0.000807,13,9,1,8,11.11,88.89,150
45,SR-ARE,0.000806,35,19,3,16,15.79,84.21,151
243,SR-ARE,0.000798,11,9,2,7,22.22,77.78,152
182,SR-ARE,0.000797,14,10,2,8,20.0,80.0,153
198,SR-ARE,0.000794,10,6,0,6,0.0,100.0,154
165,SR-ARE,0.00079,8,7,2,5,28.57,71.43,155
14,SR-ARE,0.000787,15,7,1,6,14.29,85.71,156
202,SR-ARE,0.000774,10,5,2,3,40.0,60.0,157
132,SR-ARE,0.000768,19,12,4,8,33.33,66.67,158
295,SR-ARE,0.000759,5,5,1,4,20.0,80.0,159
154,SR-ARE,0.000758,27,17,3,14,17.65,82.35,160
22,SR-ARE,0.000754,18,13,2,11,15.38,84.62,161
215,SR-ARE,0.000751,8,5,0,5,0.0,100.0,162
120,SR-ARE,0.00075,9,5,0,5,0.0,100.0,163
263,SR-ARE,0.000738,10,6,0,6,0.0,100.0,164
219,SR-ARE,0.000737,13,6,0,6,0.0,100.0,165
122,SR-ARE,0.000733,10,7,2,5,28.57,71.43,166
130,SR-ARE,0.000722,12,9,1,8,11.11,88.89,167
41,SR-ARE,0.000717,22,16,3,13,18.75,81.25,168
269,SR-ARE,0.000717,18,9,2,7,22.22,77.78,169
175,SR-ARE,0.000716,9,4,1,3,25.0,75.0,170
145,SR-ARE,0.000716,20,9,0,9,0.0,100.0,171
110,SR-ARE,0.000712,13,12,1,11,8.33,91.67,172
257,SR-ARE,0.000711,12,8,1,7,12.5,87.5,173
88,SR-ARE,0.000709,6,4,0,4,0.0,100.0,174
90,SR-ARE,0.000705,30,21,4,17,19.05,80.95,175
81,SR-ARE,0.000699,20,14,3,11,21.43,78.57,176
211,SR-ARE,0.000697,20,8,1,7,12.5,87.5,177
116,SR-ARE,0.000687,9,6,1,5,16.67,83.33,178
180,SR-ARE,0.000685,11,5,1,4,20.0,80.0,179
71,SR-ARE,0.000681,12,7,1,6,14.29,85.71,180
183,SR-ARE,0.000676,14,10,3,7,30.0,70.0,181
62,SR-ARE,0.000672,21,14,4,10,28.57,71.43,182
260,SR-ARE,0.000671,4,3,0,3,0.0,100.0,183
222,SR-ARE,0.000665,10,6,2,4,33.33,66.67,184
1,SR-ARE,0.000663,10,6,1,5,16.67,83.33,185
181,SR-ARE,0.000655,12,7,1,6,14.29,85.71,186
140,SR-ARE,0.000648,7,5,0,5,0.0,100.0,187
6,SR-ARE,0.000644,9,5,1,4,20.0,80.0,188
255,SR-ARE,0.000638,10,6,0,6,0.0,100.0,189
259,SR-ARE,0.000629,8,3,0,3,0.0,100.0,190
264,SR-ARE,0.000625,10,6,0,6,0.0,100.0,191
39,SR-ARE,0.000624,10,9,1,8,11.11,88.89,192
119,SR-ARE,0.000622,8,6,1,5,16.67,83.33,193
0,SR-ARE,0.000621,20,9,2,7,22.22,77.78,194
239,SR-ARE,0.000619,15,10,2,8,20.0,80.0,195
168,SR-ARE,0.000618,7,5,2,3,40.0,60.0,196
284,SR-ARE,0.000613,6,3,0,3,0.0,100.0,197
126,SR-ARE,0.000608,4,3,0,3,0.0,100.0,198
285,SR-ARE,0.000601,4,2,0,2,0.0,100.0,199
78,SR-ARE,0.000589,14,9,1,8,11.11,88.89,200
240,SR-ARE,0.000586,5,4,1,3,25.0,75.0,201
164,SR-ARE,0.000585,11,6,0,6,0.0,100.0,202
155,SR-ARE,0.000583,9,6,0,6,0.0,100.0,203
179,SR-ARE,0.000582,7,7,0,7,0.0,100.0,204
212,SR-ARE,0.000582,6,3,1,2,33.33,66.67,205
266,SR-ARE,0.000578,6,4,1,3,25.0,75.0,206
115,SR-ARE,0.000577,10,7,0,7,0.0,100.0,207
262,SR-ARE,0.000573,5,3,0,3,0.0,100.0,208
103,SR-ARE,0.00057,9,5,0,5,0.0,100.0,209
25,SR-ARE,0.000569,8,5,2,3,40.0,60.0,210
245,SR-ARE,0.000561,11,5,0,5,0.0,100.0,211
151,SR-ARE,0.000558,5,3,0,3,0.0,100.0,212
220,SR-ARE,0.000546,5,2,0,2,0.0,100.0,213
189,SR-ARE,0.000543,10,4,0,4,0.0,100.0,214
200,SR-ARE,0.000541,8,7,0,7,0.0,100.0,215
172,SR-ARE,0.00054,12,8,1,7,12.5,87.5,216
3,SR-ARE,0.000528,12,10,0,10,0.0,100.0,217
79,SR-ARE,0.000526,7,4,1,3,25.0,75.0,218
258,SR-ARE,0.000526,3,2,0,2,0.0,100.0,219
241,SR-ARE,0.000521,5,5,2,3,40.0,60.0,220
277,SR-ARE,0.000515,12,8,1,7,12.5,87.5,221
69,SR-ARE,0.000515,14,12,2,10,16.67,83.33,222
65,SR-ARE,0.00051,10,6,1,5,16.67,83.33,223
270,SR-ARE,0.000508,12,9,1,8,11.11,88.89,224
40,SR-ARE,0.000485,15,6,0,6,0.0,100.0,225
136,SR-ARE,0.000484,8,6,0,6,0.0,100.0,226
135,SR-ARE,0.000479,13,6,2,4,33.33,66.67,227
124,SR-ARE,0.000476,16,9,2,7,22.22,77.78,228
57,SR-ARE,0.000475,11,7,1,6,14.29,85.71,229
107,SR-ARE,0.00047,8,7,0,7,0.0,100.0,230
67,SR-ARE,0.000469,4,3,0,3,0.0,100.0,231
278,SR-ARE,0.000468,5,4,1,3,25.0,75.0,232
207,SR-ARE,0.000463,6,3,1,2,33.33,66.67,233
272,SR-ARE,0.000455,6,5,0,5,0.0,100.0,234
23,SR-ARE,0.00045,8,6,1,5,16.67,83.33,235
225,SR-ARE,0.000446,2,1,0,1,0.0,100.0,236
87,SR-ARE,0.000445,7,5,0,5,0.0,100.0,237
169,SR-ARE,0.000442,14,8,1,7,12.5,87.5,238
208,SR-ARE,0.000438,9,4,0,4,0.0,100.0,239
273,SR-ARE,0.000435,6,2,0,2,0.0,100.0,240
233,SR-ARE,0.000431,6,2,0,2,0.0,100.0,241
206,SR-ARE,0.000418,4,3,0,3,0.0,100.0,242
296,SR-ARE,0.00041,9,6,0,6,0.0,100.0,243
55,SR-ARE,0.000406,7,3,1,2,33.33,66.67,244
75,SR-ARE,0.000406,7,6,0,6,0.0,100.0,245
276,SR-ARE,0.000403,11,7,0,7,0.0,100.0,246
24,SR-ARE,0.000401,8,6,0,6,0.0,100.0,247
235,SR-ARE,0.000391,8,6,0,6,0.0,100.0,248
36,SR-ARE,0.000391,13,5,1,4,20.0,80.0,249
288,SR-ARE,0.000384,10,7,0,7,0.0,100.0,250
73,SR-ARE,0.000379,7,5,0,5,0.0,100.0,251
139,SR-ARE,0.000366,7,5,1,4,20.0,80.0,252
56,SR-ARE,0.000362,9,6,1,5,16.67,83.33,253
237,SR-ARE,0.000361,4,3,3,0,100.0,0.0,254
186,SR-ARE,0.000356,5,4,1,3,25.0,75.0,255
246,SR-ARE,0.000353,6,4,1,3,25.0,75.0,256
298,SR-ARE,0.000351,6,4,1,3,25.0,75.0,257
42,SR-ARE,0.000348,6,5,0,5,0.0,100.0,258
167,SR-ARE,0.000346,6,5,1,4,20.0,80.0,259
249,SR-ARE,0.000338,5,4,1,3,25.0,75.0,260
192,SR-ARE,0.000337,6,5,1,4,20.0,80.0,261
216,SR-ARE,0.000334,4,3,0,3,0.0,100.0,262
48,SR-ARE,0.000332,6,5,0,5,0.0,100.0,263
244,SR-ARE,0.000332,5,4,1,3,25.0,75.0,264
289,SR-ARE,0.000325,14,7,4,3,57.14,42.86,265
250,SR-ARE,0.00032,5,2,0,2,0.0,100.0,266
223,SR-ARE,0.000317,4,2,0,2,0.0,100.0,267
184,SR-ARE,0.000299,9,8,1,7,12.5,87.5,268
286,SR-ARE,0.000279,5,4,0,4,0.0,100.0,269
13,SR-ARE,0.000273,7,7,2,5,28.57,71.43,270
47,SR-ARE,0.000271,6,3,1,2,33.33,66.67,271
214,SR-ARE,0.00027,17,11,3,8,27.27,72.73,272
54,SR-ARE,0.00027,8,5,1,4,20.0,80.0,273
166,SR-ARE,0.00026,7,4,1,3,25.0,75.0,274
279,SR-ARE,0.000258,5,3,1,2,33.33,66.67,275
141,SR-ARE,0.000249,4,2,1,1,50.0,50.0,276
99,SR-ARE,0.00023,4,2,0,2,0.0,100.0,277
61,SR-ARE,0.000221,4,4,0,4,0.0,100.0,278
274,SR-ARE,0.00019,8,5,1,4,20.0,80.0,279
261,SR-ARE,0.000161,2,1,0,1,0.0,100.0,280
195,SR-ARE,0.000159,7,2,1,1,50.0,50.0,281
228,SR-ARE,0.000157,7,3,0,3,0.0,100.0,282
160,SR-ARE,0.000152,4,2,0,2,0.0,100.0,283
170,SR-ARE,0.000146,5,1,0,1,0.0,100.0,284
187,SR-ARE,0.000135,2,1,0,1,0.0,100.0,285
247,SR-ARE,0.000135,4,2,0,2,0.0,100.0,286
294,SR-ARE,0.00013,3,2,0,2,0.0,100.0,287
131,SR-ARE,0.000125,2,2,0,2,0.0,100.0,288
173,SR-ARE,0.000115,2,2,0,2,0.0,100.0,289
229,SR-ARE,9.9e-05,2,1,0,1,0.0,100.0,290
147,SR-ARE,8.5e-05,4,4,1,3,25.0,75.0,291
188,SR-ARE,7.5e-05,3,1,1,0,100.0,0.0,292
109,SR-ARE,6.6e-05,1,1,0,1,0.0,100.0,293
83,SR-ARE,2.7e-05,2,2,0,2,0.0,100.0,294
76,SR-ATAD5,0.004252,343,294,8,286,2.72,97.28,1
104,SR-ATAD5,0.002436,163,144,6,138,4.17,95.83,2
265,SR-ATAD5,0.001931,274,252,20,232,7.94,92.06,3
146,SR-ATAD5,0.001674,117,99,4,95,4.04,95.96,4
287,SR-ATAD5,0.00135,167,145,5,140,3.45,96.55,5
153,SR-ATAD5,0.001344,215,194,7,187,3.61,96.39,6
38,SR-ATAD5,0.001313,241,213,13,200,6.1,93.9,7
121,SR-ATAD5,0.001293,90,85,9,76,10.59,89.41,8
91,SR-ATAD5,0.001279,93,82,5,77,6.1,93.9,9
254,SR-ATAD5,0.001274,264,235,8,227,3.4,96.6,10
118,SR-ATAD5,0.001181,86,74,4,70,5.41,94.59,11
159,SR-ATAD5,0.001117,127,116,4,112,3.45,96.55,12
106,SR-ATAD5,0.001101,239,214,3,211,1.4,98.6,13
59,SR-ATAD5,0.001099,158,140,9,131,6.43,93.57,14
2,SR-ATAD5,0.001067,185,159,10,149,6.29,93.71,15
29,SR-ATAD5,0.001045,128,120,4,116,3.33,96.67,16
27,SR-ATAD5,0.000888,82,74,1,73,1.35,98.65,17
66,SR-ATAD5,0.000884,44,38,4,34,10.53,89.47,18
282,SR-ATAD5,0.000828,57,48,2,46,4.17,95.83,19
17,SR-ATAD5,0.000825,233,202,9,193,4.46,95.54,20
50,SR-ATAD5,0.000815,52,44,2,42,4.55,95.45,21
163,SR-ATAD5,0.000796,107,93,5,88,5.38,94.62,22
26,SR-ATAD5,0.000783,101,87,7,80,8.05,91.95,23
4,SR-ATAD5,0.000771,143,128,4,124,3.12,96.88,24
44,SR-ATAD5,0.000756,155,135,7,128,5.19,94.81,25
129,SR-ATAD5,0.000738,96,89,1,88,1.12,98.88,26
149,SR-ATAD5,0.000737,120,103,2,101,1.94,98.06,27
33,SR-ATAD5,0.000734,166,151,9,142,5.96,94.04,28
18,SR-ATAD5,0.000721,52,47,1,46,2.13,97.87,29
280,SR-ATAD5,0.000718,122,112,4,108,3.57,96.43,30
12,SR-ATAD5,0.0007,81,71,3,68,4.23,95.77,31
117,SR-ATAD5,0.000691,144,130,5,125,3.85,96.15,32
46,SR-ATAD5,0.000689,88,77,5,72,6.49,93.51,33
230,SR-ATAD5,0.00068,75,68,2,66,2.94,97.06,34
267,SR-ATAD5,0.000669,63,55,2,53,3.64,96.36,35
150,SR-ATAD5,0.000647,57,46,1,45,2.17,97.83,36
226,SR-ATAD5,0.000644,92,78,6,72,7.69,92.31,37
49,SR-ATAD5,0.000634,46,37,3,34,8.11,91.89,38
97,SR-ATAD5,0.000632,41,35,1,34,2.86,97.14,39
114,SR-ATAD5,0.000613,126,103,3,100,2.91,97.09,40
123,SR-ATAD5,0.00061,34,27,0,27,0.0,100.0,41
234,SR-ATAD5,0.000609,53,47,3,44,6.38,93.62,42
72,SR-ATAD5,0.000606,256,226,13,213,5.75,94.25,43
95,SR-ATAD5,0.000605,24,21,0,21,0.0,100.0,44
196,SR-ATAD5,0.000574,21,21,0,21,0.0,100.0,45
275,SR-ATAD5,0.00057,32,29,2,27,6.9,93.1,46
43,SR-ATAD5,0.000564,59,54,1,53,1.85,98.15,47
92,SR-ATAD5,0.000557,100,92,5,87,5.43,94.57,48
89,SR-ATAD5,0.000554,50,45,4,41,8.89,91.11,49
143,SR-ATAD5,0.00055,20,19,2,17,10.53,89.47,50
101,SR-ATAD5,0.000547,56,48,2,46,4.17,95.83,51
94,SR-ATAD5,0.000544,114,101,5,96,4.95,95.05,52
15,SR-ATAD5,0.000538,222,194,8,186,4.12,95.88,53
193,SR-ATAD5,0.000536,32,26,2,24,7.69,92.31,54
252,SR-ATAD5,0.000514,31,25,1,24,4.0,96.0,55
125,SR-ATAD5,0.000509,47,42,4,38,9.52,90.48,56
248,SR-ATAD5,0.000503,19,16,0,16,0.0,100.0,57
133,SR-ATAD5,0.000491,35,35,2,33,5.71,94.29,58
128,SR-ATAD5,0.000477,83,70,7,63,10.0,90.0,59
8,SR-ATAD5,0.000474,97,87,10,77,11.49,88.51,60
60,SR-ATAD5,0.000454,36,33,2,31,6.06,93.94,61
11,SR-ATAD5,0.000452,82,73,5,68,6.85,93.15,62
283,SR-ATAD5,0.000444,35,33,2,31,6.06,93.94,63
19,SR-ATAD5,0.000437,52,40,4,36,10.0,90.0,64
30,SR-ATAD5,0.00043,40,34,2,32,5.88,94.12,65
138,SR-ATAD5,0.000426,81,70,4,66,5.71,94.29,66
113,SR-ATAD5,0.00042,21,18,1,17,5.56,94.44,67
177,SR-ATAD5,0.000418,26,22,5,17,22.73,77.27,68
9,SR-ATAD5,0.000415,19,18,2,16,11.11,88.89,69
34,SR-ATAD5,0.000409,93,82,1,81,1.22,98.78,70
64,SR-ATAD5,0.00039,47,43,3,40,6.98,93.02,71
32,SR-ATAD5,0.00039,74,65,5,60,7.69,92.31,72
293,SR-ATAD5,0.000388,92,76,2,74,2.63,97.37,73
269,SR-ATAD5,0.000385,18,18,2,16,11.11,88.89,74
281,SR-ATAD5,0.000384,27,24,0,24,0.0,100.0,75
152,SR-ATAD5,0.000371,88,77,2,75,2.6,97.4,76
21,SR-ATAD5,0.000364,56,49,5,44,10.2,89.8,77
157,SR-ATAD5,0.000358,37,35,3,32,8.57,91.43,78
51,SR-ATAD5,0.000343,30,24,3,21,12.5,87.5,79
190,SR-ATAD5,0.000341,35,32,4,28,12.5,87.5,80
68,SR-ATAD5,0.000324,18,14,0,14,0.0,100.0,81
31,SR-ATAD5,0.000314,27,24,3,21,12.5,87.5,82
142,SR-ATAD5,0.000312,32,23,0,23,0.0,100.0,83
145,SR-ATAD5,0.000307,20,16,0,16,0.0,100.0,84
93,SR-ATAD5,0.000302,47,44,1,43,2.27,97.73,85
86,SR-ATAD5,0.000298,19,17,0,17,0.0,100.0,86
297,SR-ATAD5,0.000298,26,22,2,20,9.09,90.91,87
203,SR-ATAD5,0.000296,59,50,5,45,10.0,90.0,88
197,SR-ATAD5,0.000294,55,53,2,51,3.77,96.23,89
58,SR-ATAD5,0.000294,68,58,2,56,3.45,96.55,90
268,SR-ATAD5,0.000286,46,45,3,42,6.67,93.33,91
176,SR-ATAD5,0.000285,39,35,2,33,5.71,94.29,92
179,SR-ATAD5,0.000284,7,7,0,7,0.0,100.0,93
227,SR-ATAD5,0.000279,81,73,9,64,12.33,87.67,94
255,SR-ATAD5,0.000278,10,8,0,8,0.0,100.0,95
202,SR-ATAD5,0.000276,10,9,1,8,11.11,88.89,96
251,SR-ATAD5,0.000272,29,24,2,22,8.33,91.67,97
77,SR-ATAD5,0.000271,33,29,0,29,0.0,100.0,98
53,SR-ATAD5,0.000267,28,23,0,23,0.0,100.0,99
62,SR-ATAD5,0.000266,21,19,1,18,5.26,94.74,100
5,SR-ATAD5,0.000265,36,32,1,31,3.12,96.88,101
235,SR-ATAD5,0.000256,8,7,0,7,0.0,100.0,102
103,SR-ATAD5,0.000255,9,8,1,7,12.5,87.5,103
80,SR-ATAD5,0.000253,21,16,3,13,18.75,81.25,104
214,SR-ATAD5,0.000251,17,16,0,16,0.0,100.0,105
231,SR-ATAD5,0.00025,69,57,4,53,7.02,92.98,106
16,SR-ATAD5,0.000243,40,37,4,33,10.81,89.19,107
299,SR-ATAD5,0.000237,29,24,1,23,4.17,95.83,108
161,SR-ATAD5,0.000233,21,16,1,15,6.25,93.75,109
45,SR-ATAD5,0.000231,35,30,1,29,3.33,96.67,110
100,SR-ATAD5,0.000229,33,27,0,27,0.0,100.0,111
253,SR-ATAD5,0.000228,19,16,1,15,6.25,93.75,112
96,SR-ATAD5,0.000228,48,43,1,42,2.33,97.67,113
130,SR-ATAD5,0.000226,12,8,0,8,0.0,100.0,114
264,SR-ATAD5,0.000224,10,7,0,7,0.0,100.0,115
120,SR-ATAD5,0.000222,9,8,1,7,12.5,87.5,116
41,SR-ATAD5,0.000221,22,18,0,18,0.0,100.0,117
292,SR-ATAD5,0.00022,17,16,2,14,12.5,87.5,118
210,SR-ATAD5,0.00022,42,34,2,32,5.88,94.12,119
232,SR-ATAD5,0.00022,11,10,1,9,10.0,90.0,120
98,SR-ATAD5,0.000216,39,33,3,30,9.09,90.91,121
90,SR-ATAD5,0.000212,30,27,0,27,0.0,100.0,122
10,SR-ATAD5,0.000211,30,25,2,23,8.0,92.0,123
52,SR-ATAD5,0.000208,16,16,2,14,12.5,87.5,124
135,SR-ATAD5,0.000207,13,12,1,11,8.33,91.67,125
240,SR-ATAD5,0.0002,5,5,0,5,0.0,100.0,126
28,SR-ATAD5,0.0002,19,18,1,17,5.56,94.44,127
63,SR-ATAD5,0.000199,21,16,1,15,6.25,93.75,128
218,SR-ATAD5,0.000194,20,15,0,15,0.0,100.0,129
225,SR-ATAD5,0.000192,2,2,1,1,50.0,50.0,130
178,SR-ATAD5,0.000192,27,26,1,25,3.85,96.15,131
69,SR-ATAD5,0.000191,14,13,0,13,0.0,100.0,132
211,SR-ATAD5,0.00019,20,18,4,14,22.22,77.78,133
167,SR-ATAD5,0.000189,6,6,1,5,16.67,83.33,134
116,SR-ATAD5,0.000187,9,8,0,8,0.0,100.0,135
144,SR-ATAD5,0.000185,16,13,1,12,7.69,92.31,136
70,SR-ATAD5,0.000184,60,50,4,46,8.0,92.0,137
132,SR-ATAD5,0.000181,19,15,2,13,13.33,86.67,138
228,SR-ATAD5,0.000178,7,6,0,6,0.0,100.0,139
7,SR-ATAD5,0.000175,23,20,0,20,0.0,100.0,140
37,SR-ATAD5,0.000175,29,26,3,23,11.54,88.46,141
162,SR-ATAD5,0.000174,14,12,1,11,8.33,91.67,142
0,SR-ATAD5,0.000173,20,15,2,13,13.33,86.67,143
148,SR-ATAD5,0.00017,7,7,2,5,28.57,71.43,144
14,SR-ATAD5,0.000168,15,14,2,12,14.29,85.71,145
84,SR-ATAD5,0.00016,59,51,3,48,5.88,94.12,146
295,SR-ATAD5,0.00016,5,5,1,4,20.0,80.0,147
1,SR-ATAD5,0.000159,10,9,1,8,11.11,88.89,148
156,SR-ATAD5,0.000158,39,32,3,29,9.38,90.62,149
134,SR-ATAD5,0.000158,12,12,1,11,8.33,91.67,150
198,SR-ATAD5,0.000154,10,10,1,9,10.0,90.0,151
22,SR-ATAD5,0.000154,18,17,0,17,0.0,100.0,152
216,SR-ATAD5,0.000152,4,4,0,4,0.0,100.0,153
296,SR-ATAD5,0.000151,9,8,0,8,0.0,100.0,154
105,SR-ATAD5,0.000149,17,15,0,15,0.0,100.0,155
154,SR-ATAD5,0.000145,27,26,0,26,0.0,100.0,156
164,SR-ATAD5,0.000144,11,11,1,10,9.09,90.91,157
191,SR-ATAD5,0.000142,17,14,0,14,0.0,100.0,158
79,SR-ATAD5,0.000141,7,7,0,7,0.0,100.0,159
81,SR-ATAD5,0.000139,20,17,0,17,0.0,100.0,160
213,SR-ATAD5,0.000138,11,11,0,11,0.0,100.0,161
54,SR-ATAD5,0.000137,8,8,0,8,0.0,100.0,162
115,SR-ATAD5,0.000137,10,10,0,10,0.0,100.0,163
136,SR-ATAD5,0.000136,8,7,0,7,0.0,100.0,164
110,SR-ATAD5,0.000136,13,11,0,11,0.0,100.0,165
55,SR-ATAD5,0.000135,7,5,0,5,0.0,100.0,166
137,SR-ATAD5,0.000133,18,14,0,14,0.0,100.0,167
243,SR-ATAD5,0.000132,11,10,0,10,0.0,100.0,168
209,SR-ATAD5,0.00013,17,15,1,14,6.67,93.33,169
256,SR-ATAD5,0.000129,31,28,0,28,0.0,100.0,170
169,SR-ATAD5,0.000128,14,12,1,11,8.33,91.67,171
291,SR-ATAD5,0.000128,27,20,0,20,0.0,100.0,172
271,SR-ATAD5,0.000128,21,17,0,17,0.0,100.0,173
40,SR-ATAD5,0.000124,15,11,0,11,0.0,100.0,174
257,SR-ATAD5,0.000123,12,12,1,11,8.33,91.67,175
112,SR-ATAD5,0.00012,33,30,2,28,6.67,93.33,176
204,SR-ATAD5,0.000118,19,16,0,16,0.0,100.0,177
219,SR-ATAD5,0.000117,13,12,0,12,0.0,100.0,178
102,SR-ATAD5,0.000117,22,20,3,17,15.0,85.0,179
174,SR-ATAD5,0.000115,12,11,1,10,9.09,90.91,180
250,SR-ATAD5,0.000115,5,4,1,3,25.0,75.0,181
185,SR-ATAD5,0.000113,39,35,3,32,8.57,91.43,182
239,SR-ATAD5,0.000113,15,11,1,10,9.09,90.91,183
82,SR-ATAD5,0.00011,14,13,1,12,7.69,92.31,184
78,SR-ATAD5,0.000109,14,12,0,12,0.0,100.0,185
221,SR-ATAD5,0.000107,30,28,2,26,7.14,92.86,186
57,SR-ATAD5,0.000107,11,9,0,9,0.0,100.0,187
259,SR-ATAD5,0.000105,8,8,1,7,12.5,87.5,188
273,SR-ATAD5,0.000105,6,6,0,6,0.0,100.0,189
277,SR-ATAD5,0.000103,12,10,0,10,0.0,100.0,190
288,SR-ATAD5,9.9e-05,10,9,0,9,0.0,100.0,191
85,SR-ATAD5,9.8e-05,22,20,1,19,5.0,95.0,192
245,SR-ATAD5,9.6e-05,11,10,2,8,20.0,80.0,193
199,SR-ATAD5,9.5e-05,7,6,0,6,0.0,100.0,194
289,SR-ATAD5,9.1e-05,14,13,1,12,7.69,92.31,195
158,SR-ATAD5,9e-05,24,21,1,20,4.76,95.24,196
205,SR-ATAD5,8.9e-05,19,17,0,17,0.0,100.0,197
35,SR-ATAD5,8.7e-05,21,21,1,20,4.76,95.24,198
183,SR-ATAD5,8.4e-05,14,14,0,14,0.0,100.0,199
36,SR-ATAD5,8.4e-05,13,12,0,12,0.0,100.0,200
186,SR-ATAD5,8.3e-05,5,4,0,4,0.0,100.0,201
182,SR-ATAD5,8.1e-05,14,12,0,12,0.0,100.0,202
165,SR-ATAD5,8.1e-05,8,8,0,8,0.0,100.0,203
3,SR-ATAD5,8e-05,12,12,0,12,0.0,100.0,204
122,SR-ATAD5,7.9e-05,10,8,1,7,12.5,87.5,205
194,SR-ATAD5,7.8e-05,30,29,1,28,3.45,96.55,206
238,SR-ATAD5,7.6e-05,11,10,0,10,0.0,100.0,207
155,SR-ATAD5,7.5e-05,9,9,0,9,0.0,100.0,208
107,SR-ATAD5,7.4e-05,8,7,0,7,0.0,100.0,209
222,SR-ATAD5,7.2e-05,10,10,2,8,20.0,80.0,210
180,SR-ATAD5,7.2e-05,11,11,3,8,27.27,72.73,211
207,SR-ATAD5,7.1e-05,6,6,0,6,0.0,100.0,212
195,SR-ATAD5,7e-05,7,6,0,6,0.0,100.0,213
270,SR-ATAD5,7e-05,12,11,1,10,9.09,90.91,214
124,SR-ATAD5,6.9e-05,16,14,2,12,14.29,85.71,215
266,SR-ATAD5,6.9e-05,6,6,0,6,0.0,100.0,216
263,SR-ATAD5,6.8e-05,10,10,0,10,0.0,100.0,217
184,SR-ATAD5,6.8e-05,9,9,0,9,0.0,100.0,218
88,SR-ATAD5,6.8e-05,6,4,0,4,0.0,100.0,219
208,SR-ATAD5,6.8e-05,9,8,1,7,12.5,87.5,220
61,SR-ATAD5,6.5e-05,4,4,0,4,0.0,100.0,221
294,SR-ATAD5,6.3e-05,3,3,0,3,0.0,100.0,222
65,SR-ATAD5,6.3e-05,10,10,0,10,0.0,100.0,223
215,SR-ATAD5,6.3e-05,8,6,0,6,0.0,100.0,224
20,SR-ATAD5,6.3e-05,13,12,2,10,16.67,83.33,225
181,SR-ATAD5,6.2e-05,12,11,0,11,0.0,100.0,226
298,SR-ATAD5,6.2e-05,6,5,1,4,20.0,80.0,227
13,SR-ATAD5,6e-05,7,5,0,5,0.0,100.0,228
224,SR-ATAD5,5.8e-05,16,14,0,14,0.0,100.0,229
279,SR-ATAD5,5.8e-05,5,5,0,5,0.0,100.0,230
74,SR-ATAD5,5.6e-05,24,20,1,19,5.0,95.0,231
140,SR-ATAD5,5.5e-05,7,6,0,6,0.0,100.0,232
241,SR-ATAD5,5.5e-05,5,4,0,4,0.0,100.0,233
223,SR-ATAD5,5.4e-05,4,4,0,4,0.0,100.0,234
39,SR-ATAD5,5.4e-05,10,10,1,9,10.0,90.0,235
24,SR-ATAD5,5.4e-05,8,6,0,6,0.0,100.0,236
233,SR-ATAD5,5.2e-05,6,4,1,3,25.0,75.0,237
126,SR-ATAD5,5.2e-05,4,2,1,1,50.0,50.0,238
56,SR-ATAD5,5.1e-05,9,8,0,8,0.0,100.0,239
48,SR-ATAD5,5e-05,6,6,0,6,0.0,100.0,240
25,SR-ATAD5,5e-05,8,7,1,6,14.29,85.71,241
189,SR-ATAD5,4.9e-05,10,10,0,10,0.0,100.0,242
201,SR-ATAD5,4.8e-05,7,6,0,6,0.0,100.0,243
200,SR-ATAD5,4.7e-05,8,8,0,8,0.0,100.0,244
139,SR-ATAD5,4.6e-05,7,6,1,5,16.67,83.33,245
236,SR-ATAD5,4.5e-05,11,11,0,11,0.0,100.0,246
246,SR-ATAD5,4.5e-05,6,4,0,4,0.0,100.0,247
71,SR-ATAD5,4.4e-05,12,9,1,8,11.11,88.89,248
42,SR-ATAD5,4.3e-05,6,6,0,6,0.0,100.0,249
99,SR-ATAD5,4.2e-05,4,4,0,4,0.0,100.0,250
23,SR-ATAD5,4.1e-05,8,7,0,7,0.0,100.0,251
272,SR-ATAD5,3.8e-05,6,5,0,5,0.0,100.0,252
6,SR-ATAD5,3.7e-05,9,8,0,8,0.0,100.0,253
276,SR-ATAD5,3.7e-05,11,10,0,10,0.0,100.0,254
278,SR-ATAD5,3.6e-05,5,4,0,4,0.0,100.0,255
141,SR-ATAD5,3.4e-05,4,2,0,2,0.0,100.0,256
119,SR-ATAD5,3.4e-05,8,8,1,7,12.5,87.5,257
274,SR-ATAD5,3.4e-05,8,6,1,5,16.67,83.33,258
172,SR-ATAD5,3.3e-05,12,11,1,10,9.09,90.91,259
244,SR-ATAD5,3.1e-05,5,5,0,5,0.0,100.0,260
237,SR-ATAD5,2.9e-05,4,4,0,4,0.0,100.0,261
175,SR-ATAD5,2.9e-05,9,7,0,7,0.0,100.0,262
220,SR-ATAD5,2.8e-05,5,4,0,4,0.0,100.0,263
168,SR-ATAD5,2.8e-05,7,7,0,7,0.0,100.0,264
131,SR-ATAD5,2.7e-05,2,2,0,2,0.0,100.0,265
87,SR-ATAD5,2.7e-05,7,7,1,6,14.29,85.71,266
187,SR-ATAD5,2.7e-05,2,1,0,1,0.0,100.0,267
75,SR-ATAD5,2.6e-05,7,7,0,7,0.0,100.0,268
192,SR-ATAD5,2.6e-05,6,6,0,6,0.0,100.0,269
166,SR-ATAD5,2.5e-05,7,6,0,6,0.0,100.0,270
285,SR-ATAD5,2.4e-05,4,4,1,3,25.0,75.0,271
284,SR-ATAD5,2.4e-05,6,5,0,5,0.0,100.0,272
160,SR-ATAD5,2.2e-05,4,3,0,3,0.0,100.0,273
171,SR-ATAD5,2.2e-05,5,3,0,3,0.0,100.0,274
83,SR-ATAD5,2.2e-05,2,2,0,2,0.0,100.0,275
67,SR-ATAD5,2.2e-05,4,4,0,4,0.0,100.0,276
258,SR-ATAD5,2e-05,3,2,0,2,0.0,100.0,277
73,SR-ATAD5,2e-05,7,5,0,5,0.0,100.0,278
262,SR-ATAD5,1.9e-05,5,4,0,4,0.0,100.0,279
108,SR-ATAD5,1.9e-05,1,1,0,1,0.0,100.0,280
151,SR-ATAD5,1.7e-05,5,4,0,4,0.0,100.0,281
47,SR-ATAD5,1.6e-05,6,5,2,3,40.0,60.0,282
127,SR-ATAD5,1.4e-05,2,1,0,1,0.0,100.0,283
229,SR-ATAD5,1.3e-05,2,2,0,2,0.0,100.0,284
286,SR-ATAD5,1.2e-05,5,5,1,4,20.0,80.0,285
188,SR-ATAD5,1.1e-05,3,3,0,3,0.0,100.0,286
173,SR-ATAD5,1e-05,2,2,0,2,0.0,100.0,287
290,SR-ATAD5,1e-05,1,1,0,1,0.0,100.0,288
249,SR-ATAD5,1e-05,5,5,1,4,20.0,80.0,289
212,SR-ATAD5,9e-06,6,6,0,6,0.0,100.0,290
260,SR-ATAD5,9e-06,4,4,1,3,25.0,75.0,291
147,SR-ATAD5,5e-06,4,3,0,3,0.0,100.0,292
206,SR-ATAD5,4e-06,4,3,0,3,0.0,100.0,293
247,SR-ATAD5,4e-06,4,4,0,4,0.0,100.0,294
170,SR-ATAD5,2e-06,5,4,0,4,0.0,100.0,295
217,SR-ATAD5,2e-06,2,2,0,2,0.0,100.0,296
261,SR-ATAD5,0.0,2,2,0,2,0.0,100.0,297
76,SR-HSE,0.005014,343,265,10,255,3.77,96.23,1
265,SR-HSE,0.002498,274,218,18,200,8.26,91.74,2
254,SR-HSE,0.002177,264,196,11,185,5.61,94.39,3
153,SR-HSE,0.002149,215,164,11,153,6.71,93.29,4
287,SR-HSE,0.00207,167,132,3,129,2.27,97.73,5
59,SR-HSE,0.002043,158,117,3,114,2.56,97.44,6
280,SR-HSE,0.001979,122,93,2,91,2.15,97.85,7
29,SR-HSE,0.001863,128,103,2,101,1.94,98.06,8
106,SR-HSE,0.001722,239,182,17,165,9.34,90.66,9
146,SR-HSE,0.001706,117,85,5,80,5.88,94.12,10
104,SR-HSE,0.001657,163,136,12,124,8.82,91.18,11
17,SR-HSE,0.001655,233,174,11,163,6.32,93.68,12
159,SR-HSE,0.001637,127,103,3,100,2.91,97.09,13
2,SR-HSE,0.001609,185,147,9,138,6.12,93.88,14
72,SR-HSE,0.001594,256,199,12,187,6.03,93.97,15
38,SR-HSE,0.001536,241,191,11,180,5.76,94.24,16
282,SR-HSE,0.001452,57,49,3,46,6.12,93.88,17
4,SR-HSE,0.001444,143,115,7,108,6.09,93.91,18
275,SR-HSE,0.001439,32,22,2,20,9.09,90.91,19
121,SR-HSE,0.001433,90,69,5,64,7.25,92.75,20
149,SR-HSE,0.001325,120,101,7,94,6.93,93.07,21
117,SR-HSE,0.00131,144,106,8,98,7.55,92.45,22
8,SR-HSE,0.001286,97,69,6,63,8.7,91.3,23
60,SR-HSE,0.001279,36,27,1,26,3.7,96.3,24
94,SR-HSE,0.001247,114,88,7,81,7.95,92.05,25
299,SR-HSE,0.001221,29,21,4,17,19.05,80.95,26
11,SR-HSE,0.00119,82,63,5,58,7.94,92.06,27
33,SR-HSE,0.001146,166,127,16,111,12.6,87.4,28
163,SR-HSE,0.001139,107,84,3,81,3.57,96.43,29
230,SR-HSE,0.001127,75,51,3,48,5.88,94.12,30
114,SR-HSE,0.001055,126,93,3,90,3.23,96.77,31
234,SR-HSE,0.001041,53,40,8,32,20.0,80.0,32
15,SR-HSE,0.000982,222,166,4,162,2.41,97.59,33
152,SR-HSE,0.000957,88,66,3,63,4.55,95.45,34
43,SR-HSE,0.000937,59,42,4,38,9.52,90.48,35
128,SR-HSE,0.00092,83,58,5,53,8.62,91.38,36
18,SR-HSE,0.000916,52,42,1,41,2.38,97.62,37
118,SR-HSE,0.000888,86,66,3,63,4.55,95.45,38
91,SR-HSE,0.000864,93,73,4,69,5.48,94.52,39
293,SR-HSE,0.000844,92,77,3,74,3.9,96.1,40
92,SR-HSE,0.000838,100,79,5,74,6.33,93.67,41
267,SR-HSE,0.000834,63,46,4,42,8.7,91.3,42
44,SR-HSE,0.000774,155,122,4,118,3.28,96.72,43
71,SR-HSE,0.000771,12,8,0,8,0.0,100.0,44
26,SR-HSE,0.000762,101,81,4,77,4.94,95.06,45
138,SR-HSE,0.000752,81,70,5,65,7.14,92.86,46
27,SR-HSE,0.000752,82,60,2,58,3.33,96.67,47
46,SR-HSE,0.000749,88,72,5,67,6.94,93.06,48
150,SR-HSE,0.000743,57,44,0,44,0.0,100.0,49
214,SR-HSE,0.000715,17,12,0,12,0.0,100.0,50
226,SR-HSE,0.000709,92,73,5,68,6.85,93.15,51
129,SR-HSE,0.000706,96,77,8,69,10.39,89.61,52
291,SR-HSE,0.000691,27,22,0,22,0.0,100.0,53
32,SR-HSE,0.000681,74,59,5,54,8.47,91.53,54
84,SR-HSE,0.000652,59,40,1,39,2.5,97.5,55
49,SR-HSE,0.000651,46,31,1,30,3.23,96.77,56
227,SR-HSE,0.000637,81,68,4,64,5.88,94.12,57
125,SR-HSE,0.000623,47,30,3,27,10.0,90.0,58
12,SR-HSE,0.00062,81,63,1,62,1.59,98.41,59
133,SR-HSE,0.00062,35,28,1,27,3.57,96.43,60
283,SR-HSE,0.000594,35,29,4,25,13.79,86.21,61
50,SR-HSE,0.000589,52,41,6,35,14.63,85.37,62
177,SR-HSE,0.000585,26,22,0,22,0.0,100.0,63
252,SR-HSE,0.000584,31,24,1,23,4.17,95.83,64
197,SR-HSE,0.000582,55,45,3,42,6.67,93.33,65
45,SR-HSE,0.000581,35,24,1,23,4.17,95.83,66
176,SR-HSE,0.000578,39,27,3,24,11.11,88.89,67
89,SR-HSE,0.000578,50,43,3,40,6.98,93.02,68
243,SR-HSE,0.000572,11,9,0,9,0.0,100.0,69
58,SR-HSE,0.00056,68,51,6,45,11.76,88.24,70
34,SR-HSE,0.000552,93,69,3,66,4.35,95.65,71
80,SR-HSE,0.000542,21,18,2,16,11.11,88.89,72
190,SR-HSE,0.000531,35,27,3,24,11.11,88.89,73
70,SR-HSE,0.000525,60,43,2,41,4.65,95.35,74
221,SR-HSE,0.000522,30,25,1,24,4.0,96.0,75
9,SR-HSE,0.000512,19,14,1,13,7.14,92.86,76
21,SR-HSE,0.000507,56,45,4,41,8.89,91.11,77
97,SR-HSE,0.000504,41,31,1,30,3.23,96.77,78
142,SR-HSE,0.000499,32,25,4,21,16.0,84.0,79
210,SR-HSE,0.000498,42,35,1,34,2.86,97.14,80
31,SR-HSE,0.000485,27,20,1,19,5.0,95.0,81
157,SR-HSE,0.000483,37,31,1,30,3.23,96.77,82
248,SR-HSE,0.000475,19,15,1,14,6.67,93.33,83
64,SR-HSE,0.000473,47,36,5,31,13.89,86.11,84
93,SR-HSE,0.000468,47,39,2,37,5.13,94.87,85
16,SR-HSE,0.000466,40,33,3,30,9.09,90.91,86
263,SR-HSE,0.000463,10,7,0,7,0.0,100.0,87
268,SR-HSE,0.000462,46,34,1,33,2.94,97.06,88
231,SR-HSE,0.00046,69,47,4,43,8.51,91.49,89
105,SR-HSE,0.000455,17,13,0,13,0.0,100.0,90
185,SR-HSE,0.000455,39,30,3,27,10.0,90.0,91
77,SR-HSE,0.000453,33,26,3,23,11.54,88.46,92
269,SR-HSE,0.000452,18,11,1,10,9.09,90.91,93
19,SR-HSE,0.000449,52,37,6,31,16.22,83.78,94
238,SR-HSE,0.000449,11,11,0,11,0.0,100.0,95
182,SR-HSE,0.000445,14,11,0,11,0.0,100.0,96
53,SR-HSE,0.00044,28,23,1,22,4.35,95.65,97
96,SR-HSE,0.000417,48,38,3,35,7.89,92.11,98
69,SR-HSE,0.000413,14,13,4,9,30.77,69.23,99
86,SR-HSE,0.000412,19,14,0,14,0.0,100.0,100
154,SR-HSE,0.000411,27,19,1,18,5.26,94.74,101
7,SR-HSE,0.000407,23,16,0,16,0.0,100.0,102
161,SR-HSE,0.0004,21,17,2,15,11.76,88.24,103
158,SR-HSE,0.000397,24,18,0,18,0.0,100.0,104
5,SR-HSE,0.000392,36,23,2,21,8.7,91.3,105
101,SR-HSE,0.000388,56,45,3,42,6.67,93.33,106
0,SR-HSE,0.000388,20,14,1,13,7.14,92.86,107
30,SR-HSE,0.000387,40,28,2,26,7.14,92.86,108
273,SR-HSE,0.000386,6,2,0,2,0.0,100.0,109
194,SR-HSE,0.000383,30,22,3,19,13.64,86.36,110
136,SR-HSE,0.00038,8,7,0,7,0.0,100.0,111
175,SR-HSE,0.000372,9,7,0,7,0.0,100.0,112
10,SR-HSE,0.000368,30,22,1,21,4.55,95.45,113
112,SR-HSE,0.000365,33,23,5,18,21.74,78.26,114
297,SR-HSE,0.000364,26,23,1,22,4.35,95.65,115
251,SR-HSE,0.000362,29,23,1,22,4.35,95.65,116
37,SR-HSE,0.000359,29,22,1,21,4.55,95.45,117
95,SR-HSE,0.000358,24,19,3,16,15.79,84.21,118
178,SR-HSE,0.000347,27,23,2,21,8.7,91.3,119
266,SR-HSE,0.000337,6,5,0,5,0.0,100.0,120
203,SR-HSE,0.000329,59,42,1,41,2.38,97.62,121
113,SR-HSE,0.000329,21,17,1,16,5.88,94.12,122
36,SR-HSE,0.000325,13,7,0,7,0.0,100.0,123
246,SR-HSE,0.000323,6,5,1,4,20.0,80.0,124
78,SR-HSE,0.000322,14,11,3,8,27.27,72.73,125
281,SR-HSE,0.000321,27,23,2,21,8.7,91.3,126
202,SR-HSE,0.00032,10,6,0,6,0.0,100.0,127
62,SR-HSE,0.000315,21,17,1,16,5.88,94.12,128
51,SR-HSE,0.000308,30,21,2,19,9.52,90.48,129
66,SR-HSE,0.000296,44,34,3,31,8.82,91.18,130
294,SR-HSE,0.000295,3,3,0,3,0.0,100.0,131
288,SR-HSE,0.00029,10,8,2,6,25.0,75.0,132
211,SR-HSE,0.000289,20,16,2,14,12.5,87.5,133
277,SR-HSE,0.000286,12,10,0,10,0.0,100.0,134
245,SR-HSE,0.00028,11,6,0,6,0.0,100.0,135
253,SR-HSE,0.000279,19,16,0,16,0.0,100.0,136
156,SR-HSE,0.000275,39,31,1,30,3.23,96.77,137
239,SR-HSE,0.000273,15,9,1,8,11.11,88.89,138
205,SR-HSE,0.000272,19,14,0,14,0.0,100.0,139
181,SR-HSE,0.000269,12,7,0,7,0.0,100.0,140
292,SR-HSE,0.000263,17,12,0,12,0.0,100.0,141
98,SR-HSE,0.000263,39,29,0,29,0.0,100.0,142
124,SR-HSE,0.000262,16,11,0,11,0.0,100.0,143
224,SR-HSE,0.000259,16,16,0,16,0.0,100.0,144
90,SR-HSE,0.000258,30,25,4,21,16.0,84.0,145
257,SR-HSE,0.000256,12,9,0,9,0.0,100.0,146
102,SR-HSE,0.000256,22,19,2,17,10.53,89.47,147
41,SR-HSE,0.000256,22,16,3,13,18.75,81.25,148
139,SR-HSE,0.000254,7,6,0,6,0.0,100.0,149
123,SR-HSE,0.000254,34,26,1,25,3.85,96.15,150
137,SR-HSE,0.000254,18,14,0,14,0.0,100.0,151
24,SR-HSE,0.00025,8,7,0,7,0.0,100.0,152
132,SR-HSE,0.000247,19,14,1,13,7.14,92.86,153
295,SR-HSE,0.000238,5,5,0,5,0.0,100.0,154
193,SR-HSE,0.000238,32,22,4,18,18.18,81.82,155
218,SR-HSE,0.000237,20,18,3,15,16.67,83.33,156
144,SR-HSE,0.000236,16,12,1,11,8.33,91.67,157
222,SR-HSE,0.000236,10,6,0,6,0.0,100.0,158
196,SR-HSE,0.000235,21,20,0,20,0.0,100.0,159
172,SR-HSE,0.000233,12,11,0,11,0.0,100.0,160
165,SR-HSE,0.00023,8,7,0,7,0.0,100.0,161
192,SR-HSE,0.000229,6,6,0,6,0.0,100.0,162
189,SR-HSE,0.000227,10,8,0,8,0.0,100.0,163
164,SR-HSE,0.000223,11,8,0,8,0.0,100.0,164
174,SR-HSE,0.000222,12,10,1,9,10.0,90.0,165
23,SR-HSE,0.00022,8,7,0,7,0.0,100.0,166
57,SR-HSE,0.00022,11,9,0,9,0.0,100.0,167
116,SR-HSE,0.00022,9,7,1,6,14.29,85.71,168
107,SR-HSE,0.000215,8,8,0,8,0.0,100.0,169
63,SR-HSE,0.000215,21,17,3,14,17.65,82.35,170
52,SR-HSE,0.000215,16,11,1,10,9.09,90.91,171
81,SR-HSE,0.000214,20,15,1,14,6.67,93.33,172
68,SR-HSE,0.000213,18,10,1,9,10.0,90.0,173
160,SR-HSE,0.000212,4,3,0,3,0.0,100.0,174
35,SR-HSE,0.000211,21,16,2,14,12.5,87.5,175
255,SR-HSE,0.000208,10,7,0,7,0.0,100.0,176
14,SR-HSE,0.000206,15,11,0,11,0.0,100.0,177
198,SR-HSE,0.000204,10,8,0,8,0.0,100.0,178
119,SR-HSE,0.000203,8,7,1,6,14.29,85.71,179
6,SR-HSE,0.000198,9,7,0,7,0.0,100.0,180
236,SR-HSE,0.000195,11,9,0,9,0.0,100.0,181
237,SR-HSE,0.000194,4,3,0,3,0.0,100.0,182
42,SR-HSE,0.000192,6,5,0,5,0.0,100.0,183
232,SR-HSE,0.00019,11,8,2,6,25.0,75.0,184
250,SR-HSE,0.000189,5,3,0,3,0.0,100.0,185
100,SR-HSE,0.000189,33,25,3,22,12.0,88.0,186
241,SR-HSE,0.000189,5,5,2,3,40.0,60.0,187
85,SR-HSE,0.000186,22,16,2,14,12.5,87.5,188
256,SR-HSE,0.000186,31,26,0,26,0.0,100.0,189
219,SR-HSE,0.000184,13,7,1,6,14.29,85.71,190
183,SR-HSE,0.000179,14,12,2,10,16.67,83.33,191
184,SR-HSE,0.000179,9,8,1,7,12.5,87.5,192
87,SR-HSE,0.000176,7,5,0,5,0.0,100.0,193
134,SR-HSE,0.000175,12,11,0,11,0.0,100.0,194
56,SR-HSE,0.000171,9,7,0,7,0.0,100.0,195
264,SR-HSE,0.000167,10,8,0,8,0.0,100.0,196
103,SR-HSE,0.000166,9,6,0,6,0.0,100.0,197
212,SR-HSE,0.000165,6,4,0,4,0.0,100.0,198
74,SR-HSE,0.000165,24,18,1,17,5.56,94.44,199
82,SR-HSE,0.000164,14,10,0,10,0.0,100.0,200
28,SR-HSE,0.000164,19,13,0,13,0.0,100.0,201
209,SR-HSE,0.000163,17,13,0,13,0.0,100.0,202
204,SR-HSE,0.000163,19,13,0,13,0.0,100.0,203
207,SR-HSE,0.000162,6,5,1,4,20.0,80.0,204
296,SR-HSE,0.000161,9,8,0,8,0.0,100.0,205
145,SR-HSE,0.00016,20,14,1,13,7.14,92.86,206
148,SR-HSE,0.000157,7,4,1,3,25.0,75.0,207
170,SR-HSE,0.000157,5,5,0,5,0.0,100.0,208
262,SR-HSE,0.000156,5,3,1,2,33.33,66.67,209
199,SR-HSE,0.000155,7,6,2,4,33.33,66.67,210
20,SR-HSE,0.000153,13,9,1,8,11.11,88.89,211
115,SR-HSE,0.000152,10,6,0,6,0.0,100.0,212
143,SR-HSE,0.000151,20,18,2,16,11.11,88.89,213
55,SR-HSE,0.00015,7,5,0,5,0.0,100.0,214
169,SR-HSE,0.00015,14,10,0,10,0.0,100.0,215
271,SR-HSE,0.000148,21,16,0,16,0.0,100.0,216
162,SR-HSE,0.000147,14,10,3,7,30.0,70.0,217
274,SR-HSE,0.000142,8,7,1,6,14.29,85.71,218
270,SR-HSE,0.000142,12,9,0,9,0.0,100.0,219
235,SR-HSE,0.000139,8,7,1,6,14.29,85.71,220
180,SR-HSE,0.000138,11,7,1,6,14.29,85.71,221
1,SR-HSE,0.000136,10,7,0,7,0.0,100.0,222
289,SR-HSE,0.000135,14,10,1,9,10.0,90.0,223
73,SR-HSE,0.000135,7,4,0,4,0.0,100.0,224
75,SR-HSE,0.000132,7,6,0,6,0.0,100.0,225
54,SR-HSE,0.000132,8,6,1,5,16.67,83.33,226
79,SR-HSE,0.000132,7,5,1,4,20.0,80.0,227
65,SR-HSE,0.00013,10,7,0,7,0.0,100.0,228
130,SR-HSE,0.000125,12,10,3,7,30.0,70.0,229
195,SR-HSE,0.000123,7,4,1,3,25.0,75.0,230
110,SR-HSE,0.00012,13,12,1,11,8.33,91.67,231
298,SR-HSE,0.00012,6,4,0,4,0.0,100.0,232
22,SR-HSE,0.000117,18,16,0,16,0.0,100.0,233
135,SR-HSE,0.000115,13,7,1,6,14.29,85.71,234
191,SR-HSE,0.000115,17,13,0,13,0.0,100.0,235
39,SR-HSE,0.000113,10,9,1,8,11.11,88.89,236
40,SR-HSE,0.000112,15,11,1,10,9.09,90.91,237
187,SR-HSE,0.000109,2,1,0,1,0.0,100.0,238
233,SR-HSE,0.000108,6,4,0,4,0.0,100.0,239
13,SR-HSE,0.000108,7,7,1,6,14.29,85.71,240
171,SR-HSE,0.000107,5,5,0,5,0.0,100.0,241
213,SR-HSE,0.000103,11,10,0,10,0.0,100.0,242
201,SR-HSE,0.0001,7,6,2,4,33.33,66.67,243
3,SR-HSE,9.6e-05,12,10,0,10,0.0,100.0,244
155,SR-HSE,9.3e-05,9,6,0,6,0.0,100.0,245
67,SR-HSE,9e-05,4,3,0,3,0.0,100.0,246
168,SR-HSE,8.8e-05,7,6,0,6,0.0,100.0,247
223,SR-HSE,8.8e-05,4,2,0,2,0.0,100.0,248
258,SR-HSE,8.6e-05,3,2,0,2,0.0,100.0,249
122,SR-HSE,8.4e-05,10,9,0,9,0.0,100.0,250
279,SR-HSE,8.2e-05,5,4,0,4,0.0,100.0,251
276,SR-HSE,8.1e-05,11,6,0,6,0.0,100.0,252
47,SR-HSE,7.9e-05,6,4,0,4,0.0,100.0,253
259,SR-HSE,7.9e-05,8,4,0,4,0.0,100.0,254
278,SR-HSE,7.8e-05,5,4,1,3,25.0,75.0,255
88,SR-HSE,7.8e-05,6,5,1,4,20.0,80.0,256
260,SR-HSE,7.4e-05,4,3,0,3,0.0,100.0,257
244,SR-HSE,7.3e-05,5,4,0,4,0.0,100.0,258
151,SR-HSE,7.3e-05,5,5,0,5,0.0,100.0,259
208,SR-HSE,7.1e-05,9,5,0,5,0.0,100.0,260
179,SR-HSE,7e-05,7,7,0,7,0.0,100.0,261
25,SR-HSE,6.7e-05,8,7,2,5,28.57,71.43,262
240,SR-HSE,6.6e-05,5,4,1,3,25.0,75.0,263
206,SR-HSE,6.2e-05,4,4,0,4,0.0,100.0,264
286,SR-HSE,6.1e-05,5,3,0,3,0.0,100.0,265
200,SR-HSE,6e-05,8,7,0,7,0.0,100.0,266
166,SR-HSE,5.9e-05,7,5,1,4,20.0,80.0,267
285,SR-HSE,5.7e-05,4,2,0,2,0.0,100.0,268
140,SR-HSE,5.6e-05,7,5,0,5,0.0,100.0,269
61,SR-HSE,5.6e-05,4,4,0,4,0.0,100.0,270
215,SR-HSE,5.4e-05,8,7,0,7,0.0,100.0,271
220,SR-HSE,5.4e-05,5,4,0,4,0.0,100.0,272
167,SR-HSE,5.2e-05,6,4,0,4,0.0,100.0,273
120,SR-HSE,5.2e-05,9,6,1,5,16.67,83.33,274
131,SR-HSE,4.8e-05,2,2,0,2,0.0,100.0,275
186,SR-HSE,4.6e-05,5,4,0,4,0.0,100.0,276
147,SR-HSE,4.4e-05,4,4,2,2,50.0,50.0,277
247,SR-HSE,4.4e-05,4,2,0,2,0.0,100.0,278
99,SR-HSE,4.3e-05,4,4,0,4,0.0,100.0,279
229,SR-HSE,4.2e-05,2,2,0,2,0.0,100.0,280
249,SR-HSE,4.2e-05,5,4,0,4,0.0,100.0,281
228,SR-HSE,4.1e-05,7,5,1,4,20.0,80.0,282
126,SR-HSE,3.9e-05,4,3,0,3,0.0,100.0,283
48,SR-HSE,3.7e-05,6,5,0,5,0.0,100.0,284
83,SR-HSE,3.6e-05,2,2,0,2,0.0,100.0,285
272,SR-HSE,3.3e-05,6,5,2,3,40.0,60.0,286
284,SR-HSE,3e-05,6,3,1,2,33.33,66.67,287
225,SR-HSE,2.8e-05,2,1,0,1,0.0,100.0,288
216,SR-HSE,2.8e-05,4,3,0,3,0.0,100.0,289
109,SR-HSE,2.4e-05,1,1,0,1,0.0,100.0,290
141,SR-HSE,2.4e-05,4,4,1,3,25.0,75.0,291
108,SR-HSE,1.6e-05,1,1,0,1,0.0,100.0,292
173,SR-HSE,1.1e-05,2,1,0,1,0.0,100.0,293
261,SR-HSE,1e-05,2,1,0,1,0.0,100.0,294
76,SR-MMP,0.007179,343,244,42,202,17.21,82.79,1
265,SR-MMP,0.005893,274,200,52,148,26.0,74.0,2
33,SR-MMP,0.002843,166,121,37,84,30.58,69.42,3
159,SR-MMP,0.002756,127,89,19,70,21.35,78.65,4
287,SR-MMP,0.002672,167,127,13,114,10.24,89.76,5
280,SR-MMP,0.002581,122,95,16,79,16.84,83.16,6
17,SR-MMP,0.002551,233,164,20,144,12.2,87.8,7
38,SR-MMP,0.002413,241,180,25,155,13.89,86.11,8
254,SR-MMP,0.002288,264,187,31,156,16.58,83.42,9
117,SR-MMP,0.002269,144,104,24,80,23.08,76.92,10
121,SR-MMP,0.002256,90,59,12,47,20.34,79.66,11
234,SR-MMP,0.002051,53,40,14,26,35.0,65.0,12
125,SR-MMP,0.001988,47,27,6,21,22.22,77.78,13
227,SR-MMP,0.001973,81,50,11,39,22.0,78.0,14
59,SR-MMP,0.001922,158,106,20,86,18.87,81.13,15
299,SR-MMP,0.001762,29,24,7,17,29.17,70.83,16
106,SR-MMP,0.001738,239,178,24,154,13.48,86.52,17
104,SR-MMP,0.001728,163,104,20,84,19.23,80.77,18
2,SR-MMP,0.001622,185,129,21,108,16.28,83.72,19
230,SR-MMP,0.001612,75,55,13,42,23.64,76.36,20
49,SR-MMP,0.001602,46,27,7,20,25.93,74.07,21
153,SR-MMP,0.001589,215,152,20,132,13.16,86.84,22
4,SR-MMP,0.001562,143,104,19,85,18.27,81.73,23
267,SR-MMP,0.001553,63,41,6,35,14.63,85.37,24
283,SR-MMP,0.001489,35,28,4,24,14.29,85.71,25
15,SR-MMP,0.001481,222,156,23,133,14.74,85.26,26
137,SR-MMP,0.001418,18,13,2,11,15.38,84.62,27
72,SR-MMP,0.001381,256,183,29,154,15.85,84.15,28
149,SR-MMP,0.001376,120,86,19,67,22.09,77.91,29
293,SR-MMP,0.00136,92,68,15,53,22.06,77.94,30
152,SR-MMP,0.001314,88,63,12,51,19.05,80.95,31
118,SR-MMP,0.001306,86,59,13,46,22.03,77.97,32
8,SR-MMP,0.0013,97,68,17,51,25.0,75.0,33
27,SR-MMP,0.001257,82,52,7,45,13.46,86.54,34
146,SR-MMP,0.001237,117,79,8,71,10.13,89.87,35
32,SR-MMP,0.001232,74,47,13,34,27.66,72.34,36
44,SR-MMP,0.001231,155,102,11,91,10.78,89.22,37
26,SR-MMP,0.00122,101,67,9,58,13.43,86.57,38
128,SR-MMP,0.001206,83,49,13,36,26.53,73.47,39
275,SR-MMP,0.001184,32,19,4,15,21.05,78.95,40
218,SR-MMP,0.001178,20,13,4,9,30.77,69.23,41
138,SR-MMP,0.001175,81,52,5,47,9.62,90.38,42
84,SR-MMP,0.001133,59,42,8,34,19.05,80.95,43
129,SR-MMP,0.001127,96,74,9,65,12.16,87.84,44
29,SR-MMP,0.001102,128,93,5,88,5.38,94.62,45
46,SR-MMP,0.001072,88,60,11,49,18.33,81.67,46
91,SR-MMP,0.001054,93,72,10,62,13.89,86.11,47
114,SR-MMP,0.001052,126,87,10,77,11.49,88.51,48
163,SR-MMP,0.001038,107,76,6,70,7.89,92.11,49
226,SR-MMP,0.001,92,58,15,43,25.86,74.14,50
94,SR-MMP,0.000966,114,85,12,73,14.12,85.88,51
197,SR-MMP,0.000961,55,40,5,35,12.5,87.5,52
282,SR-MMP,0.000955,57,33,2,31,6.06,93.94,53
12,SR-MMP,0.000944,81,58,4,54,6.9,93.1,54
93,SR-MMP,0.00092,47,33,6,27,18.18,81.82,55
101,SR-MMP,0.000898,56,43,10,33,23.26,76.74,56
231,SR-MMP,0.000884,69,43,12,31,27.91,72.09,57
58,SR-MMP,0.000884,68,51,12,39,23.53,76.47,58
60,SR-MMP,0.000878,36,26,2,24,7.69,92.31,59
43,SR-MMP,0.000873,59,44,8,36,18.18,81.82,60
203,SR-MMP,0.000861,59,39,6,33,15.38,84.62,61
30,SR-MMP,0.000856,40,26,3,23,11.54,88.46,62
50,SR-MMP,0.000822,52,38,8,30,21.05,78.95,63
74,SR-MMP,0.000799,24,17,5,12,29.41,70.59,64
96,SR-MMP,0.000797,48,37,10,27,27.03,72.97,65
11,SR-MMP,0.000795,82,62,11,51,17.74,82.26,66
123,SR-MMP,0.000789,34,27,6,21,22.22,77.78,67
92,SR-MMP,0.000766,100,77,9,68,11.69,88.31,68
112,SR-MMP,0.000757,33,26,5,21,19.23,80.77,69
18,SR-MMP,0.000751,52,38,6,32,15.79,84.21,70
150,SR-MMP,0.000743,57,48,11,37,22.92,77.08,71
40,SR-MMP,0.000738,15,9,1,8,11.11,88.89,72
64,SR-MMP,0.000729,47,32,10,22,31.25,68.75,73
219,SR-MMP,0.000722,13,10,3,7,30.0,70.0,74
156,SR-MMP,0.000718,39,25,2,23,8.0,92.0,75
21,SR-MMP,0.00071,56,34,7,27,20.59,79.41,76
269,SR-MMP,0.000705,18,12,2,10,16.67,83.33,77
34,SR-MMP,0.000703,93,69,11,58,15.94,84.06,78
246,SR-MMP,0.00069,6,3,1,2,33.33,66.67,79
89,SR-MMP,0.000688,50,37,4,33,10.81,89.19,80
5,SR-MMP,0.000681,36,24,6,18,25.0,75.0,81
122,SR-MMP,0.000675,10,5,2,3,40.0,60.0,82
157,SR-MMP,0.000674,37,29,1,28,3.45,96.55,83
66,SR-MMP,0.000673,44,30,4,26,13.33,86.67,84
158,SR-MMP,0.000664,24,15,2,13,13.33,86.67,85
45,SR-MMP,0.000649,35,22,6,16,27.27,72.73,86
78,SR-MMP,0.000643,14,11,4,7,36.36,63.64,87
97,SR-MMP,0.000639,41,28,4,24,14.29,85.71,88
77,SR-MMP,0.000629,33,22,5,17,22.73,77.27,89
19,SR-MMP,0.000605,52,36,11,25,30.56,69.44,90
62,SR-MMP,0.000602,21,16,3,13,18.75,81.25,91
211,SR-MMP,0.000602,20,13,6,7,46.15,53.85,92
281,SR-MMP,0.000599,27,23,3,20,13.04,86.96,93
292,SR-MMP,0.000597,17,14,2,12,14.29,85.71,94
35,SR-MMP,0.000584,21,16,4,12,25.0,75.0,95
70,SR-MMP,0.000583,60,46,7,39,15.22,84.78,96
53,SR-MMP,0.000568,28,18,2,16,11.11,88.89,97
10,SR-MMP,0.00056,30,19,6,13,31.58,68.42,98
257,SR-MMP,0.000559,12,9,1,8,11.11,88.89,99
133,SR-MMP,0.000559,35,25,2,23,8.0,92.0,100
113,SR-MMP,0.000556,21,9,0,9,0.0,100.0,101
235,SR-MMP,0.00054,8,5,3,2,60.0,40.0,102
142,SR-MMP,0.000528,32,21,6,15,28.57,71.43,103
82,SR-MMP,0.000511,14,10,2,8,20.0,80.0,104
214,SR-MMP,0.000508,17,13,4,9,30.77,69.23,105
240,SR-MMP,0.000507,5,5,0,5,0.0,100.0,106
90,SR-MMP,0.000502,30,21,3,18,14.29,85.71,107
98,SR-MMP,0.000497,39,29,4,25,13.79,86.21,108
268,SR-MMP,0.000494,46,36,6,30,16.67,83.33,109
95,SR-MMP,0.000492,24,20,1,19,5.0,95.0,110
252,SR-MMP,0.000482,31,22,4,18,18.18,81.82,111
167,SR-MMP,0.000477,6,5,0,5,0.0,100.0,112
80,SR-MMP,0.00047,21,12,3,9,25.0,75.0,113
81,SR-MMP,0.000467,20,14,3,11,21.43,78.57,114
47,SR-MMP,0.000466,6,5,3,2,60.0,40.0,115
110,SR-MMP,0.000465,13,10,1,9,10.0,90.0,116
210,SR-MMP,0.000462,42,25,4,21,16.0,84.0,117
271,SR-MMP,0.000462,21,16,3,13,18.75,81.25,118
145,SR-MMP,0.000458,20,12,4,8,33.33,66.67,119
1,SR-MMP,0.000451,10,7,2,5,28.57,71.43,120
162,SR-MMP,0.000448,14,8,0,8,0.0,100.0,121
193,SR-MMP,0.000448,32,23,5,18,21.74,78.26,122
63,SR-MMP,0.000445,21,13,2,11,15.38,84.62,123
22,SR-MMP,0.000438,18,13,1,12,7.69,92.31,124
51,SR-MMP,0.000437,30,20,3,17,15.0,85.0,125
31,SR-MMP,0.000436,27,20,3,17,15.0,85.0,126
185,SR-MMP,0.000424,39,28,2,26,7.14,92.86,127
190,SR-MMP,0.000423,35,30,5,25,16.67,83.33,128
9,SR-MMP,0.00041,19,13,1,12,7.69,92.31,129
238,SR-MMP,0.000406,11,10,2,8,20.0,80.0,130
107,SR-MMP,0.000402,8,7,1,6,14.29,85.71,131
256,SR-MMP,0.000399,31,23,4,19,17.39,82.61,132
291,SR-MMP,0.000397,27,18,1,17,5.56,94.44,133
209,SR-MMP,0.000395,17,12,0,12,0.0,100.0,134
25,SR-MMP,0.00039,8,5,1,4,20.0,80.0,135
105,SR-MMP,0.00039,17,13,3,10,23.08,76.92,136
194,SR-MMP,0.000389,30,22,5,17,22.73,77.27,137
52,SR-MMP,0.000389,16,11,2,9,18.18,81.82,138
177,SR-MMP,0.000387,26,15,3,12,20.0,80.0,139
253,SR-MMP,0.000384,19,14,0,14,0.0,100.0,140
36,SR-MMP,0.000381,13,8,2,6,25.0,75.0,141
6,SR-MMP,0.000378,9,7,3,4,42.86,57.14,142
251,SR-MMP,0.000376,29,20,4,16,20.0,80.0,143
155,SR-MMP,0.000374,9,5,0,5,0.0,100.0,144
68,SR-MMP,0.000373,18,15,4,11,26.67,73.33,145
270,SR-MMP,0.000372,12,9,0,9,0.0,100.0,146
220,SR-MMP,0.000369,5,3,0,3,0.0,100.0,147
202,SR-MMP,0.000364,10,7,0,7,0.0,100.0,148
161,SR-MMP,0.000362,21,14,3,11,21.43,78.57,149
208,SR-MMP,0.000359,9,8,2,6,25.0,75.0,150
245,SR-MMP,0.000357,11,6,2,4,33.33,66.67,151
225,SR-MMP,0.000357,2,2,1,1,50.0,50.0,152
244,SR-MMP,0.000356,5,5,1,4,20.0,80.0,153
174,SR-MMP,0.000356,12,10,1,9,10.0,90.0,154
54,SR-MMP,0.000354,8,6,3,3,50.0,50.0,155
37,SR-MMP,0.000351,29,18,4,14,22.22,77.78,156
266,SR-MMP,0.000345,6,6,0,6,0.0,100.0,157
169,SR-MMP,0.000344,14,9,3,6,33.33,66.67,158
102,SR-MMP,0.000343,22,17,4,13,23.53,76.47,159
7,SR-MMP,0.000343,23,20,2,18,10.0,90.0,160
132,SR-MMP,0.000342,19,12,3,9,25.0,75.0,161
297,SR-MMP,0.000341,26,18,2,16,11.11,88.89,162
236,SR-MMP,0.000333,11,8,2,6,25.0,75.0,163
135,SR-MMP,0.000328,13,8,0,8,0.0,100.0,164
232,SR-MMP,0.000327,11,9,1,8,11.11,88.89,165
178,SR-MMP,0.000319,27,20,3,17,15.0,85.0,166
13,SR-MMP,0.000318,7,4,1,3,25.0,75.0,167
116,SR-MMP,0.000317,9,6,2,4,33.33,66.67,168
100,SR-MMP,0.000316,33,23,1,22,4.35,95.65,169
148,SR-MMP,0.000307,7,5,1,4,20.0,80.0,170
85,SR-MMP,0.000307,22,18,3,15,16.67,83.33,171
262,SR-MMP,0.000306,5,4,0,4,0.0,100.0,172
120,SR-MMP,0.000306,9,5,1,4,20.0,80.0,173
130,SR-MMP,0.000305,12,8,0,8,0.0,100.0,174
176,SR-MMP,0.000304,39,32,2,30,6.25,93.75,175
168,SR-MMP,0.0003,7,7,1,6,14.29,85.71,176
212,SR-MMP,0.000297,6,3,1,2,33.33,66.67,177
144,SR-MMP,0.000286,16,12,2,10,16.67,83.33,178
172,SR-MMP,0.000285,12,8,1,7,12.5,87.5,179
264,SR-MMP,0.00028,10,9,3,6,33.33,66.67,180
182,SR-MMP,0.000278,14,8,1,7,12.5,87.5,181
103,SR-MMP,0.000277,9,6,0,6,0.0,100.0,182
154,SR-MMP,0.000273,27,20,4,16,20.0,80.0,183
221,SR-MMP,0.000273,30,22,7,15,31.82,68.18,184
180,SR-MMP,0.000272,11,7,3,4,42.86,57.14,185
279,SR-MMP,0.00027,5,3,0,3,0.0,100.0,186
3,SR-MMP,0.00027,12,11,2,9,18.18,81.82,187
216,SR-MMP,0.000265,4,3,0,3,0.0,100.0,188
175,SR-MMP,0.000259,9,6,0,6,0.0,100.0,189
136,SR-MMP,0.000257,8,6,0,6,0.0,100.0,190
42,SR-MMP,0.000255,6,5,0,5,0.0,100.0,191
191,SR-MMP,0.000254,17,13,2,11,15.38,84.62,192
248,SR-MMP,0.00025,19,15,1,14,6.67,93.33,193
0,SR-MMP,0.00025,20,11,2,9,18.18,81.82,194
28,SR-MMP,0.000249,19,12,2,10,16.67,83.33,195
16,SR-MMP,0.000248,40,31,3,28,9.68,90.32,196
289,SR-MMP,0.000244,14,10,3,7,30.0,70.0,197
204,SR-MMP,0.000239,19,14,4,10,28.57,71.43,198
205,SR-MMP,0.000238,19,14,2,12,14.29,85.71,199
285,SR-MMP,0.000236,4,3,1,2,33.33,66.67,200
86,SR-MMP,0.000235,19,11,0,11,0.0,100.0,201
143,SR-MMP,0.000233,20,12,3,9,25.0,75.0,202
224,SR-MMP,0.000231,16,13,2,11,15.38,84.62,203
41,SR-MMP,0.00023,22,18,5,13,27.78,72.22,204
298,SR-MMP,0.000228,6,4,1,3,25.0,75.0,205
69,SR-MMP,0.000227,14,13,3,10,23.08,76.92,206
273,SR-MMP,0.000219,6,6,3,3,50.0,50.0,207
71,SR-MMP,0.000219,12,6,1,5,16.67,83.33,208
181,SR-MMP,0.000217,12,8,0,8,0.0,100.0,209
75,SR-MMP,0.000216,7,6,2,4,33.33,66.67,210
277,SR-MMP,0.00021,12,9,1,8,11.11,88.89,211
124,SR-MMP,0.000208,16,10,4,6,40.0,60.0,212
189,SR-MMP,0.000205,10,3,0,3,0.0,100.0,213
166,SR-MMP,0.000204,7,6,3,3,50.0,50.0,214
186,SR-MMP,0.000202,5,5,1,4,20.0,80.0,215
228,SR-MMP,0.000201,7,3,0,3,0.0,100.0,216
286,SR-MMP,0.0002,5,3,0,3,0.0,100.0,217
141,SR-MMP,0.0002,4,2,0,2,0.0,100.0,218
284,SR-MMP,0.000194,6,4,2,2,50.0,50.0,219
165,SR-MMP,0.000193,8,6,1,5,16.67,83.33,220
222,SR-MMP,0.000191,10,6,1,5,16.67,83.33,221
39,SR-MMP,0.000189,10,7,0,7,0.0,100.0,222
147,SR-MMP,0.000187,4,3,2,1,66.67,33.33,223
233,SR-MMP,0.000187,6,4,2,2,50.0,50.0,224
115,SR-MMP,0.000184,10,9,1,8,11.11,88.89,225
139,SR-MMP,0.000181,7,4,0,4,0.0,100.0,226
196,SR-MMP,0.000181,21,16,3,13,18.75,81.25,227
171,SR-MMP,0.000177,5,4,0,4,0.0,100.0,228
274,SR-MMP,0.000177,8,6,0,6,0.0,100.0,229
195,SR-MMP,0.000175,7,5,0,5,0.0,100.0,230
250,SR-MMP,0.000174,5,2,0,2,0.0,100.0,231
237,SR-MMP,0.000168,4,2,1,1,50.0,50.0,232
164,SR-MMP,0.000168,11,7,2,5,28.57,71.43,233
87,SR-MMP,0.000167,7,5,1,4,20.0,80.0,234
276,SR-MMP,0.000166,11,9,0,9,0.0,100.0,235
278,SR-MMP,0.000165,5,3,1,2,33.33,66.67,236
88,SR-MMP,0.000164,6,3,0,3,0.0,100.0,237
239,SR-MMP,0.000162,15,10,1,9,10.0,90.0,238
243,SR-MMP,0.000159,11,8,1,7,12.5,87.5,239
173,SR-MMP,0.000151,2,1,0,1,0.0,100.0,240
55,SR-MMP,0.000151,7,6,2,4,33.33,66.67,241
192,SR-MMP,0.00015,6,3,0,3,0.0,100.0,242
14,SR-MMP,0.00015,15,7,0,7,0.0,100.0,243
255,SR-MMP,0.000148,10,6,0,6,0.0,100.0,244
179,SR-MMP,0.000148,7,6,0,6,0.0,100.0,245
295,SR-MMP,0.000145,5,4,0,4,0.0,100.0,246
259,SR-MMP,0.000142,8,6,0,6,0.0,100.0,247
20,SR-MMP,0.000142,13,10,1,9,10.0,90.0,248
272,SR-MMP,0.000135,6,5,2,3,40.0,60.0,249
207,SR-MMP,0.000133,6,5,2,3,40.0,60.0,250
294,SR-MMP,0.000128,3,3,1,2,33.33,66.67,251
241,SR-MMP,0.000128,5,3,0,3,0.0,100.0,252
263,SR-MMP,0.000127,10,7,0,7,0.0,100.0,253
23,SR-MMP,0.000124,8,8,0,8,0.0,100.0,254
296,SR-MMP,0.000124,9,6,1,5,16.67,83.33,255
183,SR-MMP,0.000122,14,13,3,10,23.08,76.92,256
119,SR-MMP,0.000119,8,6,1,5,16.67,83.33,257
288,SR-MMP,0.000117,10,7,2,5,28.57,71.43,258
134,SR-MMP,0.000113,12,8,0,8,0.0,100.0,259
65,SR-MMP,0.000113,10,9,1,8,11.11,88.89,260
184,SR-MMP,0.000111,9,8,1,7,12.5,87.5,261
67,SR-MMP,0.000111,4,2,0,2,0.0,100.0,262
261,SR-MMP,0.000107,2,1,0,1,0.0,100.0,263
201,SR-MMP,0.000104,7,6,3,3,50.0,50.0,264
131,SR-MMP,0.000104,2,2,0,2,0.0,100.0,265
57,SR-MMP,0.000101,11,8,1,7,12.5,87.5,266
73,SR-MMP,9.9e-05,7,5,0,5,0.0,100.0,267
213,SR-MMP,9.3e-05,11,10,0,10,0.0,100.0,268
260,SR-MMP,9e-05,4,3,0,3,0.0,100.0,269
24,SR-MMP,8.4e-05,8,4,0,4,0.0,100.0,270
79,SR-MMP,8.3e-05,7,5,2,3,40.0,60.0,271
151,SR-MMP,8.2e-05,5,3,0,3,0.0,100.0,272
48,SR-MMP,7.9e-05,6,5,0,5,0.0,100.0,273
140,SR-MMP,7.9e-05,7,7,1,6,14.29,85.71,274
249,SR-MMP,7.7e-05,5,4,0,4,0.0,100.0,275
56,SR-MMP,7.3e-05,9,7,2,5,28.57,71.43,276
229,SR-MMP,7e-05,2,2,0,2,0.0,100.0,277
215,SR-MMP,7e-05,8,6,0,6,0.0,100.0,278
200,SR-MMP,6.5e-05,8,7,0,7,0.0,100.0,279
61,SR-MMP,6.2e-05,4,4,0,4,0.0,100.0,280
127,SR-MMP,6.1e-05,2,2,1,1,50.0,50.0,281
198,SR-MMP,5.4e-05,10,4,0,4,0.0,100.0,282
170,SR-MMP,4.8e-05,5,4,0,4,0.0,100.0,283
199,SR-MMP,4.8e-05,7,6,0,6,0.0,100.0,284
160,SR-MMP,4e-05,4,2,0,2,0.0,100.0,285
206,SR-MMP,3.4e-05,4,3,0,3,0.0,100.0,286
247,SR-MMP,3e-05,4,4,1,3,25.0,75.0,287
126,SR-MMP,3e-05,4,1,0,1,0.0,100.0,288
99,SR-MMP,3e-05,4,4,1,3,25.0,75.0,289
187,SR-MMP,2.6e-05,2,1,0,1,0.0,100.0,290
188,SR-MMP,2.5e-05,3,2,1,1,50.0,50.0,291
258,SR-MMP,2.3e-05,3,3,0,3,0.0,100.0,292
108,SR-MMP,2.1e-05,1,1,0,1,0.0,100.0,293
217,SR-MMP,2e-05,2,1,0,1,0.0,100.0,294
83,SR-MMP,1.9e-05,2,2,0,2,0.0,100.0,295
223,SR-MMP,1.9e-05,4,4,0,4,0.0,100.0,296
76,SR-p53,0.012317,343,281,16,265,5.69,94.31,1
254,SR-p53,0.004468,264,225,19,206,8.44,91.56,2
265,SR-p53,0.00438,274,241,28,213,11.62,88.38,3
149,SR-p53,0.004121,120,105,12,93,11.43,88.57,4
29,SR-p53,0.003807,128,118,12,106,10.17,89.83,5
106,SR-p53,0.003574,239,198,6,192,3.03,96.97,6
38,SR-p53,0.003246,241,212,22,190,10.38,89.62,7
17,SR-p53,0.002873,233,197,18,179,9.14,90.86,8
33,SR-p53,0.002864,166,137,17,120,12.41,87.59,9
2,SR-p53,0.00277,185,151,12,139,7.95,92.05,10
104,SR-p53,0.002709,163,138,11,127,7.97,92.03,11
153,SR-p53,0.002496,215,188,18,170,9.57,90.43,12
121,SR-p53,0.002455,90,79,12,67,15.19,84.81,13
280,SR-p53,0.002302,122,106,7,99,6.6,93.4,14
11,SR-p53,0.002248,82,70,7,63,10.0,90.0,15
4,SR-p53,0.002232,143,122,10,112,8.2,91.8,16
59,SR-p53,0.002226,158,136,11,125,8.09,91.91,17
26,SR-p53,0.00214,101,80,6,74,7.5,92.5,18
44,SR-p53,0.00213,155,134,12,122,8.96,91.04,19
129,SR-p53,0.002122,96,83,5,78,6.02,93.98,20
60,SR-p53,0.002097,36,31,3,28,9.68,90.32,21
146,SR-p53,0.002075,117,91,9,82,9.89,90.11,22
287,SR-p53,0.002074,167,145,14,131,9.66,90.34,23
72,SR-p53,0.001979,256,211,17,194,8.06,91.94,24
275,SR-p53,0.001968,32,25,3,22,12.0,88.0,25
94,SR-p53,0.001955,114,96,5,91,5.21,94.79,26
8,SR-p53,0.001914,97,83,11,72,13.25,86.75,27
117,SR-p53,0.001882,144,121,11,110,9.09,90.91,28
43,SR-p53,0.00188,59,50,5,45,10.0,90.0,29
128,SR-p53,0.001863,83,65,8,57,12.31,87.69,30
163,SR-p53,0.001791,107,92,5,87,5.43,94.57,31
293,SR-p53,0.001776,92,76,6,70,7.89,92.11,32
282,SR-p53,0.001757,57,44,3,41,6.82,93.18,33
226,SR-p53,0.001736,92,75,10,65,13.33,86.67,34
125,SR-p53,0.001713,47,38,8,30,21.05,78.95,35
159,SR-p53,0.001661,127,111,7,104,6.31,93.69,36
283,SR-p53,0.00164,35,30,2,28,6.67,93.33,37
15,SR-p53,0.001637,222,189,17,172,8.99,91.01,38
91,SR-p53,0.00157,93,78,5,73,6.41,93.59,39
66,SR-p53,0.001527,44,40,4,36,10.0,90.0,40
197,SR-p53,0.001504,55,51,2,49,3.92,96.08,41
114,SR-p53,0.001473,126,100,9,91,9.0,91.0,42
185,SR-p53,0.001471,39,35,3,32,8.57,91.43,43
97,SR-p53,0.001452,41,34,2,32,5.88,94.12,44
138,SR-p53,0.001423,81,73,6,67,8.22,91.78,45
118,SR-p53,0.001416,86,75,5,70,6.67,93.33,46
101,SR-p53,0.001395,56,49,4,45,8.16,91.84,47
46,SR-p53,0.001368,88,78,10,68,12.82,87.18,48
230,SR-p53,0.001351,75,63,2,61,3.17,96.83,49
227,SR-p53,0.001301,81,66,8,58,12.12,87.88,50
152,SR-p53,0.001291,88,73,3,70,4.11,95.89,51
93,SR-p53,0.00128,47,44,5,39,11.36,88.64,52
234,SR-p53,0.001254,53,42,7,35,16.67,83.33,53
12,SR-p53,0.001241,81,67,4,63,5.97,94.03,54
92,SR-p53,0.001231,100,85,14,71,16.47,83.53,55
32,SR-p53,0.001212,74,65,13,52,20.0,80.0,56
27,SR-p53,0.001206,82,69,5,64,7.25,92.75,57
267,SR-p53,0.001202,63,53,5,48,9.43,90.57,58
21,SR-p53,0.0012,56,43,5,38,11.63,88.37,59
161,SR-p53,0.001184,21,16,1,15,6.25,93.75,60
133,SR-p53,0.001177,35,35,1,34,2.86,97.14,61
49,SR-p53,0.001175,46,35,3,32,8.57,91.43,62
253,SR-p53,0.001164,19,15,1,14,6.67,93.33,63
297,SR-p53,0.001162,26,23,1,22,4.35,95.65,64
95,SR-p53,0.001117,24,20,0,20,0.0,100.0,65
221,SR-p53,0.001116,30,27,2,25,7.41,92.59,66
299,SR-p53,0.00111,29,25,3,22,12.0,88.0,67
45,SR-p53,0.001098,35,27,4,23,14.81,85.19,68
143,SR-p53,0.001088,20,18,0,18,0.0,100.0,69
50,SR-p53,0.001086,52,40,3,37,7.5,92.5,70
235,SR-p53,0.001085,8,6,0,6,0.0,100.0,71
58,SR-p53,0.001059,68,50,4,46,8.0,92.0,72
150,SR-p53,0.001037,57,48,4,44,8.33,91.67,73
248,SR-p53,0.00103,19,16,0,16,0.0,100.0,74
210,SR-p53,0.001014,42,34,4,30,11.76,88.24,75
193,SR-p53,0.00101,32,24,3,21,12.5,87.5,76
196,SR-p53,0.001006,21,21,2,19,9.52,90.48,77
144,SR-p53,0.000989,16,11,1,10,9.09,90.91,78
256,SR-p53,0.000988,31,28,3,25,10.71,89.29,79
84,SR-p53,0.000985,59,50,6,44,12.0,88.0,80
98,SR-p53,0.00098,39,31,2,29,6.45,93.55,81
74,SR-p53,0.000968,24,20,2,18,10.0,90.0,82
269,SR-p53,0.000967,18,17,2,15,11.76,88.24,83
190,SR-p53,0.000961,35,32,4,28,12.5,87.5,84
268,SR-p53,0.000957,46,43,4,39,9.3,90.7,85
82,SR-p53,0.000947,14,12,1,11,8.33,91.67,86
154,SR-p53,0.000942,27,25,1,24,4.0,96.0,87
252,SR-p53,0.000934,31,25,5,20,20.0,80.0,88
34,SR-p53,0.000901,93,80,4,76,5.0,95.0,89
70,SR-p53,0.000886,60,49,4,45,8.16,91.84,90
35,SR-p53,0.000864,21,20,2,18,10.0,90.0,91
122,SR-p53,0.000855,10,7,1,6,14.29,85.71,92
90,SR-p53,0.000855,30,23,1,22,4.35,95.65,93
156,SR-p53,0.000851,39,30,0,30,0.0,100.0,94
178,SR-p53,0.000843,27,23,1,22,4.35,95.65,95
176,SR-p53,0.000837,39,36,5,31,13.89,86.11,96
162,SR-p53,0.000836,14,13,1,12,7.69,92.31,97
102,SR-p53,0.000834,22,16,2,14,12.5,87.5,98
194,SR-p53,0.000807,30,28,1,27,3.57,96.43,99
271,SR-p53,0.000805,21,19,2,17,10.53,89.47,100
232,SR-p53,0.000795,11,10,2,8,20.0,80.0,101
18,SR-p53,0.00079,52,43,2,41,4.65,95.35,102
9,SR-p53,0.000781,19,18,2,16,11.11,88.89,103
142,SR-p53,0.00078,32,27,5,22,18.52,81.48,104
77,SR-p53,0.000769,33,25,0,25,0.0,100.0,105
263,SR-p53,0.000768,10,9,0,9,0.0,100.0,106
64,SR-p53,0.000765,47,44,4,40,9.09,90.91,107
231,SR-p53,0.000755,69,52,6,46,11.54,88.46,108
80,SR-p53,0.000741,21,14,4,10,28.57,71.43,109
291,SR-p53,0.000735,27,22,1,21,4.55,95.45,110
243,SR-p53,0.000727,11,9,1,8,11.11,88.89,111
292,SR-p53,0.000727,17,16,2,14,12.5,87.5,112
145,SR-p53,0.00072,20,16,1,15,6.25,93.75,113
100,SR-p53,0.000707,33,26,2,24,7.69,92.31,114
123,SR-p53,0.000707,34,25,2,23,8.0,92.0,115
16,SR-p53,0.000702,40,37,6,31,16.22,83.78,116
157,SR-p53,0.000682,37,35,4,31,11.43,88.57,117
288,SR-p53,0.000672,10,8,1,7,12.5,87.5,118
53,SR-p53,0.000659,28,21,1,20,4.76,95.24,119
5,SR-p53,0.000655,36,30,5,25,16.67,83.33,120
19,SR-p53,0.000654,52,40,7,33,17.5,82.5,121
10,SR-p53,0.000641,30,23,3,20,13.04,86.96,122
3,SR-p53,0.000629,12,10,0,10,0.0,100.0,123
255,SR-p53,0.00062,10,7,1,6,14.29,85.71,124
89,SR-p53,0.000609,50,45,7,38,15.56,84.44,125
81,SR-p53,0.000605,20,14,0,14,0.0,100.0,126
96,SR-p53,0.000591,48,40,7,33,17.5,82.5,127
30,SR-p53,0.000588,40,30,2,28,6.67,93.33,128
113,SR-p53,0.000582,21,18,1,17,5.56,94.44,129
68,SR-p53,0.000581,18,14,1,13,7.14,92.86,130
191,SR-p53,0.00058,17,14,2,12,14.29,85.71,131
218,SR-p53,0.000575,20,14,2,12,14.29,85.71,132
219,SR-p53,0.000568,13,9,0,9,0.0,100.0,133
207,SR-p53,0.000566,6,6,1,5,16.67,83.33,134
177,SR-p53,0.000561,26,21,2,19,9.52,90.48,135
36,SR-p53,0.000556,13,11,2,9,18.18,81.82,136
110,SR-p53,0.000554,13,11,0,11,0.0,100.0,137
203,SR-p53,0.000551,59,46,6,40,13.04,86.96,138
107,SR-p53,0.000538,8,8,0,8,0.0,100.0,139
112,SR-p53,0.000535,33,26,3,23,11.54,88.46,140
39,SR-p53,0.000527,10,9,1,8,11.11,88.89,141
63,SR-p53,0.000523,21,17,2,15,11.76,88.24,142
224,SR-p53,0.000522,16,14,0,14,0.0,100.0,143
52,SR-p53,0.000518,16,16,3,13,18.75,81.25,144
251,SR-p53,0.000516,29,24,3,21,12.5,87.5,145
69,SR-p53,0.000514,14,12,0,12,0.0,100.0,146
160,SR-p53,0.000501,4,3,0,3,0.0,100.0,147
14,SR-p53,0.000492,15,14,1,13,7.14,92.86,148
22,SR-p53,0.000491,18,16,2,14,12.5,87.5,149
183,SR-p53,0.000486,14,13,3,10,23.08,76.92,150
132,SR-p53,0.000484,19,16,2,14,12.5,87.5,151
214,SR-p53,0.000482,17,16,1,15,6.25,93.75,152
57,SR-p53,0.000481,11,9,0,9,0.0,100.0,153
37,SR-p53,0.000477,29,23,2,21,8.7,91.3,154
139,SR-p53,0.000466,7,6,0,6,0.0,100.0,155
28,SR-p53,0.000466,19,14,1,13,7.14,92.86,156
148,SR-p53,0.000462,7,7,3,4,42.86,57.14,157
233,SR-p53,0.000462,6,4,2,2,50.0,50.0,158
158,SR-p53,0.000457,24,20,3,17,15.0,85.0,159
85,SR-p53,0.000448,22,19,3,16,15.79,84.21,160
236,SR-p53,0.000445,11,11,2,9,18.18,81.82,161
51,SR-p53,0.000444,30,26,4,22,15.38,84.62,162
105,SR-p53,0.000444,17,16,1,15,6.25,93.75,163
180,SR-p53,0.000443,11,11,4,7,36.36,63.64,164
240,SR-p53,0.000436,5,4,0,4,0.0,100.0,165
266,SR-p53,0.000434,6,6,0,6,0.0,100.0,166
140,SR-p53,0.000434,7,6,0,6,0.0,100.0,167
182,SR-p53,0.000432,14,9,0,9,0.0,100.0,168
277,SR-p53,0.000426,12,10,0,10,0.0,100.0,169
264,SR-p53,0.000419,10,9,0,9,0.0,100.0,170
186,SR-p53,0.000418,5,4,0,4,0.0,100.0,171
222,SR-p53,0.000418,10,9,2,7,22.22,77.78,172
134,SR-p53,0.000416,12,11,1,10,9.09,90.91,173
31,SR-p53,0.000409,27,22,3,19,13.64,86.36,174
24,SR-p53,0.0004,8,6,0,6,0.0,100.0,175
62,SR-p53,0.0004,21,19,1,18,5.26,94.74,176
13,SR-p53,0.000399,7,6,0,6,0.0,100.0,177
41,SR-p53,0.000388,22,17,3,14,17.65,82.35,178
289,SR-p53,0.000388,14,12,1,11,8.33,91.67,179
25,SR-p53,0.000386,8,6,1,5,16.67,83.33,180
169,SR-p53,0.000381,14,13,1,12,7.69,92.31,181
273,SR-p53,0.00038,6,5,2,3,40.0,60.0,182
6,SR-p53,0.000374,9,7,0,7,0.0,100.0,183
115,SR-p53,0.000369,10,9,1,8,11.11,88.89,184
79,SR-p53,0.000368,7,6,1,5,16.67,83.33,185
65,SR-p53,0.000366,10,9,0,9,0.0,100.0,186
7,SR-p53,0.000365,23,21,3,18,14.29,85.71,187
211,SR-p53,0.000359,20,17,4,13,23.53,76.47,188
239,SR-p53,0.000357,15,14,5,9,35.71,64.29,189
171,SR-p53,0.000354,5,4,0,4,0.0,100.0,190
116,SR-p53,0.00035,9,6,2,4,33.33,66.67,191
137,SR-p53,0.000349,18,15,0,15,0.0,100.0,192
130,SR-p53,0.000345,12,8,0,8,0.0,100.0,193
78,SR-p53,0.000342,14,8,0,8,0.0,100.0,194
164,SR-p53,0.00034,11,10,1,9,10.0,90.0,195
281,SR-p53,0.000335,27,25,0,25,0.0,100.0,196
175,SR-p53,0.000334,9,7,1,6,14.29,85.71,197
155,SR-p53,0.000333,9,7,1,6,14.29,85.71,198
205,SR-p53,0.000332,19,18,3,15,16.67,83.33,199
1,SR-p53,0.000332,10,9,0,9,0.0,100.0,200
278,SR-p53,0.00033,5,2,0,2,0.0,100.0,201
170,SR-p53,0.000329,5,4,0,4,0.0,100.0,202
274,SR-p53,0.000326,8,6,1,5,16.67,83.33,203
223,SR-p53,0.000324,4,3,0,3,0.0,100.0,204
208,SR-p53,0.000324,9,9,1,8,11.11,88.89,205
0,SR-p53,0.000324,20,13,3,10,23.08,76.92,206
20,SR-p53,0.000321,13,11,2,9,18.18,81.82,207
209,SR-p53,0.000317,17,14,1,13,7.14,92.86,208
47,SR-p53,0.000312,6,5,2,3,40.0,60.0,209
259,SR-p53,0.000309,8,8,1,7,12.5,87.5,210
55,SR-p53,0.000308,7,7,0,7,0.0,100.0,211
172,SR-p53,0.000304,12,11,3,8,27.27,72.73,212
166,SR-p53,0.000302,7,7,0,7,0.0,100.0,213
88,SR-p53,0.000302,6,4,1,3,25.0,75.0,214
206,SR-p53,0.000301,4,3,0,3,0.0,100.0,215
204,SR-p53,0.000299,19,15,1,14,6.67,93.33,216
40,SR-p53,0.000299,15,11,0,11,0.0,100.0,217
198,SR-p53,0.000299,10,9,2,7,22.22,77.78,218
215,SR-p53,0.000296,8,6,1,5,16.67,83.33,219
131,SR-p53,0.000295,2,2,0,2,0.0,100.0,220
168,SR-p53,0.000293,7,7,0,7,0.0,100.0,221
174,SR-p53,0.00029,12,11,2,9,18.18,81.82,222
199,SR-p53,0.000278,7,7,0,7,0.0,100.0,223
250,SR-p53,0.000278,5,3,1,2,33.33,66.67,224
257,SR-p53,0.000277,12,12,1,11,8.33,91.67,225
276,SR-p53,0.000275,11,8,1,7,12.5,87.5,226
246,SR-p53,0.000274,6,4,1,3,25.0,75.0,227
298,SR-p53,0.000272,6,6,2,4,33.33,66.67,228
56,SR-p53,0.000271,9,9,0,9,0.0,100.0,229
120,SR-p53,0.00027,9,6,1,5,16.67,83.33,230
179,SR-p53,0.000269,7,7,0,7,0.0,100.0,231
270,SR-p53,0.000258,12,11,1,10,9.09,90.91,232
167,SR-p53,0.000256,6,6,1,5,16.67,83.33,233
245,SR-p53,0.000251,11,7,1,6,14.29,85.71,234
61,SR-p53,0.00025,4,4,0,4,0.0,100.0,235
201,SR-p53,0.00025,7,7,2,5,28.57,71.43,236
284,SR-p53,0.00025,6,4,0,4,0.0,100.0,237
247,SR-p53,0.000246,4,4,1,3,25.0,75.0,238
181,SR-p53,0.000244,12,10,0,10,0.0,100.0,239
296,SR-p53,0.000241,9,8,0,8,0.0,100.0,240
189,SR-p53,0.000239,10,10,2,8,20.0,80.0,241
136,SR-p53,0.000238,8,7,0,7,0.0,100.0,242
195,SR-p53,0.000225,7,6,1,5,16.67,83.33,243
23,SR-p53,0.000224,8,7,0,7,0.0,100.0,244
202,SR-p53,0.000222,10,9,1,8,11.11,88.89,245
213,SR-p53,0.000219,11,10,0,10,0.0,100.0,246
241,SR-p53,0.000213,5,4,0,4,0.0,100.0,247
295,SR-p53,0.000211,5,5,0,5,0.0,100.0,248
200,SR-p53,0.00021,8,7,0,7,0.0,100.0,249
54,SR-p53,0.000203,8,7,1,6,14.29,85.71,250
238,SR-p53,0.000199,11,10,1,9,10.0,90.0,251
42,SR-p53,0.000198,6,6,0,6,0.0,100.0,252
124,SR-p53,0.000198,16,11,3,8,27.27,72.73,253
71,SR-p53,0.000197,12,10,2,8,20.0,80.0,254
151,SR-p53,0.000197,5,4,0,4,0.0,100.0,255
103,SR-p53,0.000194,9,8,2,6,25.0,75.0,256
216,SR-p53,0.000194,4,4,0,4,0.0,100.0,257
86,SR-p53,0.000185,19,16,4,12,25.0,75.0,258
147,SR-p53,0.000182,4,2,0,2,0.0,100.0,259
228,SR-p53,0.000181,7,6,0,6,0.0,100.0,260
99,SR-p53,0.000181,4,4,0,4,0.0,100.0,261
286,SR-p53,0.000176,5,5,1,4,20.0,80.0,262
244,SR-p53,0.000176,5,5,0,5,0.0,100.0,263
184,SR-p53,0.000175,9,8,0,8,0.0,100.0,264
165,SR-p53,0.000174,8,8,0,8,0.0,100.0,265
119,SR-p53,0.000173,8,6,1,5,16.67,83.33,266
262,SR-p53,0.00015,5,4,0,4,0.0,100.0,267
73,SR-p53,0.000147,7,5,0,5,0.0,100.0,268
192,SR-p53,0.000145,6,6,0,6,0.0,100.0,269
272,SR-p53,0.000139,6,5,2,3,40.0,60.0,270
126,SR-p53,0.000136,4,2,0,2,0.0,100.0,271
279,SR-p53,0.000132,5,5,0,5,0.0,100.0,272
141,SR-p53,0.000129,4,2,0,2,0.0,100.0,273
212,SR-p53,0.000125,6,6,1,5,16.67,83.33,274
87,SR-p53,0.000121,7,7,2,5,28.57,71.43,275
48,SR-p53,0.000119,6,5,0,5,0.0,100.0,276
135,SR-p53,0.00011,13,13,3,10,23.08,76.92,277
83,SR-p53,0.000105,2,2,0,2,0.0,100.0,278
294,SR-p53,9.7e-05,3,3,1,2,33.33,66.67,279
260,SR-p53,9.1e-05,4,4,1,3,25.0,75.0,280
188,SR-p53,8.6e-05,3,2,0,2,0.0,100.0,281
173,SR-p53,8.3e-05,2,2,0,2,0.0,100.0,282
220,SR-p53,8.3e-05,5,3,0,3,0.0,100.0,283
237,SR-p53,7.6e-05,4,4,1,3,25.0,75.0,284
75,SR-p53,7.4e-05,7,6,1,5,16.67,83.33,285
249,SR-p53,7.2e-05,5,5,1,4,20.0,80.0,286
285,SR-p53,6.4e-05,4,3,1,2,33.33,66.67,287
229,SR-p53,6.2e-05,2,2,1,1,50.0,50.0,288
217,SR-p53,6e-05,2,2,1,1,50.0,50.0,289
108,SR-p53,5.7e-05,1,1,0,1,0.0,100.0,290
187,SR-p53,5e-05,2,1,0,1,0.0,100.0,291
258,SR-p53,4.6e-05,3,2,0,2,0.0,100.0,292
225,SR-p53,4.6e-05,2,2,0,2,0.0,100.0,293
127,SR-p53,4.4e-05,2,1,0,1,0.0,100.0,294
67,SR-p53,2.8e-05,4,4,0,4,0.0,100.0,295
261,SR-p53,2.6e-05,2,1,0,1,0.0,100.0,296
290,SR-p53,2.2e-05,1,1,1,0,100.0,0.0,297
