seed,task,cluster,rank,importance,n_features
seed_122,NR-AR,70,0,3.988849639892578,27
seed_122,NR-AR,168,1,3.050467014312744,79
seed_122,NR-AR,72,2,2.2241122722625732,15
seed_122,NR-AR,7,3,1.8420897722244263,33
seed_122,NR-AR,128,4,1.7768176794052124,42
seed_122,NR-AR,139,5,1.7467737197875977,12
seed_122,NR-AR,58,6,1.2623896598815918,10
seed_122,NR-AR,63,7,1.2005300521850586,51
seed_122,NR-AR,0,8,0.8992125391960144,20
seed_122,NR-AR,62,9,0.8806920051574707,24
seed_122,NR-AR,6,10,0.68666672706604,18
seed_122,NR-AR,74,11,0.6803045868873596,19
seed_122,NR-AR,10,12,0.6759577393531799,17
seed_122,NR-AR,110,13,0.6721394062042236,20
seed_122,NR-AR,29,14,0.6691961288452148,39
seed_122,NR-AR,73,15,0.5655990242958069,16
seed_122,NR-AR,190,16,0.5094761252403259,13
seed_122,NR-AR,189,17,0.4969325065612793,9
seed_122,NR-AR,52,18,0.48292845487594604,16
seed_122,NR-AR,24,19,0.47702986001968384,21
seed_122,NR-AR,184,20,0.4494965076446533,7
seed_122,NR-AR,66,21,0.44821563363075256,13
seed_122,NR-AR,84,22,0.4242473542690277,15
seed_122,NR-AR,160,23,0.41496604681015015,11
seed_122,NR-AR,57,24,0.41440561413764954,9
seed_122,NR-AR,252,25,0.4069516360759735,4
seed_122,NR-AR,287,26,0.39760008454322815,8
seed_122,NR-AR,33,27,0.3832249641418457,17
seed_122,NR-AR,23,28,0.3796910047531128,30
seed_122,NR-AR,2,29,0.34289517998695374,14
seed_122,NR-AR,71,30,0.3416893780231476,11
seed_122,NR-AR,25,31,0.3360997438430786,8
seed_122,NR-AR,15,32,0.33582860231399536,26
seed_122,NR-AR,114,33,0.3236243426799774,7
seed_122,NR-AR,175,34,0.31848248839378357,9
seed_122,NR-AR,40,35,0.29828202724456787,6
seed_122,NR-AR,263,36,0.28899815678596497,6
seed_122,NR-AR,93,37,0.2862440347671509,16
seed_122,NR-AR,231,38,0.2779395282268524,8
seed_122,NR-AR,22,39,0.2609482407569885,13
seed_122,NR-AR,145,40,0.2511790692806244,17
seed_122,NR-AR,67,41,0.24323520064353943,16
seed_122,NR-AR,245,42,0.23805075883865356,15
seed_122,NR-AR,211,43,0.23532842099666595,13
seed_122,NR-AR,296,44,0.2349831610918045,10
seed_122,NR-AR,80,45,0.2305571436882019,8
seed_122,NR-AR,217,46,0.2288835048675537,4
seed_122,NR-AR,222,47,0.2252705991268158,4
seed_122,NR-AR,79,48,0.22102995216846466,9
seed_122,NR-AR,123,49,0.21668080985546112,11
seed_122,NR-AR,21,50,0.21104145050048828,13
seed_122,NR-AR,46,51,0.2083747684955597,13
seed_122,NR-AR,49,52,0.2056596428155899,17
seed_122,NR-AR,147,53,0.20113791525363922,16
seed_122,NR-AR,31,54,0.19965344667434692,20
seed_122,NR-AR,86,55,0.19913935661315918,9
seed_122,NR-AR,12,56,0.1971798986196518,6
seed_122,NR-AR,59,57,0.1883922964334488,8
seed_122,NR-AR,209,58,0.1868199110031128,7
seed_122,NR-AR,136,59,0.18339335918426514,18
seed_122,NR-AR,219,60,0.18133607506752014,16
seed_122,NR-AR,140,61,0.18008626997470856,19
seed_122,NR-AR,250,62,0.17925354838371277,4
seed_122,NR-AR,204,63,0.17373330891132355,7
seed_122,NR-AR,154,64,0.16556592285633087,5
seed_122,NR-AR,81,65,0.16540786623954773,19
seed_122,NR-AR,56,66,0.16390487551689148,17
seed_122,NR-AR,290,67,0.15743987262248993,10
seed_122,NR-AR,126,68,0.1554819494485855,10
seed_122,NR-AR,91,69,0.15485282242298126,6
seed_122,NR-AR,43,70,0.15431520342826843,9
seed_122,NR-AR,117,71,0.14882095158100128,7
seed_122,NR-AR,257,72,0.1488179862499237,8
seed_122,NR-AR,108,73,0.1477043777704239,14
seed_122,NR-AR,233,74,0.14720679819583893,6
seed_122,NR-AR,92,75,0.14335356652736664,21
seed_122,NR-AR,127,76,0.13920022547245026,4
seed_122,NR-AR,170,77,0.13767513632774353,6
seed_122,NR-AR,75,78,0.13539831340312958,13
seed_122,NR-AR,107,79,0.13336661458015442,6
seed_122,NR-AR,193,80,0.1318015158176422,9
seed_122,NR-AR,242,81,0.12726785242557526,6
seed_122,NR-AR,112,82,0.12583933770656586,10
seed_122,NR-AR,221,83,0.12555576860904694,6
seed_122,NR-AR,270,84,0.12287203967571259,4
seed_122,NR-AR,82,85,0.11639870703220367,4
seed_122,NR-AR,130,86,0.1159641295671463,4
seed_122,NR-AR,129,87,0.11354748159646988,9
seed_122,NR-AR,180,88,0.11221224814653397,5
seed_122,NR-AR,83,89,0.11214283108711243,9
seed_122,NR-AR,1,90,0.10877009481191635,6
seed_122,NR-AR,42,91,0.10850490629673004,5
seed_122,NR-AR,37,92,0.1075853556394577,7
seed_122,NR-AR,299,93,0.10190532356500626,7
seed_122,NR-AR,45,94,0.10029832273721695,8
seed_122,NR-AR,200,95,0.09549295157194138,8
seed_122,NR-AR,111,96,0.09519128501415253,5
seed_122,NR-AR,36,97,0.09472053498029709,7
seed_122,NR-AR,113,98,0.09385843575000763,13
seed_122,NR-AR,135,99,0.09319009631872177,9
seed_122,NR-AR,248,100,0.09269379079341888,2
seed_122,NR-AR,99,101,0.09262815117835999,7
seed_122,NR-AR,212,102,0.09248045831918716,7
seed_122,NR-AR,28,103,0.09239562600851059,7
seed_122,NR-AR,78,104,0.09151306748390198,5
seed_122,NR-AR,166,105,0.08959469199180603,6
seed_122,NR-AR,269,106,0.08807436376810074,4
seed_122,NR-AR,134,107,0.08725865185260773,3
seed_122,NR-AR,122,108,0.08355206251144409,6
seed_122,NR-AR,39,109,0.08328709751367569,9
seed_122,NR-AR,172,110,0.0821160301566124,4
seed_122,NR-AR,138,111,0.08019919693470001,3
seed_122,NR-AR,148,112,0.07848289608955383,14
seed_122,NR-AR,195,113,0.07539486885070801,11
seed_122,NR-AR,109,114,0.07503185421228409,7
seed_122,NR-AR,13,115,0.07306651026010513,6
seed_122,NR-AR,4,116,0.07273752987384796,9
seed_122,NR-AR,225,117,0.07183903455734253,6
seed_122,NR-AR,64,118,0.0716671496629715,7
seed_122,NR-AR,167,119,0.06912381201982498,6
seed_122,NR-AR,142,120,0.0659160315990448,3
seed_122,NR-AR,50,121,0.06332166492938995,3
seed_122,NR-AR,106,122,0.060385823249816895,4
seed_122,NR-AR,289,123,0.05946708843111992,2
seed_122,NR-AR,176,124,0.05929672345519066,5
seed_122,NR-AR,251,125,0.05909772217273712,3
seed_122,NR-AR,104,126,0.058357540518045425,4
seed_122,NR-AR,51,127,0.05510900169610977,10
seed_122,NR-AR,235,128,0.05499622970819473,5
seed_122,NR-AR,213,129,0.0541427917778492,4
seed_122,NR-AR,264,130,0.05267065763473511,3
seed_122,NR-AR,69,131,0.0503569096326828,8
seed_122,NR-AR,198,132,0.05033392459154129,3
seed_122,NR-AR,14,133,0.04960598796606064,5
seed_122,NR-AR,87,134,0.049376439303159714,4
seed_122,NR-AR,239,135,0.04893269017338753,3
seed_122,NR-AR,224,136,0.048628002405166626,2
seed_122,NR-AR,201,137,0.048270028084516525,4
seed_122,NR-AR,152,138,0.04778699204325676,3
seed_122,NR-AR,237,139,0.04744601249694824,2
seed_122,NR-AR,218,140,0.04718879610300064,3
seed_122,NR-AR,276,141,0.04661465808749199,8
seed_122,NR-AR,44,142,0.04622572660446167,3
seed_122,NR-AR,169,143,0.04512589052319527,8
seed_122,NR-AR,38,144,0.04344718158245087,4
seed_122,NR-AR,291,145,0.04340584948658943,2
seed_122,NR-AR,183,146,0.04330145940184593,7
seed_122,NR-AR,55,147,0.04299627244472504,6
seed_122,NR-AR,17,148,0.04221562296152115,5
seed_122,NR-AR,90,149,0.04208939149975777,6
seed_122,NR-AR,65,150,0.04020760580897331,3
seed_122,NR-AR,34,151,0.03934086114168167,5
seed_122,NR-AR,144,152,0.03902982175350189,7
seed_122,NR-AR,243,153,0.03853818029165268,2
seed_122,NR-AR,181,154,0.03808959200978279,4
seed_122,NR-AR,61,155,0.038040854036808014,6
seed_122,NR-AR,197,156,0.037662941962480545,3
seed_122,NR-AR,185,157,0.03678710386157036,3
seed_122,NR-AR,163,158,0.036513034254312515,3
seed_122,NR-AR,77,159,0.036221493035554886,5
seed_122,NR-AR,220,160,0.03524424880743027,2
seed_122,NR-AR,215,161,0.03523201495409012,4
seed_122,NR-AR,161,162,0.034909121692180634,2
seed_122,NR-AR,247,163,0.03470391780138016,4
seed_122,NR-AR,293,164,0.034595146775245667,3
seed_122,NR-AR,274,165,0.03443530201911926,2
seed_122,NR-AR,76,166,0.03441590443253517,2
seed_122,NR-AR,20,167,0.03379557281732559,4
seed_122,NR-AR,268,168,0.03372151404619217,4
seed_122,NR-AR,143,169,0.03309500589966774,5
seed_122,NR-AR,32,170,0.032514788210392,8
seed_122,NR-AR,85,171,0.032445210963487625,3
seed_122,NR-AR,206,172,0.03192304074764252,4
seed_122,NR-AR,207,173,0.031707312911748886,2
seed_122,NR-AR,186,174,0.03130004182457924,3
seed_122,NR-AR,171,175,0.030818164348602295,2
seed_122,NR-AR,179,176,0.030494382604956627,3
seed_122,NR-AR,48,177,0.030339017510414124,7
seed_122,NR-AR,88,178,0.030089864507317543,4
seed_122,NR-AR,95,179,0.029721669852733612,4
seed_122,NR-AR,258,180,0.029263582080602646,3
seed_122,NR-AR,5,181,0.028997089713811874,4
seed_122,NR-AR,27,182,0.028642890974879265,8
seed_122,NR-AR,54,183,0.028455469757318497,5
seed_122,NR-AR,120,184,0.028336504474282265,5
seed_122,NR-AR,133,185,0.02815314382314682,6
seed_122,NR-AR,229,186,0.028065156191587448,7
seed_122,NR-AR,292,187,0.027427366003394127,3
seed_122,NR-AR,97,188,0.027418123558163643,2
seed_122,NR-AR,246,189,0.02732190303504467,3
seed_122,NR-AR,214,190,0.027168454602360725,2
seed_122,NR-AR,53,191,0.026979466900229454,6
seed_122,NR-AR,16,192,0.026665186509490013,4
seed_122,NR-AR,146,193,0.02662111446261406,5
seed_122,NR-AR,102,194,0.02626805193722248,6
seed_122,NR-AR,196,195,0.02618250623345375,4
seed_122,NR-AR,286,196,0.026034057140350342,2
seed_122,NR-AR,149,197,0.02597450651228428,2
seed_122,NR-AR,3,198,0.025966789573431015,6
seed_122,NR-AR,124,199,0.025928553193807602,4
seed_122,NR-AR,203,200,0.02566833235323429,4
seed_122,NR-AR,47,201,0.025619205087423325,4
seed_122,NR-AR,105,202,0.02520989626646042,3
seed_122,NR-AR,249,203,0.025184446945786476,3
seed_122,NR-AR,89,204,0.024767763912677765,3
seed_122,NR-AR,192,205,0.02465744875371456,3
seed_122,NR-AR,271,206,0.024459613487124443,3
seed_122,NR-AR,155,207,0.022508567199110985,3
seed_122,NR-AR,188,208,0.021708274260163307,2
seed_122,NR-AR,241,209,0.021657418459653854,3
seed_122,NR-AR,236,210,0.021508026868104935,3
seed_122,NR-AR,18,211,0.021384211257100105,4
seed_122,NR-AR,30,212,0.021360941231250763,5
seed_122,NR-AR,187,213,0.02114967256784439,3
seed_122,NR-AR,234,214,0.02065402828156948,2
seed_122,NR-AR,227,215,0.020038457587361336,3
seed_122,NR-AR,298,216,0.01982475072145462,4
seed_122,NR-AR,174,217,0.019382957369089127,2
seed_122,NR-AR,173,218,0.019326329231262207,4
seed_122,NR-AR,153,219,0.019295334815979004,2
seed_122,NR-AR,96,220,0.019190087914466858,5
seed_122,NR-AR,19,221,0.01865323632955551,4
seed_122,NR-AR,132,222,0.01836460456252098,2
seed_122,NR-AR,35,223,0.018277611583471298,4
seed_122,NR-AR,8,224,0.017831265926361084,6
seed_122,NR-AR,177,225,0.01695331372320652,4
seed_122,NR-AR,68,226,0.016349030658602715,2
seed_122,NR-AR,162,227,0.015491883270442486,3
seed_122,NR-AR,279,228,0.01538144238293171,2
seed_122,NR-AR,275,229,0.01525422465056181,2
seed_122,NR-AR,158,230,0.015033106319606304,3
seed_122,NR-AR,284,231,0.014632755890488625,2
seed_122,NR-AR,100,232,0.014580857008695602,3
seed_122,NR-AR,288,233,0.014231841079890728,2
seed_122,NR-AR,273,234,0.014050621539354324,2
seed_122,NR-AR,115,235,0.0134911322966218,4
seed_122,NR-AR,165,236,0.013204794377088547,4
seed_122,NR-AR,131,237,0.013022670522332191,2
seed_122,NR-AR,121,238,0.012749111279845238,7
seed_122,NR-AR,9,239,0.012738436460494995,3
seed_122,NR-AR,230,240,0.012667234055697918,3
seed_122,NR-AR,202,241,0.012194545939564705,3
seed_122,NR-AR,228,242,0.01210784912109375,4
seed_122,NR-AR,210,243,0.011939103715121746,6
seed_122,NR-AR,103,244,0.01158579345792532,3
seed_122,NR-AR,98,245,0.011195499449968338,2
seed_122,NR-AR,208,246,0.010935916565358639,3
seed_122,NR-AR,255,247,0.01052318885922432,2
seed_122,NR-AR,194,248,0.010143705643713474,3
seed_122,NR-AR,259,249,0.009747178293764591,2
seed_122,NR-AR,205,250,0.009675673209130764,3
seed_122,NR-AR,26,251,0.00877307914197445,4
seed_122,NR-AR,101,252,0.008746295236051083,3
seed_122,NR-AR,118,253,0.008508594706654549,4
seed_122,NR-AR,94,254,0.00824811402708292,2
seed_122,NR-AR,182,255,0.007856719195842743,2
seed_122,NR-AR,260,256,0.007823375053703785,5
seed_122,NR-AR,159,257,0.007763581350445747,2
seed_122,NR-AR,295,258,0.0075638387352228165,2
seed_122,NR-AR,232,259,0.0073642004281282425,2
seed_122,NR-AR,262,260,0.0070540108717978,3
seed_122,NR-AR,116,261,0.0070511591620743275,3
seed_122,NR-AR,191,262,0.006658907514065504,2
seed_122,NR-AR,254,263,0.006618510000407696,2
seed_122,NR-AR,282,264,0.0063130808994174,3
seed_122,NR-AR,297,265,0.006237727589905262,1
seed_122,NR-AR,281,266,0.005991432815790176,1
seed_122,NR-AR,280,267,0.005960857030004263,3
seed_122,NR-AR,164,268,0.005657310597598553,2
seed_122,NR-AR,261,269,0.005554649978876114,3
seed_122,NR-AR,238,270,0.005411017686128616,1
seed_122,NR-AR,256,271,0.005358627997338772,2
seed_122,NR-AR,265,272,0.0048468816094100475,1
seed_122,NR-AR,11,273,0.0046365219168365,2
seed_122,NR-AR,253,274,0.004537197761237621,1
seed_122,NR-AR,150,275,0.004506050609052181,3
seed_122,NR-AR,157,276,0.003968836739659309,2
seed_122,NR-AR,178,277,0.0035656194668263197,2
seed_122,NR-AR,267,278,0.0032085280399769545,2
seed_122,NR-AR,240,279,0.0031096981838345528,1
seed_122,NR-AR,216,280,0.0028898129239678383,2
seed_122,NR-AR,156,281,0.002842739224433899,2
seed_122,NR-AR,60,282,0.002454527886584401,3
seed_122,NR-AR,119,283,0.0020369335543364286,2
seed_122,NR-AR,137,284,0.0018527447246015072,2
seed_122,NR-AR,151,285,0.0017730239778757095,2
seed_122,NR-AR,41,286,0.0015323589323088527,2
seed_122,NR-AR,226,287,0.0012266195844858885,2
seed_122,NR-AR,125,288,0.0010038857581093907,3
seed_122,NR-AR,283,289,0.0007962004165165126,2
seed_122,NR-AR,294,290,0.0007074133027344942,2
seed_122,NR-AR,141,291,0.0006316436920315027,2
seed_122,NR-AR,223,292,0.0006266888813115656,2
seed_122,NR-AR,285,293,0.0003127134405076504,1
seed_122,NR-AR,278,294,7.93432627688162e-05,2
seed_122,NR-AR,277,295,0.0,1
seed_122,NR-AR,266,296,0.0,1
seed_122,NR-AR,244,297,0.0,1
seed_122,NR-AR,199,298,0.0,2
seed_122,NR-AR,272,299,0.0,1
seed_122,NR-Aromatase,168,0,4.509839057922363,79
seed_122,NR-Aromatase,70,1,4.384243488311768,27
seed_122,NR-Aromatase,72,2,3.7470014095306396,15
seed_122,NR-Aromatase,128,3,2.224108934402466,42
seed_122,NR-Aromatase,110,4,1.9006990194320679,20
seed_122,NR-Aromatase,139,5,1.739986538887024,12
seed_122,NR-Aromatase,0,6,1.3812671899795532,20
seed_122,NR-Aromatase,6,7,1.3736019134521484,18
seed_122,NR-Aromatase,7,8,1.2987881898880005,33
seed_122,NR-Aromatase,63,9,1.2609772682189941,51
seed_122,NR-Aromatase,62,10,1.2260589599609375,24
seed_122,NR-Aromatase,29,11,1.1291873455047607,39
seed_122,NR-Aromatase,52,12,1.0155032873153687,16
seed_122,NR-Aromatase,74,13,0.9738054871559143,19
seed_122,NR-Aromatase,24,14,0.9371419548988342,21
seed_122,NR-Aromatase,10,15,0.9111827611923218,17
seed_122,NR-Aromatase,189,16,0.8786845207214355,9
seed_122,NR-Aromatase,287,17,0.7993835210800171,8
seed_122,NR-Aromatase,2,18,0.7828656435012817,14
seed_122,NR-Aromatase,58,19,0.7346658706665039,10
seed_122,NR-Aromatase,84,20,0.7327131032943726,15
seed_122,NR-Aromatase,57,21,0.7157993912696838,9
seed_122,NR-Aromatase,22,22,0.642362117767334,13
seed_122,NR-Aromatase,33,23,0.6369688510894775,17
seed_122,NR-Aromatase,15,24,0.6235489249229431,26
seed_122,NR-Aromatase,222,25,0.5498890280723572,4
seed_122,NR-Aromatase,73,26,0.5384660959243774,16
seed_122,NR-Aromatase,46,27,0.53644859790802,13
seed_122,NR-Aromatase,190,28,0.5192513465881348,13
seed_122,NR-Aromatase,160,29,0.5180225968360901,11
seed_122,NR-Aromatase,93,30,0.47559747099876404,16
seed_122,NR-Aromatase,66,31,0.4530443847179413,13
seed_122,NR-Aromatase,175,32,0.4528660476207733,9
seed_122,NR-Aromatase,263,33,0.4220897853374481,6
seed_122,NR-Aromatase,23,34,0.41730865836143494,30
seed_122,NR-Aromatase,59,35,0.38898977637290955,8
seed_122,NR-Aromatase,136,36,0.3863924443721771,18
seed_122,NR-Aromatase,145,37,0.3829919099807739,17
seed_122,NR-Aromatase,245,38,0.38174888491630554,15
seed_122,NR-Aromatase,49,39,0.3661378026008606,17
seed_122,NR-Aromatase,80,40,0.3547271490097046,8
seed_122,NR-Aromatase,209,41,0.3515770137310028,7
seed_122,NR-Aromatase,184,42,0.344917356967926,7
seed_122,NR-Aromatase,123,43,0.3317461311817169,11
seed_122,NR-Aromatase,296,44,0.3270789682865143,10
seed_122,NR-Aromatase,193,45,0.32593461871147156,9
seed_122,NR-Aromatase,219,46,0.31883925199508667,16
seed_122,NR-Aromatase,67,47,0.3180221617221832,16
seed_122,NR-Aromatase,114,48,0.31003713607788086,7
seed_122,NR-Aromatase,71,49,0.30791276693344116,11
seed_122,NR-Aromatase,92,50,0.30717337131500244,21
seed_122,NR-Aromatase,43,51,0.30589911341667175,9
seed_122,NR-Aromatase,252,52,0.30528777837753296,4
seed_122,NR-Aromatase,25,53,0.3049938678741455,8
seed_122,NR-Aromatase,135,54,0.28667151927948,9
seed_122,NR-Aromatase,140,55,0.276094526052475,19
seed_122,NR-Aromatase,231,56,0.2727118134498596,8
seed_122,NR-Aromatase,257,57,0.25960811972618103,8
seed_122,NR-Aromatase,117,58,0.2390836775302887,7
seed_122,NR-Aromatase,217,59,0.23250600695610046,4
seed_122,NR-Aromatase,31,60,0.23019900918006897,20
seed_122,NR-Aromatase,221,61,0.2254617065191269,6
seed_122,NR-Aromatase,112,62,0.22271443903446198,10
seed_122,NR-Aromatase,148,63,0.21975140273571014,14
seed_122,NR-Aromatase,290,64,0.2160244882106781,10
seed_122,NR-Aromatase,107,65,0.20517173409461975,6
seed_122,NR-Aromatase,42,66,0.2051263004541397,5
seed_122,NR-Aromatase,39,67,0.20309537649154663,9
seed_122,NR-Aromatase,126,68,0.1921728104352951,10
seed_122,NR-Aromatase,79,69,0.1910613626241684,9
seed_122,NR-Aromatase,108,70,0.18958230316638947,14
seed_122,NR-Aromatase,167,71,0.18636028468608856,6
seed_122,NR-Aromatase,299,72,0.1863221973180771,7
seed_122,NR-Aromatase,99,73,0.1831696480512619,7
seed_122,NR-Aromatase,147,74,0.18080689013004303,16
seed_122,NR-Aromatase,127,75,0.18071386218070984,4
seed_122,NR-Aromatase,170,76,0.17864301800727844,6
seed_122,NR-Aromatase,211,77,0.17508627474308014,13
seed_122,NR-Aromatase,129,78,0.17488011717796326,9
seed_122,NR-Aromatase,195,79,0.16466806828975677,11
seed_122,NR-Aromatase,37,80,0.1644986867904663,7
seed_122,NR-Aromatase,111,81,0.16280411183834076,5
seed_122,NR-Aromatase,40,82,0.1611831784248352,6
seed_122,NR-Aromatase,81,83,0.15512754023075104,19
seed_122,NR-Aromatase,248,84,0.15290206670761108,2
seed_122,NR-Aromatase,13,85,0.1524730771780014,6
seed_122,NR-Aromatase,56,86,0.15132537484169006,17
seed_122,NR-Aromatase,12,87,0.14789539575576782,6
seed_122,NR-Aromatase,212,88,0.14530271291732788,7
seed_122,NR-Aromatase,154,89,0.14472176134586334,5
seed_122,NR-Aromatase,233,90,0.14374107122421265,6
seed_122,NR-Aromatase,21,91,0.14312779903411865,13
seed_122,NR-Aromatase,75,92,0.1419704109430313,13
seed_122,NR-Aromatase,91,93,0.13770370185375214,6
seed_122,NR-Aromatase,83,94,0.1372051239013672,9
seed_122,NR-Aromatase,242,95,0.13553602993488312,6
seed_122,NR-Aromatase,89,96,0.13169054687023163,3
seed_122,NR-Aromatase,180,97,0.13042542338371277,5
seed_122,NR-Aromatase,50,98,0.1299980729818344,3
seed_122,NR-Aromatase,36,99,0.12766137719154358,7
seed_122,NR-Aromatase,86,100,0.12526512145996094,9
seed_122,NR-Aromatase,200,101,0.12518103420734406,8
seed_122,NR-Aromatase,176,102,0.12235739827156067,5
seed_122,NR-Aromatase,142,103,0.12055090069770813,3
seed_122,NR-Aromatase,270,104,0.1204417496919632,4
seed_122,NR-Aromatase,183,105,0.12040350586175919,7
seed_122,NR-Aromatase,4,106,0.11923269927501678,9
seed_122,NR-Aromatase,247,107,0.11729053407907486,4
seed_122,NR-Aromatase,64,108,0.11138428747653961,7
seed_122,NR-Aromatase,225,109,0.10842808336019516,6
seed_122,NR-Aromatase,204,110,0.10239939391613007,7
seed_122,NR-Aromatase,45,111,0.09986180067062378,8
seed_122,NR-Aromatase,250,112,0.09810873866081238,4
seed_122,NR-Aromatase,17,113,0.09734198451042175,5
seed_122,NR-Aromatase,82,114,0.09705813229084015,4
seed_122,NR-Aromatase,35,115,0.0951266884803772,4
seed_122,NR-Aromatase,218,116,0.09477286785840988,3
seed_122,NR-Aromatase,106,117,0.09342149645090103,4
seed_122,NR-Aromatase,254,118,0.09315453469753265,2
seed_122,NR-Aromatase,269,119,0.09231463074684143,4
seed_122,NR-Aromatase,196,120,0.09133294969797134,4
seed_122,NR-Aromatase,32,121,0.09127994626760483,8
seed_122,NR-Aromatase,166,122,0.0888424888253212,6
seed_122,NR-Aromatase,113,123,0.08697384595870972,13
seed_122,NR-Aromatase,229,124,0.08225514739751816,7
seed_122,NR-Aromatase,251,125,0.0813191831111908,3
seed_122,NR-Aromatase,280,126,0.08114250004291534,3
seed_122,NR-Aromatase,122,127,0.07780037820339203,6
seed_122,NR-Aromatase,152,128,0.0771239846944809,3
seed_122,NR-Aromatase,213,129,0.07448455691337585,4
seed_122,NR-Aromatase,28,130,0.07212446630001068,7
seed_122,NR-Aromatase,237,131,0.07087437063455582,2
seed_122,NR-Aromatase,95,132,0.07018736004829407,4
seed_122,NR-Aromatase,55,133,0.06856146454811096,6
seed_122,NR-Aromatase,109,134,0.06854791194200516,7
seed_122,NR-Aromatase,181,135,0.06705763936042786,4
seed_122,NR-Aromatase,34,136,0.06605064123868942,5
seed_122,NR-Aromatase,138,137,0.06452430784702301,3
seed_122,NR-Aromatase,20,138,0.06449951231479645,4
seed_122,NR-Aromatase,143,139,0.06438423693180084,5
seed_122,NR-Aromatase,260,140,0.06409280747175217,5
seed_122,NR-Aromatase,1,141,0.06380829960107803,6
seed_122,NR-Aromatase,205,142,0.06325984746217728,3
seed_122,NR-Aromatase,97,143,0.06239772588014603,2
seed_122,NR-Aromatase,102,144,0.060581427067518234,6
seed_122,NR-Aromatase,115,145,0.059144698083400726,4
seed_122,NR-Aromatase,220,146,0.05883621424436569,2
seed_122,NR-Aromatase,289,147,0.05871010944247246,2
seed_122,NR-Aromatase,88,148,0.058548714965581894,4
seed_122,NR-Aromatase,276,149,0.05847502872347832,8
seed_122,NR-Aromatase,78,150,0.05663599446415901,5
seed_122,NR-Aromatase,214,151,0.0565696619451046,2
seed_122,NR-Aromatase,239,152,0.05512472987174988,3
seed_122,NR-Aromatase,3,153,0.05409426987171173,6
seed_122,NR-Aromatase,182,154,0.05334598943591118,2
seed_122,NR-Aromatase,77,155,0.05309233441948891,5
seed_122,NR-Aromatase,48,156,0.051774244755506516,7
seed_122,NR-Aromatase,153,157,0.05010218918323517,2
seed_122,NR-Aromatase,293,158,0.0491497777402401,3
seed_122,NR-Aromatase,201,159,0.048658646643161774,4
seed_122,NR-Aromatase,120,160,0.04792223125696182,5
seed_122,NR-Aromatase,130,161,0.047809895128011703,4
seed_122,NR-Aromatase,121,162,0.047638650983572006,7
seed_122,NR-Aromatase,51,163,0.04652515798807144,10
seed_122,NR-Aromatase,268,164,0.04588262736797333,4
seed_122,NR-Aromatase,207,165,0.04543883726000786,2
seed_122,NR-Aromatase,172,166,0.04519736021757126,4
seed_122,NR-Aromatase,262,167,0.044209226965904236,3
seed_122,NR-Aromatase,104,168,0.04358841851353645,4
seed_122,NR-Aromatase,162,169,0.042657751590013504,3
seed_122,NR-Aromatase,61,170,0.0422741137444973,6
seed_122,NR-Aromatase,90,171,0.0404454804956913,6
seed_122,NR-Aromatase,69,172,0.040380001068115234,8
seed_122,NR-Aromatase,144,173,0.039717137813568115,7
seed_122,NR-Aromatase,44,174,0.03877745941281319,3
seed_122,NR-Aromatase,165,175,0.0386221744120121,4
seed_122,NR-Aromatase,253,176,0.03694036975502968,1
seed_122,NR-Aromatase,87,177,0.036803264170885086,4
seed_122,NR-Aromatase,124,178,0.03618692606687546,4
seed_122,NR-Aromatase,134,179,0.03556722775101662,3
seed_122,NR-Aromatase,241,180,0.03556377440690994,3
seed_122,NR-Aromatase,5,181,0.03473116457462311,4
seed_122,NR-Aromatase,169,182,0.034352660179138184,8
seed_122,NR-Aromatase,53,183,0.03404959663748741,6
seed_122,NR-Aromatase,192,184,0.033948760479688644,3
seed_122,NR-Aromatase,146,185,0.03379831463098526,5
seed_122,NR-Aromatase,65,186,0.03258747607469559,3
seed_122,NR-Aromatase,163,187,0.03147054836153984,3
seed_122,NR-Aromatase,173,188,0.03135515749454498,4
seed_122,NR-Aromatase,210,189,0.031148185953497887,6
seed_122,NR-Aromatase,30,190,0.030820097774267197,5
seed_122,NR-Aromatase,179,191,0.03058020770549774,3
seed_122,NR-Aromatase,27,192,0.030509931966662407,8
seed_122,NR-Aromatase,264,193,0.029993779957294464,3
seed_122,NR-Aromatase,295,194,0.02920752577483654,2
seed_122,NR-Aromatase,105,195,0.028646770864725113,3
seed_122,NR-Aromatase,236,196,0.028544465079903603,3
seed_122,NR-Aromatase,198,197,0.028448937460780144,3
seed_122,NR-Aromatase,226,198,0.028209412470459938,2
seed_122,NR-Aromatase,292,199,0.02803480252623558,3
seed_122,NR-Aromatase,96,200,0.0278624314814806,5
seed_122,NR-Aromatase,271,201,0.02752475067973137,3
seed_122,NR-Aromatase,9,202,0.027000488713383675,3
seed_122,NR-Aromatase,85,203,0.02657577022910118,3
seed_122,NR-Aromatase,8,204,0.026413556188344955,6
seed_122,NR-Aromatase,235,205,0.026369605213403702,5
seed_122,NR-Aromatase,171,206,0.02581539936363697,2
seed_122,NR-Aromatase,174,207,0.025777893140912056,2
seed_122,NR-Aromatase,246,208,0.02503076009452343,3
seed_122,NR-Aromatase,38,209,0.024920227006077766,4
seed_122,NR-Aromatase,185,210,0.024918727576732635,3
seed_122,NR-Aromatase,243,211,0.0248664990067482,2
seed_122,NR-Aromatase,194,212,0.024844832718372345,3
seed_122,NR-Aromatase,16,213,0.024417109787464142,4
seed_122,NR-Aromatase,273,214,0.02411939576268196,2
seed_122,NR-Aromatase,149,215,0.023897666484117508,2
seed_122,NR-Aromatase,208,216,0.02365734428167343,3
seed_122,NR-Aromatase,215,217,0.023647455498576164,4
seed_122,NR-Aromatase,150,218,0.023394525051116943,3
seed_122,NR-Aromatase,258,219,0.023237673565745354,3
seed_122,NR-Aromatase,230,220,0.022749604657292366,3
seed_122,NR-Aromatase,188,221,0.022582950070500374,2
seed_122,NR-Aromatase,206,222,0.0221791323274374,4
seed_122,NR-Aromatase,133,223,0.021866746246814728,6
seed_122,NR-Aromatase,187,224,0.02173297479748726,3
seed_122,NR-Aromatase,14,225,0.02170080877840519,5
seed_122,NR-Aromatase,103,226,0.021347520872950554,3
seed_122,NR-Aromatase,18,227,0.020554140210151672,4
seed_122,NR-Aromatase,186,228,0.02001381665468216,3
seed_122,NR-Aromatase,131,229,0.019660426303744316,2
seed_122,NR-Aromatase,116,230,0.018609056249260902,3
seed_122,NR-Aromatase,267,231,0.018266044557094574,2
seed_122,NR-Aromatase,158,232,0.018122445791959763,3
seed_122,NR-Aromatase,19,233,0.01806371659040451,4
seed_122,NR-Aromatase,298,234,0.017894139513373375,4
seed_122,NR-Aromatase,177,235,0.01723024621605873,4
seed_122,NR-Aromatase,54,236,0.01707371324300766,5
seed_122,NR-Aromatase,68,237,0.01630665361881256,2
seed_122,NR-Aromatase,286,238,0.0158854890614748,2
seed_122,NR-Aromatase,234,239,0.014921660535037518,2
seed_122,NR-Aromatase,197,240,0.014805012382566929,3
seed_122,NR-Aromatase,240,241,0.014464892446994781,1
seed_122,NR-Aromatase,249,242,0.014108101837337017,3
seed_122,NR-Aromatase,202,243,0.01398562267422676,3
seed_122,NR-Aromatase,132,244,0.013817616738379002,2
seed_122,NR-Aromatase,60,245,0.013432593084871769,3
seed_122,NR-Aromatase,118,246,0.013187912292778492,4
seed_122,NR-Aromatase,227,247,0.013106954284012318,3
seed_122,NR-Aromatase,291,248,0.013051292859017849,2
seed_122,NR-Aromatase,94,249,0.012873618863523006,2
seed_122,NR-Aromatase,288,250,0.01189036387950182,2
seed_122,NR-Aromatase,98,251,0.011877743527293205,2
seed_122,NR-Aromatase,216,252,0.011803989298641682,2
seed_122,NR-Aromatase,203,253,0.011722116731107235,4
seed_122,NR-Aromatase,100,254,0.011655950918793678,3
seed_122,NR-Aromatase,282,255,0.011059553362429142,3
seed_122,NR-Aromatase,274,256,0.01103017758578062,2
seed_122,NR-Aromatase,141,257,0.010758988559246063,2
seed_122,NR-Aromatase,238,258,0.010756069794297218,1
seed_122,NR-Aromatase,232,259,0.010369694791734219,2
seed_122,NR-Aromatase,224,260,0.01025261078029871,2
seed_122,NR-Aromatase,76,261,0.010075212456285954,2
seed_122,NR-Aromatase,255,262,0.009318992495536804,2
seed_122,NR-Aromatase,178,263,0.00882999412715435,2
seed_122,NR-Aromatase,191,264,0.008354227989912033,2
seed_122,NR-Aromatase,259,265,0.008264091797173023,2
seed_122,NR-Aromatase,275,266,0.00817911047488451,2
seed_122,NR-Aromatase,285,267,0.007183459587395191,1
seed_122,NR-Aromatase,261,268,0.007083550561219454,3
seed_122,NR-Aromatase,284,269,0.0060092993080616,2
seed_122,NR-Aromatase,11,270,0.0059621697291731834,2
seed_122,NR-Aromatase,228,271,0.005875302478671074,4
seed_122,NR-Aromatase,156,272,0.005650860257446766,2
seed_122,NR-Aromatase,164,273,0.005513763055205345,2
seed_122,NR-Aromatase,47,274,0.005285684950649738,4
seed_122,NR-Aromatase,161,275,0.005040873773396015,2
seed_122,NR-Aromatase,26,276,0.005026279482990503,4
seed_122,NR-Aromatase,256,277,0.004789039026945829,2
seed_122,NR-Aromatase,281,278,0.004553878214210272,1
seed_122,NR-Aromatase,119,279,0.004257150460034609,2
seed_122,NR-Aromatase,278,280,0.003625851357355714,2
seed_122,NR-Aromatase,159,281,0.003525701817125082,2
seed_122,NR-Aromatase,101,282,0.0034211797174066305,3
seed_122,NR-Aromatase,297,283,0.002670836169272661,1
seed_122,NR-Aromatase,155,284,0.002413471695035696,3
seed_122,NR-Aromatase,294,285,0.0020281204488128424,2
seed_122,NR-Aromatase,279,286,0.001989640761166811,2
seed_122,NR-Aromatase,223,287,0.0016054445877671242,2
seed_122,NR-Aromatase,125,288,0.0014152172952890396,3
seed_122,NR-Aromatase,137,289,0.0013797841966152191,2
seed_122,NR-Aromatase,157,290,0.0012943822657689452,2
seed_122,NR-Aromatase,41,291,0.0011803091038018465,2
seed_122,NR-Aromatase,151,292,0.0011450499296188354,2
seed_122,NR-Aromatase,265,293,0.0007538045756518841,1
seed_122,NR-Aromatase,283,294,0.000670105975586921,2
seed_122,NR-Aromatase,266,295,0.0,1
seed_122,NR-Aromatase,244,296,0.0,1
seed_122,NR-Aromatase,277,297,0.0,1
seed_122,NR-Aromatase,272,298,0.0,1
seed_122,NR-Aromatase,199,299,0.0,2
seed_122,NR-PPAR-gamma,70,0,4.750417232513428,27
seed_122,NR-PPAR-gamma,168,1,2.3944437503814697,79
seed_122,NR-PPAR-gamma,139,2,1.6146429777145386,12
seed_122,NR-PPAR-gamma,72,3,1.5946263074874878,15
seed_122,NR-PPAR-gamma,62,4,1.319650411605835,24
seed_122,NR-PPAR-gamma,128,5,1.0538990497589111,42
seed_122,NR-PPAR-gamma,287,6,0.9006401300430298,8
seed_122,NR-PPAR-gamma,7,7,0.8440967202186584,33
seed_122,NR-PPAR-gamma,0,8,0.8356258869171143,20
seed_122,NR-PPAR-gamma,58,9,0.8020400404930115,10
seed_122,NR-PPAR-gamma,63,10,0.7897881865501404,51
seed_122,NR-PPAR-gamma,10,11,0.7816281914710999,17
seed_122,NR-PPAR-gamma,52,12,0.746032178401947,16
seed_122,NR-PPAR-gamma,24,13,0.722023606300354,21
seed_122,NR-PPAR-gamma,110,14,0.6709458827972412,20
seed_122,NR-PPAR-gamma,6,15,0.6344457268714905,18
seed_122,NR-PPAR-gamma,29,16,0.60659259557724,39
seed_122,NR-PPAR-gamma,74,17,0.5895952582359314,19
seed_122,NR-PPAR-gamma,73,18,0.53068608045578,16
seed_122,NR-PPAR-gamma,189,19,0.44473227858543396,9
seed_122,NR-PPAR-gamma,22,20,0.37920141220092773,13
seed_122,NR-PPAR-gamma,57,21,0.37674519419670105,9
seed_122,NR-PPAR-gamma,25,22,0.3458293378353119,8
seed_122,NR-PPAR-gamma,2,23,0.3260999619960785,14
seed_122,NR-PPAR-gamma,84,24,0.3250651955604553,15
seed_122,NR-PPAR-gamma,175,25,0.30902060866355896,9
seed_122,NR-PPAR-gamma,114,26,0.30351153016090393,7
seed_122,NR-PPAR-gamma,49,27,0.2975158989429474,17
seed_122,NR-PPAR-gamma,33,28,0.28793010115623474,17
seed_122,NR-PPAR-gamma,23,29,0.27979665994644165,30
seed_122,NR-PPAR-gamma,12,30,0.27345386147499084,6
seed_122,NR-PPAR-gamma,66,31,0.2721463441848755,13
seed_122,NR-PPAR-gamma,190,32,0.25754615664482117,13
seed_122,NR-PPAR-gamma,59,33,0.2518479824066162,8
seed_122,NR-PPAR-gamma,15,34,0.24107658863067627,26
seed_122,NR-PPAR-gamma,231,35,0.2318946123123169,8
seed_122,NR-PPAR-gamma,245,36,0.23067770898342133,15
seed_122,NR-PPAR-gamma,46,37,0.23022642731666565,13
seed_122,NR-PPAR-gamma,56,38,0.22952339053153992,17
seed_122,NR-PPAR-gamma,31,39,0.21813887357711792,20
seed_122,NR-PPAR-gamma,290,40,0.21587829291820526,10
seed_122,NR-PPAR-gamma,296,41,0.21499481797218323,10
seed_122,NR-PPAR-gamma,123,42,0.21232376992702484,11
seed_122,NR-PPAR-gamma,136,43,0.2072572559118271,18
seed_122,NR-PPAR-gamma,36,44,0.20650386810302734,7
seed_122,NR-PPAR-gamma,67,45,0.20437590777873993,16
seed_122,NR-PPAR-gamma,71,46,0.20220525562763214,11
seed_122,NR-PPAR-gamma,160,47,0.20066799223423004,11
seed_122,NR-PPAR-gamma,80,48,0.19922372698783875,8
seed_122,NR-PPAR-gamma,140,49,0.19332361221313477,19
seed_122,NR-PPAR-gamma,211,50,0.1905340850353241,13
seed_122,NR-PPAR-gamma,184,51,0.18946433067321777,7
seed_122,NR-PPAR-gamma,252,52,0.18795140087604523,4
seed_122,NR-PPAR-gamma,40,53,0.18716686964035034,6
seed_122,NR-PPAR-gamma,43,54,0.1828075647354126,9
seed_122,NR-PPAR-gamma,83,55,0.17934326827526093,9
seed_122,NR-PPAR-gamma,42,56,0.17715385556221008,5
seed_122,NR-PPAR-gamma,176,57,0.1764604151248932,5
seed_122,NR-PPAR-gamma,221,58,0.1761828362941742,6
seed_122,NR-PPAR-gamma,219,59,0.17071382701396942,16
seed_122,NR-PPAR-gamma,112,60,0.1691594421863556,10
seed_122,NR-PPAR-gamma,129,61,0.15608271956443787,9
seed_122,NR-PPAR-gamma,92,62,0.15421713888645172,21
seed_122,NR-PPAR-gamma,93,63,0.15419282019138336,16
seed_122,NR-PPAR-gamma,170,64,0.15146316587924957,6
seed_122,NR-PPAR-gamma,138,65,0.15011055767536163,3
seed_122,NR-PPAR-gamma,299,66,0.1490240842103958,7
seed_122,NR-PPAR-gamma,257,67,0.14761139452457428,8
seed_122,NR-PPAR-gamma,217,68,0.14754197001457214,4
seed_122,NR-PPAR-gamma,195,69,0.14340724050998688,11
seed_122,NR-PPAR-gamma,21,70,0.14134278893470764,13
seed_122,NR-PPAR-gamma,107,71,0.14037570357322693,6
seed_122,NR-PPAR-gamma,242,72,0.1399145871400833,6
seed_122,NR-PPAR-gamma,166,73,0.1358223706483841,6
seed_122,NR-PPAR-gamma,263,74,0.13435648381710052,6
seed_122,NR-PPAR-gamma,79,75,0.13207440078258514,9
seed_122,NR-PPAR-gamma,145,76,0.1308964192867279,17
seed_122,NR-PPAR-gamma,222,77,0.1291234791278839,4
seed_122,NR-PPAR-gamma,64,78,0.12816345691680908,7
seed_122,NR-PPAR-gamma,148,79,0.1274709701538086,14
seed_122,NR-PPAR-gamma,193,80,0.1270306557416916,9
seed_122,NR-PPAR-gamma,147,81,0.12629011273384094,16
seed_122,NR-PPAR-gamma,39,82,0.11799469590187073,9
seed_122,NR-PPAR-gamma,86,83,0.11763683706521988,9
seed_122,NR-PPAR-gamma,167,84,0.115958571434021,6
seed_122,NR-PPAR-gamma,254,85,0.1139051765203476,2
seed_122,NR-PPAR-gamma,247,86,0.11233627051115036,4
seed_122,NR-PPAR-gamma,126,87,0.11054366827011108,10
seed_122,NR-PPAR-gamma,209,88,0.10986962914466858,7
seed_122,NR-PPAR-gamma,204,89,0.10524969547986984,7
seed_122,NR-PPAR-gamma,180,90,0.10429434478282928,5
seed_122,NR-PPAR-gamma,135,91,0.09943751990795135,9
seed_122,NR-PPAR-gamma,81,92,0.09845665097236633,19
seed_122,NR-PPAR-gamma,4,93,0.0968829095363617,9
seed_122,NR-PPAR-gamma,250,94,0.09676749259233475,4
seed_122,NR-PPAR-gamma,235,95,0.09645919501781464,5
seed_122,NR-PPAR-gamma,109,96,0.0958254337310791,7
seed_122,NR-PPAR-gamma,99,97,0.09570338577032089,7
seed_122,NR-PPAR-gamma,143,98,0.09511010348796844,5
seed_122,NR-PPAR-gamma,270,99,0.09477600455284119,4
seed_122,NR-PPAR-gamma,75,100,0.09065970033407211,13
seed_122,NR-PPAR-gamma,45,101,0.08997096866369247,8
seed_122,NR-PPAR-gamma,108,102,0.08919824659824371,14
seed_122,NR-PPAR-gamma,200,103,0.08495056629180908,8
seed_122,NR-PPAR-gamma,218,104,0.08239404857158661,3
seed_122,NR-PPAR-gamma,233,105,0.07757773995399475,6
seed_122,NR-PPAR-gamma,28,106,0.07741451263427734,7
seed_122,NR-PPAR-gamma,134,107,0.07704056054353714,3
seed_122,NR-PPAR-gamma,183,108,0.07589109241962433,7
seed_122,NR-PPAR-gamma,130,109,0.07519020885229111,4
seed_122,NR-PPAR-gamma,251,110,0.0750056579709053,3
seed_122,NR-PPAR-gamma,91,111,0.07294078171253204,6
seed_122,NR-PPAR-gamma,239,112,0.07052268832921982,3
seed_122,NR-PPAR-gamma,269,113,0.06983058899641037,4
seed_122,NR-PPAR-gamma,1,114,0.06982185691595078,6
seed_122,NR-PPAR-gamma,88,115,0.0689648762345314,4
seed_122,NR-PPAR-gamma,61,116,0.06657106429338455,6
seed_122,NR-PPAR-gamma,13,117,0.06529056280851364,6
seed_122,NR-PPAR-gamma,37,118,0.063775934278965,7
seed_122,NR-PPAR-gamma,212,119,0.06333514302968979,7
seed_122,NR-PPAR-gamma,117,120,0.06136449798941612,7
seed_122,NR-PPAR-gamma,111,121,0.0612669438123703,5
seed_122,NR-PPAR-gamma,201,122,0.060304999351501465,4
seed_122,NR-PPAR-gamma,291,123,0.059856731444597244,2
seed_122,NR-PPAR-gamma,17,124,0.05981796607375145,5
seed_122,NR-PPAR-gamma,122,125,0.05864070728421211,6
seed_122,NR-PPAR-gamma,78,126,0.05799049511551857,5
seed_122,NR-PPAR-gamma,115,127,0.05787745490670204,4
seed_122,NR-PPAR-gamma,154,128,0.0556061826646328,5
seed_122,NR-PPAR-gamma,113,129,0.05537530779838562,13
seed_122,NR-PPAR-gamma,51,130,0.05499286949634552,10
seed_122,NR-PPAR-gamma,27,131,0.053528379648923874,8
seed_122,NR-PPAR-gamma,162,132,0.051600806415081024,3
seed_122,NR-PPAR-gamma,20,133,0.05125301703810692,4
seed_122,NR-PPAR-gamma,152,134,0.05072092264890671,3
seed_122,NR-PPAR-gamma,89,135,0.050612203776836395,3
seed_122,NR-PPAR-gamma,165,136,0.050261225551366806,4
seed_122,NR-PPAR-gamma,3,137,0.04956720024347305,6
seed_122,NR-PPAR-gamma,120,138,0.04952969402074814,5
seed_122,NR-PPAR-gamma,248,139,0.04795439541339874,2
seed_122,NR-PPAR-gamma,104,140,0.04640815779566765,4
seed_122,NR-PPAR-gamma,186,141,0.045697517693042755,3
seed_122,NR-PPAR-gamma,202,142,0.04561275616288185,3
seed_122,NR-PPAR-gamma,196,143,0.04507012665271759,4
seed_122,NR-PPAR-gamma,38,144,0.04465654119849205,4
seed_122,NR-PPAR-gamma,246,145,0.044418737292289734,3
seed_122,NR-PPAR-gamma,181,146,0.04437066614627838,4
seed_122,NR-PPAR-gamma,77,147,0.04353005066514015,5
seed_122,NR-PPAR-gamma,82,148,0.04228591546416283,4
seed_122,NR-PPAR-gamma,264,149,0.04205719381570816,3
seed_122,NR-PPAR-gamma,276,150,0.04170442000031471,8
seed_122,NR-PPAR-gamma,19,151,0.041596006602048874,4
seed_122,NR-PPAR-gamma,32,152,0.04144524782896042,8
seed_122,NR-PPAR-gamma,55,153,0.040690258145332336,6
seed_122,NR-PPAR-gamma,102,154,0.03969806060194969,6
seed_122,NR-PPAR-gamma,185,155,0.038889314979314804,3
seed_122,NR-PPAR-gamma,225,156,0.03868778422474861,6
seed_122,NR-PPAR-gamma,172,157,0.03849251940846443,4
seed_122,NR-PPAR-gamma,208,158,0.038295041769742966,3
seed_122,NR-PPAR-gamma,298,159,0.03731962665915489,4
seed_122,NR-PPAR-gamma,121,160,0.03681464493274689,7
seed_122,NR-PPAR-gamma,255,161,0.036635804921388626,2
seed_122,NR-PPAR-gamma,232,162,0.03581755980849266,2
seed_122,NR-PPAR-gamma,142,163,0.03540915995836258,3
seed_122,NR-PPAR-gamma,34,164,0.034050460904836655,5
seed_122,NR-PPAR-gamma,87,165,0.03359187766909599,4
seed_122,NR-PPAR-gamma,85,166,0.03358585014939308,3
seed_122,NR-PPAR-gamma,65,167,0.032964788377285004,3
seed_122,NR-PPAR-gamma,106,168,0.032864563167095184,4
seed_122,NR-PPAR-gamma,293,169,0.032426878809928894,3
seed_122,NR-PPAR-gamma,274,170,0.03238976374268532,2
seed_122,NR-PPAR-gamma,127,171,0.031234798952937126,4
seed_122,NR-PPAR-gamma,144,172,0.031160052865743637,7
seed_122,NR-PPAR-gamma,206,173,0.02984139323234558,4
seed_122,NR-PPAR-gamma,243,174,0.029710659757256508,2
seed_122,NR-PPAR-gamma,213,175,0.029146680608391762,4
seed_122,NR-PPAR-gamma,50,176,0.02911510318517685,3
seed_122,NR-PPAR-gamma,54,177,0.027780745178461075,5
seed_122,NR-PPAR-gamma,105,178,0.027441054582595825,3
seed_122,NR-PPAR-gamma,169,179,0.02737903781235218,8
seed_122,NR-PPAR-gamma,53,180,0.027263013646006584,6
seed_122,NR-PPAR-gamma,149,181,0.027244562283158302,2
seed_122,NR-PPAR-gamma,132,182,0.026093723252415657,2
seed_122,NR-PPAR-gamma,286,183,0.02539318986237049,2
seed_122,NR-PPAR-gamma,229,184,0.0246353168040514,7
seed_122,NR-PPAR-gamma,295,185,0.02404739148914814,2
seed_122,NR-PPAR-gamma,268,186,0.023081045597791672,4
seed_122,NR-PPAR-gamma,103,187,0.023038925603032112,3
seed_122,NR-PPAR-gamma,48,188,0.022994015365839005,7
seed_122,NR-PPAR-gamma,214,189,0.022725341841578484,2
seed_122,NR-PPAR-gamma,210,190,0.022429021075367928,6
seed_122,NR-PPAR-gamma,133,191,0.0223116185516119,6
seed_122,NR-PPAR-gamma,150,192,0.02175152488052845,3
seed_122,NR-PPAR-gamma,280,193,0.020733769983053207,3
seed_122,NR-PPAR-gamma,153,194,0.02029603347182274,2
seed_122,NR-PPAR-gamma,236,195,0.020168229937553406,3
seed_122,NR-PPAR-gamma,198,196,0.019588569179177284,3
seed_122,NR-PPAR-gamma,179,197,0.019354401156306267,3
seed_122,NR-PPAR-gamma,241,198,0.019200410693883896,3
seed_122,NR-PPAR-gamma,207,199,0.018714457750320435,2
seed_122,NR-PPAR-gamma,188,200,0.018614716827869415,2
seed_122,NR-PPAR-gamma,16,201,0.018242118880152702,4
seed_122,NR-PPAR-gamma,44,202,0.018002793192863464,3
seed_122,NR-PPAR-gamma,228,203,0.018000870943069458,4
seed_122,NR-PPAR-gamma,224,204,0.01778612658381462,2
seed_122,NR-PPAR-gamma,187,205,0.017724933102726936,3
seed_122,NR-PPAR-gamma,96,206,0.01763700693845749,5
seed_122,NR-PPAR-gamma,194,207,0.017046824097633362,3
seed_122,NR-PPAR-gamma,95,208,0.017027918249368668,4
seed_122,NR-PPAR-gamma,203,209,0.01684851385653019,4
seed_122,NR-PPAR-gamma,101,210,0.01667609252035618,3
seed_122,NR-PPAR-gamma,249,211,0.01647123321890831,3
seed_122,NR-PPAR-gamma,14,212,0.015688812360167503,5
seed_122,NR-PPAR-gamma,35,213,0.015485535375773907,4
seed_122,NR-PPAR-gamma,215,214,0.015411545522511005,4
seed_122,NR-PPAR-gamma,90,215,0.015252577140927315,6
seed_122,NR-PPAR-gamma,182,216,0.014746039174497128,2
seed_122,NR-PPAR-gamma,253,217,0.014494938775897026,1
seed_122,NR-PPAR-gamma,159,218,0.014169572852551937,2
seed_122,NR-PPAR-gamma,191,219,0.014062419533729553,2
seed_122,NR-PPAR-gamma,289,220,0.014022485353052616,2
seed_122,NR-PPAR-gamma,271,221,0.013758660294115543,3
seed_122,NR-PPAR-gamma,192,222,0.013462995178997517,3
seed_122,NR-PPAR-gamma,205,223,0.013377525843679905,3
seed_122,NR-PPAR-gamma,118,224,0.013057664036750793,4
seed_122,NR-PPAR-gamma,18,225,0.012858444824814796,4
seed_122,NR-PPAR-gamma,30,226,0.01279051136225462,5
seed_122,NR-PPAR-gamma,146,227,0.012466144748032093,5
seed_122,NR-PPAR-gamma,124,228,0.011764350347220898,4
seed_122,NR-PPAR-gamma,68,229,0.011743494309484959,2
seed_122,NR-PPAR-gamma,131,230,0.011628307402133942,2
seed_122,NR-PPAR-gamma,158,231,0.011568005196750164,3
seed_122,NR-PPAR-gamma,173,232,0.011501953937113285,4
seed_122,NR-PPAR-gamma,100,233,0.01138078048825264,3
seed_122,NR-PPAR-gamma,260,234,0.011365309357643127,5
seed_122,NR-PPAR-gamma,8,235,0.011144693940877914,6
seed_122,NR-PPAR-gamma,163,236,0.010765155777335167,3
seed_122,NR-PPAR-gamma,292,237,0.010363715700805187,3
seed_122,NR-PPAR-gamma,237,238,0.009831058792769909,2
seed_122,NR-PPAR-gamma,171,239,0.00971390400081873,2
seed_122,NR-PPAR-gamma,76,240,0.009621026925742626,2
seed_122,NR-PPAR-gamma,47,241,0.009561768732964993,4
seed_122,NR-PPAR-gamma,69,242,0.009499586187303066,8
seed_122,NR-PPAR-gamma,273,243,0.00945472065359354,2
seed_122,NR-PPAR-gamma,177,244,0.009429464116692543,4
seed_122,NR-PPAR-gamma,297,245,0.009241681545972824,1
seed_122,NR-PPAR-gamma,227,246,0.009236304089426994,3
seed_122,NR-PPAR-gamma,9,247,0.009138152003288269,3
seed_122,NR-PPAR-gamma,26,248,0.008782575838267803,4
seed_122,NR-PPAR-gamma,116,249,0.008474619127810001,3
seed_122,NR-PPAR-gamma,230,250,0.008274128660559654,3
seed_122,NR-PPAR-gamma,11,251,0.008252871222794056,2
seed_122,NR-PPAR-gamma,267,252,0.008206258527934551,2
seed_122,NR-PPAR-gamma,258,253,0.00815778598189354,3
seed_122,NR-PPAR-gamma,197,254,0.008144157938659191,3
seed_122,NR-PPAR-gamma,261,255,0.00782502070069313,3
seed_122,NR-PPAR-gamma,98,256,0.007583425845950842,2
seed_122,NR-PPAR-gamma,220,257,0.0075052883476018906,2
seed_122,NR-PPAR-gamma,238,258,0.007180545013397932,1
seed_122,NR-PPAR-gamma,226,259,0.0069681573659181595,2
seed_122,NR-PPAR-gamma,256,260,0.006953689735382795,2
seed_122,NR-PPAR-gamma,94,261,0.006566272582858801,2
seed_122,NR-PPAR-gamma,60,262,0.0060924626886844635,3
seed_122,NR-PPAR-gamma,275,263,0.005951170809566975,2
seed_122,NR-PPAR-gamma,5,264,0.005948637146502733,4
seed_122,NR-PPAR-gamma,288,265,0.005890851840376854,2
seed_122,NR-PPAR-gamma,265,266,0.005866122432053089,1
seed_122,NR-PPAR-gamma,125,267,0.004844541195780039,3
seed_122,NR-PPAR-gamma,155,268,0.004426384344696999,3
seed_122,NR-PPAR-gamma,279,269,0.00434126378968358,2
seed_122,NR-PPAR-gamma,161,270,0.004087183158844709,2
seed_122,NR-PPAR-gamma,259,271,0.0040680295787751675,2
seed_122,NR-PPAR-gamma,234,272,0.004043246153742075,2
seed_122,NR-PPAR-gamma,137,273,0.003913418855518103,2
seed_122,NR-PPAR-gamma,240,274,0.003773316042497754,1
seed_122,NR-PPAR-gamma,262,275,0.003743967739865184,3
seed_122,NR-PPAR-gamma,97,276,0.003445226699113846,2
seed_122,NR-PPAR-gamma,164,277,0.0031471909023821354,2
seed_122,NR-PPAR-gamma,119,278,0.0026934503111988306,2
seed_122,NR-PPAR-gamma,141,279,0.002673876704648137,2
seed_122,NR-PPAR-gamma,156,280,0.002673048758879304,2
seed_122,NR-PPAR-gamma,157,281,0.002538013271987438,2
seed_122,NR-PPAR-gamma,151,282,0.0025177437346428633,2
seed_122,NR-PPAR-gamma,174,283,0.0025000390596687794,2
seed_122,NR-PPAR-gamma,223,284,0.002440850017592311,2
seed_122,NR-PPAR-gamma,284,285,0.00236415839754045,2
seed_122,NR-PPAR-gamma,282,286,0.002189206425100565,3
seed_122,NR-PPAR-gamma,178,287,0.0020883965771645308,2
seed_122,NR-PPAR-gamma,294,288,0.0020337016321718693,2
seed_122,NR-PPAR-gamma,278,289,0.0018205954693257809,2
seed_122,NR-PPAR-gamma,41,290,0.0017708824016153812,2
seed_122,NR-PPAR-gamma,281,291,0.0016251584747806191,1
seed_122,NR-PPAR-gamma,216,292,0.0014982139691710472,2
seed_122,NR-PPAR-gamma,285,293,0.00043794899829663336,1
seed_122,NR-PPAR-gamma,283,294,0.00039386010030284524,2
seed_122,NR-PPAR-gamma,266,295,0.0,1
seed_122,NR-PPAR-gamma,244,296,0.0,1
seed_122,NR-PPAR-gamma,199,297,0.0,2
seed_122,NR-PPAR-gamma,277,298,0.0,1
seed_122,NR-PPAR-gamma,272,299,0.0,1
seed_122,SR-HSE,70,0,4.398334503173828,27
seed_122,SR-HSE,168,1,4.131556510925293,79
seed_122,SR-HSE,72,2,3.7700557708740234,15
seed_122,SR-HSE,7,3,2.4226346015930176,33
seed_122,SR-HSE,128,4,2.2212352752685547,42
seed_122,SR-HSE,139,5,1.969404935836792,12
seed_122,SR-HSE,62,6,1.9234765768051147,24
seed_122,SR-HSE,0,7,1.5816683769226074,20
seed_122,SR-HSE,24,8,1.5387592315673828,21
seed_122,SR-HSE,63,9,1.4730539321899414,51
seed_122,SR-HSE,29,10,1.394752860069275,39
seed_122,SR-HSE,73,11,1.3891080617904663,16
seed_122,SR-HSE,6,12,1.308498501777649,18
seed_122,SR-HSE,10,13,1.0988367795944214,17
seed_122,SR-HSE,110,14,1.068546175956726,20
seed_122,SR-HSE,52,15,1.0507938861846924,16
seed_122,SR-HSE,287,16,0.8720682859420776,8
seed_122,SR-HSE,58,17,0.8370837569236755,10
seed_122,SR-HSE,57,18,0.8144466280937195,9
seed_122,SR-HSE,74,19,0.795662522315979,19
seed_122,SR-HSE,84,20,0.7905421257019043,15
seed_122,SR-HSE,66,21,0.7531055212020874,13
seed_122,SR-HSE,15,22,0.7098326086997986,26
seed_122,SR-HSE,2,23,0.6907974481582642,14
seed_122,SR-HSE,189,24,0.675646960735321,9
seed_122,SR-HSE,22,25,0.6661297082901001,13
seed_122,SR-HSE,184,26,0.618277907371521,7
seed_122,SR-HSE,190,27,0.6148858070373535,13
seed_122,SR-HSE,23,28,0.5859848856925964,30
seed_122,SR-HSE,71,29,0.5783562064170837,11
seed_122,SR-HSE,245,30,0.5258598923683167,15
seed_122,SR-HSE,80,31,0.4893488585948944,8
seed_122,SR-HSE,252,32,0.4501345455646515,4
seed_122,SR-HSE,231,33,0.4490439295768738,8
seed_122,SR-HSE,31,34,0.4345359802246094,20
seed_122,SR-HSE,145,35,0.4183529317378998,17
seed_122,SR-HSE,59,36,0.4121083915233612,8
seed_122,SR-HSE,56,37,0.40902459621429443,17
seed_122,SR-HSE,222,38,0.40392744541168213,4
seed_122,SR-HSE,114,39,0.4035498797893524,7
seed_122,SR-HSE,43,40,0.40141257643699646,9
seed_122,SR-HSE,263,41,0.38758257031440735,6
seed_122,SR-HSE,67,42,0.38142502307891846,16
seed_122,SR-HSE,33,43,0.38089093565940857,17
seed_122,SR-HSE,25,44,0.3756648302078247,8
seed_122,SR-HSE,79,45,0.3700193166732788,9
seed_122,SR-HSE,211,46,0.35748234391212463,13
seed_122,SR-HSE,221,47,0.34457749128341675,6
seed_122,SR-HSE,123,48,0.3407614529132843,11
seed_122,SR-HSE,217,49,0.32734835147857666,4
seed_122,SR-HSE,160,50,0.31994032859802246,11
seed_122,SR-HSE,193,51,0.3171553313732147,9
seed_122,SR-HSE,195,52,0.3165750503540039,11
seed_122,SR-HSE,93,53,0.2997848093509674,16
seed_122,SR-HSE,75,54,0.2953883111476898,13
seed_122,SR-HSE,42,55,0.2878815829753876,5
seed_122,SR-HSE,209,56,0.2838404178619385,7
seed_122,SR-HSE,12,57,0.28353622555732727,6
seed_122,SR-HSE,46,58,0.2823478579521179,13
seed_122,SR-HSE,219,59,0.2821788489818573,16
seed_122,SR-HSE,170,60,0.2799854278564453,6
seed_122,SR-HSE,136,61,0.27444183826446533,18
seed_122,SR-HSE,92,62,0.27426663041114807,21
seed_122,SR-HSE,290,63,0.27361080050468445,10
seed_122,SR-HSE,175,64,0.2719915509223938,9
seed_122,SR-HSE,40,65,0.2706814706325531,6
seed_122,SR-HSE,270,66,0.2613936960697174,4
seed_122,SR-HSE,64,67,0.26009881496429443,7
seed_122,SR-HSE,39,68,0.25850361585617065,9
seed_122,SR-HSE,49,69,0.25790658593177795,17
seed_122,SR-HSE,296,70,0.255097895860672,10
seed_122,SR-HSE,21,71,0.2489934265613556,13
seed_122,SR-HSE,299,72,0.24198651313781738,7
seed_122,SR-HSE,140,73,0.2277652472257614,19
seed_122,SR-HSE,257,74,0.21765479445457458,8
seed_122,SR-HSE,117,75,0.21556136012077332,7
seed_122,SR-HSE,147,76,0.21481899917125702,16
seed_122,SR-HSE,108,77,0.2135726809501648,14
seed_122,SR-HSE,180,78,0.21261776983737946,5
seed_122,SR-HSE,83,79,0.21074660122394562,9
seed_122,SR-HSE,167,80,0.20784348249435425,6
seed_122,SR-HSE,126,81,0.19654050469398499,10
seed_122,SR-HSE,37,82,0.19447268545627594,7
seed_122,SR-HSE,148,83,0.1937251091003418,14
seed_122,SR-HSE,183,84,0.19230875372886658,7
seed_122,SR-HSE,111,85,0.18253564834594727,5
seed_122,SR-HSE,268,86,0.18176235258579254,4
seed_122,SR-HSE,99,87,0.1817541867494583,7
seed_122,SR-HSE,112,88,0.18136297166347504,10
seed_122,SR-HSE,129,89,0.1786123663187027,9
seed_122,SR-HSE,86,90,0.1783861666917801,9
seed_122,SR-HSE,142,91,0.17677351832389832,3
seed_122,SR-HSE,32,92,0.1735096275806427,8
seed_122,SR-HSE,200,93,0.17045986652374268,8
seed_122,SR-HSE,135,94,0.16947829723358154,9
seed_122,SR-HSE,204,95,0.16938874125480652,7
seed_122,SR-HSE,81,96,0.1580907702445984,19
seed_122,SR-HSE,225,97,0.15759801864624023,6
seed_122,SR-HSE,130,98,0.15341851115226746,4
seed_122,SR-HSE,242,99,0.1454228162765503,6
seed_122,SR-HSE,120,100,0.1409250795841217,5
seed_122,SR-HSE,109,101,0.13928987085819244,7
seed_122,SR-HSE,35,102,0.13696250319480896,4
seed_122,SR-HSE,4,103,0.13630923628807068,9
seed_122,SR-HSE,28,104,0.13341708481311798,7
seed_122,SR-HSE,36,105,0.13043805956840515,7
seed_122,SR-HSE,251,106,0.12917685508728027,3
seed_122,SR-HSE,143,107,0.12810413539409637,5
seed_122,SR-HSE,166,108,0.12298965454101562,6
seed_122,SR-HSE,55,109,0.12294035404920578,6
seed_122,SR-HSE,102,110,0.11680327355861664,6
seed_122,SR-HSE,247,111,0.11648699641227722,4
seed_122,SR-HSE,20,112,0.11547726392745972,4
seed_122,SR-HSE,50,113,0.11544926464557648,3
seed_122,SR-HSE,154,114,0.11362190544605255,5
seed_122,SR-HSE,107,115,0.10990337282419205,6
seed_122,SR-HSE,85,116,0.10907373577356339,3
seed_122,SR-HSE,61,117,0.10837269574403763,6
seed_122,SR-HSE,212,118,0.10490775108337402,7
seed_122,SR-HSE,176,119,0.1031925231218338,5
seed_122,SR-HSE,213,120,0.1029239296913147,4
seed_122,SR-HSE,45,121,0.10251770913600922,8
seed_122,SR-HSE,44,122,0.09875771403312683,3
seed_122,SR-HSE,276,123,0.0979820191860199,8
seed_122,SR-HSE,250,124,0.09683249145746231,4
seed_122,SR-HSE,88,125,0.09603249281644821,4
seed_122,SR-HSE,233,126,0.09599877148866653,6
seed_122,SR-HSE,82,127,0.09469267725944519,4
seed_122,SR-HSE,292,128,0.0927591398358345,3
seed_122,SR-HSE,181,129,0.09246911108493805,4
seed_122,SR-HSE,201,130,0.09181629866361618,4
seed_122,SR-HSE,218,131,0.09107836335897446,3
seed_122,SR-HSE,78,132,0.09056975692510605,5
seed_122,SR-HSE,122,133,0.08957543969154358,6
seed_122,SR-HSE,91,134,0.08755993843078613,6
seed_122,SR-HSE,1,135,0.08648743480443954,6
seed_122,SR-HSE,196,136,0.0848579928278923,4
seed_122,SR-HSE,255,137,0.08415283262729645,2
seed_122,SR-HSE,146,138,0.08262108266353607,5
seed_122,SR-HSE,95,139,0.0817040205001831,4
seed_122,SR-HSE,208,140,0.07869681715965271,3
seed_122,SR-HSE,38,141,0.07781782746315002,4
seed_122,SR-HSE,243,142,0.07760612666606903,2
seed_122,SR-HSE,14,143,0.0750415176153183,5
seed_122,SR-HSE,149,144,0.07267396152019501,2
seed_122,SR-HSE,153,145,0.07261689752340317,2
seed_122,SR-HSE,19,146,0.07153875380754471,4
seed_122,SR-HSE,34,147,0.0697086900472641,5
seed_122,SR-HSE,113,148,0.06908327341079712,13
seed_122,SR-HSE,288,149,0.0690634474158287,2
seed_122,SR-HSE,237,150,0.06847307831048965,2
seed_122,SR-HSE,127,151,0.06811734288930893,4
seed_122,SR-HSE,103,152,0.06701400876045227,3
seed_122,SR-HSE,249,153,0.06636511534452438,3
seed_122,SR-HSE,264,154,0.0663376897573471,3
seed_122,SR-HSE,172,155,0.06562122702598572,4
seed_122,SR-HSE,48,156,0.06558124721050262,7
seed_122,SR-HSE,248,157,0.06530046463012695,2
seed_122,SR-HSE,236,158,0.06470351666212082,3
seed_122,SR-HSE,205,159,0.06407703459262848,3
seed_122,SR-HSE,115,160,0.06386005133390427,4
seed_122,SR-HSE,239,161,0.06357143074274063,3
seed_122,SR-HSE,260,162,0.06348790973424911,5
seed_122,SR-HSE,179,163,0.06332265585660934,3
seed_122,SR-HSE,202,164,0.06318618357181549,3
seed_122,SR-HSE,144,165,0.06286733597517014,7
seed_122,SR-HSE,3,166,0.0628611147403717,6
seed_122,SR-HSE,214,167,0.06216474622488022,2
seed_122,SR-HSE,230,168,0.06198010593652725,3
seed_122,SR-HSE,138,169,0.06139804422855377,3
seed_122,SR-HSE,90,170,0.06066964566707611,6
seed_122,SR-HSE,229,171,0.06038852408528328,7
seed_122,SR-HSE,124,172,0.06034928187727928,4
seed_122,SR-HSE,295,173,0.05894435942173004,2
seed_122,SR-HSE,27,174,0.05883559212088585,8
seed_122,SR-HSE,162,175,0.058532990515232086,3
seed_122,SR-HSE,8,176,0.05825011432170868,6
seed_122,SR-HSE,269,177,0.057880252599716187,4
seed_122,SR-HSE,246,178,0.057631492614746094,3
seed_122,SR-HSE,69,179,0.0572502501308918,8
seed_122,SR-HSE,206,180,0.05692330002784729,4
seed_122,SR-HSE,16,181,0.05682675540447235,4
seed_122,SR-HSE,17,182,0.05676569417119026,5
seed_122,SR-HSE,169,183,0.05676284804940224,8
seed_122,SR-HSE,298,184,0.05579865723848343,4
seed_122,SR-HSE,104,185,0.054550524801015854,4
seed_122,SR-HSE,286,186,0.05209359526634216,2
seed_122,SR-HSE,106,187,0.0518265925347805,4
seed_122,SR-HSE,186,188,0.050595130771398544,3
seed_122,SR-HSE,194,189,0.05057584121823311,3
seed_122,SR-HSE,235,190,0.05018961802124977,5
seed_122,SR-HSE,152,191,0.04975900053977966,3
seed_122,SR-HSE,220,192,0.04958309978246689,2
seed_122,SR-HSE,51,193,0.04956965520977974,10
seed_122,SR-HSE,215,194,0.04840990528464317,4
seed_122,SR-HSE,77,195,0.045632682740688324,5
seed_122,SR-HSE,224,196,0.04406806081533432,2
seed_122,SR-HSE,163,197,0.04366261512041092,3
seed_122,SR-HSE,13,198,0.04355926439166069,6
seed_122,SR-HSE,65,199,0.042778804898262024,3
seed_122,SR-HSE,188,200,0.0419914685189724,2
seed_122,SR-HSE,185,201,0.041618745774030685,3
seed_122,SR-HSE,207,202,0.039653465151786804,2
seed_122,SR-HSE,197,203,0.039551038295030594,3
seed_122,SR-HSE,134,204,0.03931143134832382,3
seed_122,SR-HSE,192,205,0.0359857976436615,3
seed_122,SR-HSE,30,206,0.03585372865200043,5
seed_122,SR-HSE,182,207,0.03509874269366264,2
seed_122,SR-HSE,96,208,0.03458669036626816,5
seed_122,SR-HSE,94,209,0.03434115648269653,2
seed_122,SR-HSE,155,210,0.03425687551498413,3
seed_122,SR-HSE,100,211,0.0341266430914402,3
seed_122,SR-HSE,198,212,0.03362368792295456,3
seed_122,SR-HSE,5,213,0.03202049434185028,4
seed_122,SR-HSE,121,214,0.03136849403381348,7
seed_122,SR-HSE,293,215,0.03127216547727585,3
seed_122,SR-HSE,165,216,0.030918002128601074,4
seed_122,SR-HSE,89,217,0.03041483275592327,3
seed_122,SR-HSE,105,218,0.027979213744401932,3
seed_122,SR-HSE,171,219,0.02722639963030815,2
seed_122,SR-HSE,280,220,0.02701730653643608,3
seed_122,SR-HSE,150,221,0.026484578847885132,3
seed_122,SR-HSE,291,222,0.02572467550635338,2
seed_122,SR-HSE,258,223,0.025721967220306396,3
seed_122,SR-HSE,210,224,0.02549835853278637,6
seed_122,SR-HSE,232,225,0.02524181827902794,2
seed_122,SR-HSE,227,226,0.025189736858010292,3
seed_122,SR-HSE,254,227,0.025096699595451355,2
seed_122,SR-HSE,262,228,0.024841375648975372,3
seed_122,SR-HSE,53,229,0.024208741262555122,6
seed_122,SR-HSE,241,230,0.02139563299715519,3
seed_122,SR-HSE,68,231,0.021311355754733086,2
seed_122,SR-HSE,159,232,0.02109222486615181,2
seed_122,SR-HSE,47,233,0.02086966298520565,4
seed_122,SR-HSE,275,234,0.020861811935901642,2
seed_122,SR-HSE,173,235,0.02078952081501484,4
seed_122,SR-HSE,174,236,0.020783012732863426,2
seed_122,SR-HSE,289,237,0.020619170740246773,2
seed_122,SR-HSE,187,238,0.02005298063158989,3
seed_122,SR-HSE,9,239,0.020052021369338036,3
seed_122,SR-HSE,18,240,0.01991022378206253,4
seed_122,SR-HSE,284,241,0.01982737146317959,2
seed_122,SR-HSE,133,242,0.019228599965572357,6
seed_122,SR-HSE,41,243,0.018201153725385666,2
seed_122,SR-HSE,54,244,0.01743791438639164,5
seed_122,SR-HSE,26,245,0.017403727397322655,4
seed_122,SR-HSE,87,246,0.01695583388209343,4
seed_122,SR-HSE,274,247,0.015681598335504532,2
seed_122,SR-HSE,60,248,0.014901095069944859,3
seed_122,SR-HSE,11,249,0.014468157663941383,2
seed_122,SR-HSE,118,250,0.013518054038286209,4
seed_122,SR-HSE,256,251,0.013458151370286942,2
seed_122,SR-HSE,261,252,0.012861480005085468,3
seed_122,SR-HSE,158,253,0.012657394632697105,3
seed_122,SR-HSE,234,254,0.012303901836276054,2
seed_122,SR-HSE,101,255,0.012089050374925137,3
seed_122,SR-HSE,259,256,0.011690095998346806,2
seed_122,SR-HSE,253,257,0.011478560976684093,1
seed_122,SR-HSE,177,258,0.010674414224922657,4
seed_122,SR-HSE,97,259,0.00907167885452509,2
seed_122,SR-HSE,191,260,0.00897181686013937,2
seed_122,SR-HSE,267,261,0.008864853531122208,2
seed_122,SR-HSE,132,262,0.008849040605127811,2
seed_122,SR-HSE,297,263,0.00875441450625658,1
seed_122,SR-HSE,203,264,0.008715632371604443,4
seed_122,SR-HSE,228,265,0.008280271664261818,4
seed_122,SR-HSE,76,266,0.008150454610586166,2
seed_122,SR-HSE,98,267,0.007445653434842825,2
seed_122,SR-HSE,131,268,0.007417054381221533,2
seed_122,SR-HSE,279,269,0.007397830951958895,2
seed_122,SR-HSE,141,270,0.007297157309949398,2
seed_122,SR-HSE,119,271,0.00717270839959383,2
seed_122,SR-HSE,271,272,0.006919662468135357,3
seed_122,SR-HSE,223,273,0.006813458167016506,2
seed_122,SR-HSE,282,274,0.006719960365444422,3
seed_122,SR-HSE,273,275,0.006642459891736507,2
seed_122,SR-HSE,278,276,0.006411382928490639,2
seed_122,SR-HSE,164,277,0.006031074095517397,2
seed_122,SR-HSE,156,278,0.005864942446351051,2
seed_122,SR-HSE,116,279,0.005196941550821066,3
seed_122,SR-HSE,240,280,0.005076004657894373,1
seed_122,SR-HSE,226,281,0.0048266868107020855,2
seed_122,SR-HSE,157,282,0.004806362558156252,2
seed_122,SR-HSE,151,283,0.004574325866997242,2
seed_122,SR-HSE,281,284,0.004122419748455286,1
seed_122,SR-HSE,161,285,0.004059037193655968,2
seed_122,SR-HSE,238,286,0.003496584016829729,1
seed_122,SR-HSE,294,287,0.0032767197117209435,2
seed_122,SR-HSE,137,288,0.0028650371823459864,2
seed_122,SR-HSE,265,289,0.002336058998480439,1
seed_122,SR-HSE,178,290,0.0022770462092012167,2
seed_122,SR-HSE,216,291,0.0022409120574593544,2
seed_122,SR-HSE,125,292,0.001204672851599753,3
seed_122,SR-HSE,285,293,0.0010587996803224087,1
seed_122,SR-HSE,283,294,0.0007750721415504813,2
seed_122,SR-HSE,266,295,0.0,1
seed_122,SR-HSE,272,296,0.0,1
seed_122,SR-HSE,199,297,0.0,2
seed_122,SR-HSE,277,298,0.0,1
seed_122,SR-HSE,244,299,0.0,1
seed_122,NR-AR-LBD,70,0,5.486351490020752,27
seed_122,NR-AR-LBD,168,1,2.8743042945861816,79
seed_122,NR-AR-LBD,72,2,2.135362386703491,15
seed_122,NR-AR-LBD,128,3,1.3859245777130127,42
seed_122,NR-AR-LBD,10,4,1.3542503118515015,17
seed_122,NR-AR-LBD,139,5,1.2561357021331787,12
seed_122,NR-AR-LBD,7,6,1.245635986328125,33
seed_122,NR-AR-LBD,62,7,1.2228543758392334,24
seed_122,NR-AR-LBD,24,8,1.0594642162322998,21
seed_122,NR-AR-LBD,110,9,0.9399381875991821,20
seed_122,NR-AR-LBD,63,10,0.9260562062263489,51
seed_122,NR-AR-LBD,73,11,0.8905866742134094,16
seed_122,NR-AR-LBD,189,12,0.8499606251716614,9
seed_122,NR-AR-LBD,29,13,0.832703173160553,39
seed_122,NR-AR-LBD,74,14,0.6655929088592529,19
seed_122,NR-AR-LBD,0,15,0.6377866268157959,20
seed_122,NR-AR-LBD,52,16,0.635185182094574,16
seed_122,NR-AR-LBD,57,17,0.5520749688148499,9
seed_122,NR-AR-LBD,22,18,0.5060135722160339,13
seed_122,NR-AR-LBD,58,19,0.499138206243515,10
seed_122,NR-AR-LBD,66,20,0.4800967574119568,13
seed_122,NR-AR-LBD,84,21,0.4712895452976227,15
seed_122,NR-AR-LBD,25,22,0.44187936186790466,8
seed_122,NR-AR-LBD,209,23,0.4172538220882416,7
seed_122,NR-AR-LBD,46,24,0.38741520047187805,13
seed_122,NR-AR-LBD,184,25,0.3749854266643524,7
seed_122,NR-AR-LBD,190,26,0.36938953399658203,13
seed_122,NR-AR-LBD,23,27,0.36509302258491516,30
seed_122,NR-AR-LBD,80,28,0.35867705941200256,8
seed_122,NR-AR-LBD,33,29,0.35747331380844116,17
seed_122,NR-AR-LBD,123,30,0.3514426350593567,11
seed_122,NR-AR-LBD,40,31,0.35110989212989807,6
seed_122,NR-AR-LBD,6,32,0.3494129180908203,18
seed_122,NR-AR-LBD,49,33,0.3316532373428345,17
seed_122,NR-AR-LBD,231,34,0.32896992564201355,8
seed_122,NR-AR-LBD,160,35,0.31941884756088257,11
seed_122,NR-AR-LBD,79,36,0.316480427980423,9
seed_122,NR-AR-LBD,222,37,0.3119972348213196,4
seed_122,NR-AR-LBD,15,38,0.30660730600357056,26
seed_122,NR-AR-LBD,180,39,0.30553683638572693,5
seed_122,NR-AR-LBD,245,40,0.2979411482810974,15
seed_122,NR-AR-LBD,147,41,0.2936706840991974,16
seed_122,NR-AR-LBD,170,42,0.2902328073978424,6
seed_122,NR-AR-LBD,75,43,0.2888696789741516,13
seed_122,NR-AR-LBD,263,44,0.28847381472587585,6
seed_122,NR-AR-LBD,71,45,0.2763000428676605,11
seed_122,NR-AR-LBD,296,46,0.2712220549583435,10
seed_122,NR-AR-LBD,252,47,0.2708185315132141,4
seed_122,NR-AR-LBD,221,48,0.26740947365760803,6
seed_122,NR-AR-LBD,92,49,0.2596762478351593,21
seed_122,NR-AR-LBD,219,50,0.2554680109024048,16
seed_122,NR-AR-LBD,117,51,0.24731101095676422,7
seed_122,NR-AR-LBD,2,52,0.24646422266960144,14
seed_122,NR-AR-LBD,114,53,0.23887620866298676,7
seed_122,NR-AR-LBD,21,54,0.22990551590919495,13
seed_122,NR-AR-LBD,242,55,0.2287355363368988,6
seed_122,NR-AR-LBD,93,56,0.2261345535516739,16
seed_122,NR-AR-LBD,31,57,0.21989598870277405,20
seed_122,NR-AR-LBD,145,58,0.21590089797973633,17
seed_122,NR-AR-LBD,135,59,0.21506249904632568,9
seed_122,NR-AR-LBD,12,60,0.21325227618217468,6
seed_122,NR-AR-LBD,287,61,0.2068876475095749,8
seed_122,NR-AR-LBD,175,62,0.2062605768442154,9
seed_122,NR-AR-LBD,126,63,0.2060433179140091,10
seed_122,NR-AR-LBD,99,64,0.2043466717004776,7
seed_122,NR-AR-LBD,67,65,0.2017216980457306,16
seed_122,NR-AR-LBD,59,66,0.19496650993824005,8
seed_122,NR-AR-LBD,195,67,0.17937836050987244,11
seed_122,NR-AR-LBD,56,68,0.17694072425365448,17
seed_122,NR-AR-LBD,42,69,0.17428813874721527,5
seed_122,NR-AR-LBD,211,70,0.1736842393875122,13
seed_122,NR-AR-LBD,136,71,0.1593378335237503,18
seed_122,NR-AR-LBD,129,72,0.1590704321861267,9
seed_122,NR-AR-LBD,37,73,0.15498583018779755,7
seed_122,NR-AR-LBD,148,74,0.15144450962543488,14
seed_122,NR-AR-LBD,257,75,0.15128135681152344,8
seed_122,NR-AR-LBD,217,76,0.14916327595710754,4
seed_122,NR-AR-LBD,193,77,0.147956982254982,9
seed_122,NR-AR-LBD,204,78,0.14477421343326569,7
seed_122,NR-AR-LBD,43,79,0.14244523644447327,9
seed_122,NR-AR-LBD,233,80,0.1410978138446808,6
seed_122,NR-AR-LBD,108,81,0.13899342715740204,14
seed_122,NR-AR-LBD,83,82,0.1389036476612091,9
seed_122,NR-AR-LBD,248,83,0.1383240818977356,2
seed_122,NR-AR-LBD,140,84,0.13701647520065308,19
seed_122,NR-AR-LBD,36,85,0.13640417158603668,7
seed_122,NR-AR-LBD,81,86,0.13516423106193542,19
seed_122,NR-AR-LBD,112,87,0.1307266354560852,10
seed_122,NR-AR-LBD,88,88,0.12784244120121002,4
seed_122,NR-AR-LBD,167,89,0.12526486814022064,6
seed_122,NR-AR-LBD,39,90,0.12287403643131256,9
seed_122,NR-AR-LBD,247,91,0.11685439944267273,4
seed_122,NR-AR-LBD,166,92,0.1144246831536293,6
seed_122,NR-AR-LBD,212,93,0.11268933117389679,7
seed_122,NR-AR-LBD,113,94,0.111884705722332,13
seed_122,NR-AR-LBD,120,95,0.11172699928283691,5
seed_122,NR-AR-LBD,299,96,0.11001122742891312,7
seed_122,NR-AR-LBD,143,97,0.1097748801112175,5
seed_122,NR-AR-LBD,154,98,0.10714060813188553,5
seed_122,NR-AR-LBD,201,99,0.10602062195539474,4
seed_122,NR-AR-LBD,111,100,0.1053435355424881,5
seed_122,NR-AR-LBD,45,101,0.10389723628759384,8
seed_122,NR-AR-LBD,276,102,0.10389499366283417,8
seed_122,NR-AR-LBD,91,103,0.10382768511772156,6
seed_122,NR-AR-LBD,107,104,0.10313958674669266,6
seed_122,NR-AR-LBD,78,105,0.10217859596014023,5
seed_122,NR-AR-LBD,13,106,0.10039477795362473,6
seed_122,NR-AR-LBD,183,107,0.09572311490774155,7
seed_122,NR-AR-LBD,102,108,0.09505292028188705,6
seed_122,NR-AR-LBD,144,109,0.08820828795433044,7
seed_122,NR-AR-LBD,270,110,0.08760790526866913,4
seed_122,NR-AR-LBD,138,111,0.08572143316268921,3
seed_122,NR-AR-LBD,55,112,0.08478367328643799,6
seed_122,NR-AR-LBD,290,113,0.08334360271692276,10
seed_122,NR-AR-LBD,1,114,0.08214446902275085,6
seed_122,NR-AR-LBD,218,115,0.08115215599536896,3
seed_122,NR-AR-LBD,3,116,0.07982679456472397,6
seed_122,NR-AR-LBD,51,117,0.07942892611026764,10
seed_122,NR-AR-LBD,50,118,0.07919228821992874,3
seed_122,NR-AR-LBD,200,119,0.07856857031583786,8
seed_122,NR-AR-LBD,64,120,0.07711710035800934,7
seed_122,NR-AR-LBD,225,121,0.07664980739355087,6
seed_122,NR-AR-LBD,130,122,0.07531867176294327,4
seed_122,NR-AR-LBD,109,123,0.0740954726934433,7
seed_122,NR-AR-LBD,150,124,0.07181424647569656,3
seed_122,NR-AR-LBD,250,125,0.06869329512119293,4
seed_122,NR-AR-LBD,239,126,0.06758793443441391,3
seed_122,NR-AR-LBD,82,127,0.06710012257099152,4
seed_122,NR-AR-LBD,28,128,0.06664003431797028,7
seed_122,NR-AR-LBD,251,129,0.06442144513130188,3
seed_122,NR-AR-LBD,264,130,0.061677202582359314,3
seed_122,NR-AR-LBD,176,131,0.06085089594125748,5
seed_122,NR-AR-LBD,122,132,0.05547222122550011,6
seed_122,NR-AR-LBD,127,133,0.055032357573509216,4
seed_122,NR-AR-LBD,32,134,0.054783791303634644,8
seed_122,NR-AR-LBD,142,135,0.05313117057085037,3
seed_122,NR-AR-LBD,213,136,0.052822791039943695,4
seed_122,NR-AR-LBD,69,137,0.05264565348625183,8
seed_122,NR-AR-LBD,269,138,0.05109846591949463,4
seed_122,NR-AR-LBD,47,139,0.05088304728269577,4
seed_122,NR-AR-LBD,14,140,0.05083785951137543,5
seed_122,NR-AR-LBD,246,141,0.05054951831698418,3
seed_122,NR-AR-LBD,86,142,0.050105463713407516,9
seed_122,NR-AR-LBD,230,143,0.04865457862615585,3
seed_122,NR-AR-LBD,196,144,0.04835043475031853,4
seed_122,NR-AR-LBD,20,145,0.047379955649375916,4
seed_122,NR-AR-LBD,90,146,0.04645821452140808,6
seed_122,NR-AR-LBD,77,147,0.04601723328232765,5
seed_122,NR-AR-LBD,292,148,0.045808013528585434,3
seed_122,NR-AR-LBD,89,149,0.043568238615989685,3
seed_122,NR-AR-LBD,206,150,0.04265827313065529,4
seed_122,NR-AR-LBD,27,151,0.041497595608234406,8
seed_122,NR-AR-LBD,171,152,0.04099595919251442,2
seed_122,NR-AR-LBD,115,153,0.03990272805094719,4
seed_122,NR-AR-LBD,4,154,0.03979724273085594,9
seed_122,NR-AR-LBD,149,155,0.03901509568095207,2
seed_122,NR-AR-LBD,235,156,0.03842433542013168,5
seed_122,NR-AR-LBD,35,157,0.03811679035425186,4
seed_122,NR-AR-LBD,181,158,0.03769104182720184,4
seed_122,NR-AR-LBD,173,159,0.03761574253439903,4
seed_122,NR-AR-LBD,146,160,0.03751958906650543,5
seed_122,NR-AR-LBD,38,161,0.036749254912137985,4
seed_122,NR-AR-LBD,133,162,0.036256272345781326,6
seed_122,NR-AR-LBD,48,163,0.036224186420440674,7
seed_122,NR-AR-LBD,182,164,0.036012351512908936,2
seed_122,NR-AR-LBD,158,165,0.0359642468392849,3
seed_122,NR-AR-LBD,202,166,0.035778194665908813,3
seed_122,NR-AR-LBD,229,167,0.03558604419231415,7
seed_122,NR-AR-LBD,172,168,0.03543255478143692,4
seed_122,NR-AR-LBD,208,169,0.03488365188241005,3
seed_122,NR-AR-LBD,152,170,0.03451119735836983,3
seed_122,NR-AR-LBD,61,171,0.034426480531692505,6
seed_122,NR-AR-LBD,44,172,0.03387172892689705,3
seed_122,NR-AR-LBD,103,173,0.03365139663219452,3
seed_122,NR-AR-LBD,271,174,0.03291144594550133,3
seed_122,NR-AR-LBD,165,175,0.032239578664302826,4
seed_122,NR-AR-LBD,124,176,0.03194626420736313,4
seed_122,NR-AR-LBD,134,177,0.03113141842186451,3
seed_122,NR-AR-LBD,169,178,0.030884191393852234,8
seed_122,NR-AR-LBD,291,179,0.03085223212838173,2
seed_122,NR-AR-LBD,155,180,0.030293099582195282,3
seed_122,NR-AR-LBD,274,181,0.030003508552908897,2
seed_122,NR-AR-LBD,205,182,0.029534703120589256,3
seed_122,NR-AR-LBD,243,183,0.029530104249715805,2
seed_122,NR-AR-LBD,220,184,0.02934880554676056,2
seed_122,NR-AR-LBD,30,185,0.029062386602163315,5
seed_122,NR-AR-LBD,289,186,0.028929486870765686,2
seed_122,NR-AR-LBD,106,187,0.028714163228869438,4
seed_122,NR-AR-LBD,214,188,0.02819300815463066,2
seed_122,NR-AR-LBD,34,189,0.028048250824213028,5
seed_122,NR-AR-LBD,268,190,0.027337485924363136,4
seed_122,NR-AR-LBD,188,191,0.027244845405220985,2
seed_122,NR-AR-LBD,95,192,0.025917908176779747,4
seed_122,NR-AR-LBD,234,193,0.025643188506364822,2
seed_122,NR-AR-LBD,298,194,0.023851172998547554,4
seed_122,NR-AR-LBD,104,195,0.023441731929779053,4
seed_122,NR-AR-LBD,192,196,0.023233938962221146,3
seed_122,NR-AR-LBD,215,197,0.023161226883530617,4
seed_122,NR-AR-LBD,260,198,0.022934384644031525,5
seed_122,NR-AR-LBD,194,199,0.022346947342157364,3
seed_122,NR-AR-LBD,85,200,0.022283999249339104,3
seed_122,NR-AR-LBD,68,201,0.0221758633852005,2
seed_122,NR-AR-LBD,87,202,0.021990083158016205,4
seed_122,NR-AR-LBD,286,203,0.021779049187898636,2
seed_122,NR-AR-LBD,16,204,0.02152918092906475,4
seed_122,NR-AR-LBD,258,205,0.021380774676799774,3
seed_122,NR-AR-LBD,232,206,0.021005472168326378,2
seed_122,NR-AR-LBD,280,207,0.02065213955938816,3
seed_122,NR-AR-LBD,198,208,0.020250337198376656,3
seed_122,NR-AR-LBD,293,209,0.020247742533683777,3
seed_122,NR-AR-LBD,186,210,0.019739583134651184,3
seed_122,NR-AR-LBD,187,211,0.018791085109114647,3
seed_122,NR-AR-LBD,96,212,0.01866290159523487,5
seed_122,NR-AR-LBD,197,213,0.018654290586709976,3
seed_122,NR-AR-LBD,191,214,0.018419276922941208,2
seed_122,NR-AR-LBD,249,215,0.017740724608302116,3
seed_122,NR-AR-LBD,131,216,0.017328841611742973,2
seed_122,NR-AR-LBD,179,217,0.016504937782883644,3
seed_122,NR-AR-LBD,255,218,0.016454549506306648,2
seed_122,NR-AR-LBD,5,219,0.016444476321339607,4
seed_122,NR-AR-LBD,100,220,0.01625976152718067,3
seed_122,NR-AR-LBD,227,221,0.015973465517163277,3
seed_122,NR-AR-LBD,240,222,0.015922786667943,1
seed_122,NR-AR-LBD,54,223,0.01579730026423931,5
seed_122,NR-AR-LBD,210,224,0.015328952111303806,6
seed_122,NR-AR-LBD,163,225,0.014968136325478554,3
seed_122,NR-AR-LBD,65,226,0.014734352938830853,3
seed_122,NR-AR-LBD,132,227,0.014177578501403332,2
seed_122,NR-AR-LBD,207,228,0.014073217287659645,2
seed_122,NR-AR-LBD,273,229,0.013938460499048233,2
seed_122,NR-AR-LBD,105,230,0.01374886091798544,3
seed_122,NR-AR-LBD,162,231,0.012426700443029404,3
seed_122,NR-AR-LBD,26,232,0.012203057296574116,4
seed_122,NR-AR-LBD,119,233,0.012183408252894878,2
seed_122,NR-AR-LBD,19,234,0.011900801211595535,4
seed_122,NR-AR-LBD,53,235,0.011882096529006958,6
seed_122,NR-AR-LBD,159,236,0.01180196925997734,2
seed_122,NR-AR-LBD,237,237,0.011753074824810028,2
seed_122,NR-AR-LBD,185,238,0.011588378809392452,3
seed_122,NR-AR-LBD,203,239,0.011312369257211685,4
seed_122,NR-AR-LBD,9,240,0.010975250042974949,3
seed_122,NR-AR-LBD,18,241,0.010943464934825897,4
seed_122,NR-AR-LBD,151,242,0.010489795356988907,2
seed_122,NR-AR-LBD,236,243,0.010366179049015045,3
seed_122,NR-AR-LBD,262,244,0.009906577877700329,3
seed_122,NR-AR-LBD,254,245,0.009708588011562824,2
seed_122,NR-AR-LBD,17,246,0.009527354501187801,5
seed_122,NR-AR-LBD,116,247,0.009197941981256008,3
seed_122,NR-AR-LBD,284,248,0.00891137309372425,2
seed_122,NR-AR-LBD,223,249,0.008790303021669388,2
seed_122,NR-AR-LBD,97,250,0.008770760148763657,2
seed_122,NR-AR-LBD,118,251,0.008612881414592266,4
seed_122,NR-AR-LBD,295,252,0.008527979254722595,2
seed_122,NR-AR-LBD,8,253,0.008215724490582943,6
seed_122,NR-AR-LBD,121,254,0.008052310906350613,7
seed_122,NR-AR-LBD,177,255,0.007702711969614029,4
seed_122,NR-AR-LBD,101,256,0.007606723345816135,3
seed_122,NR-AR-LBD,153,257,0.007284120656549931,2
seed_122,NR-AR-LBD,238,258,0.007258454337716103,1
seed_122,NR-AR-LBD,288,259,0.00722346780821681,2
seed_122,NR-AR-LBD,60,260,0.006441232282668352,3
seed_122,NR-AR-LBD,161,261,0.006353179458528757,2
seed_122,NR-AR-LBD,178,262,0.006344945635646582,2
seed_122,NR-AR-LBD,94,263,0.006175090093165636,2
seed_122,NR-AR-LBD,228,264,0.0061454130336642265,4
seed_122,NR-AR-LBD,76,265,0.00610439945012331,2
seed_122,NR-AR-LBD,41,266,0.006066496018320322,2
seed_122,NR-AR-LBD,256,267,0.00596140930429101,2
seed_122,NR-AR-LBD,259,268,0.005867362022399902,2
seed_122,NR-AR-LBD,275,269,0.005453742109239101,2
seed_122,NR-AR-LBD,253,270,0.005314760375767946,1
seed_122,NR-AR-LBD,297,271,0.005193875636905432,1
seed_122,NR-AR-LBD,285,272,0.004498565103858709,1
seed_122,NR-AR-LBD,224,273,0.004321672022342682,2
seed_122,NR-AR-LBD,226,274,0.004194110631942749,2
seed_122,NR-AR-LBD,11,275,0.004134484566748142,2
seed_122,NR-AR-LBD,281,276,0.003877404145896435,1
seed_122,NR-AR-LBD,261,277,0.0037010509986430407,3
seed_122,NR-AR-LBD,241,278,0.00290348450653255,3
seed_122,NR-AR-LBD,137,279,0.002697303658351302,2
seed_122,NR-AR-LBD,294,280,0.0026034684851765633,2
seed_122,NR-AR-LBD,283,281,0.002552009653300047,2
seed_122,NR-AR-LBD,164,282,0.0024470018688589334,2
seed_122,NR-AR-LBD,141,283,0.0023215042892843485,2
seed_122,NR-AR-LBD,267,284,0.001929168007336557,2
seed_122,NR-AR-LBD,174,285,0.0019045909866690636,2
seed_122,NR-AR-LBD,125,286,0.0018786186119541526,3
seed_122,NR-AR-LBD,282,287,0.001870452892035246,3
seed_122,NR-AR-LBD,279,288,0.0010330858640372753,2
seed_122,NR-AR-LBD,157,289,0.0005084239528514445,2
seed_122,NR-AR-LBD,98,290,0.00047223555156961083,2
seed_122,NR-AR-LBD,278,291,0.0004494455351959914,2
seed_122,NR-AR-LBD,216,292,0.00013398165174294263,2
seed_122,NR-AR-LBD,156,293,0.00013278507685754448,2
seed_122,NR-AR-LBD,265,294,6.395392847480252e-05,1
seed_122,NR-AR-LBD,199,295,0.0,2
seed_122,NR-AR-LBD,277,296,0.0,1
seed_122,NR-AR-LBD,244,297,0.0,1
seed_122,NR-AR-LBD,272,298,0.0,1
seed_122,NR-AR-LBD,266,299,0.0,1
seed_122,NR-ER,70,0,6.7433977127075195,27
seed_122,NR-ER,168,1,4.6670331954956055,79
seed_122,NR-ER,72,2,4.5712385177612305,15
seed_122,NR-ER,128,3,2.584747314453125,42
seed_122,NR-ER,7,4,2.4120700359344482,33
seed_122,NR-ER,110,5,1.618530035018921,20
seed_122,NR-ER,62,6,1.4981845617294312,24
seed_122,NR-ER,63,7,1.4560452699661255,51
seed_122,NR-ER,139,8,1.4169164896011353,12
seed_122,NR-ER,29,9,1.3223533630371094,39
seed_122,NR-ER,74,10,1.2179863452911377,19
seed_122,NR-ER,0,11,1.2164946794509888,20
seed_122,NR-ER,52,12,1.182586669921875,16
seed_122,NR-ER,73,13,1.045359492301941,16
seed_122,NR-ER,10,14,1.0125219821929932,17
seed_122,NR-ER,6,15,0.9247434735298157,18
seed_122,NR-ER,22,16,0.7595718502998352,13
seed_122,NR-ER,24,17,0.745820164680481,21
seed_122,NR-ER,23,18,0.7366293668746948,30
seed_122,NR-ER,189,19,0.6901904940605164,9
seed_122,NR-ER,221,20,0.5915156006813049,6
seed_122,NR-ER,287,21,0.5897298455238342,8
seed_122,NR-ER,58,22,0.5429056286811829,10
seed_122,NR-ER,252,23,0.5405654311180115,4
seed_122,NR-ER,2,24,0.5383294820785522,14
seed_122,NR-ER,84,25,0.5208475589752197,15
seed_122,NR-ER,190,26,0.5043128132820129,13
seed_122,NR-ER,15,27,0.49647167325019836,26
seed_122,NR-ER,49,28,0.49619928002357483,17
seed_122,NR-ER,46,29,0.4948502480983734,13
seed_122,NR-ER,219,30,0.48439010977745056,16
seed_122,NR-ER,57,31,0.48202332854270935,9
seed_122,NR-ER,93,32,0.473830908536911,16
seed_122,NR-ER,123,33,0.4615632891654968,11
seed_122,NR-ER,140,34,0.44947436451911926,19
seed_122,NR-ER,180,35,0.44507500529289246,5
seed_122,NR-ER,231,36,0.44013381004333496,8
seed_122,NR-ER,114,37,0.43858110904693604,7
seed_122,NR-ER,263,38,0.4271538555622101,6
seed_122,NR-ER,66,39,0.41763511300086975,13
seed_122,NR-ER,56,40,0.4057590961456299,17
seed_122,NR-ER,245,41,0.4035835564136505,15
seed_122,NR-ER,59,42,0.39209288358688354,8
seed_122,NR-ER,184,43,0.38869452476501465,7
seed_122,NR-ER,135,44,0.35952624678611755,9
seed_122,NR-ER,290,45,0.35347244143486023,10
seed_122,NR-ER,31,46,0.35244283080101013,20
seed_122,NR-ER,39,47,0.34931159019470215,9
seed_122,NR-ER,160,48,0.343851238489151,11
seed_122,NR-ER,79,49,0.3407803475856781,9
seed_122,NR-ER,222,50,0.32946786284446716,4
seed_122,NR-ER,136,51,0.3182923197746277,18
seed_122,NR-ER,36,52,0.31609398126602173,7
seed_122,NR-ER,209,53,0.30989500880241394,7
seed_122,NR-ER,71,54,0.3074337840080261,11
seed_122,NR-ER,92,55,0.30679377913475037,21
seed_122,NR-ER,147,56,0.30280232429504395,16
seed_122,NR-ER,33,57,0.302476167678833,17
seed_122,NR-ER,296,58,0.29485219717025757,10
seed_122,NR-ER,40,59,0.29294759035110474,6
seed_122,NR-ER,211,60,0.2907501459121704,13
seed_122,NR-ER,37,61,0.2784804105758667,7
seed_122,NR-ER,170,62,0.2712397873401642,6
seed_122,NR-ER,204,63,0.2685534358024597,7
seed_122,NR-ER,99,64,0.2680671215057373,7
seed_122,NR-ER,67,65,0.2668883502483368,16
seed_122,NR-ER,108,66,0.2644873261451721,14
seed_122,NR-ER,21,67,0.2630147337913513,13
seed_122,NR-ER,126,68,0.26277148723602295,10
seed_122,NR-ER,175,69,0.25640809535980225,9
seed_122,NR-ER,75,70,0.2512766122817993,13
seed_122,NR-ER,43,71,0.24959078431129456,9
seed_122,NR-ER,148,72,0.24952153861522675,14
seed_122,NR-ER,83,73,0.24411122500896454,9
seed_122,NR-ER,193,74,0.23917719721794128,9
seed_122,NR-ER,130,75,0.2340535968542099,4
seed_122,NR-ER,154,76,0.23395739495754242,5
seed_122,NR-ER,145,77,0.22667977213859558,17
seed_122,NR-ER,45,78,0.22519619762897491,8
seed_122,NR-ER,12,79,0.2185451090335846,6
seed_122,NR-ER,4,80,0.21801909804344177,9
seed_122,NR-ER,91,81,0.21662572026252747,6
seed_122,NR-ER,195,82,0.21509002149105072,11
seed_122,NR-ER,269,83,0.20880720019340515,4
seed_122,NR-ER,81,84,0.19955214858055115,19
seed_122,NR-ER,42,85,0.19732317328453064,5
seed_122,NR-ER,250,86,0.19199353456497192,4
seed_122,NR-ER,167,87,0.18865174055099487,6
seed_122,NR-ER,113,88,0.18650183081626892,13
seed_122,NR-ER,80,89,0.17800186574459076,8
seed_122,NR-ER,104,90,0.17505581676959991,4
seed_122,NR-ER,1,91,0.17153339087963104,6
seed_122,NR-ER,225,92,0.16770979762077332,6
seed_122,NR-ER,200,93,0.16561977565288544,8
seed_122,NR-ER,247,94,0.16309545934200287,4
seed_122,NR-ER,25,95,0.16186922788619995,8
seed_122,NR-ER,217,96,0.15999895334243774,4
seed_122,NR-ER,69,97,0.15899264812469482,8
seed_122,NR-ER,64,98,0.1546659618616104,7
seed_122,NR-ER,127,99,0.15313361585140228,4
seed_122,NR-ER,242,100,0.15083420276641846,6
seed_122,NR-ER,201,101,0.13793949782848358,4
seed_122,NR-ER,86,102,0.1365526169538498,9
seed_122,NR-ER,13,103,0.13222622871398926,6
seed_122,NR-ER,257,104,0.1306130588054657,8
seed_122,NR-ER,112,105,0.12952779233455658,10
seed_122,NR-ER,129,106,0.12929677963256836,9
seed_122,NR-ER,107,107,0.12692812085151672,6
seed_122,NR-ER,51,108,0.1257033795118332,10
seed_122,NR-ER,233,109,0.12489043176174164,6
seed_122,NR-ER,166,110,0.12391157448291779,6
seed_122,NR-ER,212,111,0.12262069433927536,7
seed_122,NR-ER,109,112,0.11712410300970078,7
seed_122,NR-ER,44,113,0.11663643270730972,3
seed_122,NR-ER,117,114,0.11574387550354004,7
seed_122,NR-ER,106,115,0.10919664800167084,4
seed_122,NR-ER,138,116,0.10603365302085876,3
seed_122,NR-ER,270,117,0.10577747225761414,4
seed_122,NR-ER,32,118,0.10281679779291153,8
seed_122,NR-ER,35,119,0.10174089670181274,4
seed_122,NR-ER,299,120,0.10048916935920715,7
seed_122,NR-ER,183,121,0.0985131487250328,7
seed_122,NR-ER,218,122,0.09659291058778763,3
seed_122,NR-ER,149,123,0.09487712383270264,2
seed_122,NR-ER,248,124,0.09428972005844116,2
seed_122,NR-ER,235,125,0.09412446618080139,5
seed_122,NR-ER,207,126,0.09308899939060211,2
seed_122,NR-ER,165,127,0.09215384721755981,4
seed_122,NR-ER,239,128,0.09200989454984665,3
seed_122,NR-ER,61,129,0.0896175280213356,6
seed_122,NR-ER,122,130,0.08765898644924164,6
seed_122,NR-ER,144,131,0.08736778050661087,7
seed_122,NR-ER,65,132,0.08704855293035507,3
seed_122,NR-ER,90,133,0.08187128603458405,6
seed_122,NR-ER,89,134,0.08186724781990051,3
seed_122,NR-ER,78,135,0.08162069320678711,5
seed_122,NR-ER,181,136,0.07901481539011002,4
seed_122,NR-ER,48,137,0.07846051454544067,7
seed_122,NR-ER,28,138,0.07806657999753952,7
seed_122,NR-ER,34,139,0.07769439369440079,5
seed_122,NR-ER,293,140,0.07718447595834732,3
seed_122,NR-ER,268,141,0.07667803764343262,4
seed_122,NR-ER,276,142,0.07235309481620789,8
seed_122,NR-ER,176,143,0.07074165344238281,5
seed_122,NR-ER,246,144,0.07023957371711731,3
seed_122,NR-ER,291,145,0.06999485194683075,2
seed_122,NR-ER,50,146,0.06918792426586151,3
seed_122,NR-ER,3,147,0.06837313622236252,6
seed_122,NR-ER,96,148,0.06829182803630829,5
seed_122,NR-ER,198,149,0.06828146427869797,3
seed_122,NR-ER,298,150,0.0676255002617836,4
seed_122,NR-ER,77,151,0.06704819947481155,5
seed_122,NR-ER,85,152,0.06644037365913391,3
seed_122,NR-ER,55,153,0.06566933542490005,6
seed_122,NR-ER,213,154,0.06563621014356613,4
seed_122,NR-ER,102,155,0.06341447681188583,6
seed_122,NR-ER,111,156,0.06282832473516464,5
seed_122,NR-ER,153,157,0.05947091057896614,2
seed_122,NR-ER,142,158,0.05923490226268768,3
seed_122,NR-ER,194,159,0.058251820504665375,3
seed_122,NR-ER,286,160,0.057829659432172775,2
seed_122,NR-ER,206,161,0.057338494807481766,4
seed_122,NR-ER,251,162,0.05679464340209961,3
seed_122,NR-ER,27,163,0.05598420649766922,8
seed_122,NR-ER,243,164,0.05449569225311279,2
seed_122,NR-ER,82,165,0.054250411689281464,4
seed_122,NR-ER,241,166,0.05420549958944321,3
seed_122,NR-ER,196,167,0.05399318039417267,4
seed_122,NR-ER,115,168,0.053434766829013824,4
seed_122,NR-ER,134,169,0.051776282489299774,3
seed_122,NR-ER,163,170,0.051448166370391846,3
seed_122,NR-ER,229,171,0.05096862092614174,7
seed_122,NR-ER,103,172,0.05032387748360634,3
seed_122,NR-ER,264,173,0.04890910163521767,3
seed_122,NR-ER,232,174,0.0488029308617115,2
seed_122,NR-ER,224,175,0.04851306229829788,2
seed_122,NR-ER,260,176,0.048101235181093216,5
seed_122,NR-ER,143,177,0.048038892447948456,5
seed_122,NR-ER,179,178,0.047042421996593475,3
seed_122,NR-ER,205,179,0.045954860746860504,3
seed_122,NR-ER,19,180,0.04534631222486496,4
seed_122,NR-ER,173,181,0.0448094978928566,4
seed_122,NR-ER,203,182,0.04390164837241173,4
seed_122,NR-ER,14,183,0.04373963922262192,5
seed_122,NR-ER,214,184,0.043568529188632965,2
seed_122,NR-ER,20,185,0.04350357502698898,4
seed_122,NR-ER,68,186,0.04201922193169594,2
seed_122,NR-ER,237,187,0.041889406740665436,2
seed_122,NR-ER,120,188,0.04135047271847725,5
seed_122,NR-ER,182,189,0.04131229966878891,2
seed_122,NR-ER,54,190,0.04074590280652046,5
seed_122,NR-ER,258,191,0.03987058252096176,3
seed_122,NR-ER,105,192,0.03904169052839279,3
seed_122,NR-ER,161,193,0.038978707045316696,2
seed_122,NR-ER,186,194,0.038939811289310455,3
seed_122,NR-ER,95,195,0.038316790014505386,4
seed_122,NR-ER,172,196,0.0369081012904644,4
seed_122,NR-ER,124,197,0.036829933524131775,4
seed_122,NR-ER,202,198,0.03647037595510483,3
seed_122,NR-ER,16,199,0.035975612699985504,4
seed_122,NR-ER,169,200,0.03594006970524788,8
seed_122,NR-ER,188,201,0.03593256697058678,2
seed_122,NR-ER,17,202,0.03581367805600166,5
seed_122,NR-ER,210,203,0.03548716753721237,6
seed_122,NR-ER,76,204,0.03483889251947403,2
seed_122,NR-ER,284,205,0.0341394878923893,2
seed_122,NR-ER,171,206,0.03393465280532837,2
seed_122,NR-ER,162,207,0.033728379756212234,3
seed_122,NR-ER,255,208,0.033241767436265945,2
seed_122,NR-ER,215,209,0.0327313132584095,4
seed_122,NR-ER,88,210,0.032490190118551254,4
seed_122,NR-ER,185,211,0.03099990263581276,3
seed_122,NR-ER,146,212,0.030767956748604774,5
seed_122,NR-ER,228,213,0.03072701208293438,4
seed_122,NR-ER,230,214,0.030371760949492455,3
seed_122,NR-ER,131,215,0.029901934787631035,2
seed_122,NR-ER,208,216,0.029034007340669632,3
seed_122,NR-ER,227,217,0.028397852554917336,3
seed_122,NR-ER,8,218,0.027785833925008774,6
seed_122,NR-ER,121,219,0.02748008631169796,7
seed_122,NR-ER,262,220,0.027060266584157944,3
seed_122,NR-ER,288,221,0.02687990851700306,2
seed_122,NR-ER,177,222,0.02663787081837654,4
seed_122,NR-ER,118,223,0.026571717113256454,4
seed_122,NR-ER,133,224,0.026563802734017372,6
seed_122,NR-ER,101,225,0.026548486202955246,3
seed_122,NR-ER,9,226,0.0260379109531641,3
seed_122,NR-ER,197,227,0.025405263528227806,3
seed_122,NR-ER,236,228,0.024063488468527794,3
seed_122,NR-ER,87,229,0.023936258628964424,4
seed_122,NR-ER,97,230,0.023861821740865707,2
seed_122,NR-ER,38,231,0.023632720112800598,4
seed_122,NR-ER,249,232,0.022788237780332565,3
seed_122,NR-ER,280,233,0.02262554131448269,3
seed_122,NR-ER,53,234,0.022105317562818527,6
seed_122,NR-ER,275,235,0.02200109139084816,2
seed_122,NR-ER,192,236,0.021317167207598686,3
seed_122,NR-ER,238,237,0.021087903529405594,1
seed_122,NR-ER,152,238,0.02016872726380825,3
seed_122,NR-ER,289,239,0.019531209021806717,2
seed_122,NR-ER,30,240,0.019223084673285484,5
seed_122,NR-ER,5,241,0.01906578242778778,4
seed_122,NR-ER,141,242,0.01829471066594124,2
seed_122,NR-ER,220,243,0.0181681290268898,2
seed_122,NR-ER,274,244,0.01802768185734749,2
seed_122,NR-ER,155,245,0.017761114984750748,3
seed_122,NR-ER,254,246,0.01743440516293049,2
seed_122,NR-ER,158,247,0.017186947166919708,3
seed_122,NR-ER,273,248,0.017133116722106934,2
seed_122,NR-ER,47,249,0.016641657799482346,4
seed_122,NR-ER,240,250,0.016440410166978836,1
seed_122,NR-ER,100,251,0.015784114599227905,3
seed_122,NR-ER,226,252,0.01568596437573433,2
seed_122,NR-ER,164,253,0.01508936658501625,2
seed_122,NR-ER,234,254,0.014679408632218838,2
seed_122,NR-ER,98,255,0.014057847671210766,2
seed_122,NR-ER,174,256,0.014049941673874855,2
seed_122,NR-ER,292,257,0.014037887565791607,3
seed_122,NR-ER,18,258,0.01381631102412939,4
seed_122,NR-ER,187,259,0.013305417262017727,3
seed_122,NR-ER,159,260,0.013264388777315617,2
seed_122,NR-ER,116,261,0.011291584931313992,3
seed_122,NR-ER,150,262,0.010971290990710258,3
seed_122,NR-ER,261,263,0.010879294015467167,3
seed_122,NR-ER,60,264,0.010821164585649967,3
seed_122,NR-ER,223,265,0.010045778006315231,2
seed_122,NR-ER,271,266,0.01004200428724289,3
seed_122,NR-ER,294,267,0.00960081722587347,2
seed_122,NR-ER,256,268,0.008962457999587059,2
seed_122,NR-ER,178,269,0.008825939148664474,2
seed_122,NR-ER,191,270,0.008630272932350636,2
seed_122,NR-ER,295,271,0.008511101827025414,2
seed_122,NR-ER,297,272,0.008050910197198391,1
seed_122,NR-ER,11,273,0.00786965899169445,2
seed_122,NR-ER,267,274,0.007819506339728832,2
seed_122,NR-ER,265,275,0.0073567889630794525,1
seed_122,NR-ER,94,276,0.007178254891186953,2
seed_122,NR-ER,282,277,0.0066044810228049755,3
seed_122,NR-ER,125,278,0.006486245896667242,3
seed_122,NR-ER,151,279,0.005754223559051752,2
seed_122,NR-ER,26,280,0.005577823147177696,4
seed_122,NR-ER,157,281,0.00478797173127532,2
seed_122,NR-ER,156,282,0.004698615986853838,2
seed_122,NR-ER,132,283,0.0043512857519090176,2
seed_122,NR-ER,259,284,0.004331580828875303,2
seed_122,NR-ER,279,285,0.004163920413702726,2
seed_122,NR-ER,41,286,0.003505032742395997,2
seed_122,NR-ER,253,287,0.0027987987268716097,1
seed_122,NR-ER,283,288,0.0019491197308525443,2
seed_122,NR-ER,281,289,0.0018230612622573972,1
seed_122,NR-ER,285,290,0.0018005933379754424,1
seed_122,NR-ER,216,291,0.0015014240052551031,2
seed_122,NR-ER,119,292,0.0010052185971289873,2
seed_122,NR-ER,137,293,0.0007324701873585582,2
seed_122,NR-ER,278,294,3.5741621104534715e-05,2
seed_122,NR-ER,244,295,0.0,1
seed_122,NR-ER,199,296,0.0,2
seed_122,NR-ER,272,297,0.0,1
seed_122,NR-ER,277,298,0.0,1
seed_122,NR-ER,266,299,0.0,1
seed_122,SR-ARE,70,0,6.866293907165527,27
seed_122,SR-ARE,168,1,4.376806259155273,79
seed_122,SR-ARE,139,2,2.731794834136963,12
seed_122,SR-ARE,72,3,2.7193491458892822,15
seed_122,SR-ARE,128,4,2.408628463745117,42
seed_122,SR-ARE,62,5,1.8098926544189453,24
seed_122,SR-ARE,0,6,1.7477223873138428,20
seed_122,SR-ARE,63,7,1.6406381130218506,51
seed_122,SR-ARE,7,8,1.3287750482559204,33
seed_122,SR-ARE,10,9,1.3108240365982056,17
seed_122,SR-ARE,24,10,1.2307597398757935,21
seed_122,SR-ARE,29,11,1.209527850151062,39
seed_122,SR-ARE,110,12,1.1021162271499634,20
seed_122,SR-ARE,287,13,1.0605111122131348,8
seed_122,SR-ARE,74,14,1.0077818632125854,19
seed_122,SR-ARE,52,15,0.9700625538825989,16
seed_122,SR-ARE,84,16,0.9202597141265869,15
seed_122,SR-ARE,190,17,0.8943098187446594,13
seed_122,SR-ARE,73,18,0.8781598806381226,16
seed_122,SR-ARE,6,19,0.7913045883178711,18
seed_122,SR-ARE,25,20,0.779057502746582,8
seed_122,SR-ARE,22,21,0.7734280824661255,13
seed_122,SR-ARE,66,22,0.7164853811264038,13
seed_122,SR-ARE,252,23,0.7150437235832214,4
seed_122,SR-ARE,160,24,0.6878831386566162,11
seed_122,SR-ARE,23,25,0.675633430480957,30
seed_122,SR-ARE,231,26,0.6443753838539124,8
seed_122,SR-ARE,57,27,0.6401990056037903,9
seed_122,SR-ARE,221,28,0.6250214576721191,6
seed_122,SR-ARE,58,29,0.6014208793640137,10
seed_122,SR-ARE,209,30,0.5830361843109131,7
seed_122,SR-ARE,189,31,0.5294899940490723,9
seed_122,SR-ARE,175,32,0.5199492573738098,9
seed_122,SR-ARE,219,33,0.5174731016159058,16
seed_122,SR-ARE,33,34,0.5027453303337097,17
seed_122,SR-ARE,2,35,0.4964529573917389,14
seed_122,SR-ARE,71,36,0.4956705570220947,11
seed_122,SR-ARE,245,37,0.47082439064979553,15
seed_122,SR-ARE,15,38,0.4692229926586151,26
seed_122,SR-ARE,43,39,0.46058762073516846,9
seed_122,SR-ARE,31,40,0.42116034030914307,20
seed_122,SR-ARE,46,41,0.42035505175590515,13
seed_122,SR-ARE,140,42,0.40913259983062744,19
seed_122,SR-ARE,145,43,0.39557233452796936,17
seed_122,SR-ARE,136,44,0.39104971289634705,18
seed_122,SR-ARE,170,45,0.37759560346603394,6
seed_122,SR-ARE,93,46,0.3631047010421753,16
seed_122,SR-ARE,21,47,0.35776588320732117,13
seed_122,SR-ARE,79,48,0.3455369472503662,9
seed_122,SR-ARE,56,49,0.33903729915618896,17
seed_122,SR-ARE,114,50,0.32809072732925415,7
seed_122,SR-ARE,49,51,0.32559412717819214,17
seed_122,SR-ARE,263,52,0.3193386495113373,6
seed_122,SR-ARE,39,53,0.31921514868736267,9
seed_122,SR-ARE,40,54,0.3183911442756653,6
seed_122,SR-ARE,296,55,0.31281331181526184,10
seed_122,SR-ARE,299,56,0.3044188916683197,7
seed_122,SR-ARE,290,57,0.29997798800468445,10
seed_122,SR-ARE,257,58,0.295995831489563,8
seed_122,SR-ARE,184,59,0.2954421639442444,7
seed_122,SR-ARE,270,60,0.29168105125427246,4
seed_122,SR-ARE,211,61,0.2915892004966736,13
seed_122,SR-ARE,36,62,0.2856341600418091,7
seed_122,SR-ARE,81,63,0.2839997410774231,19
seed_122,SR-ARE,12,64,0.28160667419433594,6
seed_122,SR-ARE,59,65,0.2811509370803833,8
seed_122,SR-ARE,107,66,0.2762097418308258,6
seed_122,SR-ARE,148,67,0.2744784951210022,14
seed_122,SR-ARE,92,68,0.27425023913383484,21
seed_122,SR-ARE,222,69,0.27072328329086304,4
seed_122,SR-ARE,147,70,0.2703739106655121,16
seed_122,SR-ARE,64,71,0.2703612446784973,7
seed_122,SR-ARE,80,72,0.2519048750400543,8
seed_122,SR-ARE,135,73,0.2492285817861557,9
seed_122,SR-ARE,195,74,0.2423296868801117,11
seed_122,SR-ARE,193,75,0.24143531918525696,9
seed_122,SR-ARE,129,76,0.23892059922218323,9
seed_122,SR-ARE,204,77,0.23684410750865936,7
seed_122,SR-ARE,218,78,0.23561018705368042,3
seed_122,SR-ARE,86,79,0.23050768673419952,9
seed_122,SR-ARE,50,80,0.225407674908638,3
seed_122,SR-ARE,120,81,0.22523052990436554,5
seed_122,SR-ARE,91,82,0.22389677166938782,6
seed_122,SR-ARE,217,83,0.21642586588859558,4
seed_122,SR-ARE,108,84,0.21614469587802887,14
seed_122,SR-ARE,123,85,0.21504251658916473,11
seed_122,SR-ARE,242,86,0.21323588490486145,6
seed_122,SR-ARE,143,87,0.21308116614818573,5
seed_122,SR-ARE,112,88,0.20967507362365723,10
seed_122,SR-ARE,99,89,0.20369462668895721,7
seed_122,SR-ARE,109,90,0.19171717762947083,7
seed_122,SR-ARE,37,91,0.18738949298858643,7
seed_122,SR-ARE,111,92,0.18685097992420197,5
seed_122,SR-ARE,42,93,0.1791049838066101,5
seed_122,SR-ARE,225,94,0.17828767001628876,6
seed_122,SR-ARE,167,95,0.17317277193069458,6
seed_122,SR-ARE,126,96,0.16924235224723816,10
seed_122,SR-ARE,251,97,0.16818828880786896,3
seed_122,SR-ARE,75,98,0.16481339931488037,13
seed_122,SR-ARE,180,99,0.1617843061685562,5
seed_122,SR-ARE,166,100,0.16150127351284027,6
seed_122,SR-ARE,200,101,0.16113732755184174,8
seed_122,SR-ARE,67,102,0.16032421588897705,16
seed_122,SR-ARE,233,103,0.1590183526277542,6
seed_122,SR-ARE,4,104,0.15831653773784637,9
seed_122,SR-ARE,45,105,0.15511958301067352,8
seed_122,SR-ARE,196,106,0.15269240736961365,4
seed_122,SR-ARE,142,107,0.1524098664522171,3
seed_122,SR-ARE,83,108,0.1450594812631607,9
seed_122,SR-ARE,154,109,0.13402023911476135,5
seed_122,SR-ARE,162,110,0.1324630230665207,3
seed_122,SR-ARE,173,111,0.13148634135723114,4
seed_122,SR-ARE,113,112,0.13084441423416138,13
seed_122,SR-ARE,3,113,0.13041555881500244,6
seed_122,SR-ARE,32,114,0.13038095831871033,8
seed_122,SR-ARE,104,115,0.1301192194223404,4
seed_122,SR-ARE,127,116,0.12978190183639526,4
seed_122,SR-ARE,90,117,0.12475793808698654,6
seed_122,SR-ARE,247,118,0.12433770298957825,4
seed_122,SR-ARE,207,119,0.12371356785297394,2
seed_122,SR-ARE,61,120,0.12015236914157867,6
seed_122,SR-ARE,213,121,0.11987513303756714,4
seed_122,SR-ARE,186,122,0.11916133016347885,3
seed_122,SR-ARE,13,123,0.11813212186098099,6
seed_122,SR-ARE,144,124,0.11786186695098877,7
seed_122,SR-ARE,117,125,0.11020489782094955,7
seed_122,SR-ARE,212,126,0.10941652208566666,7
seed_122,SR-ARE,51,127,0.1094060018658638,10
seed_122,SR-ARE,88,128,0.10682637989521027,4
seed_122,SR-ARE,138,129,0.10318218916654587,3
seed_122,SR-ARE,28,130,0.10220226645469666,7
seed_122,SR-ARE,176,131,0.10213807225227356,5
seed_122,SR-ARE,106,132,0.09873392432928085,4
seed_122,SR-ARE,249,133,0.09861797839403152,3
seed_122,SR-ARE,130,134,0.09678617119789124,4
seed_122,SR-ARE,20,135,0.09397198259830475,4
seed_122,SR-ARE,115,136,0.09392562508583069,4
seed_122,SR-ARE,183,137,0.09349820762872696,7
seed_122,SR-ARE,38,138,0.09255212545394897,4
seed_122,SR-ARE,124,139,0.09168608486652374,4
seed_122,SR-ARE,276,140,0.08819495141506195,8
seed_122,SR-ARE,248,141,0.08372364938259125,2
seed_122,SR-ARE,85,142,0.08352190256118774,3
seed_122,SR-ARE,264,143,0.08307131379842758,3
seed_122,SR-ARE,17,144,0.08305579423904419,5
seed_122,SR-ARE,220,145,0.08284011483192444,2
seed_122,SR-ARE,78,146,0.08075091987848282,5
seed_122,SR-ARE,161,147,0.0766340121626854,2
seed_122,SR-ARE,16,148,0.07629625499248505,4
seed_122,SR-ARE,255,149,0.07606733590364456,2
seed_122,SR-ARE,250,150,0.0743822380900383,4
seed_122,SR-ARE,298,151,0.0740279033780098,4
seed_122,SR-ARE,14,152,0.07300781458616257,5
seed_122,SR-ARE,65,153,0.07217457890510559,3
seed_122,SR-ARE,198,154,0.07119917124509811,3
seed_122,SR-ARE,293,155,0.0701712891459465,3
seed_122,SR-ARE,185,156,0.0688784196972847,3
seed_122,SR-ARE,55,157,0.06880312412977219,6
seed_122,SR-ARE,153,158,0.0683416947722435,2
seed_122,SR-ARE,172,159,0.06733446568250656,4
seed_122,SR-ARE,181,160,0.06414759159088135,4
seed_122,SR-ARE,103,161,0.0640287920832634,3
seed_122,SR-ARE,1,162,0.06366851925849915,6
seed_122,SR-ARE,241,163,0.06313780695199966,3
seed_122,SR-ARE,206,164,0.06263095140457153,4
seed_122,SR-ARE,205,165,0.06248054280877113,3
seed_122,SR-ARE,35,166,0.06208229064941406,4
seed_122,SR-ARE,163,167,0.06169750168919563,3
seed_122,SR-ARE,201,168,0.06027365103363991,4
seed_122,SR-ARE,134,169,0.06021781638264656,3
seed_122,SR-ARE,237,170,0.057434357702732086,2
seed_122,SR-ARE,82,171,0.05686882883310318,4
seed_122,SR-ARE,27,172,0.056571442633867264,8
seed_122,SR-ARE,269,173,0.056556280702352524,4
seed_122,SR-ARE,102,174,0.05560780316591263,6
seed_122,SR-ARE,289,175,0.05544222891330719,2
seed_122,SR-ARE,179,176,0.05540304258465767,3
seed_122,SR-ARE,150,177,0.055109698325395584,3
seed_122,SR-ARE,236,178,0.05424262583255768,3
seed_122,SR-ARE,208,179,0.053827013820409775,3
seed_122,SR-ARE,122,180,0.052976105362176895,6
seed_122,SR-ARE,89,181,0.05254034698009491,3
seed_122,SR-ARE,197,182,0.05124729871749878,3
seed_122,SR-ARE,182,183,0.0511753186583519,2
seed_122,SR-ARE,215,184,0.04994364455342293,4
seed_122,SR-ARE,280,185,0.046877842396497726,3
seed_122,SR-ARE,146,186,0.04674845561385155,5
seed_122,SR-ARE,101,187,0.04669755697250366,3
seed_122,SR-ARE,155,188,0.04454731196165085,3
seed_122,SR-ARE,288,189,0.04443223029375076,2
seed_122,SR-ARE,87,190,0.043292101472616196,4
seed_122,SR-ARE,132,191,0.04318471625447273,2
seed_122,SR-ARE,224,192,0.04308966547250748,2
seed_122,SR-ARE,291,193,0.04164149612188339,2
seed_122,SR-ARE,260,194,0.0413433201611042,5
seed_122,SR-ARE,48,195,0.040484629571437836,7
seed_122,SR-ARE,229,196,0.04022558405995369,7
seed_122,SR-ARE,274,197,0.0381450317800045,2
seed_122,SR-ARE,69,198,0.037077225744724274,8
seed_122,SR-ARE,227,199,0.0370071679353714,3
seed_122,SR-ARE,268,200,0.03697836771607399,4
seed_122,SR-ARE,258,201,0.035796381533145905,3
seed_122,SR-ARE,53,202,0.03489759564399719,6
seed_122,SR-ARE,152,203,0.03469391539692879,3
seed_122,SR-ARE,149,204,0.034508515149354935,2
seed_122,SR-ARE,169,205,0.03438868001103401,8
seed_122,SR-ARE,47,206,0.0334237702190876,4
seed_122,SR-ARE,275,207,0.03256671130657196,2
seed_122,SR-ARE,19,208,0.032542288303375244,4
seed_122,SR-ARE,118,209,0.032090578228235245,4
seed_122,SR-ARE,254,210,0.0313442125916481,2
seed_122,SR-ARE,95,211,0.03101094253361225,4
seed_122,SR-ARE,262,212,0.030860349535942078,3
seed_122,SR-ARE,171,213,0.03064369596540928,2
seed_122,SR-ARE,271,214,0.03051239624619484,3
seed_122,SR-ARE,187,215,0.030409805476665497,3
seed_122,SR-ARE,68,216,0.02948221191763878,2
seed_122,SR-ARE,131,217,0.02943258546292782,2
seed_122,SR-ARE,174,218,0.029351795092225075,2
seed_122,SR-ARE,5,219,0.02924865484237671,4
seed_122,SR-ARE,96,220,0.028909794986248016,5
seed_122,SR-ARE,77,221,0.028503505513072014,5
seed_122,SR-ARE,235,222,0.027368906885385513,5
seed_122,SR-ARE,97,223,0.025241104885935783,2
seed_122,SR-ARE,34,224,0.024556007236242294,5
seed_122,SR-ARE,188,225,0.02416837587952614,2
seed_122,SR-ARE,105,226,0.024156497791409492,3
seed_122,SR-ARE,210,227,0.023459453135728836,6
seed_122,SR-ARE,239,228,0.023404216393828392,3
seed_122,SR-ARE,30,229,0.023294733837246895,5
seed_122,SR-ARE,8,230,0.023074869066476822,6
seed_122,SR-ARE,286,231,0.022427763789892197,2
seed_122,SR-ARE,230,232,0.022247666493058205,3
seed_122,SR-ARE,54,233,0.02215697057545185,5
seed_122,SR-ARE,246,234,0.021428296342492104,3
seed_122,SR-ARE,203,235,0.02119368128478527,4
seed_122,SR-ARE,121,236,0.020837631076574326,7
seed_122,SR-ARE,18,237,0.02014424465596676,4
seed_122,SR-ARE,98,238,0.019950373098254204,2
seed_122,SR-ARE,256,239,0.01985505409538746,2
seed_122,SR-ARE,228,240,0.01962212473154068,4
seed_122,SR-ARE,151,241,0.017611265182495117,2
seed_122,SR-ARE,44,242,0.017382817342877388,3
seed_122,SR-ARE,232,243,0.017381280660629272,2
seed_122,SR-ARE,165,244,0.01735570840537548,4
seed_122,SR-ARE,279,245,0.017194237560033798,2
seed_122,SR-ARE,119,246,0.017192017287015915,2
seed_122,SR-ARE,9,247,0.017161838710308075,3
seed_122,SR-ARE,267,248,0.01658828929066658,2
seed_122,SR-ARE,116,249,0.016410451382398605,3
seed_122,SR-ARE,141,250,0.015816232189536095,2
seed_122,SR-ARE,177,251,0.015255684964358807,4
seed_122,SR-ARE,76,252,0.01488648634403944,2
seed_122,SR-ARE,159,253,0.014456979930400848,2
seed_122,SR-ARE,284,254,0.014083979651331902,2
seed_122,SR-ARE,94,255,0.013835426419973373,2
seed_122,SR-ARE,202,256,0.013685102574527264,3
seed_122,SR-ARE,214,257,0.012582514435052872,2
seed_122,SR-ARE,26,258,0.012331516481935978,4
seed_122,SR-ARE,259,259,0.012134511955082417,2
seed_122,SR-ARE,194,260,0.011939313262701035,3
seed_122,SR-ARE,100,261,0.011199339292943478,3
seed_122,SR-ARE,133,262,0.011012833565473557,6
seed_122,SR-ARE,156,263,0.010960252024233341,2
seed_122,SR-ARE,60,264,0.010719125159084797,3
seed_122,SR-ARE,158,265,0.010466700419783592,3
seed_122,SR-ARE,234,266,0.01043262705206871,2
seed_122,SR-ARE,191,267,0.010238321498036385,2
seed_122,SR-ARE,292,268,0.009767717681825161,3
seed_122,SR-ARE,192,269,0.009351574815809727,3
seed_122,SR-ARE,273,270,0.009226136840879917,2
seed_122,SR-ARE,285,271,0.009212655946612358,1
seed_122,SR-ARE,278,272,0.008933953009545803,2
seed_122,SR-ARE,282,273,0.008720790967345238,3
seed_122,SR-ARE,11,274,0.008033095858991146,2
seed_122,SR-ARE,295,275,0.007733330130577087,2
seed_122,SR-ARE,283,276,0.007220127619802952,2
seed_122,SR-ARE,253,277,0.005887627601623535,1
seed_122,SR-ARE,238,278,0.005749526433646679,1
seed_122,SR-ARE,164,279,0.005465004593133926,2
seed_122,SR-ARE,265,280,0.004640033934265375,1
seed_122,SR-ARE,41,281,0.004498647525906563,2
seed_122,SR-ARE,297,282,0.004368464462459087,1
seed_122,SR-ARE,216,283,0.00363885797560215,2
seed_122,SR-ARE,137,284,0.0034981679636985064,2
seed_122,SR-ARE,226,285,0.0029634099919348955,2
seed_122,SR-ARE,243,286,0.002756410278379917,2
seed_122,SR-ARE,223,287,0.0027138947043567896,2
seed_122,SR-ARE,125,288,0.0025559065397828817,3
seed_122,SR-ARE,261,289,0.0021988200023770332,3
seed_122,SR-ARE,178,290,0.002108157379552722,2
seed_122,SR-ARE,157,291,0.0016259463736787438,2
seed_122,SR-ARE,294,292,0.0003498804580885917,2
seed_122,SR-ARE,240,293,0.00032854804885573685,1
seed_122,SR-ARE,281,294,0.00014407449634745717,1
seed_122,SR-ARE,277,295,0.0,1
seed_122,SR-ARE,244,296,0.0,1
seed_122,SR-ARE,272,297,0.0,1
seed_122,SR-ARE,266,298,0.0,1
seed_122,SR-ARE,199,299,0.0,2
seed_122,SR-MMP,70,0,5.305873870849609,27
seed_122,SR-MMP,72,1,4.662268161773682,15
seed_122,SR-MMP,168,2,3.9510610103607178,79
seed_122,SR-MMP,139,3,3.0230674743652344,12
seed_122,SR-MMP,128,4,1.7557727098464966,42
seed_122,SR-MMP,0,5,1.7293318510055542,20
seed_122,SR-MMP,74,6,1.6976845264434814,19
seed_122,SR-MMP,7,7,1.6151081323623657,33
seed_122,SR-MMP,63,8,1.6027227640151978,51
seed_122,SR-MMP,62,9,1.5595310926437378,24
seed_122,SR-MMP,58,10,1.4681663513183594,10
seed_122,SR-MMP,52,11,1.4081158638000488,16
seed_122,SR-MMP,110,12,1.3664582967758179,20
seed_122,SR-MMP,29,13,1.3021214008331299,39
seed_122,SR-MMP,287,14,1.2449861764907837,8
seed_122,SR-MMP,10,15,1.2029194831848145,17
seed_122,SR-MMP,189,16,1.0930720567703247,9
seed_122,SR-MMP,56,17,0.9865973591804504,17
seed_122,SR-MMP,15,18,0.8487105369567871,26
seed_122,SR-MMP,73,19,0.8335216045379639,16
seed_122,SR-MMP,6,20,0.7813089489936829,18
seed_122,SR-MMP,71,21,0.7571768164634705,11
seed_122,SR-MMP,23,22,0.7275630235671997,30
seed_122,SR-MMP,24,23,0.7231528759002686,21
seed_122,SR-MMP,57,24,0.7035223245620728,9
seed_122,SR-MMP,136,25,0.6744673848152161,18
seed_122,SR-MMP,33,26,0.6185863614082336,17
seed_122,SR-MMP,2,27,0.6061347723007202,14
seed_122,SR-MMP,160,28,0.5664129853248596,11
seed_122,SR-MMP,25,29,0.5494377613067627,8
seed_122,SR-MMP,190,30,0.5462124943733215,13
seed_122,SR-MMP,80,31,0.5149335861206055,8
seed_122,SR-MMP,59,32,0.5112027525901794,8
seed_122,SR-MMP,84,33,0.5078017115592957,15
seed_122,SR-MMP,22,34,0.4967632591724396,13
seed_122,SR-MMP,140,35,0.49527785181999207,19
seed_122,SR-MMP,219,36,0.4894237518310547,16
seed_122,SR-MMP,175,37,0.4875727593898773,9
seed_122,SR-MMP,49,38,0.4553295373916626,17
seed_122,SR-MMP,217,39,0.4380584955215454,4
seed_122,SR-MMP,123,40,0.4359271824359894,11
seed_122,SR-MMP,67,41,0.426867812871933,16
seed_122,SR-MMP,184,42,0.4100739657878876,7
seed_122,SR-MMP,31,43,0.40936779975891113,20
seed_122,SR-MMP,135,44,0.3875616788864136,9
seed_122,SR-MMP,21,45,0.3810289800167084,13
seed_122,SR-MMP,79,46,0.3794924318790436,9
seed_122,SR-MMP,211,47,0.3775968551635742,13
seed_122,SR-MMP,296,48,0.367353230714798,10
seed_122,SR-MMP,245,49,0.3652108609676361,15
seed_122,SR-MMP,114,50,0.3649233877658844,7
seed_122,SR-MMP,66,51,0.35281556844711304,13
seed_122,SR-MMP,39,52,0.3513992726802826,9
seed_122,SR-MMP,12,53,0.34910908341407776,6
seed_122,SR-MMP,290,54,0.3440893888473511,10
seed_122,SR-MMP,92,55,0.3404177725315094,21
seed_122,SR-MMP,43,56,0.3381520211696625,9
seed_122,SR-MMP,147,57,0.3136104345321655,16
seed_122,SR-MMP,242,58,0.30873867869377136,6
seed_122,SR-MMP,221,59,0.290677011013031,6
seed_122,SR-MMP,99,60,0.28943246603012085,7
seed_122,SR-MMP,263,61,0.2765015661716461,6
seed_122,SR-MMP,64,62,0.2746383249759674,7
seed_122,SR-MMP,75,63,0.27318671345710754,13
seed_122,SR-MMP,148,64,0.2728520929813385,14
seed_122,SR-MMP,252,65,0.2677943706512451,4
seed_122,SR-MMP,36,66,0.26532042026519775,7
seed_122,SR-MMP,209,67,0.2645500898361206,7
seed_122,SR-MMP,170,68,0.26248371601104736,6
seed_122,SR-MMP,112,69,0.2618768811225891,10
seed_122,SR-MMP,270,70,0.260723739862442,4
seed_122,SR-MMP,113,71,0.2556286156177521,13
seed_122,SR-MMP,93,72,0.2554507255554199,16
seed_122,SR-MMP,40,73,0.25539901852607727,6
seed_122,SR-MMP,108,74,0.2517818510532379,14
seed_122,SR-MMP,195,75,0.24232161045074463,11
seed_122,SR-MMP,13,76,0.23975136876106262,6
seed_122,SR-MMP,204,77,0.23890654742717743,7
seed_122,SR-MMP,83,78,0.2388673722743988,9
seed_122,SR-MMP,51,79,0.23739418387413025,10
seed_122,SR-MMP,46,80,0.23555627465248108,13
seed_122,SR-MMP,111,81,0.23240283131599426,5
seed_122,SR-MMP,145,82,0.22924233973026276,17
seed_122,SR-MMP,166,83,0.22793959081172943,6
seed_122,SR-MMP,257,84,0.22251330316066742,8
seed_122,SR-MMP,129,85,0.2215910404920578,9
seed_122,SR-MMP,138,86,0.22097048163414001,3
seed_122,SR-MMP,37,87,0.22043286263942719,7
seed_122,SR-MMP,143,88,0.21885529160499573,5
seed_122,SR-MMP,268,89,0.2030339390039444,4
seed_122,SR-MMP,107,90,0.20006604492664337,6
seed_122,SR-MMP,109,91,0.20002985000610352,7
seed_122,SR-MMP,176,92,0.1965659260749817,5
seed_122,SR-MMP,231,93,0.1872066706418991,8
seed_122,SR-MMP,180,94,0.18201220035552979,5
seed_122,SR-MMP,117,95,0.18114882707595825,7
seed_122,SR-MMP,88,96,0.17862923443317413,4
seed_122,SR-MMP,42,97,0.17858728766441345,5
seed_122,SR-MMP,104,98,0.1774275004863739,4
seed_122,SR-MMP,1,99,0.17335470020771027,6
seed_122,SR-MMP,299,100,0.1712108850479126,7
seed_122,SR-MMP,222,101,0.15112043917179108,4
seed_122,SR-MMP,50,102,0.14596444368362427,3
seed_122,SR-MMP,193,103,0.14536400139331818,9
seed_122,SR-MMP,81,104,0.14499777555465698,19
seed_122,SR-MMP,237,105,0.14383265376091003,2
seed_122,SR-MMP,172,106,0.14127270877361298,4
seed_122,SR-MMP,45,107,0.13428188860416412,8
seed_122,SR-MMP,200,108,0.13390213251113892,8
seed_122,SR-MMP,173,109,0.1334424763917923,4
seed_122,SR-MMP,3,110,0.1305534690618515,6
seed_122,SR-MMP,20,111,0.12808360159397125,4
seed_122,SR-MMP,142,112,0.12161388993263245,3
seed_122,SR-MMP,28,113,0.12152126431465149,7
seed_122,SR-MMP,44,114,0.12084067612886429,3
seed_122,SR-MMP,154,115,0.12072727829217911,5
seed_122,SR-MMP,239,116,0.11964789777994156,3
seed_122,SR-MMP,126,117,0.11838902533054352,10
seed_122,SR-MMP,225,118,0.1161579042673111,6
seed_122,SR-MMP,269,119,0.11421992629766464,4
seed_122,SR-MMP,86,120,0.1141495332121849,9
seed_122,SR-MMP,78,121,0.11396365612745285,5
seed_122,SR-MMP,298,122,0.11320726573467255,4
seed_122,SR-MMP,130,123,0.11311913281679153,4
seed_122,SR-MMP,32,124,0.11200497299432755,8
seed_122,SR-MMP,17,125,0.10993317514657974,5
seed_122,SR-MMP,247,126,0.10925416648387909,4
seed_122,SR-MMP,220,127,0.10912531614303589,2
seed_122,SR-MMP,274,128,0.10611478984355927,2
seed_122,SR-MMP,260,129,0.10421790927648544,5
seed_122,SR-MMP,181,130,0.10332916676998138,4
seed_122,SR-MMP,167,131,0.10239773988723755,6
seed_122,SR-MMP,77,132,0.10126383602619171,5
seed_122,SR-MMP,4,133,0.10101402550935745,9
seed_122,SR-MMP,165,134,0.10072067379951477,4
seed_122,SR-MMP,55,135,0.10042432695627213,6
seed_122,SR-MMP,115,136,0.10011425614356995,4
seed_122,SR-MMP,196,137,0.09858401119709015,4
seed_122,SR-MMP,280,138,0.09813595563173294,3
seed_122,SR-MMP,48,139,0.09667467325925827,7
seed_122,SR-MMP,214,140,0.09359952807426453,2
seed_122,SR-MMP,276,141,0.09313923120498657,8
seed_122,SR-MMP,38,142,0.09245365858078003,4
seed_122,SR-MMP,182,143,0.09238184243440628,2
seed_122,SR-MMP,162,144,0.0900929868221283,3
seed_122,SR-MMP,106,145,0.08984752744436264,4
seed_122,SR-MMP,185,146,0.08962719887495041,3
seed_122,SR-MMP,69,147,0.08714239299297333,8
seed_122,SR-MMP,243,148,0.08580972999334335,2
seed_122,SR-MMP,120,149,0.0849623754620552,5
seed_122,SR-MMP,293,150,0.08339166641235352,3
seed_122,SR-MMP,183,151,0.08033373206853867,7
seed_122,SR-MMP,105,152,0.07956588268280029,3
seed_122,SR-MMP,144,153,0.078872449696064,7
seed_122,SR-MMP,8,154,0.07878085225820541,6
seed_122,SR-MMP,153,155,0.07756613940000534,2
seed_122,SR-MMP,295,156,0.07728883624076843,2
seed_122,SR-MMP,218,157,0.07599206268787384,3
seed_122,SR-MMP,213,158,0.07479687035083771,4
seed_122,SR-MMP,127,159,0.07465653866529465,4
seed_122,SR-MMP,251,160,0.07460890710353851,3
seed_122,SR-MMP,124,161,0.07422706484794617,4
seed_122,SR-MMP,122,162,0.07213398069143295,6
seed_122,SR-MMP,229,163,0.07090553641319275,7
seed_122,SR-MMP,34,164,0.0706896185874939,5
seed_122,SR-MMP,65,165,0.07053714245557785,3
seed_122,SR-MMP,198,166,0.06835471093654633,3
seed_122,SR-MMP,19,167,0.0682118758559227,4
seed_122,SR-MMP,87,168,0.0675765722990036,4
seed_122,SR-MMP,61,169,0.06539855897426605,6
seed_122,SR-MMP,121,170,0.06513112038373947,7
seed_122,SR-MMP,177,171,0.06393551081418991,4
seed_122,SR-MMP,96,172,0.06320307403802872,5
seed_122,SR-MMP,5,173,0.06281746178865433,4
seed_122,SR-MMP,179,174,0.06232892721891403,3
seed_122,SR-MMP,286,175,0.06162057816982269,2
seed_122,SR-MMP,14,176,0.05831129103899002,5
seed_122,SR-MMP,250,177,0.05808359757065773,4
seed_122,SR-MMP,169,178,0.057549167424440384,8
seed_122,SR-MMP,76,179,0.05722629651427269,2
seed_122,SR-MMP,35,180,0.057008638978004456,4
seed_122,SR-MMP,264,181,0.05681006237864494,3
seed_122,SR-MMP,132,182,0.05645611137151718,2
seed_122,SR-MMP,133,183,0.056191056966781616,6
seed_122,SR-MMP,85,184,0.05437397584319115,3
seed_122,SR-MMP,233,185,0.054367344826459885,6
seed_122,SR-MMP,91,186,0.05363558605313301,6
seed_122,SR-MMP,212,187,0.05176272243261337,7
seed_122,SR-MMP,149,188,0.051501233130693436,2
seed_122,SR-MMP,205,189,0.05088802054524422,3
seed_122,SR-MMP,206,190,0.0503716804087162,4
seed_122,SR-MMP,82,191,0.05029211938381195,4
seed_122,SR-MMP,235,192,0.048875052481889725,5
seed_122,SR-MMP,215,193,0.04859640821814537,4
seed_122,SR-MMP,150,194,0.047838471829891205,3
seed_122,SR-MMP,134,195,0.04456539824604988,3
seed_122,SR-MMP,271,196,0.04388715699315071,3
seed_122,SR-MMP,192,197,0.04344204440712929,3
seed_122,SR-MMP,201,198,0.04334812983870506,4
seed_122,SR-MMP,246,199,0.040054164826869965,3
seed_122,SR-MMP,90,200,0.03987974673509598,6
seed_122,SR-MMP,288,201,0.03982244431972504,2
seed_122,SR-MMP,248,202,0.03964206203818321,2
seed_122,SR-MMP,94,203,0.03907434642314911,2
seed_122,SR-MMP,54,204,0.03896518796682358,5
seed_122,SR-MMP,158,205,0.038734208792448044,3
seed_122,SR-MMP,16,206,0.03753822669386864,4
seed_122,SR-MMP,152,207,0.037517525255680084,3
seed_122,SR-MMP,210,208,0.037513379007577896,6
seed_122,SR-MMP,171,209,0.03651200607419014,2
seed_122,SR-MMP,27,210,0.035088974982500076,8
seed_122,SR-MMP,187,211,0.03497643396258354,3
seed_122,SR-MMP,197,212,0.03495604544878006,3
seed_122,SR-MMP,89,213,0.034194543957710266,3
seed_122,SR-MMP,255,214,0.034029796719551086,2
seed_122,SR-MMP,292,215,0.03386160731315613,3
seed_122,SR-MMP,102,216,0.033083297312259674,6
seed_122,SR-MMP,188,217,0.03290519490838051,2
seed_122,SR-MMP,289,218,0.032548896968364716,2
seed_122,SR-MMP,238,219,0.03145590424537659,1
seed_122,SR-MMP,258,220,0.03127489984035492,3
seed_122,SR-MMP,30,221,0.030949251726269722,5
seed_122,SR-MMP,291,222,0.030594341456890106,2
seed_122,SR-MMP,249,223,0.029561715200543404,3
seed_122,SR-MMP,155,224,0.028593601658940315,3
seed_122,SR-MMP,26,225,0.027811305597424507,4
seed_122,SR-MMP,161,226,0.02756044827401638,2
seed_122,SR-MMP,159,227,0.027400093153119087,2
seed_122,SR-MMP,230,228,0.026392539963126183,3
seed_122,SR-MMP,118,229,0.026129398494958878,4
seed_122,SR-MMP,95,230,0.02577250264585018,4
seed_122,SR-MMP,18,231,0.02573552168905735,4
seed_122,SR-MMP,131,232,0.025671958923339844,2
seed_122,SR-MMP,163,233,0.023893199861049652,3
seed_122,SR-MMP,186,234,0.022675737738609314,3
seed_122,SR-MMP,53,235,0.0222848579287529,6
seed_122,SR-MMP,98,236,0.022010095417499542,2
seed_122,SR-MMP,241,237,0.021745193749666214,3
seed_122,SR-MMP,282,238,0.020062875002622604,3
seed_122,SR-MMP,253,239,0.01989385299384594,1
seed_122,SR-MMP,100,240,0.01986912451684475,3
seed_122,SR-MMP,254,241,0.019575484097003937,2
seed_122,SR-MMP,9,242,0.019139215350151062,3
seed_122,SR-MMP,228,243,0.018918514251708984,4
seed_122,SR-MMP,207,244,0.018913177773356438,2
seed_122,SR-MMP,224,245,0.018742278218269348,2
seed_122,SR-MMP,267,246,0.01873365230858326,2
seed_122,SR-MMP,227,247,0.01826482266187668,3
seed_122,SR-MMP,146,248,0.01729927398264408,5
seed_122,SR-MMP,236,249,0.016725890338420868,3
seed_122,SR-MMP,194,250,0.01588485576212406,3
seed_122,SR-MMP,164,251,0.015261420048773289,2
seed_122,SR-MMP,284,252,0.015206757001578808,2
seed_122,SR-MMP,103,253,0.014705375768244267,3
seed_122,SR-MMP,265,254,0.013868569396436214,1
seed_122,SR-MMP,273,255,0.01321399211883545,2
seed_122,SR-MMP,208,256,0.01318126730620861,3
seed_122,SR-MMP,232,257,0.012365786358714104,2
seed_122,SR-MMP,203,258,0.012127777561545372,4
seed_122,SR-MMP,262,259,0.011811209842562675,3
seed_122,SR-MMP,256,260,0.011560752056539059,2
seed_122,SR-MMP,137,261,0.0111633175984025,2
seed_122,SR-MMP,216,262,0.010299096815288067,2
seed_122,SR-MMP,234,263,0.01029865350574255,2
seed_122,SR-MMP,101,264,0.010202540084719658,3
seed_122,SR-MMP,60,265,0.01013959851115942,3
seed_122,SR-MMP,226,266,0.009870746172964573,2
seed_122,SR-MMP,279,267,0.009537545032799244,2
seed_122,SR-MMP,11,268,0.00938249658793211,2
seed_122,SR-MMP,47,269,0.009289678186178207,4
seed_122,SR-MMP,116,270,0.008958498015999794,3
seed_122,SR-MMP,97,271,0.008427873253822327,2
seed_122,SR-MMP,278,272,0.008307119831442833,2
seed_122,SR-MMP,297,273,0.008196929469704628,1
seed_122,SR-MMP,191,274,0.00794035941362381,2
seed_122,SR-MMP,68,275,0.007286973297595978,2
seed_122,SR-MMP,281,276,0.007283974904567003,1
seed_122,SR-MMP,275,277,0.007119693327695131,2
seed_122,SR-MMP,174,278,0.007101813796907663,2
seed_122,SR-MMP,261,279,0.006896219681948423,3
seed_122,SR-MMP,141,280,0.0057088471949100494,2
seed_122,SR-MMP,157,281,0.00550678139552474,2
seed_122,SR-MMP,202,282,0.005079945549368858,3
seed_122,SR-MMP,283,283,0.004990607500076294,2
seed_122,SR-MMP,259,284,0.004804903641343117,2
seed_122,SR-MMP,156,285,0.0042709591798484325,2
seed_122,SR-MMP,223,286,0.0032911854796111584,2
seed_122,SR-MMP,119,287,0.0031496956944465637,2
seed_122,SR-MMP,294,288,0.0028203248511999846,2
seed_122,SR-MMP,178,289,0.002808297285810113,2
seed_122,SR-MMP,285,290,0.0018660399364307523,1
seed_122,SR-MMP,240,291,0.0016732328804209828,1
seed_122,SR-MMP,125,292,0.001520118210464716,3
seed_122,SR-MMP,41,293,0.0008798811468295753,2
seed_122,SR-MMP,151,294,0.0005829845322296023,2
seed_122,SR-MMP,244,295,0.0,1
seed_122,SR-MMP,266,296,0.0,1
seed_122,SR-MMP,277,297,0.0,1
seed_122,SR-MMP,199,298,0.0,2
seed_122,SR-MMP,272,299,0.0,1
seed_122,NR-AhR,72,0,6.06308650970459,15
seed_122,NR-AhR,70,1,5.862817764282227,27
seed_122,NR-AhR,168,2,4.431252956390381,79
seed_122,NR-AhR,139,3,3.4013941287994385,12
seed_122,NR-AhR,62,4,3.012338638305664,24
seed_122,NR-AhR,128,5,2.3791491985321045,42
seed_122,NR-AhR,63,6,2.330167770385742,51
seed_122,NR-AhR,287,7,2.1444146633148193,8
seed_122,NR-AhR,7,8,1.7169809341430664,33
seed_122,NR-AhR,6,9,1.5593839883804321,18
seed_122,NR-AhR,29,10,1.512535810470581,39
seed_122,NR-AhR,10,11,1.444832682609558,17
seed_122,NR-AhR,74,12,1.4115759134292603,19
seed_122,NR-AhR,24,13,1.4043477773666382,21
seed_122,NR-AhR,110,14,1.320152759552002,20
seed_122,NR-AhR,73,15,1.3137284517288208,16
seed_122,NR-AhR,0,16,1.2696295976638794,20
seed_122,NR-AhR,58,17,1.1766624450683594,10
seed_122,NR-AhR,84,18,0.9878470301628113,15
seed_122,NR-AhR,52,19,0.9867339134216309,16
seed_122,NR-AhR,2,20,0.9696874022483826,14
seed_122,NR-AhR,189,21,0.9463081359863281,9
seed_122,NR-AhR,67,22,0.8278487920761108,16
seed_122,NR-AhR,57,23,0.8264377117156982,9
seed_122,NR-AhR,190,24,0.7998670339584351,13
seed_122,NR-AhR,66,25,0.7001867294311523,13
seed_122,NR-AhR,71,26,0.6652916073799133,11
seed_122,NR-AhR,136,27,0.6644566059112549,18
seed_122,NR-AhR,184,28,0.6575174927711487,7
seed_122,NR-AhR,209,29,0.6353805065155029,7
seed_122,NR-AhR,23,30,0.6195327639579773,30
seed_122,NR-AhR,25,31,0.6181479692459106,8
seed_122,NR-AhR,21,32,0.6025505065917969,13
seed_122,NR-AhR,56,33,0.5984899401664734,17
seed_122,NR-AhR,33,34,0.5906485319137573,17
seed_122,NR-AhR,22,35,0.5774329304695129,13
seed_122,NR-AhR,15,36,0.549002468585968,26
seed_122,NR-AhR,46,37,0.5381762981414795,13
seed_122,NR-AhR,245,38,0.5371633768081665,15
seed_122,NR-AhR,175,39,0.5370995402336121,9
seed_122,NR-AhR,140,40,0.5353263020515442,19
seed_122,NR-AhR,112,41,0.5231825113296509,10
seed_122,NR-AhR,219,42,0.49910417199134827,16
seed_122,NR-AhR,59,43,0.4952889084815979,8
seed_122,NR-AhR,263,44,0.4845198094844818,6
seed_122,NR-AhR,49,45,0.4836266338825226,17
seed_122,NR-AhR,43,46,0.4817458689212799,9
seed_122,NR-AhR,160,47,0.471782386302948,11
seed_122,NR-AhR,252,48,0.47027090191841125,4
seed_122,NR-AhR,145,49,0.4594266712665558,17
seed_122,NR-AhR,221,50,0.44789642095565796,6
seed_122,NR-AhR,170,51,0.4350132644176483,6
seed_122,NR-AhR,114,52,0.4288853406906128,7
seed_122,NR-AhR,147,53,0.4264618754386902,16
seed_122,NR-AhR,231,54,0.4234594404697418,8
seed_122,NR-AhR,79,55,0.4225873649120331,9
seed_122,NR-AhR,123,56,0.4220963716506958,11
seed_122,NR-AhR,107,57,0.39751628041267395,6
seed_122,NR-AhR,92,58,0.3968658149242401,21
seed_122,NR-AhR,12,59,0.3943118155002594,6
seed_122,NR-AhR,204,60,0.3645021915435791,7
seed_122,NR-AhR,39,61,0.36193710565567017,9
seed_122,NR-AhR,93,62,0.3614242970943451,16
seed_122,NR-AhR,242,63,0.3591650426387787,6
seed_122,NR-AhR,211,64,0.3434755802154541,13
seed_122,NR-AhR,257,65,0.33886072039604187,8
seed_122,NR-AhR,31,66,0.32681819796562195,20
seed_122,NR-AhR,217,67,0.3236802816390991,4
seed_122,NR-AhR,180,68,0.32350191473960876,5
seed_122,NR-AhR,135,69,0.323269784450531,9
seed_122,NR-AhR,80,70,0.3206932246685028,8
seed_122,NR-AhR,111,71,0.31663963198661804,5
seed_122,NR-AhR,222,72,0.314503937959671,4
seed_122,NR-AhR,296,73,0.31203508377075195,10
seed_122,NR-AhR,83,74,0.3085801601409912,9
seed_122,NR-AhR,270,75,0.306357741355896,4
seed_122,NR-AhR,129,76,0.3027414083480835,9
seed_122,NR-AhR,126,77,0.30133646726608276,10
seed_122,NR-AhR,193,78,0.29838305711746216,9
seed_122,NR-AhR,81,79,0.2891128361225128,19
seed_122,NR-AhR,127,80,0.28770047426223755,4
seed_122,NR-AhR,75,81,0.28601041436195374,13
seed_122,NR-AhR,290,82,0.28509682416915894,10
seed_122,NR-AhR,195,83,0.28265437483787537,11
seed_122,NR-AhR,154,84,0.26676177978515625,5
seed_122,NR-AhR,40,85,0.2644617259502411,6
seed_122,NR-AhR,108,86,0.26092463731765747,14
seed_122,NR-AhR,130,87,0.2586246132850647,4
seed_122,NR-AhR,45,88,0.2548081874847412,8
seed_122,NR-AhR,86,89,0.2539086937904358,9
seed_122,NR-AhR,35,90,0.2402317374944687,4
seed_122,NR-AhR,55,91,0.229262575507164,6
seed_122,NR-AhR,148,92,0.2246529757976532,14
seed_122,NR-AhR,91,93,0.21819967031478882,6
seed_122,NR-AhR,200,94,0.20921096205711365,8
seed_122,NR-AhR,299,95,0.20391114056110382,7
seed_122,NR-AhR,99,96,0.201978862285614,7
seed_122,NR-AhR,248,97,0.20030388236045837,2
seed_122,NR-AhR,106,98,0.19519072771072388,4
seed_122,NR-AhR,42,99,0.19337376952171326,5
seed_122,NR-AhR,64,100,0.1929158866405487,7
seed_122,NR-AhR,117,101,0.1895839273929596,7
seed_122,NR-AhR,109,102,0.1885591298341751,7
seed_122,NR-AhR,78,103,0.1816059798002243,5
seed_122,NR-AhR,61,104,0.17678645253181458,6
seed_122,NR-AhR,28,105,0.1765715777873993,7
seed_122,NR-AhR,293,106,0.1723262518644333,3
seed_122,NR-AhR,237,107,0.16706576943397522,2
seed_122,NR-AhR,233,108,0.16244453191757202,6
seed_122,NR-AhR,225,109,0.16117720305919647,6
seed_122,NR-AhR,172,110,0.1589408814907074,4
seed_122,NR-AhR,104,111,0.15568849444389343,4
seed_122,NR-AhR,167,112,0.15429425239562988,6
seed_122,NR-AhR,36,113,0.15052826702594757,7
seed_122,NR-AhR,32,114,0.14513704180717468,8
seed_122,NR-AhR,206,115,0.14283059537410736,4
seed_122,NR-AhR,13,116,0.14029395580291748,6
seed_122,NR-AhR,143,117,0.13583523035049438,5
seed_122,NR-AhR,246,118,0.1325058490037918,3
seed_122,NR-AhR,142,119,0.13067002594470978,3
seed_122,NR-AhR,229,120,0.12369709461927414,7
seed_122,NR-AhR,37,121,0.1216360554099083,7
seed_122,NR-AhR,69,122,0.11888972669839859,8
seed_122,NR-AhR,176,123,0.11844965070486069,5
seed_122,NR-AhR,269,124,0.11714012175798416,4
seed_122,NR-AhR,134,125,0.11658504605293274,3
seed_122,NR-AhR,276,126,0.11613263189792633,8
seed_122,NR-AhR,4,127,0.1156255453824997,9
seed_122,NR-AhR,20,128,0.11539111286401749,4
seed_122,NR-AhR,17,129,0.11254405975341797,5
seed_122,NR-AhR,280,130,0.11077794432640076,3
seed_122,NR-AhR,152,131,0.10965196043252945,3
seed_122,NR-AhR,182,132,0.10835806280374527,2
seed_122,NR-AhR,212,133,0.107670359313488,7
seed_122,NR-AhR,218,134,0.10641085356473923,3
seed_122,NR-AhR,88,135,0.10512388497591019,4
seed_122,NR-AhR,166,136,0.10508941859006882,6
seed_122,NR-AhR,138,137,0.10362384468317032,3
seed_122,NR-AhR,201,138,0.10361214727163315,4
seed_122,NR-AhR,236,139,0.1024642288684845,3
seed_122,NR-AhR,3,140,0.10204994678497314,6
seed_122,NR-AhR,1,141,0.10143010318279266,6
seed_122,NR-AhR,34,142,0.09999525547027588,5
seed_122,NR-AhR,113,143,0.09927792847156525,13
seed_122,NR-AhR,115,144,0.09382573515176773,4
seed_122,NR-AhR,264,145,0.09231819957494736,3
seed_122,NR-AhR,250,146,0.0923037901520729,4
seed_122,NR-AhR,243,147,0.09099230915307999,2
seed_122,NR-AhR,65,148,0.08879131823778152,3
seed_122,NR-AhR,235,149,0.08784099668264389,5
seed_122,NR-AhR,161,150,0.08673910051584244,2
seed_122,NR-AhR,247,151,0.08567331731319427,4
seed_122,NR-AhR,162,152,0.08323963731527328,3
seed_122,NR-AhR,232,153,0.0830068290233612,2
seed_122,NR-AhR,173,154,0.08281324803829193,4
seed_122,NR-AhR,185,155,0.08256875723600388,3
seed_122,NR-AhR,179,156,0.07873304188251495,3
seed_122,NR-AhR,208,157,0.0783502385020256,3
seed_122,NR-AhR,288,158,0.07601381093263626,2
seed_122,NR-AhR,251,159,0.07556293904781342,3
seed_122,NR-AhR,186,160,0.0734550952911377,3
seed_122,NR-AhR,103,161,0.07250066101551056,3
seed_122,NR-AhR,169,162,0.0710875615477562,8
seed_122,NR-AhR,183,163,0.07008125633001328,7
seed_122,NR-AhR,89,164,0.06792002171278,3
seed_122,NR-AhR,48,165,0.06703325361013412,7
seed_122,NR-AhR,181,166,0.0662260502576828,4
seed_122,NR-AhR,82,167,0.06578231602907181,4
seed_122,NR-AhR,163,168,0.06545683741569519,3
seed_122,NR-AhR,90,169,0.06460846960544586,6
seed_122,NR-AhR,54,170,0.06459452211856842,5
seed_122,NR-AhR,292,171,0.062299832701683044,3
seed_122,NR-AhR,27,172,0.06180057302117348,8
seed_122,NR-AhR,198,173,0.06109689548611641,3
seed_122,NR-AhR,230,174,0.06041397526860237,3
seed_122,NR-AhR,77,175,0.05839233845472336,5
seed_122,NR-AhR,268,176,0.057906992733478546,4
seed_122,NR-AhR,220,177,0.05744491145014763,2
seed_122,NR-AhR,254,178,0.05730200558900833,2
seed_122,NR-AhR,260,179,0.05625350400805473,5
seed_122,NR-AhR,286,180,0.05572344362735748,2
seed_122,NR-AhR,207,181,0.05527982860803604,2
seed_122,NR-AhR,210,182,0.05491318926215172,6
seed_122,NR-AhR,144,183,0.054130084812641144,7
seed_122,NR-AhR,239,184,0.05239790678024292,3
seed_122,NR-AhR,95,185,0.05181831121444702,4
seed_122,NR-AhR,171,186,0.05126547813415527,2
seed_122,NR-AhR,188,187,0.05103624239563942,2
seed_122,NR-AhR,121,188,0.050837595015764236,7
seed_122,NR-AhR,194,189,0.05079367756843567,3
seed_122,NR-AhR,87,190,0.050446294248104095,4
seed_122,NR-AhR,105,191,0.04984940588474274,3
seed_122,NR-AhR,122,192,0.04969363287091255,6
seed_122,NR-AhR,51,193,0.04942142218351364,10
seed_122,NR-AhR,14,194,0.04786107316613197,5
seed_122,NR-AhR,100,195,0.04781265929341316,3
seed_122,NR-AhR,124,196,0.04759346693754196,4
seed_122,NR-AhR,120,197,0.04745263233780861,5
seed_122,NR-AhR,102,198,0.047126252204179764,6
seed_122,NR-AhR,197,199,0.04675259068608284,3
seed_122,NR-AhR,44,200,0.04595505818724632,3
seed_122,NR-AhR,8,201,0.044811543077230453,6
seed_122,NR-AhR,298,202,0.043574992567300797,4
seed_122,NR-AhR,94,203,0.04308202862739563,2
seed_122,NR-AhR,214,204,0.043079230934381485,2
seed_122,NR-AhR,131,205,0.042767483741045,2
seed_122,NR-AhR,155,206,0.0421411469578743,3
seed_122,NR-AhR,202,207,0.042056407779455185,3
seed_122,NR-AhR,150,208,0.041996508836746216,3
seed_122,NR-AhR,291,209,0.04189471900463104,2
seed_122,NR-AhR,213,210,0.04168645665049553,4
seed_122,NR-AhR,146,211,0.041604477912187576,5
seed_122,NR-AhR,38,212,0.04139438644051552,4
seed_122,NR-AhR,133,213,0.04095496982336044,6
seed_122,NR-AhR,192,214,0.040616512298583984,3
seed_122,NR-AhR,11,215,0.04007650539278984,2
seed_122,NR-AhR,205,216,0.039808306843042374,3
seed_122,NR-AhR,53,217,0.03879696875810623,6
seed_122,NR-AhR,271,218,0.03871867433190346,3
seed_122,NR-AhR,149,219,0.03855393826961517,2
seed_122,NR-AhR,30,220,0.03620300814509392,5
seed_122,NR-AhR,16,221,0.035777751356363297,4
seed_122,NR-AhR,241,222,0.035684481263160706,3
seed_122,NR-AhR,50,223,0.034181203693151474,3
seed_122,NR-AhR,118,224,0.032390281558036804,4
seed_122,NR-AhR,68,225,0.032026249915361404,2
seed_122,NR-AhR,165,226,0.030619734898209572,4
seed_122,NR-AhR,159,227,0.030496802181005478,2
seed_122,NR-AhR,196,228,0.029689541086554527,4
seed_122,NR-AhR,47,229,0.029554137960076332,4
seed_122,NR-AhR,215,230,0.028018498793244362,4
seed_122,NR-AhR,255,231,0.027879420667886734,2
seed_122,NR-AhR,9,232,0.027296004816889763,3
seed_122,NR-AhR,132,233,0.026444004848599434,2
seed_122,NR-AhR,228,234,0.025770986452698708,4
seed_122,NR-AhR,253,235,0.02566973865032196,1
seed_122,NR-AhR,85,236,0.025611920282244682,3
seed_122,NR-AhR,274,237,0.02536165527999401,2
seed_122,NR-AhR,227,238,0.024323565885424614,3
seed_122,NR-AhR,262,239,0.024239908903837204,3
seed_122,NR-AhR,258,240,0.02394612319767475,3
seed_122,NR-AhR,19,241,0.023867972195148468,4
seed_122,NR-AhR,119,242,0.023517237976193428,2
seed_122,NR-AhR,116,243,0.023134153336286545,3
seed_122,NR-AhR,191,244,0.022561006247997284,2
seed_122,NR-AhR,97,245,0.022110076621174812,2
seed_122,NR-AhR,187,246,0.022021306678652763,3
seed_122,NR-AhR,5,247,0.02145363949239254,4
seed_122,NR-AhR,289,248,0.020985661074519157,2
seed_122,NR-AhR,295,249,0.02079545147716999,2
seed_122,NR-AhR,101,250,0.01952075958251953,3
seed_122,NR-AhR,141,251,0.019127000123262405,2
seed_122,NR-AhR,18,252,0.019070863723754883,4
seed_122,NR-AhR,158,253,0.01849580742418766,3
seed_122,NR-AhR,256,254,0.018159549683332443,2
seed_122,NR-AhR,284,255,0.017320314422249794,2
seed_122,NR-AhR,26,256,0.01717745140194893,4
seed_122,NR-AhR,153,257,0.01693102903664112,2
seed_122,NR-AhR,76,258,0.016588902100920677,2
seed_122,NR-AhR,60,259,0.01605169102549553,3
seed_122,NR-AhR,234,260,0.01578151434659958,2
seed_122,NR-AhR,282,261,0.01525516901165247,3
seed_122,NR-AhR,273,262,0.014990010298788548,2
seed_122,NR-AhR,261,263,0.01498786173760891,3
seed_122,NR-AhR,275,264,0.014737670309841633,2
seed_122,NR-AhR,151,265,0.01361421961337328,2
seed_122,NR-AhR,174,266,0.012096553109586239,2
seed_122,NR-AhR,96,267,0.012059660628437996,5
seed_122,NR-AhR,249,268,0.01119821984320879,3
seed_122,NR-AhR,177,269,0.010824521072208881,4
seed_122,NR-AhR,156,270,0.010755069553852081,2
seed_122,NR-AhR,41,271,0.010690380819141865,2
seed_122,NR-AhR,279,272,0.010075061582028866,2
seed_122,NR-AhR,224,273,0.009566644206643105,2
seed_122,NR-AhR,203,274,0.009402208030223846,4
seed_122,NR-AhR,137,275,0.00811389647424221,2
seed_122,NR-AhR,178,276,0.0072432043962180614,2
seed_122,NR-AhR,294,277,0.006691992748528719,2
seed_122,NR-AhR,285,278,0.006605387665331364,1
seed_122,NR-AhR,240,279,0.0064555564895272255,1
seed_122,NR-AhR,164,280,0.005857494194060564,2
seed_122,NR-AhR,157,281,0.005448788404464722,2
seed_122,NR-AhR,297,282,0.005205944646149874,1
seed_122,NR-AhR,283,283,0.005031781271100044,2
seed_122,NR-AhR,278,284,0.004726930987089872,2
seed_122,NR-AhR,216,285,0.004448656924068928,2
seed_122,NR-AhR,98,286,0.004044100642204285,2
seed_122,NR-AhR,125,287,0.0038618396501988173,3
seed_122,NR-AhR,267,288,0.003501624334603548,2
seed_122,NR-AhR,238,289,0.0029685089830309153,1
seed_122,NR-AhR,259,290,0.0029554946813732386,2
seed_122,NR-AhR,226,291,0.002464443910866976,2
seed_122,NR-AhR,281,292,0.0017686104401946068,1
seed_122,NR-AhR,265,293,0.001614843145944178,1
seed_122,NR-AhR,223,294,0.0010501157958060503,2
seed_122,NR-AhR,277,295,0.0,1
seed_122,NR-AhR,266,296,0.0,1
seed_122,NR-AhR,244,297,0.0,1
seed_122,NR-AhR,199,298,0.0,2
seed_122,NR-AhR,272,299,0.0,1
seed_122,NR-ER-LBD,168,0,4.11176061630249,79
seed_122,NR-ER-LBD,70,1,4.08587121963501,27
seed_122,NR-ER-LBD,72,2,2.069751739501953,15
seed_122,NR-ER-LBD,128,3,1.6993625164031982,42
seed_122,NR-ER-LBD,7,4,1.3929392099380493,33
seed_122,NR-ER-LBD,139,5,1.3147779703140259,12
seed_122,NR-ER-LBD,74,6,1.2798223495483398,19
seed_122,NR-ER-LBD,62,7,1.082139253616333,24
seed_122,NR-ER-LBD,0,8,1.0268783569335938,20
seed_122,NR-ER-LBD,63,9,0.9878137707710266,51
seed_122,NR-ER-LBD,29,10,0.8161934018135071,39
seed_122,NR-ER-LBD,58,11,0.7736075520515442,10
seed_122,NR-ER-LBD,10,12,0.7412742972373962,17
seed_122,NR-ER-LBD,52,13,0.7342311143875122,16
seed_122,NR-ER-LBD,110,14,0.6903843283653259,20
seed_122,NR-ER-LBD,24,15,0.6600375771522522,21
seed_122,NR-ER-LBD,73,16,0.626757800579071,16
seed_122,NR-ER-LBD,66,17,0.6086915135383606,13
seed_122,NR-ER-LBD,189,18,0.5918825268745422,9
seed_122,NR-ER-LBD,6,19,0.5824306607246399,18
seed_122,NR-ER-LBD,287,20,0.5321696400642395,8
seed_122,NR-ER-LBD,84,21,0.5073635578155518,15
seed_122,NR-ER-LBD,2,22,0.4747362732887268,14
seed_122,NR-ER-LBD,23,23,0.44621673226356506,30
seed_122,NR-ER-LBD,136,24,0.42510586977005005,18
seed_122,NR-ER-LBD,25,25,0.42284685373306274,8
seed_122,NR-ER-LBD,46,26,0.41337132453918457,13
seed_122,NR-ER-LBD,57,27,0.4107741415500641,9
seed_122,NR-ER-LBD,219,28,0.40723705291748047,16
seed_122,NR-ER-LBD,15,29,0.4061039984226227,26
seed_122,NR-ER-LBD,56,30,0.40453997254371643,17
seed_122,NR-ER-LBD,221,31,0.3848434388637543,6
seed_122,NR-ER-LBD,114,32,0.3670373558998108,7
seed_122,NR-ER-LBD,263,33,0.35776758193969727,6
seed_122,NR-ER-LBD,184,34,0.3503652513027191,7
seed_122,NR-ER-LBD,160,35,0.3391689658164978,11
seed_122,NR-ER-LBD,33,36,0.33301499485969543,17
seed_122,NR-ER-LBD,71,37,0.33218103647232056,11
seed_122,NR-ER-LBD,245,38,0.3271191120147705,15
seed_122,NR-ER-LBD,296,39,0.3257611393928528,10
seed_122,NR-ER-LBD,22,40,0.32500410079956055,13
seed_122,NR-ER-LBD,231,41,0.31031808257102966,8
seed_122,NR-ER-LBD,123,42,0.301950603723526,11
seed_122,NR-ER-LBD,31,43,0.2998279929161072,20
seed_122,NR-ER-LBD,147,44,0.2931537330150604,16
seed_122,NR-ER-LBD,170,45,0.2808084785938263,6
seed_122,NR-ER-LBD,75,46,0.2745569348335266,13
seed_122,NR-ER-LBD,145,47,0.26173123717308044,17
seed_122,NR-ER-LBD,195,48,0.25831693410873413,11
seed_122,NR-ER-LBD,49,49,0.25688809156417847,17
seed_122,NR-ER-LBD,209,50,0.25503310561180115,7
seed_122,NR-ER-LBD,12,51,0.24987074732780457,6
seed_122,NR-ER-LBD,175,52,0.24859967827796936,9
seed_122,NR-ER-LBD,211,53,0.2428569495677948,13
seed_122,NR-ER-LBD,290,54,0.23595009744167328,10
seed_122,NR-ER-LBD,217,55,0.22226503491401672,4
seed_122,NR-ER-LBD,67,56,0.22042058408260345,16
seed_122,NR-ER-LBD,190,57,0.21782904863357544,13
seed_122,NR-ER-LBD,252,58,0.21565671265125275,4
seed_122,NR-ER-LBD,222,59,0.21151916682720184,4
seed_122,NR-ER-LBD,93,60,0.2113974541425705,16
seed_122,NR-ER-LBD,108,61,0.2048720121383667,14
seed_122,NR-ER-LBD,79,62,0.20079635083675385,9
seed_122,NR-ER-LBD,39,63,0.1993883103132248,9
seed_122,NR-ER-LBD,204,64,0.19817683100700378,7
seed_122,NR-ER-LBD,148,65,0.1937374621629715,14
seed_122,NR-ER-LBD,250,66,0.1891714334487915,4
seed_122,NR-ER-LBD,135,67,0.18384136259555817,9
seed_122,NR-ER-LBD,140,68,0.176421120762825,19
seed_122,NR-ER-LBD,193,69,0.17540812492370605,9
seed_122,NR-ER-LBD,86,70,0.17518803477287292,9
seed_122,NR-ER-LBD,269,71,0.1738557666540146,4
seed_122,NR-ER-LBD,92,72,0.16908356547355652,21
seed_122,NR-ER-LBD,1,73,0.16578783094882965,6
seed_122,NR-ER-LBD,129,74,0.16327714920043945,9
seed_122,NR-ER-LBD,176,75,0.1625959426164627,5
seed_122,NR-ER-LBD,21,76,0.152940034866333,13
seed_122,NR-ER-LBD,64,77,0.15038685500621796,7
seed_122,NR-ER-LBD,180,78,0.15022724866867065,5
seed_122,NR-ER-LBD,40,79,0.14750553667545319,6
seed_122,NR-ER-LBD,59,80,0.14397314190864563,8
seed_122,NR-ER-LBD,166,81,0.14395515620708466,6
seed_122,NR-ER-LBD,154,82,0.14145761728286743,5
seed_122,NR-ER-LBD,172,83,0.13592712581157684,4
seed_122,NR-ER-LBD,200,84,0.13517503440380096,8
seed_122,NR-ER-LBD,36,85,0.134935662150383,7
seed_122,NR-ER-LBD,112,86,0.13426128029823303,10
seed_122,NR-ER-LBD,257,87,0.1280205100774765,8
seed_122,NR-ER-LBD,99,88,0.12560400366783142,7
seed_122,NR-ER-LBD,126,89,0.122137650847435,10
seed_122,NR-ER-LBD,80,90,0.11925210803747177,8
seed_122,NR-ER-LBD,299,91,0.11861836165189743,7
seed_122,NR-ER-LBD,42,92,0.11755261570215225,5
seed_122,NR-ER-LBD,81,93,0.11753212660551071,19
seed_122,NR-ER-LBD,109,94,0.11517954617738724,7
seed_122,NR-ER-LBD,143,95,0.11415240913629532,5
seed_122,NR-ER-LBD,117,96,0.11401429027318954,7
seed_122,NR-ER-LBD,61,97,0.11332368105649948,6
seed_122,NR-ER-LBD,212,98,0.11321771889925003,7
seed_122,NR-ER-LBD,43,99,0.1113550066947937,9
seed_122,NR-ER-LBD,248,100,0.10861540585756302,2
seed_122,NR-ER-LBD,3,101,0.10809510201215744,6
seed_122,NR-ER-LBD,113,102,0.10533034056425095,13
seed_122,NR-ER-LBD,122,103,0.10483226925134659,6
seed_122,NR-ER-LBD,4,104,0.10426607728004456,9
seed_122,NR-ER-LBD,183,105,0.0980909988284111,7
seed_122,NR-ER-LBD,225,106,0.09799554198980331,6
seed_122,NR-ER-LBD,107,107,0.09683486819267273,6
seed_122,NR-ER-LBD,83,108,0.09541033953428268,9
seed_122,NR-ER-LBD,142,109,0.09536450356245041,3
seed_122,NR-ER-LBD,270,110,0.09440981596708298,4
seed_122,NR-ER-LBD,37,111,0.09377975016832352,7
seed_122,NR-ER-LBD,51,112,0.09371096640825272,10
seed_122,NR-ER-LBD,13,113,0.09347405284643173,6
seed_122,NR-ER-LBD,32,114,0.09334983676671982,8
seed_122,NR-ER-LBD,14,115,0.09248466789722443,5
seed_122,NR-ER-LBD,111,116,0.08633100986480713,5
seed_122,NR-ER-LBD,55,117,0.08261378854513168,6
seed_122,NR-ER-LBD,120,118,0.0820404440164566,5
seed_122,NR-ER-LBD,242,119,0.08076506853103638,6
seed_122,NR-ER-LBD,9,120,0.07730769366025925,3
seed_122,NR-ER-LBD,20,121,0.07673721015453339,4
seed_122,NR-ER-LBD,88,122,0.07640977203845978,4
seed_122,NR-ER-LBD,106,123,0.07431627064943314,4
seed_122,NR-ER-LBD,247,124,0.07303515821695328,4
seed_122,NR-ER-LBD,127,125,0.07245133072137833,4
seed_122,NR-ER-LBD,45,126,0.07092811167240143,8
seed_122,NR-ER-LBD,27,127,0.07077312469482422,8
seed_122,NR-ER-LBD,144,128,0.06905799359083176,7
seed_122,NR-ER-LBD,196,129,0.06889154762029648,4
seed_122,NR-ER-LBD,162,130,0.06790003925561905,3
seed_122,NR-ER-LBD,181,131,0.06775220483541489,4
seed_122,NR-ER-LBD,161,132,0.06643786281347275,2
seed_122,NR-ER-LBD,77,133,0.06623204052448273,5
seed_122,NR-ER-LBD,213,134,0.06611949950456619,4
seed_122,NR-ER-LBD,138,135,0.0642731636762619,3
seed_122,NR-ER-LBD,167,136,0.06287426501512527,6
seed_122,NR-ER-LBD,28,137,0.06254858523607254,7
seed_122,NR-ER-LBD,220,138,0.06219286099076271,2
seed_122,NR-ER-LBD,100,139,0.06204775720834732,3
seed_122,NR-ER-LBD,69,140,0.061317216604948044,8
seed_122,NR-ER-LBD,8,141,0.060820162296295166,6
seed_122,NR-ER-LBD,134,142,0.06069786846637726,3
seed_122,NR-ER-LBD,276,143,0.05995903164148331,8
seed_122,NR-ER-LBD,218,144,0.059593427926301956,3
seed_122,NR-ER-LBD,239,145,0.05913490056991577,3
seed_122,NR-ER-LBD,91,146,0.0572783388197422,6
seed_122,NR-ER-LBD,65,147,0.05579525977373123,3
seed_122,NR-ER-LBD,274,148,0.055670782923698425,2
seed_122,NR-ER-LBD,215,149,0.0549655519425869,4
seed_122,NR-ER-LBD,35,150,0.053995706140995026,4
seed_122,NR-ER-LBD,235,151,0.053984444588422775,5
seed_122,NR-ER-LBD,115,152,0.0537356398999691,4
seed_122,NR-ER-LBD,85,153,0.05364413186907768,3
seed_122,NR-ER-LBD,102,154,0.053469326347112656,6
seed_122,NR-ER-LBD,149,155,0.05290430039167404,2
seed_122,NR-ER-LBD,133,156,0.05202103778719902,6
seed_122,NR-ER-LBD,130,157,0.051933933049440384,4
seed_122,NR-ER-LBD,268,158,0.051879528909921646,4
seed_122,NR-ER-LBD,165,159,0.05028408765792847,4
seed_122,NR-ER-LBD,179,160,0.048556093126535416,3
seed_122,NR-ER-LBD,78,161,0.048339731991291046,5
seed_122,NR-ER-LBD,233,162,0.048335425555706024,6
seed_122,NR-ER-LBD,214,163,0.04825718700885773,2
seed_122,NR-ER-LBD,124,164,0.04794817417860031,4
seed_122,NR-ER-LBD,171,165,0.04763306677341461,2
seed_122,NR-ER-LBD,198,166,0.04751967266201973,3
seed_122,NR-ER-LBD,103,167,0.046523403376340866,3
seed_122,NR-ER-LBD,105,168,0.04620115086436272,3
seed_122,NR-ER-LBD,186,169,0.04562349617481232,3
seed_122,NR-ER-LBD,251,170,0.04472599923610687,3
seed_122,NR-ER-LBD,96,171,0.04364633187651634,5
seed_122,NR-ER-LBD,205,172,0.04250619560480118,3
seed_122,NR-ER-LBD,19,173,0.041343990713357925,4
seed_122,NR-ER-LBD,246,174,0.04078146442770958,3
seed_122,NR-ER-LBD,82,175,0.04060550034046173,4
seed_122,NR-ER-LBD,229,176,0.03863907605409622,7
seed_122,NR-ER-LBD,90,177,0.03816378489136696,6
seed_122,NR-ER-LBD,121,178,0.03740301355719566,7
seed_122,NR-ER-LBD,298,179,0.03686380386352539,4
seed_122,NR-ER-LBD,34,180,0.036606039851903915,5
seed_122,NR-ER-LBD,44,181,0.03647385537624359,3
seed_122,NR-ER-LBD,97,182,0.035938795655965805,2
seed_122,NR-ER-LBD,260,183,0.035294219851493835,5
seed_122,NR-ER-LBD,201,184,0.03525852784514427,4
seed_122,NR-ER-LBD,289,185,0.03495432808995247,2
seed_122,NR-ER-LBD,210,186,0.03375912830233574,6
seed_122,NR-ER-LBD,286,187,0.03366018459200859,2
seed_122,NR-ER-LBD,131,188,0.03319619223475456,2
seed_122,NR-ER-LBD,95,189,0.033047281205654144,4
seed_122,NR-ER-LBD,87,190,0.032573796808719635,4
seed_122,NR-ER-LBD,30,191,0.03255744278430939,5
seed_122,NR-ER-LBD,163,192,0.03217559680342674,3
seed_122,NR-ER-LBD,293,193,0.03181946650147438,3
seed_122,NR-ER-LBD,207,194,0.03090006299316883,2
seed_122,NR-ER-LBD,208,195,0.030250610783696175,3
seed_122,NR-ER-LBD,50,196,0.0301765576004982,3
seed_122,NR-ER-LBD,187,197,0.02894476428627968,3
seed_122,NR-ER-LBD,101,198,0.028192073106765747,3
seed_122,NR-ER-LBD,206,199,0.027973229065537453,4
seed_122,NR-ER-LBD,89,200,0.027440709993243217,3
seed_122,NR-ER-LBD,254,201,0.02725796401500702,2
seed_122,NR-ER-LBD,152,202,0.02698564901947975,3
seed_122,NR-ER-LBD,224,203,0.02656545862555504,2
seed_122,NR-ER-LBD,47,204,0.026204565539956093,4
seed_122,NR-ER-LBD,132,205,0.026061847805976868,2
seed_122,NR-ER-LBD,173,206,0.025962185114622116,4
seed_122,NR-ER-LBD,258,207,0.02591470442712307,3
seed_122,NR-ER-LBD,53,208,0.02453463338315487,6
seed_122,NR-ER-LBD,249,209,0.024533895775675774,3
seed_122,NR-ER-LBD,155,210,0.02441374957561493,3
seed_122,NR-ER-LBD,104,211,0.024379240348935127,4
seed_122,NR-ER-LBD,17,212,0.02435062639415264,5
seed_122,NR-ER-LBD,194,213,0.02385825105011463,3
seed_122,NR-ER-LBD,188,214,0.023784374818205833,2
seed_122,NR-ER-LBD,275,215,0.023219086229801178,2
seed_122,NR-ER-LBD,48,216,0.022840410470962524,7
seed_122,NR-ER-LBD,185,217,0.022657793015241623,3
seed_122,NR-ER-LBD,16,218,0.022364819422364235,4
seed_122,NR-ER-LBD,41,219,0.02217588759958744,2
seed_122,NR-ER-LBD,192,220,0.021052254363894463,3
seed_122,NR-ER-LBD,280,221,0.02094537578523159,3
seed_122,NR-ER-LBD,159,222,0.02074562758207321,2
seed_122,NR-ER-LBD,169,223,0.020622611045837402,8
seed_122,NR-ER-LBD,230,224,0.02038627676665783,3
seed_122,NR-ER-LBD,271,225,0.019802257418632507,3
seed_122,NR-ER-LBD,236,226,0.019032848998904228,3
seed_122,NR-ER-LBD,264,227,0.018870392814278603,3
seed_122,NR-ER-LBD,197,228,0.01866092160344124,3
seed_122,NR-ER-LBD,182,229,0.018301280215382576,2
seed_122,NR-ER-LBD,118,230,0.0180702842772007,4
seed_122,NR-ER-LBD,60,231,0.0180278979241848,3
seed_122,NR-ER-LBD,5,232,0.017723653465509415,4
seed_122,NR-ER-LBD,291,233,0.01738685369491577,2
seed_122,NR-ER-LBD,295,234,0.017066054046154022,2
seed_122,NR-ER-LBD,227,235,0.016928289085626602,3
seed_122,NR-ER-LBD,228,236,0.016163155436515808,4
seed_122,NR-ER-LBD,237,237,0.01609080843627453,2
seed_122,NR-ER-LBD,288,238,0.015949388965964317,2
seed_122,NR-ER-LBD,262,239,0.015887945890426636,3
seed_122,NR-ER-LBD,94,240,0.01574019156396389,2
seed_122,NR-ER-LBD,38,241,0.015565890818834305,4
seed_122,NR-ER-LBD,202,242,0.015562102198600769,3
seed_122,NR-ER-LBD,203,243,0.015108339488506317,4
seed_122,NR-ER-LBD,98,244,0.014381928369402885,2
seed_122,NR-ER-LBD,150,245,0.01380273886024952,3
seed_122,NR-ER-LBD,292,246,0.013569517992436886,3
seed_122,NR-ER-LBD,158,247,0.013465123251080513,3
seed_122,NR-ER-LBD,177,248,0.013355323113501072,4
seed_122,NR-ER-LBD,174,249,0.01331720408052206,2
seed_122,NR-ER-LBD,68,250,0.01297940406948328,2
seed_122,NR-ER-LBD,234,251,0.012886740267276764,2
seed_122,NR-ER-LBD,267,252,0.01216673944145441,2
seed_122,NR-ER-LBD,76,253,0.011870312504470348,2
seed_122,NR-ER-LBD,279,254,0.011801870539784431,2
seed_122,NR-ER-LBD,273,255,0.011752502992749214,2
seed_122,NR-ER-LBD,26,256,0.011593462899327278,4
seed_122,NR-ER-LBD,141,257,0.011026597581803799,2
seed_122,NR-ER-LBD,256,258,0.010684404522180557,2
seed_122,NR-ER-LBD,255,259,0.010675515979528427,2
seed_122,NR-ER-LBD,146,260,0.010535772889852524,5
seed_122,NR-ER-LBD,232,261,0.009428702294826508,2
seed_122,NR-ER-LBD,54,262,0.009209706448018551,5
seed_122,NR-ER-LBD,284,263,0.008856330066919327,2
seed_122,NR-ER-LBD,265,264,0.008375019766390324,1
seed_122,NR-ER-LBD,11,265,0.008102674037218094,2
seed_122,NR-ER-LBD,119,266,0.007930358871817589,2
seed_122,NR-ER-LBD,226,267,0.006291582249104977,2
seed_122,NR-ER-LBD,153,268,0.005637786816805601,2
seed_122,NR-ER-LBD,116,269,0.005162195302546024,3
seed_122,NR-ER-LBD,238,270,0.0051551093347370625,1
seed_122,NR-ER-LBD,282,271,0.005132855847477913,3
seed_122,NR-ER-LBD,261,272,0.004699122626334429,3
seed_122,NR-ER-LBD,243,273,0.004688537213951349,2
seed_122,NR-ER-LBD,259,274,0.004586542956531048,2
seed_122,NR-ER-LBD,18,275,0.0036160608287900686,4
seed_122,NR-ER-LBD,178,276,0.0035965237766504288,2
seed_122,NR-ER-LBD,137,277,0.0032573172356933355,2
seed_122,NR-ER-LBD,241,278,0.0032160936389118433,3
seed_122,NR-ER-LBD,157,279,0.0030294139869511127,2
seed_122,NR-ER-LBD,253,280,0.002719382056966424,1
seed_122,NR-ER-LBD,297,281,0.0026178888510912657,1
seed_122,NR-ER-LBD,294,282,0.002307947026565671,2
seed_122,NR-ER-LBD,164,283,0.0021440174896270037,2
seed_122,NR-ER-LBD,283,284,0.0020022736862301826,2
seed_122,NR-ER-LBD,125,285,0.0019402126781642437,3
seed_122,NR-ER-LBD,223,286,0.0018941258313134313,2
seed_122,NR-ER-LBD,151,287,0.0018294110195711255,2
seed_122,NR-ER-LBD,191,288,0.0017646170454099774,2
seed_122,NR-ER-LBD,156,289,0.0011247406946495175,2
seed_122,NR-ER-LBD,285,290,0.0009755961364135146,1
seed_122,NR-ER-LBD,278,291,0.0006738883093930781,2
seed_122,NR-ER-LBD,216,292,0.0005088686593808234,2
seed_122,NR-ER-LBD,281,293,0.0004371784452814609,1
seed_122,NR-ER-LBD,240,294,0.0002880358078982681,1
seed_122,NR-ER-LBD,244,295,0.0,1
seed_122,NR-ER-LBD,272,296,0.0,1
seed_122,NR-ER-LBD,277,297,0.0,1
seed_122,NR-ER-LBD,266,298,0.0,1
seed_122,NR-ER-LBD,199,299,0.0,2
seed_122,SR-ATAD5,70,0,4.301122665405273,27
seed_122,SR-ATAD5,168,1,2.0204415321350098,79
seed_122,SR-ATAD5,72,2,1.8064135313034058,15
seed_122,SR-ATAD5,128,3,1.5182522535324097,42
seed_122,SR-ATAD5,139,4,1.468830943107605,12
seed_122,SR-ATAD5,62,5,1.3123704195022583,24
seed_122,SR-ATAD5,7,6,1.17557692527771,33
seed_122,SR-ATAD5,10,7,1.1673427820205688,17
seed_122,SR-ATAD5,63,8,0.879183292388916,51
seed_122,SR-ATAD5,0,9,0.8123543858528137,20
seed_122,SR-ATAD5,58,10,0.6144237518310547,10
seed_122,SR-ATAD5,29,11,0.613943338394165,39
seed_122,SR-ATAD5,73,12,0.5598989725112915,16
seed_122,SR-ATAD5,22,13,0.5575768947601318,13
seed_122,SR-ATAD5,74,14,0.5528367161750793,19
seed_122,SR-ATAD5,25,15,0.5320518016815186,8
seed_122,SR-ATAD5,24,16,0.5007058382034302,21
seed_122,SR-ATAD5,110,17,0.4919174313545227,20
seed_122,SR-ATAD5,66,18,0.43231087923049927,13
seed_122,SR-ATAD5,189,19,0.4319319725036621,9
seed_122,SR-ATAD5,52,20,0.4247324764728546,16
seed_122,SR-ATAD5,287,21,0.39688724279403687,8
seed_122,SR-ATAD5,71,22,0.36391347646713257,11
seed_122,SR-ATAD5,23,23,0.3584011495113373,30
seed_122,SR-ATAD5,33,24,0.3561123311519623,17
seed_122,SR-ATAD5,15,25,0.35348716378211975,26
seed_122,SR-ATAD5,57,26,0.34552207589149475,9
seed_122,SR-ATAD5,6,27,0.3413175940513611,18
seed_122,SR-ATAD5,219,28,0.3164035677909851,16
seed_122,SR-ATAD5,160,29,0.3162153363227844,11
seed_122,SR-ATAD5,49,30,0.31361469626426697,17
seed_122,SR-ATAD5,84,31,0.3084961771965027,15
seed_122,SR-ATAD5,79,32,0.2838771939277649,9
seed_122,SR-ATAD5,252,33,0.2763635516166687,4
seed_122,SR-ATAD5,231,34,0.270658016204834,8
seed_122,SR-ATAD5,2,35,0.24847598373889923,14
seed_122,SR-ATAD5,296,36,0.2479136735200882,10
seed_122,SR-ATAD5,184,37,0.24498789012432098,7
seed_122,SR-ATAD5,80,38,0.24397987127304077,8
seed_122,SR-ATAD5,148,39,0.23263145983219147,14
seed_122,SR-ATAD5,290,40,0.22692908346652985,10
seed_122,SR-ATAD5,175,41,0.2169901579618454,9
seed_122,SR-ATAD5,114,42,0.2103152871131897,7
seed_122,SR-ATAD5,59,43,0.20659328997135162,8
seed_122,SR-ATAD5,136,44,0.2010190486907959,18
seed_122,SR-ATAD5,56,45,0.1952241212129593,17
seed_122,SR-ATAD5,92,46,0.1937369704246521,21
seed_122,SR-ATAD5,93,47,0.19147799909114838,16
seed_122,SR-ATAD5,147,48,0.19123360514640808,16
seed_122,SR-ATAD5,140,49,0.18804141879081726,19
seed_122,SR-ATAD5,190,50,0.18656040728092194,13
seed_122,SR-ATAD5,145,51,0.18619902431964874,17
seed_122,SR-ATAD5,263,52,0.18530796468257904,6
seed_122,SR-ATAD5,221,53,0.18367119133472443,6
seed_122,SR-ATAD5,245,54,0.18170656263828278,15
seed_122,SR-ATAD5,40,55,0.18009276688098907,6
seed_122,SR-ATAD5,46,56,0.17509262263774872,13
seed_122,SR-ATAD5,123,57,0.17317718267440796,11
seed_122,SR-ATAD5,211,58,0.16998812556266785,13
seed_122,SR-ATAD5,299,59,0.1662164032459259,7
seed_122,SR-ATAD5,43,60,0.1581849455833435,9
seed_122,SR-ATAD5,135,61,0.15461212396621704,9
seed_122,SR-ATAD5,209,62,0.15454420447349548,7
seed_122,SR-ATAD5,170,63,0.14862456917762756,6
seed_122,SR-ATAD5,31,64,0.14385296404361725,20
seed_122,SR-ATAD5,67,65,0.13614913821220398,16
seed_122,SR-ATAD5,176,66,0.13517986238002777,5
seed_122,SR-ATAD5,39,67,0.13135242462158203,9
seed_122,SR-ATAD5,108,68,0.13040482997894287,14
seed_122,SR-ATAD5,99,69,0.1248982697725296,7
seed_122,SR-ATAD5,193,70,0.1231183186173439,9
seed_122,SR-ATAD5,12,71,0.12171749025583267,6
seed_122,SR-ATAD5,257,72,0.119841568171978,8
seed_122,SR-ATAD5,126,73,0.11968667060136795,10
seed_122,SR-ATAD5,37,74,0.11784017831087112,7
seed_122,SR-ATAD5,180,75,0.11701534688472748,5
seed_122,SR-ATAD5,204,76,0.1131182610988617,7
seed_122,SR-ATAD5,195,77,0.11044871807098389,11
seed_122,SR-ATAD5,86,78,0.10944917798042297,9
seed_122,SR-ATAD5,81,79,0.10907673090696335,19
seed_122,SR-ATAD5,83,80,0.10788752138614655,9
seed_122,SR-ATAD5,107,81,0.10417397320270538,6
seed_122,SR-ATAD5,112,82,0.10219629853963852,10
seed_122,SR-ATAD5,21,83,0.1006186306476593,13
seed_122,SR-ATAD5,42,84,0.10001007467508316,5
seed_122,SR-ATAD5,51,85,0.09547298401594162,10
seed_122,SR-ATAD5,143,86,0.09179945290088654,5
seed_122,SR-ATAD5,117,87,0.0911579430103302,7
seed_122,SR-ATAD5,129,88,0.08955801278352737,9
seed_122,SR-ATAD5,36,89,0.0893486738204956,7
seed_122,SR-ATAD5,142,90,0.08775778859853745,3
seed_122,SR-ATAD5,75,91,0.08664283156394958,13
seed_122,SR-ATAD5,113,92,0.08578003197908401,13
seed_122,SR-ATAD5,213,93,0.08412346988916397,4
seed_122,SR-ATAD5,200,94,0.08128123730421066,8
seed_122,SR-ATAD5,127,95,0.08019062131643295,4
seed_122,SR-ATAD5,222,96,0.07648985832929611,4
seed_122,SR-ATAD5,111,97,0.07637357711791992,5
seed_122,SR-ATAD5,196,98,0.07395315170288086,4
seed_122,SR-ATAD5,183,99,0.07189445942640305,7
seed_122,SR-ATAD5,13,100,0.07166238874197006,6
seed_122,SR-ATAD5,242,101,0.071620874106884,6
seed_122,SR-ATAD5,4,102,0.07134386152029037,9
seed_122,SR-ATAD5,162,103,0.07018095254898071,3
seed_122,SR-ATAD5,270,104,0.06990473717451096,4
seed_122,SR-ATAD5,274,105,0.06979119032621384,2
seed_122,SR-ATAD5,35,106,0.06950536370277405,4
seed_122,SR-ATAD5,88,107,0.06833139806985855,4
seed_122,SR-ATAD5,89,108,0.06801455467939377,3
seed_122,SR-ATAD5,130,109,0.0670366883277893,4
seed_122,SR-ATAD5,268,110,0.06544595956802368,4
seed_122,SR-ATAD5,233,111,0.06362604349851608,6
seed_122,SR-ATAD5,166,112,0.0635969340801239,6
seed_122,SR-ATAD5,1,113,0.06342025101184845,6
seed_122,SR-ATAD5,104,114,0.06314339488744736,4
seed_122,SR-ATAD5,167,115,0.06301252543926239,6
seed_122,SR-ATAD5,225,116,0.06300219148397446,6
seed_122,SR-ATAD5,152,117,0.06271623075008392,3
seed_122,SR-ATAD5,3,118,0.061602283269166946,6
seed_122,SR-ATAD5,217,119,0.06155639514327049,4
seed_122,SR-ATAD5,181,120,0.060172729194164276,4
seed_122,SR-ATAD5,78,121,0.0595625676214695,5
seed_122,SR-ATAD5,106,122,0.0587153397500515,4
seed_122,SR-ATAD5,154,123,0.05866626277565956,5
seed_122,SR-ATAD5,45,124,0.057974278926849365,8
seed_122,SR-ATAD5,239,125,0.05669659748673439,3
seed_122,SR-ATAD5,109,126,0.05635009706020355,7
seed_122,SR-ATAD5,138,127,0.055900104343891144,3
seed_122,SR-ATAD5,14,128,0.052946787327528,5
seed_122,SR-ATAD5,64,129,0.05243982374668121,7
seed_122,SR-ATAD5,293,130,0.05190441757440567,3
seed_122,SR-ATAD5,250,131,0.051318131387233734,4
seed_122,SR-ATAD5,247,132,0.04964013770222664,4
seed_122,SR-ATAD5,122,133,0.04898139834403992,6
seed_122,SR-ATAD5,212,134,0.04890801012516022,7
seed_122,SR-ATAD5,237,135,0.04819371551275253,2
seed_122,SR-ATAD5,276,136,0.047937095165252686,8
seed_122,SR-ATAD5,208,137,0.04767005145549774,3
seed_122,SR-ATAD5,248,138,0.04668157547712326,2
seed_122,SR-ATAD5,28,139,0.04638678580522537,7
seed_122,SR-ATAD5,95,140,0.0462443046271801,4
seed_122,SR-ATAD5,77,141,0.044129740446805954,5
seed_122,SR-ATAD5,155,142,0.04365638643503189,3
seed_122,SR-ATAD5,27,143,0.043647389858961105,8
seed_122,SR-ATAD5,169,144,0.0419737882912159,8
seed_122,SR-ATAD5,144,145,0.041399452835321426,7
seed_122,SR-ATAD5,120,146,0.04137907922267914,5
seed_122,SR-ATAD5,165,147,0.041286978870630264,4
seed_122,SR-ATAD5,20,148,0.04021588712930679,4
seed_122,SR-ATAD5,246,149,0.04019182175397873,3
seed_122,SR-ATAD5,235,150,0.03992222249507904,5
seed_122,SR-ATAD5,44,151,0.038770973682403564,3
seed_122,SR-ATAD5,158,152,0.038289111107587814,3
seed_122,SR-ATAD5,16,153,0.03816940262913704,4
seed_122,SR-ATAD5,291,154,0.03780941665172577,2
seed_122,SR-ATAD5,50,155,0.03664563596248627,3
seed_122,SR-ATAD5,32,156,0.036312952637672424,8
seed_122,SR-ATAD5,134,157,0.035944558680057526,3
seed_122,SR-ATAD5,115,158,0.03488275408744812,4
seed_122,SR-ATAD5,146,159,0.0346921868622303,5
seed_122,SR-ATAD5,220,160,0.03402761369943619,2
seed_122,SR-ATAD5,61,161,0.03225744143128395,6
seed_122,SR-ATAD5,286,162,0.031891562044620514,2
seed_122,SR-ATAD5,201,163,0.031594108790159225,4
seed_122,SR-ATAD5,48,164,0.031585197895765305,7
seed_122,SR-ATAD5,229,165,0.03101552464067936,7
seed_122,SR-ATAD5,186,166,0.029919693246483803,3
seed_122,SR-ATAD5,105,167,0.02950355038046837,3
seed_122,SR-ATAD5,269,168,0.029070265591144562,4
seed_122,SR-ATAD5,90,169,0.028533518314361572,6
seed_122,SR-ATAD5,227,170,0.028385473415255547,3
seed_122,SR-ATAD5,218,171,0.028026167303323746,3
seed_122,SR-ATAD5,173,172,0.027911530807614326,4
seed_122,SR-ATAD5,87,173,0.02782614901661873,4
seed_122,SR-ATAD5,271,174,0.027819398790597916,3
seed_122,SR-ATAD5,68,175,0.027596239000558853,2
seed_122,SR-ATAD5,17,176,0.026324497535824776,5
seed_122,SR-ATAD5,76,177,0.026083778589963913,2
seed_122,SR-ATAD5,34,178,0.025875575840473175,5
seed_122,SR-ATAD5,298,179,0.025403257459402084,4
seed_122,SR-ATAD5,202,180,0.025397110730409622,3
seed_122,SR-ATAD5,295,181,0.025324692949652672,2
seed_122,SR-ATAD5,69,182,0.025075996294617653,8
seed_122,SR-ATAD5,19,183,0.02495981566607952,4
seed_122,SR-ATAD5,124,184,0.024424435570836067,4
seed_122,SR-ATAD5,30,185,0.024385791271924973,5
seed_122,SR-ATAD5,172,186,0.024042189121246338,4
seed_122,SR-ATAD5,55,187,0.022878354415297508,6
seed_122,SR-ATAD5,102,188,0.02285926230251789,6
seed_122,SR-ATAD5,96,189,0.02262103371322155,5
seed_122,SR-ATAD5,280,190,0.022448377683758736,3
seed_122,SR-ATAD5,207,191,0.02216864563524723,2
seed_122,SR-ATAD5,91,192,0.022030342370271683,6
seed_122,SR-ATAD5,85,193,0.02170979045331478,3
seed_122,SR-ATAD5,215,194,0.0215684175491333,4
seed_122,SR-ATAD5,251,195,0.021223364397883415,3
seed_122,SR-ATAD5,205,196,0.021169515326619148,3
seed_122,SR-ATAD5,260,197,0.02098878286778927,5
seed_122,SR-ATAD5,38,198,0.020743805915117264,4
seed_122,SR-ATAD5,97,199,0.02057863213121891,2
seed_122,SR-ATAD5,234,200,0.019840018823742867,2
seed_122,SR-ATAD5,121,201,0.019771672785282135,7
seed_122,SR-ATAD5,264,202,0.019661646336317062,3
seed_122,SR-ATAD5,53,203,0.01902081072330475,6
seed_122,SR-ATAD5,232,204,0.019019324332475662,2
seed_122,SR-ATAD5,179,205,0.018944738432765007,3
seed_122,SR-ATAD5,100,206,0.018130246549844742,3
seed_122,SR-ATAD5,185,207,0.0180768184363842,3
seed_122,SR-ATAD5,171,208,0.01795194484293461,2
seed_122,SR-ATAD5,132,209,0.017564959824085236,2
seed_122,SR-ATAD5,82,210,0.01754293218255043,4
seed_122,SR-ATAD5,262,211,0.01750817894935608,3
seed_122,SR-ATAD5,163,212,0.017438974231481552,3
seed_122,SR-ATAD5,288,213,0.017270656302571297,2
seed_122,SR-ATAD5,198,214,0.016588324680924416,3
seed_122,SR-ATAD5,103,215,0.01646331697702408,3
seed_122,SR-ATAD5,254,216,0.01634298264980316,2
seed_122,SR-ATAD5,182,217,0.016228653490543365,2
seed_122,SR-ATAD5,206,218,0.016136374324560165,4
seed_122,SR-ATAD5,210,219,0.01573946326971054,6
seed_122,SR-ATAD5,65,220,0.015579461120069027,3
seed_122,SR-ATAD5,214,221,0.015385979786515236,2
seed_122,SR-ATAD5,47,222,0.014980470761656761,4
seed_122,SR-ATAD5,230,223,0.014784460887312889,3
seed_122,SR-ATAD5,197,224,0.01455909013748169,3
seed_122,SR-ATAD5,228,225,0.01447957381606102,4
seed_122,SR-ATAD5,118,226,0.014399399980902672,4
seed_122,SR-ATAD5,243,227,0.014369037002325058,2
seed_122,SR-ATAD5,241,228,0.01432718988507986,3
seed_122,SR-ATAD5,98,229,0.01384767983108759,2
seed_122,SR-ATAD5,11,230,0.01384137012064457,2
seed_122,SR-ATAD5,224,231,0.01366218738257885,2
seed_122,SR-ATAD5,255,232,0.013504529371857643,2
seed_122,SR-ATAD5,273,233,0.013242374174296856,2
seed_122,SR-ATAD5,187,234,0.013231458142399788,3
seed_122,SR-ATAD5,188,235,0.012877583503723145,2
seed_122,SR-ATAD5,131,236,0.012399522587656975,2
seed_122,SR-ATAD5,133,237,0.012279178015887737,6
seed_122,SR-ATAD5,8,238,0.011500452645123005,6
seed_122,SR-ATAD5,101,239,0.010866401717066765,3
seed_122,SR-ATAD5,194,240,0.010607300326228142,3
seed_122,SR-ATAD5,192,241,0.010540708899497986,3
seed_122,SR-ATAD5,226,242,0.010526347905397415,2
seed_122,SR-ATAD5,292,243,0.010299543850123882,3
seed_122,SR-ATAD5,26,244,0.01013531256467104,4
seed_122,SR-ATAD5,149,245,0.010072078555822372,2
seed_122,SR-ATAD5,153,246,0.010068871080875397,2
seed_122,SR-ATAD5,289,247,0.009929817169904709,2
seed_122,SR-ATAD5,5,248,0.009881347417831421,4
seed_122,SR-ATAD5,54,249,0.009798162616789341,5
seed_122,SR-ATAD5,177,250,0.009662183001637459,4
seed_122,SR-ATAD5,253,251,0.00951798539608717,1
seed_122,SR-ATAD5,258,252,0.009489205665886402,3
seed_122,SR-ATAD5,249,253,0.009459324181079865,3
seed_122,SR-ATAD5,150,254,0.009428907185792923,3
seed_122,SR-ATAD5,223,255,0.008990371599793434,2
seed_122,SR-ATAD5,275,256,0.008954523131251335,2
seed_122,SR-ATAD5,256,257,0.008858365006744862,2
seed_122,SR-ATAD5,116,258,0.008804787881672382,3
seed_122,SR-ATAD5,203,259,0.008462048135697842,4
seed_122,SR-ATAD5,267,260,0.008312094956636429,2
seed_122,SR-ATAD5,236,261,0.00807163119316101,3
seed_122,SR-ATAD5,94,262,0.007792287040501833,2
seed_122,SR-ATAD5,284,263,0.0077269249595701694,2
seed_122,SR-ATAD5,282,264,0.007448915392160416,3
seed_122,SR-ATAD5,191,265,0.007349660154432058,2
seed_122,SR-ATAD5,60,266,0.007330792490392923,3
seed_122,SR-ATAD5,164,267,0.006704700645059347,2
seed_122,SR-ATAD5,141,268,0.006612991448491812,2
seed_122,SR-ATAD5,240,269,0.006358523387461901,1
seed_122,SR-ATAD5,9,270,0.005643524695187807,3
seed_122,SR-ATAD5,174,271,0.005205202382057905,2
seed_122,SR-ATAD5,18,272,0.005091670900583267,4
seed_122,SR-ATAD5,161,273,0.004808287601917982,2
seed_122,SR-ATAD5,119,274,0.004741411656141281,2
seed_122,SR-ATAD5,41,275,0.004151439759880304,2
seed_122,SR-ATAD5,278,276,0.003767990507185459,2
seed_122,SR-ATAD5,279,277,0.003715512342751026,2
seed_122,SR-ATAD5,285,278,0.0035712989047169685,1
seed_122,SR-ATAD5,159,279,0.0031815357506275177,2
seed_122,SR-ATAD5,238,280,0.002598060294985771,1
seed_122,SR-ATAD5,259,281,0.0024705000687390566,2
seed_122,SR-ATAD5,261,282,0.0022171749733388424,3
seed_122,SR-ATAD5,294,283,0.0019154627807438374,2
seed_122,SR-ATAD5,178,284,0.001837303047068417,2
seed_122,SR-ATAD5,283,285,0.001724891597405076,2
seed_122,SR-ATAD5,297,286,0.0012934126425534487,1
seed_122,SR-ATAD5,151,287,0.0011200299486517906,2
seed_122,SR-ATAD5,137,288,0.0006790125044062734,2
seed_122,SR-ATAD5,125,289,0.0005110459169372916,3
seed_122,SR-ATAD5,156,290,0.0004500429204199463,2
seed_122,SR-ATAD5,216,291,0.00015964839258231223,2
seed_122,SR-ATAD5,281,292,0.00014191173249855638,1
seed_122,SR-ATAD5,157,293,0.00013316796685103327,2
seed_122,SR-ATAD5,265,294,4.923743472318165e-05,1
seed_122,SR-ATAD5,199,295,0.0,2
seed_122,SR-ATAD5,277,296,0.0,1
seed_122,SR-ATAD5,272,297,0.0,1
seed_122,SR-ATAD5,266,298,0.0,1
seed_122,SR-ATAD5,244,299,0.0,1
seed_122,SR-p53,70,0,4.557685375213623,27
seed_122,SR-p53,72,1,2.9196062088012695,15
seed_122,SR-p53,168,2,2.0705039501190186,79
seed_122,SR-p53,128,3,1.3146674633026123,42
seed_122,SR-p53,110,4,1.0589771270751953,20
seed_122,SR-p53,63,5,1.056540846824646,51
seed_122,SR-p53,139,6,1.0081901550292969,12
seed_122,SR-p53,10,7,0.9266018271446228,17
seed_122,SR-p53,24,8,0.8795840740203857,21
seed_122,SR-p53,52,9,0.7918059229850769,16
seed_122,SR-p53,7,10,0.7793146371841431,33
seed_122,SR-p53,74,11,0.754176676273346,19
seed_122,SR-p53,189,12,0.7257776260375977,9
seed_122,SR-p53,62,13,0.709732174873352,24
seed_122,SR-p53,58,14,0.6833312511444092,10
seed_122,SR-p53,29,15,0.629736065864563,39
seed_122,SR-p53,73,16,0.6060550212860107,16
seed_122,SR-p53,66,17,0.5620400905609131,13
seed_122,SR-p53,0,18,0.5407489538192749,20
seed_122,SR-p53,287,19,0.517495334148407,8
seed_122,SR-p53,57,20,0.45946386456489563,9
seed_122,SR-p53,175,21,0.43380600214004517,9
seed_122,SR-p53,84,22,0.4257103204727173,15
seed_122,SR-p53,23,23,0.41664040088653564,30
seed_122,SR-p53,25,24,0.406107097864151,8
seed_122,SR-p53,221,25,0.3810864984989166,6
seed_122,SR-p53,6,26,0.34321388602256775,18
seed_122,SR-p53,231,27,0.3265623152256012,8
seed_122,SR-p53,296,28,0.32278284430503845,10
seed_122,SR-p53,245,29,0.3225953280925751,15
seed_122,SR-p53,15,30,0.31822091341018677,26
seed_122,SR-p53,46,31,0.30692991614341736,13
seed_122,SR-p53,56,32,0.27471792697906494,17
seed_122,SR-p53,219,33,0.27277737855911255,16
seed_122,SR-p53,190,34,0.26195329427719116,13
seed_122,SR-p53,184,35,0.25891607999801636,7
seed_122,SR-p53,67,36,0.25471675395965576,16
seed_122,SR-p53,39,37,0.25337105989456177,9
seed_122,SR-p53,2,38,0.24599555134773254,14
seed_122,SR-p53,290,39,0.23928046226501465,10
seed_122,SR-p53,71,40,0.2370416224002838,11
seed_122,SR-p53,59,41,0.23625025153160095,8
seed_122,SR-p53,22,42,0.23593513667583466,13
seed_122,SR-p53,12,43,0.23188434541225433,6
seed_122,SR-p53,114,44,0.23174446821212769,7
seed_122,SR-p53,33,45,0.2300313413143158,17
seed_122,SR-p53,136,46,0.2207467257976532,18
seed_122,SR-p53,160,47,0.21475441753864288,11
seed_122,SR-p53,42,48,0.21272660791873932,5
seed_122,SR-p53,40,49,0.20893621444702148,6
seed_122,SR-p53,209,50,0.20494644343852997,7
seed_122,SR-p53,64,51,0.20451289415359497,7
seed_122,SR-p53,123,52,0.19994783401489258,11
seed_122,SR-p53,21,53,0.1979791522026062,13
seed_122,SR-p53,148,54,0.1975928694009781,14
seed_122,SR-p53,263,55,0.19634714722633362,6
seed_122,SR-p53,145,56,0.19573664665222168,17
seed_122,SR-p53,92,57,0.1952914446592331,21
seed_122,SR-p53,43,58,0.19317558407783508,9
seed_122,SR-p53,80,59,0.18659721314907074,8
seed_122,SR-p53,126,60,0.17874307930469513,10
seed_122,SR-p53,217,61,0.17775191366672516,4
seed_122,SR-p53,49,62,0.17324836552143097,17
seed_122,SR-p53,93,63,0.17020265758037567,16
seed_122,SR-p53,242,64,0.16531528532505035,6
seed_122,SR-p53,252,65,0.16162005066871643,4
seed_122,SR-p53,120,66,0.16093508899211884,5
seed_122,SR-p53,193,67,0.16085824370384216,9
seed_122,SR-p53,79,68,0.15943476557731628,9
seed_122,SR-p53,31,69,0.15790165960788727,20
seed_122,SR-p53,86,70,0.15776924788951874,9
seed_122,SR-p53,83,71,0.15574422478675842,9
seed_122,SR-p53,147,72,0.1521044671535492,16
seed_122,SR-p53,135,73,0.14658644795417786,9
seed_122,SR-p53,211,74,0.14370916783809662,13
seed_122,SR-p53,112,75,0.1402112990617752,10
seed_122,SR-p53,88,76,0.1388331949710846,4
seed_122,SR-p53,107,77,0.13489072024822235,6
seed_122,SR-p53,140,78,0.1265522986650467,19
seed_122,SR-p53,299,79,0.1248001754283905,7
seed_122,SR-p53,108,80,0.11864500492811203,14
seed_122,SR-p53,200,81,0.11684118956327438,8
seed_122,SR-p53,129,82,0.11564235389232635,9
seed_122,SR-p53,36,83,0.1090589389204979,7
seed_122,SR-p53,35,84,0.1089438647031784,4
seed_122,SR-p53,274,85,0.10811498016119003,2
seed_122,SR-p53,180,86,0.10716669261455536,5
seed_122,SR-p53,99,87,0.10441142320632935,7
seed_122,SR-p53,195,88,0.10362767428159714,11
seed_122,SR-p53,45,89,0.10299167037010193,8
seed_122,SR-p53,134,90,0.1027989536523819,3
seed_122,SR-p53,176,91,0.10223987698554993,5
seed_122,SR-p53,166,92,0.09970361739397049,6
seed_122,SR-p53,91,93,0.09832391142845154,6
seed_122,SR-p53,117,94,0.09621353447437286,7
seed_122,SR-p53,162,95,0.09473663568496704,3
seed_122,SR-p53,170,96,0.09463395923376083,6
seed_122,SR-p53,51,97,0.08990896493196487,10
seed_122,SR-p53,111,98,0.0891416147351265,5
seed_122,SR-p53,212,99,0.08892139792442322,7
seed_122,SR-p53,95,100,0.08825161308050156,4
seed_122,SR-p53,75,101,0.08751007914543152,13
seed_122,SR-p53,222,102,0.08736786991357803,4
seed_122,SR-p53,37,103,0.08662325143814087,7
seed_122,SR-p53,109,104,0.0835186243057251,7
seed_122,SR-p53,13,105,0.07853351533412933,6
seed_122,SR-p53,154,106,0.07704523950815201,5
seed_122,SR-p53,1,107,0.0752917006611824,6
seed_122,SR-p53,243,108,0.07519074529409409,2
seed_122,SR-p53,142,109,0.07434841990470886,3
seed_122,SR-p53,32,110,0.07426906377077103,8
seed_122,SR-p53,233,111,0.0735994353890419,6
seed_122,SR-p53,225,112,0.07330293953418732,6
seed_122,SR-p53,81,113,0.07228495925664902,19
seed_122,SR-p53,183,114,0.07188714295625687,7
seed_122,SR-p53,204,115,0.07145601511001587,7
seed_122,SR-p53,270,116,0.06992534548044205,4
seed_122,SR-p53,257,117,0.06909596174955368,8
seed_122,SR-p53,269,118,0.068950355052948,4
seed_122,SR-p53,250,119,0.06894685328006744,4
seed_122,SR-p53,237,120,0.06831885874271393,2
seed_122,SR-p53,218,121,0.06773722916841507,3
seed_122,SR-p53,186,122,0.06746521592140198,3
seed_122,SR-p53,295,123,0.06669128686189651,2
seed_122,SR-p53,254,124,0.0656978040933609,2
seed_122,SR-p53,127,125,0.06563574820756912,4
seed_122,SR-p53,143,126,0.06544332206249237,5
seed_122,SR-p53,276,127,0.06478527933359146,8
seed_122,SR-p53,235,128,0.06470620632171631,5
seed_122,SR-p53,4,129,0.06465061008930206,9
seed_122,SR-p53,181,130,0.06443541496992111,4
seed_122,SR-p53,194,131,0.06310321390628815,3
seed_122,SR-p53,55,132,0.05990036949515343,6
seed_122,SR-p53,113,133,0.05948506295681,13
seed_122,SR-p53,104,134,0.05837250128388405,4
seed_122,SR-p53,3,135,0.055775899440050125,6
seed_122,SR-p53,106,136,0.05382411926984787,4
seed_122,SR-p53,172,137,0.05370008572936058,4
seed_122,SR-p53,249,138,0.05316310003399849,3
seed_122,SR-p53,167,139,0.05235584080219269,6
seed_122,SR-p53,85,140,0.05138145014643669,3
seed_122,SR-p53,28,141,0.050784431397914886,7
seed_122,SR-p53,14,142,0.048397596925497055,5
seed_122,SR-p53,149,143,0.04825489595532417,2
seed_122,SR-p53,61,144,0.04769883677363396,6
seed_122,SR-p53,264,145,0.04759969189763069,3
seed_122,SR-p53,115,146,0.046902287751436234,4
seed_122,SR-p53,251,147,0.04683811962604523,3
seed_122,SR-p53,82,148,0.046683378517627716,4
seed_122,SR-p53,17,149,0.04493581876158714,5
seed_122,SR-p53,78,150,0.04472581297159195,5
seed_122,SR-p53,247,151,0.04449191316962242,4
seed_122,SR-p53,215,152,0.04356502741575241,4
seed_122,SR-p53,138,153,0.04356149584054947,3
seed_122,SR-p53,50,154,0.042485568672418594,3
seed_122,SR-p53,213,155,0.041066352277994156,4
seed_122,SR-p53,121,156,0.039756957441568375,7
seed_122,SR-p53,130,157,0.03957654908299446,4
seed_122,SR-p53,90,158,0.03946470469236374,6
seed_122,SR-p53,205,159,0.03920542821288109,3
seed_122,SR-p53,196,160,0.03908221051096916,4
seed_122,SR-p53,182,161,0.03858449310064316,2
seed_122,SR-p53,152,162,0.03837023302912712,3
seed_122,SR-p53,208,163,0.03776393085718155,3
seed_122,SR-p53,103,164,0.03718577325344086,3
seed_122,SR-p53,100,165,0.03702062740921974,3
seed_122,SR-p53,280,166,0.03696313872933388,3
seed_122,SR-p53,38,167,0.036946844309568405,4
seed_122,SR-p53,165,168,0.036014992743730545,4
seed_122,SR-p53,69,169,0.035778194665908813,8
seed_122,SR-p53,206,170,0.0354129932820797,4
seed_122,SR-p53,144,171,0.03539268672466278,7
seed_122,SR-p53,202,172,0.0349959172308445,3
seed_122,SR-p53,53,173,0.03466953709721565,6
seed_122,SR-p53,16,174,0.03446980193257332,4
seed_122,SR-p53,224,175,0.03427737578749657,2
seed_122,SR-p53,54,176,0.03389035165309906,5
seed_122,SR-p53,291,177,0.03359753265976906,2
seed_122,SR-p53,220,178,0.03301434963941574,2
seed_122,SR-p53,298,179,0.03163286671042442,4
seed_122,SR-p53,27,180,0.031481001526117325,8
seed_122,SR-p53,102,181,0.03143571689724922,6
seed_122,SR-p53,292,182,0.03139674663543701,3
seed_122,SR-p53,89,183,0.03137552738189697,3
seed_122,SR-p53,198,184,0.03056005761027336,3
seed_122,SR-p53,44,185,0.03034457564353943,3
seed_122,SR-p53,253,186,0.03031322918832302,1
seed_122,SR-p53,19,187,0.03030741959810257,4
seed_122,SR-p53,97,188,0.029053907841444016,2
seed_122,SR-p53,174,189,0.028635911643505096,2
seed_122,SR-p53,232,190,0.0285752285271883,2
seed_122,SR-p53,214,191,0.028093164786696434,2
seed_122,SR-p53,20,192,0.02759762480854988,4
seed_122,SR-p53,122,193,0.02713584713637829,6
seed_122,SR-p53,133,194,0.027113115414977074,6
seed_122,SR-p53,201,195,0.027056986466050148,4
seed_122,SR-p53,293,196,0.02689945511519909,3
seed_122,SR-p53,48,197,0.026103056967258453,7
seed_122,SR-p53,246,198,0.02587176114320755,3
seed_122,SR-p53,229,199,0.025786325335502625,7
seed_122,SR-p53,150,200,0.025560474023222923,3
seed_122,SR-p53,94,201,0.025273390114307404,2
seed_122,SR-p53,210,202,0.024885479360818863,6
seed_122,SR-p53,169,203,0.02456969954073429,8
seed_122,SR-p53,239,204,0.024084819480776787,3
seed_122,SR-p53,268,205,0.023679811507463455,4
seed_122,SR-p53,173,206,0.023612961173057556,4
seed_122,SR-p53,132,207,0.023567302152514458,2
seed_122,SR-p53,124,208,0.02353820949792862,4
seed_122,SR-p53,286,209,0.021467428654432297,2
seed_122,SR-p53,271,210,0.020674929022789,3
seed_122,SR-p53,234,211,0.020665328949689865,2
seed_122,SR-p53,185,212,0.020418785512447357,3
seed_122,SR-p53,226,213,0.02034267596900463,2
seed_122,SR-p53,179,214,0.020048344507813454,3
seed_122,SR-p53,34,215,0.019541671499609947,5
seed_122,SR-p53,238,216,0.01951182633638382,1
seed_122,SR-p53,230,217,0.019278688356280327,3
seed_122,SR-p53,260,218,0.01908668503165245,5
seed_122,SR-p53,288,219,0.018932510167360306,2
seed_122,SR-p53,188,220,0.01869210973381996,2
seed_122,SR-p53,30,221,0.018266232684254646,5
seed_122,SR-p53,227,222,0.01824015937745571,3
seed_122,SR-p53,77,223,0.01779823750257492,5
seed_122,SR-p53,5,224,0.01763777621090412,4
seed_122,SR-p53,163,225,0.016777725890278816,3
seed_122,SR-p53,146,226,0.016757119446992874,5
seed_122,SR-p53,9,227,0.016620216891169548,3
seed_122,SR-p53,248,228,0.01652040146291256,2
seed_122,SR-p53,187,229,0.016225172206759453,3
seed_122,SR-p53,282,230,0.016110319644212723,3
seed_122,SR-p53,236,231,0.016029315069317818,3
seed_122,SR-p53,153,232,0.015727011486887932,2
seed_122,SR-p53,87,233,0.01566142961382866,4
seed_122,SR-p53,261,234,0.0155784385278821,3
seed_122,SR-p53,161,235,0.015530338510870934,2
seed_122,SR-p53,241,236,0.015201305039227009,3
seed_122,SR-p53,178,237,0.015074060298502445,2
seed_122,SR-p53,255,238,0.014746997505426407,2
seed_122,SR-p53,177,239,0.014188515953719616,4
seed_122,SR-p53,197,240,0.014125682413578033,3
seed_122,SR-p53,8,241,0.01412057876586914,6
seed_122,SR-p53,262,242,0.013699854724109173,3
seed_122,SR-p53,203,243,0.012140764854848385,4
seed_122,SR-p53,192,244,0.011049194261431694,3
seed_122,SR-p53,18,245,0.01077879685908556,4
seed_122,SR-p53,96,246,0.01064017042517662,5
seed_122,SR-p53,118,247,0.010625502094626427,4
seed_122,SR-p53,131,248,0.01055515930056572,2
seed_122,SR-p53,65,249,0.010520661249756813,3
seed_122,SR-p53,105,250,0.010206583887338638,3
seed_122,SR-p53,47,251,0.009903321973979473,4
seed_122,SR-p53,159,252,0.009893645532429218,2
seed_122,SR-p53,155,253,0.009763048030436039,3
seed_122,SR-p53,26,254,0.009252193383872509,4
seed_122,SR-p53,279,255,0.009143884293735027,2
seed_122,SR-p53,158,256,0.009010294452309608,3
seed_122,SR-p53,256,257,0.008824787102639675,2
seed_122,SR-p53,228,258,0.008270359598100185,4
seed_122,SR-p53,41,259,0.008193117566406727,2
seed_122,SR-p53,207,260,0.00808648206293583,2
seed_122,SR-p53,171,261,0.007844274863600731,2
seed_122,SR-p53,98,262,0.0075423382222652435,2
seed_122,SR-p53,258,263,0.007540334481745958,3
seed_122,SR-p53,275,264,0.007299158722162247,2
seed_122,SR-p53,265,265,0.006918801926076412,1
seed_122,SR-p53,273,266,0.006829255260527134,2
seed_122,SR-p53,289,267,0.006745298393070698,2
seed_122,SR-p53,101,268,0.0065444959327578545,3
seed_122,SR-p53,116,269,0.006048752926290035,3
seed_122,SR-p53,60,270,0.0060478332452476025,3
seed_122,SR-p53,284,271,0.005950549617409706,2
seed_122,SR-p53,141,272,0.0058932178653776646,2
seed_122,SR-p53,151,273,0.005737609695643187,2
seed_122,SR-p53,76,274,0.005712413694709539,2
seed_122,SR-p53,156,275,0.005290968809276819,2
seed_122,SR-p53,240,276,0.005092828534543514,1
seed_122,SR-p53,68,277,0.00487273745238781,2
seed_122,SR-p53,137,278,0.004471879452466965,2
seed_122,SR-p53,157,279,0.0038778907619416714,2
seed_122,SR-p53,119,280,0.0036671666894108057,2
seed_122,SR-p53,297,281,0.003565920051187277,1
seed_122,SR-p53,125,282,0.003250104608014226,3
seed_122,SR-p53,259,283,0.0028109587728977203,2
seed_122,SR-p53,281,284,0.0027061852160841227,1
seed_122,SR-p53,191,285,0.0026230551302433014,2
seed_122,SR-p53,164,286,0.002444235607981682,2
seed_122,SR-p53,11,287,0.0018226578831672668,2
seed_122,SR-p53,267,288,0.0014524058206006885,2
seed_122,SR-p53,285,289,0.0012271375162526965,1
seed_122,SR-p53,283,290,0.0011957003735005856,2
seed_122,SR-p53,278,291,0.0011583768064156175,2
seed_122,SR-p53,216,292,0.0005899523966945708,2
seed_122,SR-p53,223,293,0.0005044007557444274,2
seed_122,SR-p53,294,294,0.0003193564771208912,2
seed_122,SR-p53,266,295,0.0,1
seed_122,SR-p53,277,296,0.0,1
seed_122,SR-p53,199,297,0.0,2
seed_122,SR-p53,244,298,0.0,1
seed_122,SR-p53,272,299,0.0,1
seed_123,NR-AR,70,0,5.135338306427002,27
seed_123,NR-AR,72,1,3.712266445159912,15
seed_123,NR-AR,168,2,3.3139028549194336,79
seed_123,NR-AR,139,3,2.183314800262451,12
seed_123,NR-AR,7,4,1.8337944746017456,33
seed_123,NR-AR,63,5,1.6067969799041748,51
seed_123,NR-AR,128,6,1.4175093173980713,42
seed_123,NR-AR,62,7,1.4114129543304443,24
seed_123,NR-AR,58,8,1.3726085424423218,10
seed_123,NR-AR,74,9,1.2974298000335693,19
seed_123,NR-AR,110,10,1.2367357015609741,20
seed_123,NR-AR,10,11,1.1154334545135498,17
seed_123,NR-AR,29,12,1.023600697517395,39
seed_123,NR-AR,0,13,0.8839336633682251,20
seed_123,NR-AR,24,14,0.8837222456932068,21
seed_123,NR-AR,73,15,0.8526934385299683,16
seed_123,NR-AR,57,16,0.8156846761703491,9
seed_123,NR-AR,252,17,0.7911057472229004,4
seed_123,NR-AR,52,18,0.7890291213989258,16
seed_123,NR-AR,25,19,0.7707117795944214,8
seed_123,NR-AR,84,20,0.7279163599014282,15
seed_123,NR-AR,6,21,0.6981536746025085,18
seed_123,NR-AR,189,22,0.6696885228157043,9
seed_123,NR-AR,184,23,0.6304408311843872,7
seed_123,NR-AR,190,24,0.6274279952049255,13
seed_123,NR-AR,245,25,0.6146466732025146,15
seed_123,NR-AR,22,26,0.6116526126861572,13
seed_123,NR-AR,66,27,0.5584108829498291,13
seed_123,NR-AR,231,28,0.5419486165046692,8
seed_123,NR-AR,123,29,0.5355244278907776,11
seed_123,NR-AR,287,30,0.5335981249809265,8
seed_123,NR-AR,80,31,0.46806493401527405,8
seed_123,NR-AR,263,32,0.45756199955940247,6
seed_123,NR-AR,2,33,0.4421200156211853,14
seed_123,NR-AR,136,34,0.44011735916137695,18
seed_123,NR-AR,46,35,0.4324265420436859,13
seed_123,NR-AR,79,36,0.4290095567703247,9
seed_123,NR-AR,114,37,0.41880401968955994,7
seed_123,NR-AR,211,38,0.41291218996047974,13
seed_123,NR-AR,180,39,0.39969906210899353,5
seed_123,NR-AR,23,40,0.39632126688957214,30
seed_123,NR-AR,59,41,0.3895099461078644,8
seed_123,NR-AR,93,42,0.3866111934185028,16
seed_123,NR-AR,175,43,0.3710348606109619,9
seed_123,NR-AR,296,44,0.36476102471351624,10
seed_123,NR-AR,12,45,0.34414252638816833,6
seed_123,NR-AR,15,46,0.3311675190925598,26
seed_123,NR-AR,33,47,0.3231431841850281,17
seed_123,NR-AR,71,48,0.3205908536911011,11
seed_123,NR-AR,135,49,0.31799471378326416,9
seed_123,NR-AR,49,50,0.3152121901512146,17
seed_123,NR-AR,290,51,0.3135899603366852,10
seed_123,NR-AR,222,52,0.2956818640232086,4
seed_123,NR-AR,75,53,0.29411080479621887,13
seed_123,NR-AR,92,54,0.2898552417755127,21
seed_123,NR-AR,204,55,0.28684815764427185,7
seed_123,NR-AR,147,56,0.2826521694660187,16
seed_123,NR-AR,242,57,0.27651217579841614,6
seed_123,NR-AR,221,58,0.273105651140213,6
seed_123,NR-AR,257,59,0.27292752265930176,8
seed_123,NR-AR,40,60,0.26895126700401306,6
seed_123,NR-AR,160,61,0.2677183747291565,11
seed_123,NR-AR,67,62,0.2607383728027344,16
seed_123,NR-AR,193,63,0.2511734366416931,9
seed_123,NR-AR,219,64,0.24772363901138306,16
seed_123,NR-AR,31,65,0.2409556359052658,20
seed_123,NR-AR,140,66,0.23538486659526825,19
seed_123,NR-AR,117,67,0.23375234007835388,7
seed_123,NR-AR,81,68,0.2324458211660385,19
seed_123,NR-AR,145,69,0.23108018934726715,17
seed_123,NR-AR,36,70,0.2285187840461731,7
seed_123,NR-AR,107,71,0.2202647477388382,6
seed_123,NR-AR,21,72,0.21955226361751556,13
seed_123,NR-AR,56,73,0.21225430071353912,17
seed_123,NR-AR,209,74,0.2098819464445114,7
seed_123,NR-AR,111,75,0.20627664029598236,5
seed_123,NR-AR,126,76,0.20572100579738617,10
seed_123,NR-AR,299,77,0.20399931073188782,7
seed_123,NR-AR,250,78,0.20067034661769867,4
seed_123,NR-AR,99,79,0.19824394583702087,7
seed_123,NR-AR,148,80,0.18400420248508453,14
seed_123,NR-AR,86,81,0.17644743621349335,9
seed_123,NR-AR,129,82,0.17563404142856598,9
seed_123,NR-AR,91,83,0.1746428906917572,6
seed_123,NR-AR,248,84,0.16961432993412018,2
seed_123,NR-AR,37,85,0.16561391949653625,7
seed_123,NR-AR,113,86,0.1656043529510498,13
seed_123,NR-AR,217,87,0.15792760252952576,4
seed_123,NR-AR,233,88,0.15739154815673828,6
seed_123,NR-AR,170,89,0.1537872850894928,6
seed_123,NR-AR,108,90,0.152119442820549,14
seed_123,NR-AR,1,91,0.14608041942119598,6
seed_123,NR-AR,43,92,0.14604350924491882,9
seed_123,NR-AR,112,93,0.14182280004024506,10
seed_123,NR-AR,78,94,0.14148643612861633,5
seed_123,NR-AR,127,95,0.14085151255130768,4
seed_123,NR-AR,134,96,0.13829487562179565,3
seed_123,NR-AR,28,97,0.13814197480678558,7
seed_123,NR-AR,142,98,0.1361301690340042,3
seed_123,NR-AR,39,99,0.13487395644187927,9
seed_123,NR-AR,195,100,0.13401201367378235,11
seed_123,NR-AR,13,101,0.13297732174396515,6
seed_123,NR-AR,83,102,0.1318667083978653,9
seed_123,NR-AR,154,103,0.1287994235754013,5
seed_123,NR-AR,235,104,0.12644736468791962,5
seed_123,NR-AR,4,105,0.12524157762527466,9
seed_123,NR-AR,109,106,0.12080300599336624,7
seed_123,NR-AR,42,107,0.1206570416688919,5
seed_123,NR-AR,167,108,0.11823681741952896,6
seed_123,NR-AR,20,109,0.11803745478391647,4
seed_123,NR-AR,45,110,0.11710542440414429,8
seed_123,NR-AR,269,111,0.11642777919769287,4
seed_123,NR-AR,104,112,0.11184368282556534,4
seed_123,NR-AR,138,113,0.1061086431145668,3
seed_123,NR-AR,32,114,0.10344526916742325,8
seed_123,NR-AR,35,115,0.10073348134756088,4
seed_123,NR-AR,90,116,0.09694425016641617,6
seed_123,NR-AR,64,117,0.09594370424747467,7
seed_123,NR-AR,172,118,0.09524152427911758,4
seed_123,NR-AR,166,119,0.0931435078382492,6
seed_123,NR-AR,144,120,0.0903613492846489,7
seed_123,NR-AR,82,121,0.08875969052314758,4
seed_123,NR-AR,229,122,0.08873412013053894,7
seed_123,NR-AR,200,123,0.087159663438797,8
seed_123,NR-AR,212,124,0.08197767287492752,7
seed_123,NR-AR,201,125,0.08146294206380844,4
seed_123,NR-AR,276,126,0.08099177479743958,8
seed_123,NR-AR,264,127,0.07989345490932465,3
seed_123,NR-AR,213,128,0.07841776311397552,4
seed_123,NR-AR,50,129,0.0746416226029396,3
seed_123,NR-AR,225,130,0.07164347916841507,6
seed_123,NR-AR,169,131,0.07106152921915054,8
seed_123,NR-AR,77,132,0.06836699694395065,5
seed_123,NR-AR,185,133,0.06791897118091583,3
seed_123,NR-AR,246,134,0.06763772666454315,3
seed_123,NR-AR,198,135,0.06754034012556076,3
seed_123,NR-AR,44,136,0.06629051268100739,3
seed_123,NR-AR,115,137,0.06557285785675049,4
seed_123,NR-AR,51,138,0.06543073803186417,10
seed_123,NR-AR,48,139,0.06521174311637878,7
seed_123,NR-AR,106,140,0.06496644020080566,4
seed_123,NR-AR,270,141,0.06495940685272217,4
seed_123,NR-AR,69,142,0.06359247863292694,8
seed_123,NR-AR,130,143,0.06298850476741791,4
seed_123,NR-AR,102,144,0.06289708614349365,6
seed_123,NR-AR,3,145,0.062821164727211,6
seed_123,NR-AR,176,146,0.062097299844026566,5
seed_123,NR-AR,183,147,0.06191336736083031,7
seed_123,NR-AR,192,148,0.0609465092420578,3
seed_123,NR-AR,8,149,0.06020597741007805,6
seed_123,NR-AR,298,150,0.059717610478401184,4
seed_123,NR-AR,96,151,0.05968233942985535,5
seed_123,NR-AR,251,152,0.05882052332162857,3
seed_123,NR-AR,289,153,0.058661866933107376,2
seed_123,NR-AR,243,154,0.058327335864305496,2
seed_123,NR-AR,181,155,0.05662591755390167,4
seed_123,NR-AR,153,156,0.05576453357934952,2
seed_123,NR-AR,220,157,0.05528845638036728,2
seed_123,NR-AR,122,158,0.05418829247355461,6
seed_123,NR-AR,218,159,0.05416428670287132,3
seed_123,NR-AR,88,160,0.05322743579745293,4
seed_123,NR-AR,17,161,0.05290255695581436,5
seed_123,NR-AR,286,162,0.05211183801293373,2
seed_123,NR-AR,224,163,0.051759738475084305,2
seed_123,NR-AR,38,164,0.05014105513691902,4
seed_123,NR-AR,65,165,0.050134968012571335,3
seed_123,NR-AR,239,166,0.049931906163692474,3
seed_123,NR-AR,163,167,0.0497361458837986,3
seed_123,NR-AR,205,168,0.049644943326711655,3
seed_123,NR-AR,19,169,0.049443550407886505,4
seed_123,NR-AR,54,170,0.04839419201016426,5
seed_123,NR-AR,30,171,0.04654771834611893,5
seed_123,NR-AR,188,172,0.04602770134806633,2
seed_123,NR-AR,291,173,0.04577943682670593,2
seed_123,NR-AR,206,174,0.04573773220181465,4
seed_123,NR-AR,143,175,0.044864721596241,5
seed_123,NR-AR,146,176,0.044059060513973236,5
seed_123,NR-AR,295,177,0.043826181441545486,2
seed_123,NR-AR,186,178,0.04343992844223976,3
seed_123,NR-AR,155,179,0.042052239179611206,3
seed_123,NR-AR,89,180,0.0415392704308033,3
seed_123,NR-AR,292,181,0.04081757366657257,3
seed_123,NR-AR,214,182,0.04031139239668846,2
seed_123,NR-AR,162,183,0.03944087028503418,3
seed_123,NR-AR,241,184,0.03926015645265579,3
seed_123,NR-AR,202,185,0.03904447332024574,3
seed_123,NR-AR,105,186,0.038557957857847214,3
seed_123,NR-AR,87,187,0.038132645189762115,4
seed_123,NR-AR,53,188,0.03808046504855156,6
seed_123,NR-AR,236,189,0.03574533388018608,3
seed_123,NR-AR,165,190,0.03567017987370491,4
seed_123,NR-AR,215,191,0.03540729731321335,4
seed_123,NR-AR,249,192,0.03494935482740402,3
seed_123,NR-AR,149,193,0.033733196556568146,2
seed_123,NR-AR,268,194,0.03349308669567108,4
seed_123,NR-AR,61,195,0.033437494188547134,6
seed_123,NR-AR,133,196,0.03343512490391731,6
seed_123,NR-AR,247,197,0.033297497779130936,4
seed_123,NR-AR,230,198,0.03222481161355972,3
seed_123,NR-AR,55,199,0.031535517424345016,6
seed_123,NR-AR,253,200,0.031024426221847534,1
seed_123,NR-AR,207,201,0.030665608122944832,2
seed_123,NR-AR,101,202,0.029954787343740463,3
seed_123,NR-AR,95,203,0.02962147817015648,4
seed_123,NR-AR,103,204,0.02898801676928997,3
seed_123,NR-AR,124,205,0.027796413749456406,4
seed_123,NR-AR,120,206,0.027641823515295982,5
seed_123,NR-AR,232,207,0.027554528787732124,2
seed_123,NR-AR,262,208,0.027416201308369637,3
seed_123,NR-AR,76,209,0.027180060744285583,2
seed_123,NR-AR,14,210,0.026918960735201836,5
seed_123,NR-AR,237,211,0.026550812646746635,2
seed_123,NR-AR,197,212,0.026311717927455902,3
seed_123,NR-AR,293,213,0.026253430172801018,3
seed_123,NR-AR,152,214,0.025477871298789978,3
seed_123,NR-AR,260,215,0.025179509073495865,5
seed_123,NR-AR,16,216,0.024161117151379585,4
seed_123,NR-AR,208,217,0.02375136688351631,3
seed_123,NR-AR,179,218,0.023687615990638733,3
seed_123,NR-AR,158,219,0.023257901892066002,3
seed_123,NR-AR,26,220,0.023229438811540604,4
seed_123,NR-AR,238,221,0.023215321823954582,1
seed_123,NR-AR,194,222,0.02255161665380001,3
seed_123,NR-AR,18,223,0.02229912579059601,4
seed_123,NR-AR,27,224,0.02210417203605175,8
seed_123,NR-AR,177,225,0.022032618522644043,4
seed_123,NR-AR,159,226,0.021376188844442368,2
seed_123,NR-AR,11,227,0.0212536808103323,2
seed_123,NR-AR,210,228,0.020779091864824295,6
seed_123,NR-AR,34,229,0.02064996026456356,5
seed_123,NR-AR,182,230,0.020544465631246567,2
seed_123,NR-AR,161,231,0.020231565460562706,2
seed_123,NR-AR,173,232,0.01971219666302204,4
seed_123,NR-AR,274,233,0.019447429105639458,2
seed_123,NR-AR,121,234,0.019240520894527435,7
seed_123,NR-AR,275,235,0.01876012049615383,2
seed_123,NR-AR,271,236,0.018435923382639885,3
seed_123,NR-AR,258,237,0.018420975655317307,3
seed_123,NR-AR,9,238,0.01800563745200634,3
seed_123,NR-AR,196,239,0.017973696812987328,4
seed_123,NR-AR,118,240,0.017535796388983727,4
seed_123,NR-AR,255,241,0.017462700605392456,2
seed_123,NR-AR,5,242,0.017458491027355194,4
seed_123,NR-AR,227,243,0.017276626080274582,3
seed_123,NR-AR,234,244,0.01630067266523838,2
seed_123,NR-AR,280,245,0.01620858907699585,3
seed_123,NR-AR,279,246,0.015895837917923927,2
seed_123,NR-AR,273,247,0.015517076477408409,2
seed_123,NR-AR,132,248,0.015117133967578411,2
seed_123,NR-AR,85,249,0.014428971335291862,3
seed_123,NR-AR,203,250,0.014373360201716423,4
seed_123,NR-AR,94,251,0.013923965394496918,2
seed_123,NR-AR,191,252,0.013187341392040253,2
seed_123,NR-AR,174,253,0.013045946136116982,2
seed_123,NR-AR,171,254,0.012282817624509335,2
seed_123,NR-AR,240,255,0.011958607472479343,1
seed_123,NR-AR,98,256,0.01143430545926094,2
seed_123,NR-AR,254,257,0.011238943785429,2
seed_123,NR-AR,284,258,0.010952286422252655,2
seed_123,NR-AR,282,259,0.010942521505057812,3
seed_123,NR-AR,150,260,0.010911214165389538,3
seed_123,NR-AR,151,261,0.010541186667978764,2
seed_123,NR-AR,187,262,0.01042406540364027,3
seed_123,NR-AR,256,263,0.010416168719530106,2
seed_123,NR-AR,131,264,0.010030795820057392,2
seed_123,NR-AR,97,265,0.009490716271102428,2
seed_123,NR-AR,116,266,0.009433853439986706,3
seed_123,NR-AR,60,267,0.009369812905788422,3
seed_123,NR-AR,41,268,0.00883985124528408,2
seed_123,NR-AR,265,269,0.008545846678316593,1
seed_123,NR-AR,141,270,0.008484592661261559,2
seed_123,NR-AR,68,271,0.0074103898368775845,2
seed_123,NR-AR,156,272,0.006944787222892046,2
seed_123,NR-AR,281,273,0.006797796580940485,1
seed_123,NR-AR,259,274,0.006747215520590544,2
seed_123,NR-AR,288,275,0.006540993228554726,2
seed_123,NR-AR,178,276,0.006356548983603716,2
seed_123,NR-AR,228,277,0.00624550087377429,4
seed_123,NR-AR,100,278,0.005806910805404186,3
seed_123,NR-AR,297,279,0.005760927684605122,1
seed_123,NR-AR,261,280,0.005068435333669186,3
seed_123,NR-AR,294,281,0.00493438309058547,2
seed_123,NR-AR,267,282,0.004626134410500526,2
seed_123,NR-AR,47,283,0.004567588679492474,4
seed_123,NR-AR,119,284,0.003535913536325097,2
seed_123,NR-AR,157,285,0.0031626394484192133,2
seed_123,NR-AR,278,286,0.002360568381845951,2
seed_123,NR-AR,223,287,0.0019153907196596265,2
seed_123,NR-AR,125,288,0.0017525465227663517,3
seed_123,NR-AR,137,289,0.0015085404738783836,2
seed_123,NR-AR,216,290,0.0009507014765404165,2
seed_123,NR-AR,285,291,0.0007013458525761962,1
seed_123,NR-AR,164,292,0.00054692238336429,2
seed_123,NR-AR,283,293,0.0004451442800927907,2
seed_123,NR-AR,226,294,0.00029283089679665864,2
seed_123,NR-AR,272,295,0.0,1
seed_123,NR-AR,244,296,0.0,1
seed_123,NR-AR,277,297,0.0,1
seed_123,NR-AR,199,298,0.0,2
seed_123,NR-AR,266,299,0.0,1
seed_123,NR-Aromatase,70,0,3.9607090950012207,27
seed_123,NR-Aromatase,168,1,3.6948964595794678,79
seed_123,NR-Aromatase,72,2,2.837315559387207,15
seed_123,NR-Aromatase,7,3,2.1622934341430664,33
seed_123,NR-Aromatase,128,4,2.0755386352539062,42
seed_123,NR-Aromatase,139,5,1.7534350156784058,12
seed_123,NR-Aromatase,110,6,1.4103329181671143,20
seed_123,NR-Aromatase,0,7,1.1828252077102661,20
seed_123,NR-Aromatase,29,8,1.1218856573104858,39
seed_123,NR-Aromatase,6,9,1.0908278226852417,18
seed_123,NR-Aromatase,63,10,1.0907090902328491,51
seed_123,NR-Aromatase,52,11,1.062256097793579,16
seed_123,NR-Aromatase,62,12,0.9741978645324707,24
seed_123,NR-Aromatase,24,13,0.87485671043396,21
seed_123,NR-Aromatase,73,14,0.8165542483329773,16
seed_123,NR-Aromatase,74,15,0.7486556768417358,19
seed_123,NR-Aromatase,10,16,0.7459157705307007,17
seed_123,NR-Aromatase,287,17,0.7367226481437683,8
seed_123,NR-Aromatase,58,18,0.613172709941864,10
seed_123,NR-Aromatase,209,19,0.609651505947113,7
seed_123,NR-Aromatase,2,20,0.5742349028587341,14
seed_123,NR-Aromatase,84,21,0.5644607543945312,15
seed_123,NR-Aromatase,33,22,0.5529161095619202,17
seed_123,NR-Aromatase,66,23,0.5469281673431396,13
seed_123,NR-Aromatase,57,24,0.5441456437110901,9
seed_123,NR-Aromatase,15,25,0.4820365905761719,26
seed_123,NR-Aromatase,46,26,0.47958624362945557,13
seed_123,NR-Aromatase,190,27,0.4774373173713684,13
seed_123,NR-Aromatase,23,28,0.4760258197784424,30
seed_123,NR-Aromatase,221,29,0.4556191861629486,6
seed_123,NR-Aromatase,71,30,0.4502049684524536,11
seed_123,NR-Aromatase,123,31,0.4403109848499298,11
seed_123,NR-Aromatase,40,32,0.43733417987823486,6
seed_123,NR-Aromatase,160,33,0.42473316192626953,11
seed_123,NR-Aromatase,93,34,0.411837100982666,16
seed_123,NR-Aromatase,189,35,0.3744187355041504,9
seed_123,NR-Aromatase,231,36,0.37064221501350403,8
seed_123,NR-Aromatase,59,37,0.36627113819122314,8
seed_123,NR-Aromatase,43,38,0.3629591763019562,9
seed_123,NR-Aromatase,263,39,0.3613855242729187,6
seed_123,NR-Aromatase,49,40,0.3606022894382477,17
seed_123,NR-Aromatase,175,41,0.34821614623069763,9
seed_123,NR-Aromatase,25,42,0.346182644367218,8
seed_123,NR-Aromatase,296,43,0.34423214197158813,10
seed_123,NR-Aromatase,290,44,0.3375129997730255,10
seed_123,NR-Aromatase,22,45,0.3222430348396301,13
seed_123,NR-Aromatase,245,46,0.3175203502178192,15
seed_123,NR-Aromatase,12,47,0.3096565306186676,6
seed_123,NR-Aromatase,75,48,0.3065243363380432,13
seed_123,NR-Aromatase,67,49,0.304954469203949,16
seed_123,NR-Aromatase,114,50,0.294735848903656,7
seed_123,NR-Aromatase,193,51,0.2884763479232788,9
seed_123,NR-Aromatase,136,52,0.28751784563064575,18
seed_123,NR-Aromatase,31,53,0.2846841812133789,20
seed_123,NR-Aromatase,140,54,0.2746351659297943,19
seed_123,NR-Aromatase,167,55,0.2594466209411621,6
seed_123,NR-Aromatase,86,56,0.25650128722190857,9
seed_123,NR-Aromatase,21,57,0.25572770833969116,13
seed_123,NR-Aromatase,148,58,0.2468039095401764,14
seed_123,NR-Aromatase,147,59,0.24543313682079315,16
seed_123,NR-Aromatase,39,60,0.2444779872894287,9
seed_123,NR-Aromatase,299,61,0.24004681408405304,7
seed_123,NR-Aromatase,107,62,0.22334013879299164,6
seed_123,NR-Aromatase,145,63,0.21947629749774933,17
seed_123,NR-Aromatase,79,64,0.21387720108032227,9
seed_123,NR-Aromatase,80,65,0.21364159882068634,8
seed_123,NR-Aromatase,127,66,0.21330533921718597,4
seed_123,NR-Aromatase,219,67,0.21213950216770172,16
seed_123,NR-Aromatase,91,68,0.2100995033979416,6
seed_123,NR-Aromatase,129,69,0.20945656299591064,9
seed_123,NR-Aromatase,257,70,0.20053714513778687,8
seed_123,NR-Aromatase,135,71,0.19992902874946594,9
seed_123,NR-Aromatase,184,72,0.18984782695770264,7
seed_123,NR-Aromatase,211,73,0.189408078789711,13
seed_123,NR-Aromatase,222,74,0.18374240398406982,4
seed_123,NR-Aromatase,154,75,0.18281836807727814,5
seed_123,NR-Aromatase,217,76,0.18128660321235657,4
seed_123,NR-Aromatase,36,77,0.18024371564388275,7
seed_123,NR-Aromatase,92,78,0.17949436604976654,21
seed_123,NR-Aromatase,37,79,0.1784674972295761,7
seed_123,NR-Aromatase,108,80,0.17455993592739105,14
seed_123,NR-Aromatase,117,81,0.17447234690189362,7
seed_123,NR-Aromatase,99,82,0.1728043258190155,7
seed_123,NR-Aromatase,126,83,0.17242032289505005,10
seed_123,NR-Aromatase,180,84,0.17141464352607727,5
seed_123,NR-Aromatase,200,85,0.16926823556423187,8
seed_123,NR-Aromatase,270,86,0.165526881814003,4
seed_123,NR-Aromatase,233,87,0.16447433829307556,6
seed_123,NR-Aromatase,252,88,0.1560296267271042,4
seed_123,NR-Aromatase,176,89,0.15533292293548584,5
seed_123,NR-Aromatase,250,90,0.15452775359153748,4
seed_123,NR-Aromatase,112,91,0.1519898623228073,10
seed_123,NR-Aromatase,42,92,0.1497420370578766,5
seed_123,NR-Aromatase,248,93,0.14961829781532288,2
seed_123,NR-Aromatase,56,94,0.1495107114315033,17
seed_123,NR-Aromatase,204,95,0.14617756009101868,7
seed_123,NR-Aromatase,81,96,0.13587041199207306,19
seed_123,NR-Aromatase,195,97,0.1356445997953415,11
seed_123,NR-Aromatase,45,98,0.13463273644447327,8
seed_123,NR-Aromatase,166,99,0.13234280049800873,6
seed_123,NR-Aromatase,4,100,0.12717124819755554,9
seed_123,NR-Aromatase,242,101,0.12309161573648453,6
seed_123,NR-Aromatase,268,102,0.12079228460788727,4
seed_123,NR-Aromatase,20,103,0.11507020145654678,4
seed_123,NR-Aromatase,170,104,0.11047176271677017,6
seed_123,NR-Aromatase,143,105,0.11024622619152069,5
seed_123,NR-Aromatase,83,106,0.10523253679275513,9
seed_123,NR-Aromatase,13,107,0.10284583270549774,6
seed_123,NR-Aromatase,235,108,0.1019514799118042,5
seed_123,NR-Aromatase,212,109,0.09809199720621109,7
seed_123,NR-Aromatase,122,110,0.09678696095943451,6
seed_123,NR-Aromatase,34,111,0.09607904404401779,5
seed_123,NR-Aromatase,109,112,0.09465038031339645,7
seed_123,NR-Aromatase,89,113,0.092716284096241,3
seed_123,NR-Aromatase,120,114,0.09215056896209717,5
seed_123,NR-Aromatase,220,115,0.09134327620267868,2
seed_123,NR-Aromatase,225,116,0.09079650044441223,6
seed_123,NR-Aromatase,247,117,0.08955970406532288,4
seed_123,NR-Aromatase,115,118,0.0878446027636528,4
seed_123,NR-Aromatase,269,119,0.08748770505189896,4
seed_123,NR-Aromatase,106,120,0.08726818114519119,4
seed_123,NR-Aromatase,201,121,0.08697187155485153,4
seed_123,NR-Aromatase,104,122,0.0867655798792839,4
seed_123,NR-Aromatase,274,123,0.08609487861394882,2
seed_123,NR-Aromatase,218,124,0.08573989570140839,3
seed_123,NR-Aromatase,293,125,0.08556849509477615,3
seed_123,NR-Aromatase,35,126,0.0835995003581047,4
seed_123,NR-Aromatase,32,127,0.08222812414169312,8
seed_123,NR-Aromatase,44,128,0.08128713816404343,3
seed_123,NR-Aromatase,183,129,0.0804106742143631,7
seed_123,NR-Aromatase,95,130,0.07721728086471558,4
seed_123,NR-Aromatase,144,131,0.07664665579795837,7
seed_123,NR-Aromatase,251,132,0.07541806250810623,3
seed_123,NR-Aromatase,172,133,0.07533235102891922,4
seed_123,NR-Aromatase,134,134,0.07457280904054642,3
seed_123,NR-Aromatase,82,135,0.0739690437912941,4
seed_123,NR-Aromatase,289,136,0.07309097796678543,2
seed_123,NR-Aromatase,276,137,0.07302446663379669,8
seed_123,NR-Aromatase,130,138,0.0722585916519165,4
seed_123,NR-Aromatase,229,139,0.07175718992948532,7
seed_123,NR-Aromatase,213,140,0.07091791182756424,4
seed_123,NR-Aromatase,113,141,0.07072377949953079,13
seed_123,NR-Aromatase,55,142,0.07024727016687393,6
seed_123,NR-Aromatase,205,143,0.06993293017148972,3
seed_123,NR-Aromatase,64,144,0.06546732038259506,7
seed_123,NR-Aromatase,90,145,0.06459936499595642,6
seed_123,NR-Aromatase,17,146,0.06335455179214478,5
seed_123,NR-Aromatase,179,147,0.06169721484184265,3
seed_123,NR-Aromatase,1,148,0.061171069741249084,6
seed_123,NR-Aromatase,237,149,0.06042363867163658,2
seed_123,NR-Aromatase,188,150,0.05974319204688072,2
seed_123,NR-Aromatase,61,151,0.05965058133006096,6
seed_123,NR-Aromatase,14,152,0.059122733771800995,5
seed_123,NR-Aromatase,69,153,0.05888517573475838,8
seed_123,NR-Aromatase,111,154,0.05801732838153839,5
seed_123,NR-Aromatase,142,155,0.057837940752506256,3
seed_123,NR-Aromatase,28,156,0.05691368132829666,7
seed_123,NR-Aromatase,253,157,0.05577535182237625,1
seed_123,NR-Aromatase,78,158,0.05474449694156647,5
seed_123,NR-Aromatase,138,159,0.05394745618104935,3
seed_123,NR-Aromatase,51,160,0.05243995785713196,10
seed_123,NR-Aromatase,149,161,0.051502108573913574,2
seed_123,NR-Aromatase,50,162,0.04864715784788132,3
seed_123,NR-Aromatase,48,163,0.04798273369669914,7
seed_123,NR-Aromatase,181,164,0.04763977974653244,4
seed_123,NR-Aromatase,102,165,0.046428702771663666,6
seed_123,NR-Aromatase,150,166,0.04601142928004265,3
seed_123,NR-Aromatase,77,167,0.04558175429701805,5
seed_123,NR-Aromatase,230,168,0.045177195221185684,3
seed_123,NR-Aromatase,153,169,0.04488047584891319,2
seed_123,NR-Aromatase,103,170,0.04460730031132698,3
seed_123,NR-Aromatase,169,171,0.04416336119174957,8
seed_123,NR-Aromatase,88,172,0.0437135323882103,4
seed_123,NR-Aromatase,182,173,0.04286099970340729,2
seed_123,NR-Aromatase,38,174,0.042381174862384796,4
seed_123,NR-Aromatase,19,175,0.042144179344177246,4
seed_123,NR-Aromatase,3,176,0.041605181992053986,6
seed_123,NR-Aromatase,246,177,0.041576847434043884,3
seed_123,NR-Aromatase,295,178,0.04144739359617233,2
seed_123,NR-Aromatase,202,179,0.04123948514461517,3
seed_123,NR-Aromatase,27,180,0.040922604501247406,8
seed_123,NR-Aromatase,171,181,0.04075388237833977,2
seed_123,NR-Aromatase,207,182,0.04072562977671623,2
seed_123,NR-Aromatase,87,183,0.04002898931503296,4
seed_123,NR-Aromatase,16,184,0.03955943137407303,4
seed_123,NR-Aromatase,198,185,0.03845062479376793,3
seed_123,NR-Aromatase,224,186,0.037003293633461,2
seed_123,NR-Aromatase,97,187,0.03694351017475128,2
seed_123,NR-Aromatase,162,188,0.036456819623708725,3
seed_123,NR-Aromatase,243,189,0.035212498158216476,2
seed_123,NR-Aromatase,239,190,0.034133430570364,3
seed_123,NR-Aromatase,118,191,0.034132253378629684,4
seed_123,NR-Aromatase,5,192,0.03398139029741287,4
seed_123,NR-Aromatase,132,193,0.0336575023829937,2
seed_123,NR-Aromatase,96,194,0.033563461154699326,5
seed_123,NR-Aromatase,208,195,0.032527513802051544,3
seed_123,NR-Aromatase,192,196,0.03205215930938721,3
seed_123,NR-Aromatase,262,197,0.03134211525321007,3
seed_123,NR-Aromatase,158,198,0.02939070761203766,3
seed_123,NR-Aromatase,105,199,0.02912629023194313,3
seed_123,NR-Aromatase,236,200,0.0284369308501482,3
seed_123,NR-Aromatase,215,201,0.027380920946598053,4
seed_123,NR-Aromatase,298,202,0.027245720848441124,4
seed_123,NR-Aromatase,53,203,0.027212142944335938,6
seed_123,NR-Aromatase,187,204,0.026952266693115234,3
seed_123,NR-Aromatase,121,205,0.026776226237416267,7
seed_123,NR-Aromatase,241,206,0.02665337547659874,3
seed_123,NR-Aromatase,65,207,0.02654159814119339,3
seed_123,NR-Aromatase,254,208,0.02652057260274887,2
seed_123,NR-Aromatase,228,209,0.026102272793650627,4
seed_123,NR-Aromatase,163,210,0.025933953002095222,3
seed_123,NR-Aromatase,124,211,0.02590874396264553,4
seed_123,NR-Aromatase,146,212,0.025595182552933693,5
seed_123,NR-Aromatase,165,213,0.02521500177681446,4
seed_123,NR-Aromatase,18,214,0.023898346349596977,4
seed_123,NR-Aromatase,9,215,0.02357645332813263,3
seed_123,NR-Aromatase,161,216,0.02356209047138691,2
seed_123,NR-Aromatase,185,217,0.0233926922082901,3
seed_123,NR-Aromatase,26,218,0.023319466039538383,4
seed_123,NR-Aromatase,280,219,0.023230677470564842,3
seed_123,NR-Aromatase,255,220,0.023179780691862106,2
seed_123,NR-Aromatase,174,221,0.02315032295882702,2
seed_123,NR-Aromatase,186,222,0.022144027054309845,3
seed_123,NR-Aromatase,133,223,0.022052913904190063,6
seed_123,NR-Aromatase,173,224,0.021825404837727547,4
seed_123,NR-Aromatase,264,225,0.021723315119743347,3
seed_123,NR-Aromatase,196,226,0.019877687096595764,4
seed_123,NR-Aromatase,226,227,0.01985928602516651,2
seed_123,NR-Aromatase,197,228,0.019630562514066696,3
seed_123,NR-Aromatase,260,229,0.019445808604359627,5
seed_123,NR-Aromatase,155,230,0.019162502139806747,3
seed_123,NR-Aromatase,119,231,0.018976137042045593,2
seed_123,NR-Aromatase,214,232,0.01894889585673809,2
seed_123,NR-Aromatase,152,233,0.01859847456216812,3
seed_123,NR-Aromatase,30,234,0.018597407266497612,5
seed_123,NR-Aromatase,85,235,0.018427571281790733,3
seed_123,NR-Aromatase,275,236,0.01797844097018242,2
seed_123,NR-Aromatase,54,237,0.017245560884475708,5
seed_123,NR-Aromatase,203,238,0.01705467700958252,4
seed_123,NR-Aromatase,141,239,0.016994472593069077,2
seed_123,NR-Aromatase,76,240,0.016909461468458176,2
seed_123,NR-Aromatase,210,241,0.016038967296481133,6
seed_123,NR-Aromatase,291,242,0.015863044187426567,2
seed_123,NR-Aromatase,292,243,0.015559800900518894,3
seed_123,NR-Aromatase,227,244,0.01546095497906208,3
seed_123,NR-Aromatase,11,245,0.014717616140842438,2
seed_123,NR-Aromatase,101,246,0.014086797833442688,3
seed_123,NR-Aromatase,68,247,0.014083216898143291,2
seed_123,NR-Aromatase,249,248,0.013965630903840065,3
seed_123,NR-Aromatase,191,249,0.01391447801142931,2
seed_123,NR-Aromatase,206,250,0.01374232117086649,4
seed_123,NR-Aromatase,234,251,0.013003984466195107,2
seed_123,NR-Aromatase,286,252,0.012712945230305195,2
seed_123,NR-Aromatase,116,253,0.012548347935080528,3
seed_123,NR-Aromatase,258,254,0.012456223368644714,3
seed_123,NR-Aromatase,94,255,0.01194840855896473,2
seed_123,NR-Aromatase,98,256,0.01160981971770525,2
seed_123,NR-Aromatase,100,257,0.011248285882174969,3
seed_123,NR-Aromatase,273,258,0.011079522781074047,2
seed_123,NR-Aromatase,259,259,0.010857583954930305,2
seed_123,NR-Aromatase,47,260,0.010800394229590893,4
seed_123,NR-Aromatase,8,261,0.010158643126487732,6
seed_123,NR-Aromatase,159,262,0.009641003794968128,2
seed_123,NR-Aromatase,279,263,0.009391267783939838,2
seed_123,NR-Aromatase,297,264,0.008796317502856255,1
seed_123,NR-Aromatase,271,265,0.007928689010441303,3
seed_123,NR-Aromatase,164,266,0.007759953383356333,2
seed_123,NR-Aromatase,131,267,0.0074095698073506355,2
seed_123,NR-Aromatase,256,268,0.006460550241172314,2
seed_123,NR-Aromatase,194,269,0.0060018980875611305,3
seed_123,NR-Aromatase,177,270,0.0059028370305895805,4
seed_123,NR-Aromatase,281,271,0.0056861466728150845,1
seed_123,NR-Aromatase,151,272,0.005129627417773008,2
seed_123,NR-Aromatase,288,273,0.004897898994386196,2
seed_123,NR-Aromatase,60,274,0.004699499346315861,3
seed_123,NR-Aromatase,232,275,0.004462661221623421,2
seed_123,NR-Aromatase,178,276,0.004094680305570364,2
seed_123,NR-Aromatase,216,277,0.004017481580376625,2
seed_123,NR-Aromatase,240,278,0.0037364461459219456,1
seed_123,NR-Aromatase,285,279,0.0037157495971769094,1
seed_123,NR-Aromatase,267,280,0.0036624835338443518,2
seed_123,NR-Aromatase,282,281,0.003422836307436228,3
seed_123,NR-Aromatase,125,282,0.0028649638406932354,3
seed_123,NR-Aromatase,261,283,0.002829192439094186,3
seed_123,NR-Aromatase,265,284,0.0023264745250344276,1
seed_123,NR-Aromatase,157,285,0.0022792122326791286,2
seed_123,NR-Aromatase,223,286,0.0022530353162437677,2
seed_123,NR-Aromatase,238,287,0.002241767244413495,1
seed_123,NR-Aromatase,137,288,0.002192489104345441,2
seed_123,NR-Aromatase,41,289,0.0017087460728362203,2
seed_123,NR-Aromatase,156,290,0.0014253439148887992,2
seed_123,NR-Aromatase,284,291,0.0012487819185480475,2
seed_123,NR-Aromatase,278,292,0.0006651327130384743,2
seed_123,NR-Aromatase,294,293,0.0005324529483914375,2
seed_123,NR-Aromatase,283,294,0.0002918249520007521,2
seed_123,NR-Aromatase,244,295,0.0,1
seed_123,NR-Aromatase,266,296,0.0,1
seed_123,NR-Aromatase,277,297,0.0,1
seed_123,NR-Aromatase,272,298,0.0,1
seed_123,NR-Aromatase,199,299,0.0,2
seed_123,NR-PPAR-gamma,70,0,5.053743362426758,27
seed_123,NR-PPAR-gamma,168,1,2.5808494091033936,79
seed_123,NR-PPAR-gamma,72,2,2.4355106353759766,15
seed_123,NR-PPAR-gamma,62,3,1.7318834066390991,24
seed_123,NR-PPAR-gamma,128,4,1.3872841596603394,42
seed_123,NR-PPAR-gamma,139,5,1.0645183324813843,12
seed_123,NR-PPAR-gamma,0,6,0.9569051861763,20
seed_123,NR-PPAR-gamma,7,7,0.8861392736434937,33
seed_123,NR-PPAR-gamma,63,8,0.8408524990081787,51
seed_123,NR-PPAR-gamma,10,9,0.8324772119522095,17
seed_123,NR-PPAR-gamma,287,10,0.8048859238624573,8
seed_123,NR-PPAR-gamma,24,11,0.74635249376297,21
seed_123,NR-PPAR-gamma,52,12,0.7378363013267517,16
seed_123,NR-PPAR-gamma,74,13,0.6620866656303406,19
seed_123,NR-PPAR-gamma,110,14,0.6208567023277283,20
seed_123,NR-PPAR-gamma,6,15,0.6200252771377563,18
seed_123,NR-PPAR-gamma,29,16,0.5749317407608032,39
seed_123,NR-PPAR-gamma,58,17,0.5679866075515747,10
seed_123,NR-PPAR-gamma,66,18,0.5386714935302734,13
seed_123,NR-PPAR-gamma,189,19,0.49407440423965454,9
seed_123,NR-PPAR-gamma,22,20,0.44411545991897583,13
seed_123,NR-PPAR-gamma,73,21,0.441857248544693,16
seed_123,NR-PPAR-gamma,46,22,0.4120967984199524,13
seed_123,NR-PPAR-gamma,15,23,0.38449183106422424,26
seed_123,NR-PPAR-gamma,49,24,0.35638484358787537,17
seed_123,NR-PPAR-gamma,57,25,0.34253719449043274,9
seed_123,NR-PPAR-gamma,160,26,0.3241165578365326,11
seed_123,NR-PPAR-gamma,93,27,0.3201252520084381,16
seed_123,NR-PPAR-gamma,175,28,0.318327933549881,9
seed_123,NR-PPAR-gamma,84,29,0.31013116240501404,15
seed_123,NR-PPAR-gamma,71,30,0.28890377283096313,11
seed_123,NR-PPAR-gamma,221,31,0.2876996695995331,6
seed_123,NR-PPAR-gamma,23,32,0.2865147888660431,30
seed_123,NR-PPAR-gamma,290,33,0.28616493940353394,10
seed_123,NR-PPAR-gamma,56,34,0.27411648631095886,17
seed_123,NR-PPAR-gamma,245,35,0.259145587682724,15
seed_123,NR-PPAR-gamma,252,36,0.2588617205619812,4
seed_123,NR-PPAR-gamma,190,37,0.24508684873580933,13
seed_123,NR-PPAR-gamma,136,38,0.24474036693572998,18
seed_123,NR-PPAR-gamma,33,39,0.23323427140712738,17
seed_123,NR-PPAR-gamma,114,40,0.23213696479797363,7
seed_123,NR-PPAR-gamma,184,41,0.22735555469989777,7
seed_123,NR-PPAR-gamma,2,42,0.22528880834579468,14
seed_123,NR-PPAR-gamma,59,43,0.21551179885864258,8
seed_123,NR-PPAR-gamma,296,44,0.2136775553226471,10
seed_123,NR-PPAR-gamma,123,45,0.2087266892194748,11
seed_123,NR-PPAR-gamma,40,46,0.2068461775779724,6
seed_123,NR-PPAR-gamma,64,47,0.20461460947990417,7
seed_123,NR-PPAR-gamma,31,48,0.20460785925388336,20
seed_123,NR-PPAR-gamma,39,49,0.2021721750497818,9
seed_123,NR-PPAR-gamma,83,50,0.19438673555850983,9
seed_123,NR-PPAR-gamma,21,51,0.19178506731987,13
seed_123,NR-PPAR-gamma,263,52,0.18979384005069733,6
seed_123,NR-PPAR-gamma,217,53,0.18916361033916473,4
seed_123,NR-PPAR-gamma,145,54,0.18825426697731018,17
seed_123,NR-PPAR-gamma,231,55,0.18698973953723907,8
seed_123,NR-PPAR-gamma,67,56,0.18221379816532135,16
seed_123,NR-PPAR-gamma,140,57,0.17772750556468964,19
seed_123,NR-PPAR-gamma,25,58,0.17709065973758698,8
seed_123,NR-PPAR-gamma,43,59,0.17411655187606812,9
seed_123,NR-PPAR-gamma,147,60,0.17389942705631256,16
seed_123,NR-PPAR-gamma,112,61,0.16970348358154297,10
seed_123,NR-PPAR-gamma,209,62,0.1642349362373352,7
seed_123,NR-PPAR-gamma,193,63,0.15955814719200134,9
seed_123,NR-PPAR-gamma,270,64,0.1571851372718811,4
seed_123,NR-PPAR-gamma,42,65,0.15693135559558868,5
seed_123,NR-PPAR-gamma,80,66,0.15146633982658386,8
seed_123,NR-PPAR-gamma,211,67,0.15000760555267334,13
seed_123,NR-PPAR-gamma,92,68,0.14906683564186096,21
seed_123,NR-PPAR-gamma,219,69,0.14643985033035278,16
seed_123,NR-PPAR-gamma,126,70,0.1416555643081665,10
seed_123,NR-PPAR-gamma,222,71,0.1349421739578247,4
seed_123,NR-PPAR-gamma,12,72,0.13274775445461273,6
seed_123,NR-PPAR-gamma,107,73,0.13091428577899933,6
seed_123,NR-PPAR-gamma,257,74,0.1305309236049652,8
seed_123,NR-PPAR-gamma,204,75,0.12895727157592773,7
seed_123,NR-PPAR-gamma,108,76,0.1282479614019394,14
seed_123,NR-PPAR-gamma,129,77,0.12646059691905975,9
seed_123,NR-PPAR-gamma,79,78,0.12183880060911179,9
seed_123,NR-PPAR-gamma,148,79,0.12123863399028778,14
seed_123,NR-PPAR-gamma,251,80,0.12016882002353668,3
seed_123,NR-PPAR-gamma,195,81,0.11945898085832596,11
seed_123,NR-PPAR-gamma,299,82,0.11926985532045364,7
seed_123,NR-PPAR-gamma,36,83,0.11807899177074432,7
seed_123,NR-PPAR-gamma,180,84,0.1136862188577652,5
seed_123,NR-PPAR-gamma,242,85,0.11014453321695328,6
seed_123,NR-PPAR-gamma,225,86,0.11001726984977722,6
seed_123,NR-PPAR-gamma,86,87,0.10769671201705933,9
seed_123,NR-PPAR-gamma,117,88,0.10574027895927429,7
seed_123,NR-PPAR-gamma,248,89,0.10440270602703094,2
seed_123,NR-PPAR-gamma,176,90,0.10353069752454758,5
seed_123,NR-PPAR-gamma,99,91,0.10279831290245056,7
seed_123,NR-PPAR-gamma,250,92,0.10278108716011047,4
seed_123,NR-PPAR-gamma,127,93,0.10273925215005875,4
seed_123,NR-PPAR-gamma,166,94,0.10069482773542404,6
seed_123,NR-PPAR-gamma,111,95,0.09906058758497238,5
seed_123,NR-PPAR-gamma,167,96,0.097020722925663,6
seed_123,NR-PPAR-gamma,4,97,0.09688115119934082,9
seed_123,NR-PPAR-gamma,135,98,0.09642387926578522,9
seed_123,NR-PPAR-gamma,170,99,0.09312672913074493,6
seed_123,NR-PPAR-gamma,218,100,0.09106568247079849,3
seed_123,NR-PPAR-gamma,200,101,0.08938895165920258,8
seed_123,NR-PPAR-gamma,28,102,0.08880425244569778,7
seed_123,NR-PPAR-gamma,45,103,0.08859089016914368,8
seed_123,NR-PPAR-gamma,37,104,0.0883558988571167,7
seed_123,NR-PPAR-gamma,183,105,0.08817868679761887,7
seed_123,NR-PPAR-gamma,81,106,0.08523377776145935,19
seed_123,NR-PPAR-gamma,109,107,0.08341625332832336,7
seed_123,NR-PPAR-gamma,254,108,0.0830712839961052,2
seed_123,NR-PPAR-gamma,91,109,0.08240997791290283,6
seed_123,NR-PPAR-gamma,32,110,0.08089394122362137,8
seed_123,NR-PPAR-gamma,35,111,0.0747336745262146,4
seed_123,NR-PPAR-gamma,269,112,0.07437524199485779,4
seed_123,NR-PPAR-gamma,247,113,0.07142288982868195,4
seed_123,NR-PPAR-gamma,138,114,0.06848443299531937,3
seed_123,NR-PPAR-gamma,78,115,0.06584621220827103,5
seed_123,NR-PPAR-gamma,13,116,0.06367185711860657,6
seed_123,NR-PPAR-gamma,75,117,0.06285050511360168,13
seed_123,NR-PPAR-gamma,1,118,0.06262674927711487,6
seed_123,NR-PPAR-gamma,276,119,0.06238483637571335,8
seed_123,NR-PPAR-gamma,143,120,0.061933740973472595,5
seed_123,NR-PPAR-gamma,51,121,0.06016227975487709,10
seed_123,NR-PPAR-gamma,235,122,0.0583127997815609,5
seed_123,NR-PPAR-gamma,113,123,0.0581803172826767,13
seed_123,NR-PPAR-gamma,134,124,0.0572277307510376,3
seed_123,NR-PPAR-gamma,122,125,0.05679915472865105,6
seed_123,NR-PPAR-gamma,233,126,0.05654124915599823,6
seed_123,NR-PPAR-gamma,274,127,0.05393793061375618,2
seed_123,NR-PPAR-gamma,55,128,0.053038936108350754,6
seed_123,NR-PPAR-gamma,20,129,0.05212363228201866,4
seed_123,NR-PPAR-gamma,130,130,0.051962826400995255,4
seed_123,NR-PPAR-gamma,264,131,0.05018167197704315,3
seed_123,NR-PPAR-gamma,268,132,0.049312494695186615,4
seed_123,NR-PPAR-gamma,246,133,0.04897713288664818,3
seed_123,NR-PPAR-gamma,154,134,0.04828830435872078,5
seed_123,NR-PPAR-gamma,61,135,0.046556565910577774,6
seed_123,NR-PPAR-gamma,202,136,0.046551112085580826,3
seed_123,NR-PPAR-gamma,291,137,0.04638930410146713,2
seed_123,NR-PPAR-gamma,19,138,0.04581296071410179,4
seed_123,NR-PPAR-gamma,212,139,0.04555664584040642,7
seed_123,NR-PPAR-gamma,295,140,0.045161839574575424,2
seed_123,NR-PPAR-gamma,16,141,0.04448721185326576,4
seed_123,NR-PPAR-gamma,298,142,0.04401082545518875,4
seed_123,NR-PPAR-gamma,89,143,0.04358012601733208,3
seed_123,NR-PPAR-gamma,3,144,0.04123721271753311,6
seed_123,NR-PPAR-gamma,142,145,0.04097972437739372,3
seed_123,NR-PPAR-gamma,106,146,0.04053392633795738,4
seed_123,NR-PPAR-gamma,120,147,0.038945045322179794,5
seed_123,NR-PPAR-gamma,196,148,0.03865533694624901,4
seed_123,NR-PPAR-gamma,27,149,0.037419628351926804,8
seed_123,NR-PPAR-gamma,181,150,0.037244297564029694,4
seed_123,NR-PPAR-gamma,102,151,0.036746226251125336,6
seed_123,NR-PPAR-gamma,34,152,0.03658453747630119,5
seed_123,NR-PPAR-gamma,165,153,0.03609330207109451,4
seed_123,NR-PPAR-gamma,201,154,0.03599021956324577,4
seed_123,NR-PPAR-gamma,213,155,0.03573344647884369,4
seed_123,NR-PPAR-gamma,53,156,0.03524649888277054,6
seed_123,NR-PPAR-gamma,77,157,0.0343712717294693,5
seed_123,NR-PPAR-gamma,44,158,0.03369033336639404,3
seed_123,NR-PPAR-gamma,69,159,0.03350548446178436,8
seed_123,NR-PPAR-gamma,88,160,0.032046638429164886,4
seed_123,NR-PPAR-gamma,144,161,0.03198723495006561,7
seed_123,NR-PPAR-gamma,38,162,0.03196120262145996,4
seed_123,NR-PPAR-gamma,8,163,0.03190113604068756,6
seed_123,NR-PPAR-gamma,68,164,0.03145105019211769,2
seed_123,NR-PPAR-gamma,103,165,0.030707215890288353,3
seed_123,NR-PPAR-gamma,48,166,0.030326414853334427,7
seed_123,NR-PPAR-gamma,153,167,0.030315937474370003,2
seed_123,NR-PPAR-gamma,172,168,0.03030584380030632,4
seed_123,NR-PPAR-gamma,146,169,0.029964245855808258,5
seed_123,NR-PPAR-gamma,280,170,0.029809538275003433,3
seed_123,NR-PPAR-gamma,188,171,0.029807517305016518,2
seed_123,NR-PPAR-gamma,158,172,0.029172129929065704,3
seed_123,NR-PPAR-gamma,232,173,0.028668370097875595,2
seed_123,NR-PPAR-gamma,104,174,0.028389018028974533,4
seed_123,NR-PPAR-gamma,179,175,0.027959948405623436,3
seed_123,NR-PPAR-gamma,206,176,0.02754797600209713,4
seed_123,NR-PPAR-gamma,208,177,0.027456417679786682,3
seed_123,NR-PPAR-gamma,152,178,0.02735210210084915,3
seed_123,NR-PPAR-gamma,150,179,0.027249600738286972,3
seed_123,NR-PPAR-gamma,197,180,0.026946939527988434,3
seed_123,NR-PPAR-gamma,54,181,0.02628924511373043,5
seed_123,NR-PPAR-gamma,65,182,0.025092020630836487,3
seed_123,NR-PPAR-gamma,292,183,0.02463039755821228,3
seed_123,NR-PPAR-gamma,115,184,0.02431338094174862,4
seed_123,NR-PPAR-gamma,87,185,0.023980243131518364,4
seed_123,NR-PPAR-gamma,133,186,0.023819969967007637,6
seed_123,NR-PPAR-gamma,230,187,0.023620393127202988,3
seed_123,NR-PPAR-gamma,90,188,0.022867921739816666,6
seed_123,NR-PPAR-gamma,186,189,0.021442735567688942,3
seed_123,NR-PPAR-gamma,82,190,0.0213373601436615,4
seed_123,NR-PPAR-gamma,293,191,0.021151874214410782,3
seed_123,NR-PPAR-gamma,85,192,0.020934073254466057,3
seed_123,NR-PPAR-gamma,169,193,0.02091914229094982,8
seed_123,NR-PPAR-gamma,260,194,0.020405765622854233,5
seed_123,NR-PPAR-gamma,261,195,0.0203101709485054,3
seed_123,NR-PPAR-gamma,17,196,0.020275132730603218,5
seed_123,NR-PPAR-gamma,289,197,0.020094018429517746,2
seed_123,NR-PPAR-gamma,182,198,0.020004840567708015,2
seed_123,NR-PPAR-gamma,76,199,0.020002225413918495,2
seed_123,NR-PPAR-gamma,185,200,0.01995500922203064,3
seed_123,NR-PPAR-gamma,124,201,0.019928328692913055,4
seed_123,NR-PPAR-gamma,162,202,0.019777607172727585,3
seed_123,NR-PPAR-gamma,47,203,0.019713226705789566,4
seed_123,NR-PPAR-gamma,163,204,0.019482487812638283,3
seed_123,NR-PPAR-gamma,229,205,0.018713368102908134,7
seed_123,NR-PPAR-gamma,234,206,0.018710128962993622,2
seed_123,NR-PPAR-gamma,121,207,0.018273919820785522,7
seed_123,NR-PPAR-gamma,155,208,0.018253738060593605,3
seed_123,NR-PPAR-gamma,205,209,0.01796172559261322,3
seed_123,NR-PPAR-gamma,207,210,0.017912548035383224,2
seed_123,NR-PPAR-gamma,96,211,0.017861250787973404,5
seed_123,NR-PPAR-gamma,288,212,0.01780479960143566,2
seed_123,NR-PPAR-gamma,50,213,0.017366716638207436,3
seed_123,NR-PPAR-gamma,286,214,0.01717875339090824,2
seed_123,NR-PPAR-gamma,187,215,0.016827357932925224,3
seed_123,NR-PPAR-gamma,215,216,0.016749801114201546,4
seed_123,NR-PPAR-gamma,237,217,0.016740575432777405,2
seed_123,NR-PPAR-gamma,258,218,0.016671784222126007,3
seed_123,NR-PPAR-gamma,241,219,0.016636433079838753,3
seed_123,NR-PPAR-gamma,173,220,0.016635162755846977,4
seed_123,NR-PPAR-gamma,214,221,0.016375429928302765,2
seed_123,NR-PPAR-gamma,5,222,0.015947984531521797,4
seed_123,NR-PPAR-gamma,239,223,0.015788771212100983,3
seed_123,NR-PPAR-gamma,255,224,0.015765320509672165,2
seed_123,NR-PPAR-gamma,30,225,0.015761755406856537,5
seed_123,NR-PPAR-gamma,273,226,0.01538365613669157,2
seed_123,NR-PPAR-gamma,118,227,0.015036692842841148,4
seed_123,NR-PPAR-gamma,194,228,0.014930197037756443,3
seed_123,NR-PPAR-gamma,198,229,0.014907178469002247,3
seed_123,NR-PPAR-gamma,210,230,0.014540893957018852,6
seed_123,NR-PPAR-gamma,97,231,0.01440473459661007,2
seed_123,NR-PPAR-gamma,149,232,0.014180362224578857,2
seed_123,NR-PPAR-gamma,161,233,0.013938816264271736,2
seed_123,NR-PPAR-gamma,171,234,0.012713823467493057,2
seed_123,NR-PPAR-gamma,14,235,0.011997150257229805,5
seed_123,NR-PPAR-gamma,236,236,0.0118481470271945,3
seed_123,NR-PPAR-gamma,275,237,0.011744841001927853,2
seed_123,NR-PPAR-gamma,18,238,0.011742056347429752,4
seed_123,NR-PPAR-gamma,131,239,0.0113096684217453,2
seed_123,NR-PPAR-gamma,224,240,0.011049355380237103,2
seed_123,NR-PPAR-gamma,297,241,0.01091116201132536,1
seed_123,NR-PPAR-gamma,191,242,0.010821361094713211,2
seed_123,NR-PPAR-gamma,220,243,0.010562085546553135,2
seed_123,NR-PPAR-gamma,105,244,0.010496683418750763,3
seed_123,NR-PPAR-gamma,101,245,0.010474353097379208,3
seed_123,NR-PPAR-gamma,159,246,0.010211281478404999,2
seed_123,NR-PPAR-gamma,95,247,0.01010594516992569,4
seed_123,NR-PPAR-gamma,279,248,0.009887651540338993,2
seed_123,NR-PPAR-gamma,271,249,0.009579532779753208,3
seed_123,NR-PPAR-gamma,262,250,0.009295902214944363,3
seed_123,NR-PPAR-gamma,132,251,0.00903433095663786,2
seed_123,NR-PPAR-gamma,116,252,0.009027285501360893,3
seed_123,NR-PPAR-gamma,240,253,0.00849408283829689,1
seed_123,NR-PPAR-gamma,177,254,0.008456837385892868,4
seed_123,NR-PPAR-gamma,203,255,0.007500831037759781,4
seed_123,NR-PPAR-gamma,125,256,0.007233161013573408,3
seed_123,NR-PPAR-gamma,192,257,0.007079449947923422,3
seed_123,NR-PPAR-gamma,100,258,0.006898856721818447,3
seed_123,NR-PPAR-gamma,249,259,0.006820558570325375,3
seed_123,NR-PPAR-gamma,9,260,0.006750648375600576,3
seed_123,NR-PPAR-gamma,228,261,0.006658008787781,4
seed_123,NR-PPAR-gamma,238,262,0.005977558437734842,1
seed_123,NR-PPAR-gamma,141,263,0.005895593203604221,2
seed_123,NR-PPAR-gamma,157,264,0.005583833437412977,2
seed_123,NR-PPAR-gamma,265,265,0.0054177590645849705,1
seed_123,NR-PPAR-gamma,60,266,0.00540512427687645,3
seed_123,NR-PPAR-gamma,119,267,0.0053566512651741505,2
seed_123,NR-PPAR-gamma,174,268,0.005095311440527439,2
seed_123,NR-PPAR-gamma,11,269,0.005018643569201231,2
seed_123,NR-PPAR-gamma,227,270,0.004988200031220913,3
seed_123,NR-PPAR-gamma,26,271,0.004638936370611191,4
seed_123,NR-PPAR-gamma,284,272,0.004537699744105339,2
seed_123,NR-PPAR-gamma,98,273,0.00452076131477952,2
seed_123,NR-PPAR-gamma,243,274,0.004375169053673744,2
seed_123,NR-PPAR-gamma,94,275,0.004109831061214209,2
seed_123,NR-PPAR-gamma,278,276,0.004094833508133888,2
seed_123,NR-PPAR-gamma,253,277,0.003667837707325816,1
seed_123,NR-PPAR-gamma,137,278,0.0034758022520691156,2
seed_123,NR-PPAR-gamma,223,279,0.003453531302511692,2
seed_123,NR-PPAR-gamma,281,280,0.0032776317093521357,1
seed_123,NR-PPAR-gamma,41,281,0.0032099145464599133,2
seed_123,NR-PPAR-gamma,267,282,0.0031144903041422367,2
seed_123,NR-PPAR-gamma,156,283,0.0028591500595211983,2
seed_123,NR-PPAR-gamma,282,284,0.002619727049022913,3
seed_123,NR-PPAR-gamma,226,285,0.002439450705423951,2
seed_123,NR-PPAR-gamma,256,286,0.002195770852267742,2
seed_123,NR-PPAR-gamma,259,287,0.0019034851575270295,2
seed_123,NR-PPAR-gamma,216,288,0.001768184476532042,2
seed_123,NR-PPAR-gamma,164,289,0.0015620404155924916,2
seed_123,NR-PPAR-gamma,283,290,0.0012382835848256946,2
seed_123,NR-PPAR-gamma,151,291,0.0012372098863124847,2
seed_123,NR-PPAR-gamma,178,292,0.0010584633564576507,2
seed_123,NR-PPAR-gamma,294,293,0.0002750797721091658,2
seed_123,NR-PPAR-gamma,285,294,1.932300392581965e-06,1
seed_123,NR-PPAR-gamma,244,295,0.0,1
seed_123,NR-PPAR-gamma,272,296,0.0,1
seed_123,NR-PPAR-gamma,199,297,0.0,2
seed_123,NR-PPAR-gamma,266,298,0.0,1
seed_123,NR-PPAR-gamma,277,299,0.0,1
seed_123,SR-HSE,70,0,1.8288882970809937,27
seed_123,SR-HSE,168,1,1.4515751600265503,79
seed_123,SR-HSE,72,2,1.0992447137832642,15
seed_123,SR-HSE,7,3,1.008506178855896,33
seed_123,SR-HSE,62,4,0.9320493340492249,24
seed_123,SR-HSE,128,5,0.7744554281234741,42
seed_123,SR-HSE,139,6,0.7064105272293091,12
seed_123,SR-HSE,52,7,0.6192507743835449,16
seed_123,SR-HSE,73,8,0.5361151099205017,16
seed_123,SR-HSE,10,9,0.5299417972564697,17
seed_123,SR-HSE,24,10,0.4927157461643219,21
seed_123,SR-HSE,110,11,0.4562439024448395,20
seed_123,SR-HSE,63,12,0.4351409375667572,51
seed_123,SR-HSE,84,13,0.4309384524822235,15
seed_123,SR-HSE,29,14,0.3056614398956299,39
seed_123,SR-HSE,0,15,0.3046606183052063,20
seed_123,SR-HSE,6,16,0.2755134403705597,18
seed_123,SR-HSE,287,17,0.2662024199962616,8
seed_123,SR-HSE,74,18,0.26534637808799744,19
seed_123,SR-HSE,57,19,0.24414674937725067,9
seed_123,SR-HSE,252,20,0.23357756435871124,4
seed_123,SR-HSE,195,21,0.22127369046211243,11
seed_123,SR-HSE,22,22,0.2200164794921875,13
seed_123,SR-HSE,58,23,0.2178882211446762,10
seed_123,SR-HSE,189,24,0.21624739468097687,9
seed_123,SR-HSE,66,25,0.19794008135795593,13
seed_123,SR-HSE,209,26,0.19468115270137787,7
seed_123,SR-HSE,56,27,0.19057528674602509,17
seed_123,SR-HSE,80,28,0.18696056306362152,8
seed_123,SR-HSE,217,29,0.1759108453989029,4
seed_123,SR-HSE,145,30,0.17586056888103485,17
seed_123,SR-HSE,46,31,0.17256836593151093,13
seed_123,SR-HSE,190,32,0.16494689881801605,13
seed_123,SR-HSE,23,33,0.16204734146595,30
seed_123,SR-HSE,221,34,0.15172737836837769,6
seed_123,SR-HSE,211,35,0.1509040892124176,13
seed_123,SR-HSE,67,36,0.14916832745075226,16
seed_123,SR-HSE,2,37,0.14836405217647552,14
seed_123,SR-HSE,33,38,0.14703558385372162,17
seed_123,SR-HSE,79,39,0.14686983823776245,9
seed_123,SR-HSE,231,40,0.14677825570106506,8
seed_123,SR-HSE,123,41,0.14453689754009247,11
seed_123,SR-HSE,245,42,0.14155949652194977,15
seed_123,SR-HSE,71,43,0.1311989426612854,11
seed_123,SR-HSE,25,44,0.12897035479545593,8
seed_123,SR-HSE,15,45,0.1236153170466423,26
seed_123,SR-HSE,114,46,0.1203121617436409,7
seed_123,SR-HSE,219,47,0.11889200657606125,16
seed_123,SR-HSE,92,48,0.11383836716413498,21
seed_123,SR-HSE,43,49,0.1095578595995903,9
seed_123,SR-HSE,40,50,0.10733984410762787,6
seed_123,SR-HSE,135,51,0.10509277135133743,9
seed_123,SR-HSE,175,52,0.1044590026140213,9
seed_123,SR-HSE,147,53,0.10432261973619461,16
seed_123,SR-HSE,136,54,0.10307583957910538,18
seed_123,SR-HSE,225,55,0.09580207616090775,6
seed_123,SR-HSE,193,56,0.09551763534545898,9
seed_123,SR-HSE,257,57,0.09398522973060608,8
seed_123,SR-HSE,59,58,0.09380988776683807,8
seed_123,SR-HSE,12,59,0.09159407764673233,6
seed_123,SR-HSE,180,60,0.09112627804279327,5
seed_123,SR-HSE,31,61,0.08978468924760818,20
seed_123,SR-HSE,93,62,0.08918505907058716,16
seed_123,SR-HSE,39,63,0.08850815892219543,9
seed_123,SR-HSE,49,64,0.08769161254167557,17
seed_123,SR-HSE,167,65,0.08755902945995331,6
seed_123,SR-HSE,160,66,0.08731918036937714,11
seed_123,SR-HSE,148,67,0.08553601801395416,14
seed_123,SR-HSE,112,68,0.07642452418804169,10
seed_123,SR-HSE,290,69,0.07619698345661163,10
seed_123,SR-HSE,130,70,0.07586677372455597,4
seed_123,SR-HSE,140,71,0.07029709964990616,19
seed_123,SR-HSE,117,72,0.0702165812253952,7
seed_123,SR-HSE,184,73,0.06849254667758942,7
seed_123,SR-HSE,64,74,0.06604102998971939,7
seed_123,SR-HSE,126,75,0.06512074917554855,10
seed_123,SR-HSE,37,76,0.06484131515026093,7
seed_123,SR-HSE,170,77,0.062338199466466904,6
seed_123,SR-HSE,4,78,0.061995603144168854,9
seed_123,SR-HSE,83,79,0.06139581650495529,9
seed_123,SR-HSE,21,80,0.06101831793785095,13
seed_123,SR-HSE,154,81,0.0585700087249279,5
seed_123,SR-HSE,32,82,0.05851591005921364,8
seed_123,SR-HSE,86,83,0.05541658028960228,9
seed_123,SR-HSE,233,84,0.054727353155612946,6
seed_123,SR-HSE,263,85,0.0537821501493454,6
seed_123,SR-HSE,222,86,0.05255565419793129,4
seed_123,SR-HSE,81,87,0.05235661193728447,19
seed_123,SR-HSE,13,88,0.052310921251773834,6
seed_123,SR-HSE,75,89,0.05176332965493202,13
seed_123,SR-HSE,143,90,0.051738668233156204,5
seed_123,SR-HSE,299,91,0.051607709378004074,7
seed_123,SR-HSE,296,92,0.05118568614125252,10
seed_123,SR-HSE,42,93,0.04909658804535866,5
seed_123,SR-HSE,95,94,0.0484943687915802,4
seed_123,SR-HSE,109,95,0.04811752215027809,7
seed_123,SR-HSE,55,96,0.04729219153523445,6
seed_123,SR-HSE,270,97,0.04691494256258011,4
seed_123,SR-HSE,38,98,0.0468912199139595,4
seed_123,SR-HSE,250,99,0.046435847878456116,4
seed_123,SR-HSE,19,100,0.04641158506274223,4
seed_123,SR-HSE,108,101,0.0447356291115284,14
seed_123,SR-HSE,88,102,0.044178612530231476,4
seed_123,SR-HSE,90,103,0.042936526238918304,6
seed_123,SR-HSE,129,104,0.04262716695666313,9
seed_123,SR-HSE,183,105,0.04145863652229309,7
seed_123,SR-HSE,61,106,0.041115522384643555,6
seed_123,SR-HSE,166,107,0.03988531231880188,6
seed_123,SR-HSE,28,108,0.03806038945913315,7
seed_123,SR-HSE,247,109,0.037870246917009354,4
seed_123,SR-HSE,78,110,0.037742044776678085,5
seed_123,SR-HSE,204,111,0.036503616720438004,7
seed_123,SR-HSE,200,112,0.035710737109184265,8
seed_123,SR-HSE,152,113,0.03532731905579567,3
seed_123,SR-HSE,176,114,0.03484949842095375,5
seed_123,SR-HSE,102,115,0.03455379605293274,6
seed_123,SR-HSE,107,116,0.03419724479317665,6
seed_123,SR-HSE,99,117,0.034158069640398026,7
seed_123,SR-HSE,230,118,0.03361017629504204,3
seed_123,SR-HSE,36,119,0.033573299646377563,7
seed_123,SR-HSE,242,120,0.03342796862125397,6
seed_123,SR-HSE,124,121,0.03285316005349159,4
seed_123,SR-HSE,182,122,0.03190390765666962,2
seed_123,SR-HSE,127,123,0.031057551503181458,4
seed_123,SR-HSE,213,124,0.03104267455637455,4
seed_123,SR-HSE,237,125,0.030697166919708252,2
seed_123,SR-HSE,239,126,0.029661860316991806,3
seed_123,SR-HSE,268,127,0.028812283650040627,4
seed_123,SR-HSE,20,128,0.028179142624139786,4
seed_123,SR-HSE,235,129,0.027031755074858665,5
seed_123,SR-HSE,138,130,0.026909925043582916,3
seed_123,SR-HSE,149,131,0.02657380700111389,2
seed_123,SR-HSE,264,132,0.026549657806754112,3
seed_123,SR-HSE,77,133,0.026139289140701294,5
seed_123,SR-HSE,205,134,0.025775253772735596,3
seed_123,SR-HSE,91,135,0.025637349113821983,6
seed_123,SR-HSE,111,136,0.02553664706647396,5
seed_123,SR-HSE,44,137,0.0254359133541584,3
seed_123,SR-HSE,142,138,0.025398429483175278,3
seed_123,SR-HSE,276,139,0.02529492974281311,8
seed_123,SR-HSE,82,140,0.024491555988788605,4
seed_123,SR-HSE,248,141,0.024408023804426193,2
seed_123,SR-HSE,201,142,0.023941367864608765,4
seed_123,SR-HSE,212,143,0.023914966732263565,7
seed_123,SR-HSE,181,144,0.023600183427333832,4
seed_123,SR-HSE,122,145,0.02345351129770279,6
seed_123,SR-HSE,169,146,0.02165595442056656,8
seed_123,SR-HSE,35,147,0.021359652280807495,4
seed_123,SR-HSE,293,148,0.02122674509882927,3
seed_123,SR-HSE,218,149,0.021024838089942932,3
seed_123,SR-HSE,30,150,0.020388063043355942,5
seed_123,SR-HSE,14,151,0.019976137205958366,5
seed_123,SR-HSE,162,152,0.01938670128583908,3
seed_123,SR-HSE,286,153,0.019087517634034157,2
seed_123,SR-HSE,186,154,0.01874561235308647,3
seed_123,SR-HSE,45,155,0.018524600192904472,8
seed_123,SR-HSE,113,156,0.01790839433670044,13
seed_123,SR-HSE,69,157,0.017167815938591957,8
seed_123,SR-HSE,291,158,0.017138034105300903,2
seed_123,SR-HSE,246,159,0.01699640229344368,3
seed_123,SR-HSE,87,160,0.0169519055634737,4
seed_123,SR-HSE,1,161,0.016819428652524948,6
seed_123,SR-HSE,3,162,0.01675734855234623,6
seed_123,SR-HSE,50,163,0.016536006703972816,3
seed_123,SR-HSE,173,164,0.016474686563014984,4
seed_123,SR-HSE,194,165,0.016212867572903633,3
seed_123,SR-HSE,133,166,0.016201667487621307,6
seed_123,SR-HSE,104,167,0.015897521749138832,4
seed_123,SR-HSE,280,168,0.015654049813747406,3
seed_123,SR-HSE,198,169,0.015470569021999836,3
seed_123,SR-HSE,269,170,0.015413845889270306,4
seed_123,SR-HSE,120,171,0.01540164090692997,5
seed_123,SR-HSE,172,172,0.015370362438261509,4
seed_123,SR-HSE,85,173,0.014920088462531567,3
seed_123,SR-HSE,8,174,0.014438764192163944,6
seed_123,SR-HSE,206,175,0.01439631637185812,4
seed_123,SR-HSE,34,176,0.014393565244972706,5
seed_123,SR-HSE,220,177,0.014272784814238548,2
seed_123,SR-HSE,214,178,0.013570569455623627,2
seed_123,SR-HSE,187,179,0.01305723562836647,3
seed_123,SR-HSE,208,180,0.012793049216270447,3
seed_123,SR-HSE,274,181,0.012723850086331367,2
seed_123,SR-HSE,155,182,0.012713790871202946,3
seed_123,SR-HSE,106,183,0.012681463733315468,4
seed_123,SR-HSE,229,184,0.012564643286168575,7
seed_123,SR-HSE,27,185,0.012515747919678688,8
seed_123,SR-HSE,144,186,0.012472097761929035,7
seed_123,SR-HSE,16,187,0.012437235563993454,4
seed_123,SR-HSE,153,188,0.012071175500750542,2
seed_123,SR-HSE,295,189,0.01187033299356699,2
seed_123,SR-HSE,197,190,0.011675036512315273,3
seed_123,SR-HSE,103,191,0.011645409278571606,3
seed_123,SR-HSE,146,192,0.01140036340802908,5
seed_123,SR-HSE,227,193,0.011329658329486847,3
seed_123,SR-HSE,288,194,0.011201438494026661,2
seed_123,SR-HSE,51,195,0.011045469902455807,10
seed_123,SR-HSE,298,196,0.010993014089763165,4
seed_123,SR-HSE,17,197,0.010973075404763222,5
seed_123,SR-HSE,258,198,0.01066565327346325,3
seed_123,SR-HSE,191,199,0.009957188740372658,2
seed_123,SR-HSE,179,200,0.009907934814691544,3
seed_123,SR-HSE,48,201,0.009796801023185253,7
seed_123,SR-HSE,96,202,0.00969440396875143,5
seed_123,SR-HSE,134,203,0.009671718813478947,3
seed_123,SR-HSE,171,204,0.009625758044421673,2
seed_123,SR-HSE,292,205,0.009449807927012444,3
seed_123,SR-HSE,165,206,0.008856675587594509,4
seed_123,SR-HSE,202,207,0.00871203001588583,3
seed_123,SR-HSE,158,208,0.008471949025988579,3
seed_123,SR-HSE,267,209,0.008391059003770351,2
seed_123,SR-HSE,174,210,0.008227107115089893,2
seed_123,SR-HSE,196,211,0.008030619472265244,4
seed_123,SR-HSE,5,212,0.007899178192019463,4
seed_123,SR-HSE,65,213,0.007853763177990913,3
seed_123,SR-HSE,271,214,0.007791391108185053,3
seed_123,SR-HSE,207,215,0.007555673364549875,2
seed_123,SR-HSE,185,216,0.007357626222074032,3
seed_123,SR-HSE,255,217,0.0073187039233744144,2
seed_123,SR-HSE,100,218,0.007242749910801649,3
seed_123,SR-HSE,279,219,0.007098390255123377,2
seed_123,SR-HSE,53,220,0.006688625086098909,6
seed_123,SR-HSE,9,221,0.006650795694440603,3
seed_123,SR-HSE,11,222,0.006650232244282961,2
seed_123,SR-HSE,89,223,0.006648257374763489,3
seed_123,SR-HSE,116,224,0.006538678426295519,3
seed_123,SR-HSE,249,225,0.006478923372924328,3
seed_123,SR-HSE,161,226,0.006437384523451328,2
seed_123,SR-HSE,76,227,0.006334756035357714,2
seed_123,SR-HSE,105,228,0.0062993792816996574,3
seed_123,SR-HSE,68,229,0.0062034884467720985,2
seed_123,SR-HSE,18,230,0.0061552212573587894,4
seed_123,SR-HSE,47,231,0.006139253731817007,4
seed_123,SR-HSE,97,232,0.005922555457800627,2
seed_123,SR-HSE,163,233,0.005706340074539185,3
seed_123,SR-HSE,275,234,0.005596654489636421,2
seed_123,SR-HSE,101,235,0.005554417613893747,3
seed_123,SR-HSE,210,236,0.005453393328934908,6
seed_123,SR-HSE,94,237,0.005344985518604517,2
seed_123,SR-HSE,177,238,0.005278953351080418,4
seed_123,SR-HSE,115,239,0.00517529109492898,4
seed_123,SR-HSE,236,240,0.005097177345305681,3
seed_123,SR-HSE,232,241,0.005002209916710854,2
seed_123,SR-HSE,98,242,0.004638755228370428,2
seed_123,SR-HSE,254,243,0.004394322168081999,2
seed_123,SR-HSE,188,244,0.004373114090412855,2
seed_123,SR-HSE,240,245,0.004365888424217701,1
seed_123,SR-HSE,60,246,0.004360673483461142,3
seed_123,SR-HSE,215,247,0.004240470472723246,4
seed_123,SR-HSE,203,248,0.004160125274211168,4
seed_123,SR-HSE,121,249,0.004070740193128586,7
seed_123,SR-HSE,234,250,0.003962501883506775,2
seed_123,SR-HSE,251,251,0.0038859695196151733,3
seed_123,SR-HSE,118,252,0.00386634049937129,4
seed_123,SR-HSE,241,253,0.0036712372675538063,3
seed_123,SR-HSE,260,254,0.0036572280805557966,5
seed_123,SR-HSE,41,255,0.00363641744479537,2
seed_123,SR-HSE,273,256,0.00353491329587996,2
seed_123,SR-HSE,289,257,0.0034708480816334486,2
seed_123,SR-HSE,150,258,0.003317862516269088,3
seed_123,SR-HSE,54,259,0.0032598229590803385,5
seed_123,SR-HSE,262,260,0.0032110733445733786,3
seed_123,SR-HSE,226,261,0.003058144124224782,2
seed_123,SR-HSE,243,262,0.0027873178478330374,2
seed_123,SR-HSE,261,263,0.0027260254137218,3
seed_123,SR-HSE,297,264,0.0025882951449602842,1
seed_123,SR-HSE,131,265,0.0025354898534715176,2
seed_123,SR-HSE,26,266,0.0024882929865270853,4
seed_123,SR-HSE,137,267,0.0022998081985861063,2
seed_123,SR-HSE,259,268,0.00226907548494637,2
seed_123,SR-HSE,192,269,0.0021918786223977804,3
seed_123,SR-HSE,159,270,0.0021620120387524366,2
seed_123,SR-HSE,156,271,0.002154864137992263,2
seed_123,SR-HSE,253,272,0.0019753407686948776,1
seed_123,SR-HSE,164,273,0.001957027241587639,2
seed_123,SR-HSE,256,274,0.0018919527065008879,2
seed_123,SR-HSE,282,275,0.0018254810711368918,3
seed_123,SR-HSE,284,276,0.0017418432980775833,2
seed_123,SR-HSE,281,277,0.0017378733027726412,1
seed_123,SR-HSE,223,278,0.0017328355461359024,2
seed_123,SR-HSE,283,279,0.001649018144235015,2
seed_123,SR-HSE,265,280,0.001467598369345069,1
seed_123,SR-HSE,238,281,0.0013848842354491353,1
seed_123,SR-HSE,228,282,0.0012474666582420468,4
seed_123,SR-HSE,151,283,0.0012310600141063333,2
seed_123,SR-HSE,224,284,0.0010850921971723437,2
seed_123,SR-HSE,132,285,0.0010705315507948399,2
seed_123,SR-HSE,216,286,0.0007336178096011281,2
seed_123,SR-HSE,178,287,0.0006744435522705317,2
seed_123,SR-HSE,278,288,0.0005833378527313471,2
seed_123,SR-HSE,119,289,0.0004538469947874546,2
seed_123,SR-HSE,141,290,0.00041655608220025897,2
seed_123,SR-HSE,125,291,0.0003861203440465033,3
seed_123,SR-HSE,285,292,0.0003251175512559712,1
seed_123,SR-HSE,294,293,0.00021421564451884478,2
seed_123,SR-HSE,157,294,0.00010098284110426903,2
seed_123,SR-HSE,277,295,0.0,1
seed_123,SR-HSE,199,296,0.0,2
seed_123,SR-HSE,272,297,0.0,1
seed_123,SR-HSE,266,298,0.0,1
seed_123,SR-HSE,244,299,0.0,1
seed_123,NR-AR-LBD,70,0,4.506755352020264,27
seed_123,NR-AR-LBD,168,1,2.604752779006958,79
seed_123,NR-AR-LBD,72,2,2.1677396297454834,15
seed_123,NR-AR-LBD,7,3,1.680595874786377,33
seed_123,NR-AR-LBD,128,4,1.4581358432769775,42
seed_123,NR-AR-LBD,110,5,1.4536404609680176,20
seed_123,NR-AR-LBD,63,6,1.3246265649795532,51
seed_123,NR-AR-LBD,62,7,1.0620472431182861,24
seed_123,NR-AR-LBD,0,8,0.9488946795463562,20
seed_123,NR-AR-LBD,139,9,0.919249951839447,12
seed_123,NR-AR-LBD,74,10,0.8667284250259399,19
seed_123,NR-AR-LBD,73,11,0.8173727989196777,16
seed_123,NR-AR-LBD,6,12,0.7618235349655151,18
seed_123,NR-AR-LBD,24,13,0.7528064846992493,21
seed_123,NR-AR-LBD,84,14,0.6916173696517944,15
seed_123,NR-AR-LBD,10,15,0.689078688621521,17
seed_123,NR-AR-LBD,71,16,0.6479614973068237,11
seed_123,NR-AR-LBD,29,17,0.6253431439399719,39
seed_123,NR-AR-LBD,287,18,0.5831347703933716,8
seed_123,NR-AR-LBD,52,19,0.5510006546974182,16
seed_123,NR-AR-LBD,57,20,0.5506731271743774,9
seed_123,NR-AR-LBD,189,21,0.5229949355125427,9
seed_123,NR-AR-LBD,22,22,0.5149240493774414,13
seed_123,NR-AR-LBD,66,23,0.4422530233860016,13
seed_123,NR-AR-LBD,231,24,0.43701255321502686,8
seed_123,NR-AR-LBD,252,25,0.41737645864486694,4
seed_123,NR-AR-LBD,15,26,0.4101303219795227,26
seed_123,NR-AR-LBD,219,27,0.39174434542655945,16
seed_123,NR-AR-LBD,221,28,0.38468119502067566,6
seed_123,NR-AR-LBD,23,29,0.38030925393104553,30
seed_123,NR-AR-LBD,33,30,0.3795810043811798,17
seed_123,NR-AR-LBD,184,31,0.37762463092803955,7
seed_123,NR-AR-LBD,2,32,0.37568777799606323,14
seed_123,NR-AR-LBD,49,33,0.37073004245758057,17
seed_123,NR-AR-LBD,209,34,0.36843356490135193,7
seed_123,NR-AR-LBD,58,35,0.36021050810813904,10
seed_123,NR-AR-LBD,46,36,0.323253333568573,13
seed_123,NR-AR-LBD,245,37,0.2957426607608795,15
seed_123,NR-AR-LBD,296,38,0.2936951518058777,10
seed_123,NR-AR-LBD,136,39,0.27941107749938965,18
seed_123,NR-AR-LBD,114,40,0.26499488949775696,7
seed_123,NR-AR-LBD,217,41,0.26430198550224304,4
seed_123,NR-AR-LBD,92,42,0.2635329067707062,21
seed_123,NR-AR-LBD,40,43,0.26326799392700195,6
seed_123,NR-AR-LBD,67,44,0.25134986639022827,16
seed_123,NR-AR-LBD,79,45,0.2483433336019516,9
seed_123,NR-AR-LBD,56,46,0.24722793698310852,17
seed_123,NR-AR-LBD,190,47,0.24342240393161774,13
seed_123,NR-AR-LBD,204,48,0.24209536612033844,7
seed_123,NR-AR-LBD,59,49,0.23994962871074677,8
seed_123,NR-AR-LBD,12,50,0.2340133935213089,6
seed_123,NR-AR-LBD,123,51,0.22454479336738586,11
seed_123,NR-AR-LBD,25,52,0.2232232540845871,8
seed_123,NR-AR-LBD,170,53,0.22312535345554352,6
seed_123,NR-AR-LBD,36,54,0.21930484473705292,7
seed_123,NR-AR-LBD,117,55,0.21050526201725006,7
seed_123,NR-AR-LBD,160,56,0.20939195156097412,11
seed_123,NR-AR-LBD,21,57,0.20341143012046814,13
seed_123,NR-AR-LBD,107,58,0.2032838612794876,6
seed_123,NR-AR-LBD,180,59,0.20312952995300293,5
seed_123,NR-AR-LBD,93,60,0.20009952783584595,16
seed_123,NR-AR-LBD,147,61,0.1960124522447586,16
seed_123,NR-AR-LBD,222,62,0.1885688751935959,4
seed_123,NR-AR-LBD,99,63,0.18764717876911163,7
seed_123,NR-AR-LBD,211,64,0.18650726974010468,13
seed_123,NR-AR-LBD,39,65,0.182592511177063,9
seed_123,NR-AR-LBD,175,66,0.1821688413619995,9
seed_123,NR-AR-LBD,43,67,0.1792340874671936,9
seed_123,NR-AR-LBD,112,68,0.17646996676921844,10
seed_123,NR-AR-LBD,145,69,0.17622800171375275,17
seed_123,NR-AR-LBD,193,70,0.17405995726585388,9
seed_123,NR-AR-LBD,126,71,0.17404133081436157,10
seed_123,NR-AR-LBD,290,72,0.1724642962217331,10
seed_123,NR-AR-LBD,299,73,0.16174975037574768,7
seed_123,NR-AR-LBD,88,74,0.16128571331501007,4
seed_123,NR-AR-LBD,31,75,0.15977483987808228,20
seed_123,NR-AR-LBD,263,76,0.15568971633911133,6
seed_123,NR-AR-LBD,80,77,0.15527555346488953,8
seed_123,NR-AR-LBD,111,78,0.1546936184167862,5
seed_123,NR-AR-LBD,1,79,0.14283223450183868,6
seed_123,NR-AR-LBD,140,80,0.14094285666942596,19
seed_123,NR-AR-LBD,135,81,0.13872219622135162,9
seed_123,NR-AR-LBD,166,82,0.13544707000255585,6
seed_123,NR-AR-LBD,81,83,0.13303737342357635,19
seed_123,NR-AR-LBD,142,84,0.1257738471031189,3
seed_123,NR-AR-LBD,83,85,0.12306009232997894,9
seed_123,NR-AR-LBD,129,86,0.12292663753032684,9
seed_123,NR-AR-LBD,148,87,0.12189698219299316,14
seed_123,NR-AR-LBD,78,88,0.12180337309837341,5
seed_123,NR-AR-LBD,269,89,0.11780355125665665,4
seed_123,NR-AR-LBD,13,90,0.11779110878705978,6
seed_123,NR-AR-LBD,113,91,0.11746766418218613,13
seed_123,NR-AR-LBD,176,92,0.11328376084566116,5
seed_123,NR-AR-LBD,75,93,0.11315730959177017,13
seed_123,NR-AR-LBD,37,94,0.11256133019924164,7
seed_123,NR-AR-LBD,257,95,0.11254877597093582,8
seed_123,NR-AR-LBD,64,96,0.10980460792779922,7
seed_123,NR-AR-LBD,200,97,0.10616959631443024,8
seed_123,NR-AR-LBD,4,98,0.10573410987854004,9
seed_123,NR-AR-LBD,143,99,0.10453467071056366,5
seed_123,NR-AR-LBD,276,100,0.10398434102535248,8
seed_123,NR-AR-LBD,242,101,0.10364458709955215,6
seed_123,NR-AR-LBD,127,102,0.10230153053998947,4
seed_123,NR-AR-LBD,86,103,0.10227212309837341,9
seed_123,NR-AR-LBD,106,104,0.10208050906658173,4
seed_123,NR-AR-LBD,108,105,0.10205444693565369,14
seed_123,NR-AR-LBD,91,106,0.0982658714056015,6
seed_123,NR-AR-LBD,201,107,0.09595693647861481,4
seed_123,NR-AR-LBD,247,108,0.09593664109706879,4
seed_123,NR-AR-LBD,82,109,0.09546006470918655,4
seed_123,NR-AR-LBD,195,110,0.09483493864536285,11
seed_123,NR-AR-LBD,212,111,0.08592215925455093,7
seed_123,NR-AR-LBD,248,112,0.08024149388074875,2
seed_123,NR-AR-LBD,28,113,0.07820375263690948,7
seed_123,NR-AR-LBD,264,114,0.07766234874725342,3
seed_123,NR-AR-LBD,90,115,0.07279305905103683,6
seed_123,NR-AR-LBD,255,116,0.07243328541517258,2
seed_123,NR-AR-LBD,225,117,0.07043300569057465,6
seed_123,NR-AR-LBD,14,118,0.06947839260101318,5
seed_123,NR-AR-LBD,274,119,0.06846874207258224,2
seed_123,NR-AR-LBD,35,120,0.06677395850419998,4
seed_123,NR-AR-LBD,229,121,0.06655897945165634,7
seed_123,NR-AR-LBD,45,122,0.06648615002632141,8
seed_123,NR-AR-LBD,270,123,0.06625466048717499,4
seed_123,NR-AR-LBD,42,124,0.06395386904478073,5
seed_123,NR-AR-LBD,146,125,0.06360109895467758,5
seed_123,NR-AR-LBD,183,126,0.06281472742557526,7
seed_123,NR-AR-LBD,154,127,0.06226629018783569,5
seed_123,NR-AR-LBD,17,128,0.06182317063212395,5
seed_123,NR-AR-LBD,246,129,0.06153225153684616,3
seed_123,NR-AR-LBD,44,130,0.0608656220138073,3
seed_123,NR-AR-LBD,109,131,0.06072378158569336,7
seed_123,NR-AR-LBD,169,132,0.05960724130272865,8
seed_123,NR-AR-LBD,167,133,0.05944754183292389,6
seed_123,NR-AR-LBD,32,134,0.05724046006798744,8
seed_123,NR-AR-LBD,235,135,0.056265220046043396,5
seed_123,NR-AR-LBD,214,136,0.05402239039540291,2
seed_123,NR-AR-LBD,220,137,0.051813848316669464,2
seed_123,NR-AR-LBD,104,138,0.05145055800676346,4
seed_123,NR-AR-LBD,172,139,0.04935191944241524,4
seed_123,NR-AR-LBD,130,140,0.04888623580336571,4
seed_123,NR-AR-LBD,251,141,0.048657454550266266,3
seed_123,NR-AR-LBD,122,142,0.04857049137353897,6
seed_123,NR-AR-LBD,100,143,0.048208411782979965,3
seed_123,NR-AR-LBD,27,144,0.046810682862997055,8
seed_123,NR-AR-LBD,85,145,0.04672959819436073,3
seed_123,NR-AR-LBD,51,146,0.045888617634773254,10
seed_123,NR-AR-LBD,202,147,0.04524749517440796,3
seed_123,NR-AR-LBD,48,148,0.043916478753089905,7
seed_123,NR-AR-LBD,173,149,0.0438697449862957,4
seed_123,NR-AR-LBD,55,150,0.04326687380671501,6
seed_123,NR-AR-LBD,165,151,0.04308231547474861,4
seed_123,NR-AR-LBD,196,152,0.04229027405381203,4
seed_123,NR-AR-LBD,295,153,0.04224807769060135,2
seed_123,NR-AR-LBD,54,154,0.04186975210905075,5
seed_123,NR-AR-LBD,105,155,0.04066384956240654,3
seed_123,NR-AR-LBD,144,156,0.040577758103609085,7
seed_123,NR-AR-LBD,120,157,0.04054776579141617,5
seed_123,NR-AR-LBD,289,158,0.040463630110025406,2
seed_123,NR-AR-LBD,182,159,0.040447600185871124,2
seed_123,NR-AR-LBD,103,160,0.04007802531123161,3
seed_123,NR-AR-LBD,239,161,0.03964172676205635,3
seed_123,NR-AR-LBD,20,162,0.03931928426027298,4
seed_123,NR-AR-LBD,233,163,0.039071761071681976,6
seed_123,NR-AR-LBD,149,164,0.03899130970239639,2
seed_123,NR-AR-LBD,138,165,0.03768646717071533,3
seed_123,NR-AR-LBD,95,166,0.03747273609042168,4
seed_123,NR-AR-LBD,163,167,0.03611680492758751,3
seed_123,NR-AR-LBD,102,168,0.035397496074438095,6
seed_123,NR-AR-LBD,3,169,0.03530813381075859,6
seed_123,NR-AR-LBD,134,170,0.035249922424554825,3
seed_123,NR-AR-LBD,150,171,0.034455377608537674,3
seed_123,NR-AR-LBD,89,172,0.033825699239969254,3
seed_123,NR-AR-LBD,268,173,0.03312306851148605,4
seed_123,NR-AR-LBD,213,174,0.0326499417424202,4
seed_123,NR-AR-LBD,9,175,0.03247567266225815,3
seed_123,NR-AR-LBD,250,176,0.031931594014167786,4
seed_123,NR-AR-LBD,254,177,0.031230932101607323,2
seed_123,NR-AR-LBD,237,178,0.03043079748749733,2
seed_123,NR-AR-LBD,34,179,0.030427061021327972,5
seed_123,NR-AR-LBD,293,180,0.03021886572241783,3
seed_123,NR-AR-LBD,181,181,0.029314761981368065,4
seed_123,NR-AR-LBD,280,182,0.029114319011569023,3
seed_123,NR-AR-LBD,60,183,0.028922388330101967,3
seed_123,NR-AR-LBD,30,184,0.0288650244474411,5
seed_123,NR-AR-LBD,260,185,0.028579644858837128,5
seed_123,NR-AR-LBD,115,186,0.028220171108841896,4
seed_123,NR-AR-LBD,152,187,0.028140228241682053,3
seed_123,NR-AR-LBD,87,188,0.028131818398833275,4
seed_123,NR-AR-LBD,185,189,0.02800310030579567,3
seed_123,NR-AR-LBD,97,190,0.027106821537017822,2
seed_123,NR-AR-LBD,234,191,0.026757797226309776,2
seed_123,NR-AR-LBD,298,192,0.026445738971233368,4
seed_123,NR-AR-LBD,218,193,0.026099104434251785,3
seed_123,NR-AR-LBD,47,194,0.02607617899775505,4
seed_123,NR-AR-LBD,158,195,0.02591692842543125,3
seed_123,NR-AR-LBD,198,196,0.025799555703997612,3
seed_123,NR-AR-LBD,230,197,0.02548713982105255,3
seed_123,NR-AR-LBD,271,198,0.025386473163962364,3
seed_123,NR-AR-LBD,262,199,0.025219248607754707,3
seed_123,NR-AR-LBD,292,200,0.02495955117046833,3
seed_123,NR-AR-LBD,155,201,0.02491665817797184,3
seed_123,NR-AR-LBD,215,202,0.024887841194868088,4
seed_123,NR-AR-LBD,26,203,0.024869544431567192,4
seed_123,NR-AR-LBD,187,204,0.02447950467467308,3
seed_123,NR-AR-LBD,188,205,0.024456968531012535,2
seed_123,NR-AR-LBD,50,206,0.024304641410708427,3
seed_123,NR-AR-LBD,236,207,0.023906312882900238,3
seed_123,NR-AR-LBD,243,208,0.023585688322782516,2
seed_123,NR-AR-LBD,16,209,0.023055845871567726,4
seed_123,NR-AR-LBD,210,210,0.022274592891335487,6
seed_123,NR-AR-LBD,124,211,0.02118559181690216,4
seed_123,NR-AR-LBD,69,212,0.02109571546316147,8
seed_123,NR-AR-LBD,232,213,0.020693829283118248,2
seed_123,NR-AR-LBD,96,214,0.020540086552500725,5
seed_123,NR-AR-LBD,249,215,0.020419100299477577,3
seed_123,NR-AR-LBD,61,216,0.020228346809744835,6
seed_123,NR-AR-LBD,8,217,0.020016390830278397,6
seed_123,NR-AR-LBD,179,218,0.019902383908629417,3
seed_123,NR-AR-LBD,291,219,0.019860317930579185,2
seed_123,NR-AR-LBD,159,220,0.019817955791950226,2
seed_123,NR-AR-LBD,224,221,0.019753336906433105,2
seed_123,NR-AR-LBD,133,222,0.01945405825972557,6
seed_123,NR-AR-LBD,19,223,0.019418681040406227,4
seed_123,NR-AR-LBD,77,224,0.019182628020644188,5
seed_123,NR-AR-LBD,191,225,0.019115466624498367,2
seed_123,NR-AR-LBD,38,226,0.0191036369651556,4
seed_123,NR-AR-LBD,161,227,0.018966946750879288,2
seed_123,NR-AR-LBD,178,228,0.018287908285856247,2
seed_123,NR-AR-LBD,186,229,0.018148036673665047,3
seed_123,NR-AR-LBD,208,230,0.018076186999678612,3
seed_123,NR-AR-LBD,228,231,0.017983438447117805,4
seed_123,NR-AR-LBD,68,232,0.017166273668408394,2
seed_123,NR-AR-LBD,192,233,0.0171180609613657,3
seed_123,NR-AR-LBD,253,234,0.016755562275648117,1
seed_123,NR-AR-LBD,177,235,0.01651807874441147,4
seed_123,NR-AR-LBD,240,236,0.016172656789422035,1
seed_123,NR-AR-LBD,53,237,0.015672018751502037,6
seed_123,NR-AR-LBD,5,238,0.01552321296185255,4
seed_123,NR-AR-LBD,206,239,0.015358081087470055,4
seed_123,NR-AR-LBD,162,240,0.01519061904400587,3
seed_123,NR-AR-LBD,194,241,0.015003029257059097,3
seed_123,NR-AR-LBD,207,242,0.014898514375090599,2
seed_123,NR-AR-LBD,118,243,0.014821107499301434,4
seed_123,NR-AR-LBD,197,244,0.014695577323436737,3
seed_123,NR-AR-LBD,286,245,0.0143491355702281,2
seed_123,NR-AR-LBD,153,246,0.014301473274827003,2
seed_123,NR-AR-LBD,273,247,0.014187417924404144,2
seed_123,NR-AR-LBD,226,248,0.01394912600517273,2
seed_123,NR-AR-LBD,205,249,0.012739920988678932,3
seed_123,NR-AR-LBD,174,250,0.011915159411728382,2
seed_123,NR-AR-LBD,203,251,0.011904843151569366,4
seed_123,NR-AR-LBD,116,252,0.011173996143043041,3
seed_123,NR-AR-LBD,131,253,0.01112454105168581,2
seed_123,NR-AR-LBD,101,254,0.010699430480599403,3
seed_123,NR-AR-LBD,223,255,0.009741387329995632,2
seed_123,NR-AR-LBD,132,256,0.009560869075357914,2
seed_123,NR-AR-LBD,241,257,0.009445284493267536,3
seed_123,NR-AR-LBD,288,258,0.009398995898663998,2
seed_123,NR-AR-LBD,121,259,0.009097154252231121,7
seed_123,NR-AR-LBD,267,260,0.008893163874745369,2
seed_123,NR-AR-LBD,261,261,0.007512274663895369,3
seed_123,NR-AR-LBD,171,262,0.007197408005595207,2
seed_123,NR-AR-LBD,119,263,0.0066317408345639706,2
seed_123,NR-AR-LBD,279,264,0.006608311086893082,2
seed_123,NR-AR-LBD,259,265,0.006465218961238861,2
seed_123,NR-AR-LBD,18,266,0.0063596442341804504,4
seed_123,NR-AR-LBD,258,267,0.005351352505385876,3
seed_123,NR-AR-LBD,65,268,0.005276473239064217,3
seed_123,NR-AR-LBD,265,269,0.005011768080294132,1
seed_123,NR-AR-LBD,76,270,0.004856546875089407,2
seed_123,NR-AR-LBD,151,271,0.004751984495669603,2
seed_123,NR-AR-LBD,238,272,0.004665775690227747,1
seed_123,NR-AR-LBD,227,273,0.004650529939681292,3
seed_123,NR-AR-LBD,94,274,0.004039473831653595,2
seed_123,NR-AR-LBD,164,275,0.003883347613736987,2
seed_123,NR-AR-LBD,297,276,0.003837548429146409,1
seed_123,NR-AR-LBD,284,277,0.003831624984741211,2
seed_123,NR-AR-LBD,285,278,0.0032669517677277327,1
seed_123,NR-AR-LBD,41,279,0.0030475680250674486,2
seed_123,NR-AR-LBD,275,280,0.002528092823922634,2
seed_123,NR-AR-LBD,137,281,0.002465104917064309,2
seed_123,NR-AR-LBD,11,282,0.0024331535678356886,2
seed_123,NR-AR-LBD,256,283,0.0023981109261512756,2
seed_123,NR-AR-LBD,282,284,0.002125322353094816,3
seed_123,NR-AR-LBD,278,285,0.0016955271130427718,2
seed_123,NR-AR-LBD,141,286,0.0016675926744937897,2
seed_123,NR-AR-LBD,157,287,0.0013273929944261909,2
seed_123,NR-AR-LBD,283,288,0.0012786192819476128,2
seed_123,NR-AR-LBD,98,289,0.0009816802339628339,2
seed_123,NR-AR-LBD,216,290,0.0006835238309577107,2
seed_123,NR-AR-LBD,156,291,0.0006513915141113102,2
seed_123,NR-AR-LBD,281,292,0.0006101351464167237,1
seed_123,NR-AR-LBD,294,293,0.0005110583151690662,2
seed_123,NR-AR-LBD,125,294,0.0004813335544895381,3
seed_123,NR-AR-LBD,272,295,0.0,1
seed_123,NR-AR-LBD,199,296,0.0,2
seed_123,NR-AR-LBD,266,297,0.0,1
seed_123,NR-AR-LBD,277,298,0.0,1
seed_123,NR-AR-LBD,244,299,0.0,1
seed_123,NR-ER,70,0,4.2714033126831055,27
seed_123,NR-ER,168,1,4.009280204772949,79
seed_123,NR-ER,72,2,2.67525577545166,15
seed_123,NR-ER,7,3,2.1988611221313477,33
seed_123,NR-ER,128,4,2.047873020172119,42
seed_123,NR-ER,139,5,1.7135266065597534,12
seed_123,NR-ER,63,6,1.6350665092468262,51
seed_123,NR-ER,62,7,1.365107536315918,24
seed_123,NR-ER,74,8,1.1657644510269165,19
seed_123,NR-ER,52,9,1.1614097356796265,16
seed_123,NR-ER,0,10,1.1078650951385498,20
seed_123,NR-ER,10,11,1.1010767221450806,17
seed_123,NR-ER,29,12,1.0225690603256226,39
seed_123,NR-ER,110,13,1.0032224655151367,20
seed_123,NR-ER,24,14,0.7753598690032959,21
seed_123,NR-ER,57,15,0.7662209272384644,9
seed_123,NR-ER,6,16,0.7174021005630493,18
seed_123,NR-ER,66,17,0.6765141487121582,13
seed_123,NR-ER,23,18,0.6619428396224976,30
seed_123,NR-ER,252,19,0.6580377221107483,4
seed_123,NR-ER,84,20,0.5801061987876892,15
seed_123,NR-ER,73,21,0.5676825046539307,16
seed_123,NR-ER,263,22,0.5614485144615173,6
seed_123,NR-ER,189,23,0.5240148305892944,9
seed_123,NR-ER,287,24,0.5218620300292969,8
seed_123,NR-ER,175,25,0.5122866034507751,9
seed_123,NR-ER,221,26,0.508721113204956,6
seed_123,NR-ER,58,27,0.4715879559516907,10
seed_123,NR-ER,56,28,0.46235722303390503,17
seed_123,NR-ER,71,29,0.4570085406303406,11
seed_123,NR-ER,245,30,0.4404580593109131,15
seed_123,NR-ER,15,31,0.4368501603603363,26
seed_123,NR-ER,2,32,0.4301109313964844,14
seed_123,NR-ER,49,33,0.4266696572303772,17
seed_123,NR-ER,46,34,0.41822507977485657,13
seed_123,NR-ER,231,35,0.3977975845336914,8
seed_123,NR-ER,25,36,0.3976881504058838,8
seed_123,NR-ER,160,37,0.3927675783634186,11
seed_123,NR-ER,22,38,0.3760666847229004,13
seed_123,NR-ER,40,39,0.3724253475666046,6
seed_123,NR-ER,33,40,0.36678463220596313,17
seed_123,NR-ER,180,41,0.35923901200294495,5
seed_123,NR-ER,123,42,0.35121962428092957,11
seed_123,NR-ER,190,43,0.34293419122695923,13
seed_123,NR-ER,219,44,0.341492235660553,16
seed_123,NR-ER,204,45,0.3324679732322693,7
seed_123,NR-ER,140,46,0.32783910632133484,19
seed_123,NR-ER,39,47,0.3271312117576599,9
seed_123,NR-ER,148,48,0.3200317919254303,14
seed_123,NR-ER,99,49,0.30087998509407043,7
seed_123,NR-ER,21,50,0.29959341883659363,13
seed_123,NR-ER,135,51,0.2986117899417877,9
seed_123,NR-ER,114,52,0.29203885793685913,7
seed_123,NR-ER,92,53,0.29015907645225525,21
seed_123,NR-ER,296,54,0.2884943187236786,10
seed_123,NR-ER,195,55,0.2806776165962219,11
seed_123,NR-ER,59,56,0.2771620750427246,8
seed_123,NR-ER,136,57,0.27641934156417847,18
seed_123,NR-ER,93,58,0.2702631950378418,16
seed_123,NR-ER,108,59,0.2667086720466614,14
seed_123,NR-ER,79,60,0.2647601366043091,9
seed_123,NR-ER,147,61,0.2562149465084076,16
seed_123,NR-ER,167,62,0.2527919113636017,6
seed_123,NR-ER,184,63,0.2527725398540497,7
seed_123,NR-ER,126,64,0.25257495045661926,10
seed_123,NR-ER,222,65,0.24888625741004944,4
seed_123,NR-ER,145,66,0.2427787482738495,17
seed_123,NR-ER,211,67,0.23932184278964996,13
seed_123,NR-ER,257,68,0.23539766669273376,8
seed_123,NR-ER,193,69,0.23500417172908783,9
seed_123,NR-ER,209,70,0.232206329703331,7
seed_123,NR-ER,31,71,0.23102585971355438,20
seed_123,NR-ER,269,72,0.23074930906295776,4
seed_123,NR-ER,83,73,0.22925211489200592,9
seed_123,NR-ER,42,74,0.22680671513080597,5
seed_123,NR-ER,37,75,0.22185924649238586,7
seed_123,NR-ER,80,76,0.21607765555381775,8
seed_123,NR-ER,67,77,0.20604707300662994,16
seed_123,NR-ER,12,78,0.20283421874046326,6
seed_123,NR-ER,250,79,0.20282593369483948,4
seed_123,NR-ER,112,80,0.20212368667125702,10
seed_123,NR-ER,247,81,0.20186839997768402,4
seed_123,NR-ER,75,82,0.20034390687942505,13
seed_123,NR-ER,127,83,0.1944180727005005,4
seed_123,NR-ER,36,84,0.19388332962989807,7
seed_123,NR-ER,225,85,0.18984727561473846,6
seed_123,NR-ER,130,86,0.18828730285167694,4
seed_123,NR-ER,217,87,0.18596121668815613,4
seed_123,NR-ER,1,88,0.18349118530750275,6
seed_123,NR-ER,109,89,0.18285343050956726,7
seed_123,NR-ER,290,90,0.17776837944984436,10
seed_123,NR-ER,45,91,0.17536458373069763,8
seed_123,NR-ER,91,92,0.16910845041275024,6
seed_123,NR-ER,43,93,0.16640348732471466,9
seed_123,NR-ER,107,94,0.16619127988815308,6
seed_123,NR-ER,50,95,0.16239628195762634,3
seed_123,NR-ER,129,96,0.1569277048110962,9
seed_123,NR-ER,81,97,0.1559954732656479,19
seed_123,NR-ER,4,98,0.1551450788974762,9
seed_123,NR-ER,111,99,0.1545659601688385,5
seed_123,NR-ER,77,100,0.1523854285478592,5
seed_123,NR-ER,200,101,0.15096664428710938,8
seed_123,NR-ER,104,102,0.1495552808046341,4
seed_123,NR-ER,176,103,0.14742912352085114,5
seed_123,NR-ER,32,104,0.14517413079738617,8
seed_123,NR-ER,78,105,0.1441889852285385,5
seed_123,NR-ER,143,106,0.1420300453901291,5
seed_123,NR-ER,117,107,0.14162160456180573,7
seed_123,NR-ER,13,108,0.14055480062961578,6
seed_123,NR-ER,233,109,0.13775289058685303,6
seed_123,NR-ER,154,110,0.13559742271900177,5
seed_123,NR-ER,170,111,0.13470345735549927,6
seed_123,NR-ER,242,112,0.13450084626674652,6
seed_123,NR-ER,248,113,0.13411952555179596,2
seed_123,NR-ER,232,114,0.1323063224554062,2
seed_123,NR-ER,86,115,0.1280250996351242,9
seed_123,NR-ER,120,116,0.12552139163017273,5
seed_123,NR-ER,64,117,0.12421469390392303,7
seed_123,NR-ER,166,118,0.11648717522621155,6
seed_123,NR-ER,299,119,0.11497076600790024,7
seed_123,NR-ER,113,120,0.11309653520584106,13
seed_123,NR-ER,270,121,0.11005983501672745,4
seed_123,NR-ER,183,122,0.1096208393573761,7
seed_123,NR-ER,144,123,0.10489160567522049,7
seed_123,NR-ER,69,124,0.10200521349906921,8
seed_123,NR-ER,122,125,0.1012919470667839,6
seed_123,NR-ER,149,126,0.10050905495882034,2
seed_123,NR-ER,212,127,0.10006304085254669,7
seed_123,NR-ER,51,128,0.09791801869869232,10
seed_123,NR-ER,106,129,0.09608746320009232,4
seed_123,NR-ER,293,130,0.09348375350236893,3
seed_123,NR-ER,291,131,0.09182336181402206,2
seed_123,NR-ER,14,132,0.09065977483987808,5
seed_123,NR-ER,138,133,0.08650338649749756,3
seed_123,NR-ER,235,134,0.08542384207248688,5
seed_123,NR-ER,172,135,0.08505301922559738,4
seed_123,NR-ER,28,136,0.08495482802391052,7
seed_123,NR-ER,220,137,0.07768119871616364,2
seed_123,NR-ER,34,138,0.07656931132078171,5
seed_123,NR-ER,48,139,0.07542455196380615,7
seed_123,NR-ER,55,140,0.07523580640554428,6
seed_123,NR-ER,142,141,0.07090166211128235,3
seed_123,NR-ER,61,142,0.07000786811113358,6
seed_123,NR-ER,44,143,0.06995242834091187,3
seed_123,NR-ER,229,144,0.06689653545618057,7
seed_123,NR-ER,198,145,0.06678015738725662,3
seed_123,NR-ER,268,146,0.06626000255346298,4
seed_123,NR-ER,17,147,0.06455084681510925,5
seed_123,NR-ER,181,148,0.06302366405725479,4
seed_123,NR-ER,276,149,0.06081509590148926,8
seed_123,NR-ER,96,150,0.060699209570884705,5
seed_123,NR-ER,158,151,0.060461852699518204,3
seed_123,NR-ER,163,152,0.05929643288254738,3
seed_123,NR-ER,165,153,0.05917179957032204,4
seed_123,NR-ER,20,154,0.05829579755663872,4
seed_123,NR-ER,82,155,0.05794479325413704,4
seed_123,NR-ER,196,156,0.05737454816699028,4
seed_123,NR-ER,255,157,0.056820258498191833,2
seed_123,NR-ER,115,158,0.0564681738615036,4
seed_123,NR-ER,201,159,0.056153688579797745,4
seed_123,NR-ER,30,160,0.05603133887052536,5
seed_123,NR-ER,3,161,0.0557355061173439,6
seed_123,NR-ER,251,162,0.05558723956346512,3
seed_123,NR-ER,88,163,0.05498289689421654,4
seed_123,NR-ER,215,164,0.0543074868619442,4
seed_123,NR-ER,179,165,0.05412865802645683,3
seed_123,NR-ER,254,166,0.053034182637929916,2
seed_123,NR-ER,206,167,0.05185853689908981,4
seed_123,NR-ER,237,168,0.05117262899875641,2
seed_123,NR-ER,246,169,0.05088973790407181,3
seed_123,NR-ER,65,170,0.05069916322827339,3
seed_123,NR-ER,197,171,0.05021078884601593,3
seed_123,NR-ER,205,172,0.04965662211179733,3
seed_123,NR-ER,27,173,0.04886946082115173,8
seed_123,NR-ER,102,174,0.04885054752230644,6
seed_123,NR-ER,239,175,0.04839712008833885,3
seed_123,NR-ER,105,176,0.04809693992137909,3
seed_123,NR-ER,284,177,0.048038072884082794,2
seed_123,NR-ER,214,178,0.04798312857747078,2
seed_123,NR-ER,298,179,0.0469326376914978,4
seed_123,NR-ER,271,180,0.04580886289477348,3
seed_123,NR-ER,103,181,0.04507998749613762,3
seed_123,NR-ER,289,182,0.044157274067401886,2
seed_123,NR-ER,288,183,0.04351301118731499,2
seed_123,NR-ER,134,184,0.04317832738161087,3
seed_123,NR-ER,152,185,0.042757485061883926,3
seed_123,NR-ER,35,186,0.04267057031393051,4
seed_123,NR-ER,90,187,0.04235057905316353,6
seed_123,NR-ER,155,188,0.04226556420326233,3
seed_123,NR-ER,54,189,0.04194939509034157,5
seed_123,NR-ER,85,190,0.041788458824157715,3
seed_123,NR-ER,274,191,0.040459878742694855,2
seed_123,NR-ER,262,192,0.04045215994119644,3
seed_123,NR-ER,203,193,0.03966022655367851,4
seed_123,NR-ER,286,194,0.03949589282274246,2
seed_123,NR-ER,186,195,0.03919093310832977,3
seed_123,NR-ER,210,196,0.03903701901435852,6
seed_123,NR-ER,218,197,0.038876812905073166,3
seed_123,NR-ER,280,198,0.038716934621334076,3
seed_123,NR-ER,47,199,0.0386236272752285,4
seed_123,NR-ER,213,200,0.037106677889823914,4
seed_123,NR-ER,19,201,0.03642731159925461,4
seed_123,NR-ER,53,202,0.03629250079393387,6
seed_123,NR-ER,243,203,0.036030616611242294,2
seed_123,NR-ER,207,204,0.035614680498838425,2
seed_123,NR-ER,208,205,0.035420916974544525,3
seed_123,NR-ER,295,206,0.03516235947608948,2
seed_123,NR-ER,131,207,0.03476611524820328,2
seed_123,NR-ER,227,208,0.03434901311993599,3
seed_123,NR-ER,16,209,0.03364507853984833,4
seed_123,NR-ER,121,210,0.032281309366226196,7
seed_123,NR-ER,38,211,0.0309589896351099,4
seed_123,NR-ER,162,212,0.030597707256674767,3
seed_123,NR-ER,228,213,0.02990885078907013,4
seed_123,NR-ER,249,214,0.029071349650621414,3
seed_123,NR-ER,234,215,0.028815442696213722,2
seed_123,NR-ER,68,216,0.027734937146306038,2
seed_123,NR-ER,194,217,0.027578838169574738,3
seed_123,NR-ER,169,218,0.02721039019525051,8
seed_123,NR-ER,89,219,0.027027200907468796,3
seed_123,NR-ER,87,220,0.026622306555509567,4
seed_123,NR-ER,230,221,0.02617073431611061,3
seed_123,NR-ER,124,222,0.02590414509177208,4
seed_123,NR-ER,5,223,0.025760816410183907,4
seed_123,NR-ER,292,224,0.025131365284323692,3
seed_123,NR-ER,153,225,0.024858593940734863,2
seed_123,NR-ER,224,226,0.02476724609732628,2
seed_123,NR-ER,236,227,0.024638094007968903,3
seed_123,NR-ER,185,228,0.024478036910295486,3
seed_123,NR-ER,191,229,0.024083368480205536,2
seed_123,NR-ER,101,230,0.024072058498859406,3
seed_123,NR-ER,260,231,0.022657029330730438,5
seed_123,NR-ER,173,232,0.022608498111367226,4
seed_123,NR-ER,223,233,0.02256767824292183,2
seed_123,NR-ER,94,234,0.02197364903986454,2
seed_123,NR-ER,95,235,0.02184445597231388,4
seed_123,NR-ER,264,236,0.021352605894207954,3
seed_123,NR-ER,182,237,0.020464370027184486,2
seed_123,NR-ER,241,238,0.020402025431394577,3
seed_123,NR-ER,146,239,0.019946036860346794,5
seed_123,NR-ER,258,240,0.01844383031129837,3
seed_123,NR-ER,171,241,0.018276991322636604,2
seed_123,NR-ER,187,242,0.01782437413930893,3
seed_123,NR-ER,98,243,0.01765960268676281,2
seed_123,NR-ER,265,244,0.017505135387182236,1
seed_123,NR-ER,226,245,0.016416819766163826,2
seed_123,NR-ER,119,246,0.01582171395421028,2
seed_123,NR-ER,150,247,0.015709444880485535,3
seed_123,NR-ER,275,248,0.015450218692421913,2
seed_123,NR-ER,141,249,0.015192732214927673,2
seed_123,NR-ER,174,250,0.014862406998872757,2
seed_123,NR-ER,76,251,0.014561058022081852,2
seed_123,NR-ER,192,252,0.014495939016342163,3
seed_123,NR-ER,18,253,0.014244107529520988,4
seed_123,NR-ER,118,254,0.014163942076265812,4
seed_123,NR-ER,8,255,0.013777830637991428,6
seed_123,NR-ER,116,256,0.013658212497830391,3
seed_123,NR-ER,177,257,0.012966625392436981,4
seed_123,NR-ER,97,258,0.0128380311653018,2
seed_123,NR-ER,9,259,0.012297293171286583,3
seed_123,NR-ER,164,260,0.01176244206726551,2
seed_123,NR-ER,256,261,0.011510094627737999,2
seed_123,NR-ER,240,262,0.011351157911121845,1
seed_123,NR-ER,133,263,0.011332638561725616,6
seed_123,NR-ER,100,264,0.011256714351475239,3
seed_123,NR-ER,202,265,0.011032343842089176,3
seed_123,NR-ER,151,266,0.010957351885735989,2
seed_123,NR-ER,253,267,0.009510686621069908,1
seed_123,NR-ER,161,268,0.00939547922462225,2
seed_123,NR-ER,261,269,0.008757475763559341,3
seed_123,NR-ER,259,270,0.007845611311495304,2
seed_123,NR-ER,60,271,0.007212214637547731,3
seed_123,NR-ER,159,272,0.0069375489838421345,2
seed_123,NR-ER,132,273,0.006065827794373035,2
seed_123,NR-ER,279,274,0.005669310688972473,2
seed_123,NR-ER,188,275,0.005648686550557613,2
seed_123,NR-ER,297,276,0.005578432232141495,1
seed_123,NR-ER,178,277,0.005376770626753569,2
seed_123,NR-ER,41,278,0.00532881636172533,2
seed_123,NR-ER,282,279,0.004949517548084259,3
seed_123,NR-ER,238,280,0.004535129759460688,1
seed_123,NR-ER,11,281,0.0038139447569847107,2
seed_123,NR-ER,216,282,0.003779817372560501,2
seed_123,NR-ER,294,283,0.00362764997407794,2
seed_123,NR-ER,273,284,0.0035500149242579937,2
seed_123,NR-ER,26,285,0.003424855414777994,4
seed_123,NR-ER,125,286,0.0028925943188369274,3
seed_123,NR-ER,267,287,0.0026551398914307356,2
seed_123,NR-ER,281,288,0.002307817107066512,1
seed_123,NR-ER,285,289,0.002246299060061574,1
seed_123,NR-ER,137,290,0.0018654556479305029,2
seed_123,NR-ER,283,291,0.001713528181426227,2
seed_123,NR-ER,156,292,0.0007400964968837798,2
seed_123,NR-ER,278,293,0.00025150220608338714,2
seed_123,NR-ER,157,294,0.00018582593475002795,2
seed_123,NR-ER,266,295,0.0,1
seed_123,NR-ER,199,296,0.0,2
seed_123,NR-ER,244,297,0.0,1
seed_123,NR-ER,272,298,0.0,1
seed_123,NR-ER,277,299,0.0,1
seed_123,SR-ARE,70,0,2.6784274578094482,27
seed_123,SR-ARE,168,1,2.497232437133789,79
seed_123,SR-ARE,72,2,1.3965325355529785,15
seed_123,SR-ARE,128,3,1.362412452697754,42
seed_123,SR-ARE,62,4,1.2016336917877197,24
seed_123,SR-ARE,139,5,1.1912673711776733,12
seed_123,SR-ARE,7,6,0.8655698895454407,33
seed_123,SR-ARE,0,7,0.8257989287376404,20
seed_123,SR-ARE,63,8,0.68816077709198,51
seed_123,SR-ARE,29,9,0.656756579875946,39
seed_123,SR-ARE,58,10,0.6224141120910645,10
seed_123,SR-ARE,52,11,0.5937453508377075,16
seed_123,SR-ARE,24,12,0.5764508247375488,21
seed_123,SR-ARE,110,13,0.5415629744529724,20
seed_123,SR-ARE,10,14,0.5376278162002563,17
seed_123,SR-ARE,73,15,0.5030747056007385,16
seed_123,SR-ARE,74,16,0.4985928237438202,19
seed_123,SR-ARE,84,17,0.4531826674938202,15
seed_123,SR-ARE,287,18,0.4363429844379425,8
seed_123,SR-ARE,2,19,0.4220661222934723,14
seed_123,SR-ARE,6,20,0.3772032856941223,18
seed_123,SR-ARE,175,21,0.33313843607902527,9
seed_123,SR-ARE,33,22,0.3291504681110382,17
seed_123,SR-ARE,66,23,0.32711341977119446,13
seed_123,SR-ARE,23,24,0.32424357533454895,30
seed_123,SR-ARE,170,25,0.3171340227127075,6
seed_123,SR-ARE,22,26,0.30018511414527893,13
seed_123,SR-ARE,15,27,0.2873488962650299,26
seed_123,SR-ARE,136,28,0.2868781089782715,18
seed_123,SR-ARE,189,29,0.2866847813129425,9
seed_123,SR-ARE,25,30,0.2850085496902466,8
seed_123,SR-ARE,71,31,0.26400673389434814,11
seed_123,SR-ARE,56,32,0.2530932128429413,17
seed_123,SR-ARE,57,33,0.25072571635246277,9
seed_123,SR-ARE,160,34,0.2397719770669937,11
seed_123,SR-ARE,21,35,0.2269323170185089,13
seed_123,SR-ARE,245,36,0.21788808703422546,15
seed_123,SR-ARE,49,37,0.21355697512626648,17
seed_123,SR-ARE,31,38,0.21198025345802307,20
seed_123,SR-ARE,43,39,0.20837688446044922,9
seed_123,SR-ARE,59,40,0.20694203674793243,8
seed_123,SR-ARE,219,41,0.19942864775657654,16
seed_123,SR-ARE,92,42,0.18288876116275787,21
seed_123,SR-ARE,75,43,0.17821316421031952,13
seed_123,SR-ARE,40,44,0.17526336014270782,6
seed_123,SR-ARE,147,45,0.17327600717544556,16
seed_123,SR-ARE,140,46,0.17126145958900452,19
seed_123,SR-ARE,299,47,0.17082688212394714,7
seed_123,SR-ARE,221,48,0.17011357843875885,6
seed_123,SR-ARE,114,49,0.16892753541469574,7
seed_123,SR-ARE,93,50,0.16855134069919586,16
seed_123,SR-ARE,190,51,0.1647634506225586,13
seed_123,SR-ARE,296,52,0.1640603393316269,10
seed_123,SR-ARE,145,53,0.16311955451965332,17
seed_123,SR-ARE,231,54,0.16218774020671844,8
seed_123,SR-ARE,67,55,0.16199974715709686,16
seed_123,SR-ARE,290,56,0.15358604490756989,10
seed_123,SR-ARE,211,57,0.15297122299671173,13
seed_123,SR-ARE,123,58,0.1494365632534027,11
seed_123,SR-ARE,195,59,0.14805831015110016,11
seed_123,SR-ARE,263,60,0.14628103375434875,6
seed_123,SR-ARE,193,61,0.14618892967700958,9
seed_123,SR-ARE,36,62,0.1362544149160385,7
seed_123,SR-ARE,209,63,0.136025071144104,7
seed_123,SR-ARE,107,64,0.13426044583320618,6
seed_123,SR-ARE,79,65,0.13311079144477844,9
seed_123,SR-ARE,270,66,0.13208256661891937,4
seed_123,SR-ARE,225,67,0.13174276053905487,6
seed_123,SR-ARE,222,68,0.13060064613819122,4
seed_123,SR-ARE,184,69,0.12745176255702972,7
seed_123,SR-ARE,80,70,0.12623439729213715,8
seed_123,SR-ARE,12,71,0.12424401938915253,6
seed_123,SR-ARE,257,72,0.12167733162641525,8
seed_123,SR-ARE,217,73,0.11903870850801468,4
seed_123,SR-ARE,148,74,0.11746086925268173,14
seed_123,SR-ARE,127,75,0.11726461350917816,4
seed_123,SR-ARE,126,76,0.11548091471195221,10
seed_123,SR-ARE,242,77,0.11382020264863968,6
seed_123,SR-ARE,83,78,0.1132645234465599,9
seed_123,SR-ARE,250,79,0.11014430969953537,4
seed_123,SR-ARE,143,80,0.10765868425369263,5
seed_123,SR-ARE,129,81,0.10345812141895294,9
seed_123,SR-ARE,46,82,0.10328318178653717,13
seed_123,SR-ARE,135,83,0.10277962684631348,9
seed_123,SR-ARE,166,84,0.10218069702386856,6
seed_123,SR-ARE,64,85,0.10215629637241364,7
seed_123,SR-ARE,86,86,0.09703163057565689,9
seed_123,SR-ARE,109,87,0.09672921895980835,7
seed_123,SR-ARE,81,88,0.09574936330318451,19
seed_123,SR-ARE,39,89,0.09179950505495071,9
seed_123,SR-ARE,252,90,0.09141316264867783,4
seed_123,SR-ARE,112,91,0.09047571569681168,10
seed_123,SR-ARE,251,92,0.08616399765014648,3
seed_123,SR-ARE,45,93,0.08394069224596024,8
seed_123,SR-ARE,248,94,0.08310575783252716,2
seed_123,SR-ARE,37,95,0.08193500339984894,7
seed_123,SR-ARE,200,96,0.08013428747653961,8
seed_123,SR-ARE,204,97,0.07954103499650955,7
seed_123,SR-ARE,42,98,0.07810220867395401,5
seed_123,SR-ARE,28,99,0.07443374395370483,7
seed_123,SR-ARE,144,100,0.07300679385662079,7
seed_123,SR-ARE,1,101,0.07248631119728088,6
seed_123,SR-ARE,233,102,0.07184014469385147,6
seed_123,SR-ARE,218,103,0.0714048221707344,3
seed_123,SR-ARE,207,104,0.07128491252660751,2
seed_123,SR-ARE,269,105,0.06733193248510361,4
seed_123,SR-ARE,122,106,0.06699784845113754,6
seed_123,SR-ARE,55,107,0.0667557418346405,6
seed_123,SR-ARE,113,108,0.0658392682671547,13
seed_123,SR-ARE,130,109,0.06562144309282303,4
seed_123,SR-ARE,13,110,0.06536216288805008,6
seed_123,SR-ARE,154,111,0.0643601268529892,5
seed_123,SR-ARE,212,112,0.06307464092969894,7
seed_123,SR-ARE,51,113,0.06194406375288963,10
seed_123,SR-ARE,111,114,0.06085474416613579,5
seed_123,SR-ARE,99,115,0.05982198938727379,7
seed_123,SR-ARE,108,116,0.0581962913274765,14
seed_123,SR-ARE,91,117,0.056303638964891434,6
seed_123,SR-ARE,50,118,0.0559280589222908,3
seed_123,SR-ARE,117,119,0.05568592995405197,7
seed_123,SR-ARE,280,120,0.05084926635026932,3
seed_123,SR-ARE,162,121,0.050324175506830215,3
seed_123,SR-ARE,35,122,0.049954332411289215,4
seed_123,SR-ARE,180,123,0.04979117587208748,5
seed_123,SR-ARE,17,124,0.04841937497258186,5
seed_123,SR-ARE,120,125,0.04807575047016144,5
seed_123,SR-ARE,237,126,0.04764086380600929,2
seed_123,SR-ARE,78,127,0.04721042513847351,5
seed_123,SR-ARE,3,128,0.04585787281394005,6
seed_123,SR-ARE,167,129,0.04581985995173454,6
seed_123,SR-ARE,32,130,0.04549693688750267,8
seed_123,SR-ARE,14,131,0.043621424585580826,5
seed_123,SR-ARE,103,132,0.04361909255385399,3
seed_123,SR-ARE,185,133,0.04297596216201782,3
seed_123,SR-ARE,249,134,0.042731136083602905,3
seed_123,SR-ARE,142,135,0.04243982583284378,3
seed_123,SR-ARE,182,136,0.04204605892300606,2
seed_123,SR-ARE,4,137,0.041974715888500214,9
seed_123,SR-ARE,276,138,0.041535232216119766,8
seed_123,SR-ARE,274,139,0.04141588881611824,2
seed_123,SR-ARE,87,140,0.04100259020924568,4
seed_123,SR-ARE,293,141,0.04092546924948692,3
seed_123,SR-ARE,201,142,0.04067012667655945,4
seed_123,SR-ARE,183,143,0.039706289768218994,7
seed_123,SR-ARE,38,144,0.039577461779117584,4
seed_123,SR-ARE,246,145,0.03893831744790077,3
seed_123,SR-ARE,85,146,0.03873821720480919,3
seed_123,SR-ARE,48,147,0.038514599204063416,7
seed_123,SR-ARE,88,148,0.038466013967990875,4
seed_123,SR-ARE,173,149,0.038187067955732346,4
seed_123,SR-ARE,262,150,0.038159146904945374,3
seed_123,SR-ARE,181,151,0.036412838846445084,4
seed_123,SR-ARE,176,152,0.03632434085011482,5
seed_123,SR-ARE,106,153,0.0361994169652462,4
seed_123,SR-ARE,220,154,0.035300347954034805,2
seed_123,SR-ARE,8,155,0.03483058884739876,6
seed_123,SR-ARE,264,156,0.03416864573955536,3
seed_123,SR-ARE,289,157,0.03403811901807785,2
seed_123,SR-ARE,102,158,0.032417215406894684,6
seed_123,SR-ARE,196,159,0.0319390669465065,4
seed_123,SR-ARE,89,160,0.030498171225190163,3
seed_123,SR-ARE,247,161,0.030409617349505424,4
seed_123,SR-ARE,115,162,0.030123591423034668,4
seed_123,SR-ARE,68,163,0.029855746775865555,2
seed_123,SR-ARE,61,164,0.02982417866587639,6
seed_123,SR-ARE,97,165,0.02960968017578125,2
seed_123,SR-ARE,236,166,0.029435714706778526,3
seed_123,SR-ARE,234,167,0.02930324897170067,2
seed_123,SR-ARE,198,168,0.028984559699892998,3
seed_123,SR-ARE,255,169,0.028075968846678734,2
seed_123,SR-ARE,82,170,0.02789078652858734,4
seed_123,SR-ARE,124,171,0.027746742591261864,4
seed_123,SR-ARE,232,172,0.027673793956637383,2
seed_123,SR-ARE,53,173,0.027600109577178955,6
seed_123,SR-ARE,298,174,0.02715505287051201,4
seed_123,SR-ARE,213,175,0.026974625885486603,4
seed_123,SR-ARE,16,176,0.02675383724272251,4
seed_123,SR-ARE,121,177,0.026377758011221886,7
seed_123,SR-ARE,90,178,0.0261223204433918,6
seed_123,SR-ARE,150,179,0.025619784370064735,3
seed_123,SR-ARE,152,180,0.0255831740796566,3
seed_123,SR-ARE,138,181,0.02554699219763279,3
seed_123,SR-ARE,206,182,0.0253562293946743,4
seed_123,SR-ARE,235,183,0.02518290840089321,5
seed_123,SR-ARE,172,184,0.02479362301528454,4
seed_123,SR-ARE,186,185,0.024419300258159637,3
seed_123,SR-ARE,239,186,0.02415146306157112,3
seed_123,SR-ARE,155,187,0.02397221326828003,3
seed_123,SR-ARE,268,188,0.023937959223985672,4
seed_123,SR-ARE,69,189,0.023601647466421127,8
seed_123,SR-ARE,34,190,0.02321120724081993,5
seed_123,SR-ARE,205,191,0.02260567992925644,3
seed_123,SR-ARE,118,192,0.02252989634871483,4
seed_123,SR-ARE,153,193,0.022196954116225243,2
seed_123,SR-ARE,258,194,0.02160387858748436,3
seed_123,SR-ARE,165,195,0.02155560441315174,4
seed_123,SR-ARE,169,196,0.021333245560526848,8
seed_123,SR-ARE,291,197,0.020809179171919823,2
seed_123,SR-ARE,95,198,0.02068789303302765,4
seed_123,SR-ARE,197,199,0.019892236217856407,3
seed_123,SR-ARE,76,200,0.019818110391497612,2
seed_123,SR-ARE,241,201,0.019775506108999252,3
seed_123,SR-ARE,44,202,0.0194805096834898,3
seed_123,SR-ARE,179,203,0.019186509773135185,3
seed_123,SR-ARE,54,204,0.01863112859427929,5
seed_123,SR-ARE,5,205,0.017631856724619865,4
seed_123,SR-ARE,260,206,0.01762063428759575,5
seed_123,SR-ARE,210,207,0.01757722906768322,6
seed_123,SR-ARE,27,208,0.017543833702802658,8
seed_123,SR-ARE,133,209,0.017223410308361053,6
seed_123,SR-ARE,104,210,0.01703948713839054,4
seed_123,SR-ARE,30,211,0.016905203461647034,5
seed_123,SR-ARE,100,212,0.01652190089225769,3
seed_123,SR-ARE,19,213,0.015993550419807434,4
seed_123,SR-ARE,288,214,0.01572418585419655,2
seed_123,SR-ARE,229,215,0.015209786593914032,7
seed_123,SR-ARE,149,216,0.01484495960175991,2
seed_123,SR-ARE,101,217,0.014667069539427757,3
seed_123,SR-ARE,203,218,0.014567214995622635,4
seed_123,SR-ARE,105,219,0.014524274505674839,3
seed_123,SR-ARE,243,220,0.014154262840747833,2
seed_123,SR-ARE,77,221,0.01405890192836523,5
seed_123,SR-ARE,273,222,0.014044564217329025,2
seed_123,SR-ARE,174,223,0.013653768226504326,2
seed_123,SR-ARE,20,224,0.013492826372385025,4
seed_123,SR-ARE,18,225,0.01309996098279953,4
seed_123,SR-ARE,163,226,0.012524819001555443,3
seed_123,SR-ARE,214,227,0.012390530668199062,2
seed_123,SR-ARE,177,228,0.011478562839329243,4
seed_123,SR-ARE,134,229,0.011289349757134914,3
seed_123,SR-ARE,159,230,0.011108456179499626,2
seed_123,SR-ARE,254,231,0.010841132141649723,2
seed_123,SR-ARE,96,232,0.010800070129334927,5
seed_123,SR-ARE,224,233,0.01078229583799839,2
seed_123,SR-ARE,215,234,0.010706529952585697,4
seed_123,SR-ARE,271,235,0.010640261694788933,3
seed_123,SR-ARE,192,236,0.009419204667210579,3
seed_123,SR-ARE,9,237,0.009319107979536057,3
seed_123,SR-ARE,146,238,0.008799856528639793,5
seed_123,SR-ARE,226,239,0.00871250219643116,2
seed_123,SR-ARE,65,240,0.008655223064124584,3
seed_123,SR-ARE,11,241,0.0085438322275877,2
seed_123,SR-ARE,286,242,0.008312546648085117,2
seed_123,SR-ARE,132,243,0.008066564798355103,2
seed_123,SR-ARE,119,244,0.007853211835026741,2
seed_123,SR-ARE,230,245,0.007352546788752079,3
seed_123,SR-ARE,151,246,0.007346208207309246,2
seed_123,SR-ARE,275,247,0.007341046817600727,2
seed_123,SR-ARE,227,248,0.006969931069761515,3
seed_123,SR-ARE,116,249,0.006794360466301441,3
seed_123,SR-ARE,161,250,0.006789281498640776,2
seed_123,SR-ARE,188,251,0.0067156413570046425,2
seed_123,SR-ARE,240,252,0.006146188359707594,1
seed_123,SR-ARE,284,253,0.00603476632386446,2
seed_123,SR-ARE,131,254,0.005886389873921871,2
seed_123,SR-ARE,191,255,0.005864656064659357,2
seed_123,SR-ARE,60,256,0.005764452274888754,3
seed_123,SR-ARE,253,257,0.005608088336884975,1
seed_123,SR-ARE,279,258,0.005521726794540882,2
seed_123,SR-ARE,171,259,0.00551624083891511,2
seed_123,SR-ARE,267,260,0.005414673127233982,2
seed_123,SR-ARE,208,261,0.005397670902311802,3
seed_123,SR-ARE,228,262,0.00515515822917223,4
seed_123,SR-ARE,98,263,0.005072466563433409,2
seed_123,SR-ARE,137,264,0.004994421266019344,2
seed_123,SR-ARE,194,265,0.0047890786081552505,3
seed_123,SR-ARE,202,266,0.004778130445629358,3
seed_123,SR-ARE,178,267,0.004773551132529974,2
seed_123,SR-ARE,158,268,0.004668255802243948,3
seed_123,SR-ARE,295,269,0.0046410453505814075,2
seed_123,SR-ARE,164,270,0.004615395329892635,2
seed_123,SR-ARE,26,271,0.0043827248737216,4
seed_123,SR-ARE,292,272,0.004124659113585949,3
seed_123,SR-ARE,265,273,0.0041145565919578075,1
seed_123,SR-ARE,256,274,0.00401846319437027,2
seed_123,SR-ARE,187,275,0.003866275306791067,3
seed_123,SR-ARE,259,276,0.002994585782289505,2
seed_123,SR-ARE,238,277,0.0029094452038407326,1
seed_123,SR-ARE,223,278,0.0026796830352395773,2
seed_123,SR-ARE,125,279,0.0025738170370459557,3
seed_123,SR-ARE,282,280,0.0024196559097617865,3
seed_123,SR-ARE,94,281,0.0020761985797435045,2
seed_123,SR-ARE,278,282,0.0020402714144438505,2
seed_123,SR-ARE,285,283,0.001941495225764811,1
seed_123,SR-ARE,47,284,0.0013315947726368904,4
seed_123,SR-ARE,41,285,0.0012253867462277412,2
seed_123,SR-ARE,283,286,0.0011725653894245625,2
seed_123,SR-ARE,297,287,0.0009344322024844587,1
seed_123,SR-ARE,216,288,0.0009021169971674681,2
seed_123,SR-ARE,261,289,0.0005968423211015761,3
seed_123,SR-ARE,141,290,0.0005012899055145681,2
seed_123,SR-ARE,294,291,0.0003153764409944415,2
seed_123,SR-ARE,281,292,0.00028119696071371436,1
seed_123,SR-ARE,156,293,0.000264935806626454,2
seed_123,SR-ARE,157,294,0.00020862343080807477,2
seed_123,SR-ARE,199,295,0.0,2
seed_123,SR-ARE,277,296,0.0,1
seed_123,SR-ARE,272,297,0.0,1
seed_123,SR-ARE,244,298,0.0,1
seed_123,SR-ARE,266,299,0.0,1
seed_123,SR-MMP,70,0,4.832601547241211,27
seed_123,SR-MMP,72,1,4.52500581741333,15
seed_123,SR-MMP,168,2,3.5039243698120117,79
seed_123,SR-MMP,139,3,1.780545949935913,12
seed_123,SR-MMP,7,4,1.7340444326400757,33
seed_123,SR-MMP,74,5,1.6708369255065918,19
seed_123,SR-MMP,62,6,1.388515830039978,24
seed_123,SR-MMP,110,7,1.275038480758667,20
seed_123,SR-MMP,73,8,1.2523469924926758,16
seed_123,SR-MMP,52,9,1.2324824333190918,16
seed_123,SR-MMP,0,10,1.1424720287322998,20
seed_123,SR-MMP,128,11,1.1249091625213623,42
seed_123,SR-MMP,63,12,1.1112735271453857,51
seed_123,SR-MMP,6,13,1.075260043144226,18
seed_123,SR-MMP,58,14,1.0633865594863892,10
seed_123,SR-MMP,10,15,1.046708583831787,17
seed_123,SR-MMP,29,16,0.9690990447998047,39
seed_123,SR-MMP,2,17,0.9134763479232788,14
seed_123,SR-MMP,287,18,0.7813243269920349,8
seed_123,SR-MMP,190,19,0.7061811089515686,13
seed_123,SR-MMP,22,20,0.7036698460578918,13
seed_123,SR-MMP,24,21,0.6780778765678406,21
seed_123,SR-MMP,25,22,0.6245909333229065,8
seed_123,SR-MMP,56,23,0.5936480760574341,17
seed_123,SR-MMP,33,24,0.5745384097099304,17
seed_123,SR-MMP,15,25,0.5714171528816223,26
seed_123,SR-MMP,263,26,0.5679115056991577,6
seed_123,SR-MMP,57,27,0.5129258632659912,9
seed_123,SR-MMP,189,28,0.5083489418029785,9
seed_123,SR-MMP,23,29,0.5055574178695679,30
seed_123,SR-MMP,184,30,0.4950172007083893,7
seed_123,SR-MMP,12,31,0.4787863790988922,6
seed_123,SR-MMP,67,32,0.47474804520606995,16
seed_123,SR-MMP,49,33,0.47099462151527405,17
seed_123,SR-MMP,84,34,0.4700331687927246,15
seed_123,SR-MMP,222,35,0.455616295337677,4
seed_123,SR-MMP,245,36,0.4544174373149872,15
seed_123,SR-MMP,160,37,0.45268118381500244,11
seed_123,SR-MMP,66,38,0.4448453485965729,13
seed_123,SR-MMP,71,39,0.43466511368751526,11
seed_123,SR-MMP,136,40,0.4299074411392212,18
seed_123,SR-MMP,123,41,0.4269215166568756,11
seed_123,SR-MMP,147,42,0.3787228763103485,16
seed_123,SR-MMP,46,43,0.3610133230686188,13
seed_123,SR-MMP,290,44,0.35676485300064087,10
seed_123,SR-MMP,217,45,0.35119813680648804,4
seed_123,SR-MMP,93,46,0.35043320059776306,16
seed_123,SR-MMP,140,47,0.3358134627342224,19
seed_123,SR-MMP,252,48,0.32327038049697876,4
seed_123,SR-MMP,175,49,0.3141714334487915,9
seed_123,SR-MMP,211,50,0.31209492683410645,13
seed_123,SR-MMP,92,51,0.30730506777763367,21
seed_123,SR-MMP,219,52,0.29615047574043274,16
seed_123,SR-MMP,296,53,0.292380154132843,10
seed_123,SR-MMP,145,54,0.28989383578300476,17
seed_123,SR-MMP,193,55,0.28296905755996704,9
seed_123,SR-MMP,195,56,0.281576931476593,11
seed_123,SR-MMP,80,57,0.27927476167678833,8
seed_123,SR-MMP,31,58,0.2672744691371918,20
seed_123,SR-MMP,167,59,0.2653388977050781,6
seed_123,SR-MMP,114,60,0.2541935443878174,7
seed_123,SR-MMP,43,61,0.2507915496826172,9
seed_123,SR-MMP,231,62,0.24965965747833252,8
seed_123,SR-MMP,37,63,0.24906609952449799,7
seed_123,SR-MMP,39,64,0.24824045598506927,9
seed_123,SR-MMP,126,65,0.24814234673976898,10
seed_123,SR-MMP,107,66,0.2479318529367447,6
seed_123,SR-MMP,64,67,0.23789247870445251,7
seed_123,SR-MMP,86,68,0.23079721629619598,9
seed_123,SR-MMP,242,69,0.2191164642572403,6
seed_123,SR-MMP,200,70,0.21696515381336212,8
seed_123,SR-MMP,36,71,0.21643653512001038,7
seed_123,SR-MMP,129,72,0.20653831958770752,9
seed_123,SR-MMP,135,73,0.20217905938625336,9
seed_123,SR-MMP,21,74,0.19792549312114716,13
seed_123,SR-MMP,180,75,0.19116510450839996,5
seed_123,SR-MMP,104,76,0.19062891602516174,4
seed_123,SR-MMP,170,77,0.18857432901859283,6
seed_123,SR-MMP,299,78,0.1884233057498932,7
seed_123,SR-MMP,108,79,0.18718941509723663,14
seed_123,SR-MMP,83,80,0.18664419651031494,9
seed_123,SR-MMP,59,81,0.18659856915473938,8
seed_123,SR-MMP,270,82,0.18472708761692047,4
seed_123,SR-MMP,112,83,0.1783752143383026,10
seed_123,SR-MMP,40,84,0.17829462885856628,6
seed_123,SR-MMP,117,85,0.1753157675266266,7
seed_123,SR-MMP,148,86,0.17326529324054718,14
seed_123,SR-MMP,127,87,0.17158260941505432,4
seed_123,SR-MMP,51,88,0.16497434675693512,10
seed_123,SR-MMP,257,89,0.15884456038475037,8
seed_123,SR-MMP,81,90,0.1587923765182495,19
seed_123,SR-MMP,221,91,0.15655533969402313,6
seed_123,SR-MMP,138,92,0.15395426750183105,3
seed_123,SR-MMP,209,93,0.1529681384563446,7
seed_123,SR-MMP,111,94,0.15083731710910797,5
seed_123,SR-MMP,91,95,0.15004152059555054,6
seed_123,SR-MMP,42,96,0.14436182379722595,5
seed_123,SR-MMP,166,97,0.1406666785478592,6
seed_123,SR-MMP,212,98,0.13911931216716766,7
seed_123,SR-MMP,79,99,0.13829512894153595,9
seed_123,SR-MMP,1,100,0.1375831663608551,6
seed_123,SR-MMP,204,101,0.13749141991138458,7
seed_123,SR-MMP,142,102,0.13400986790657043,3
seed_123,SR-MMP,293,103,0.13356730341911316,3
seed_123,SR-MMP,113,104,0.13216213881969452,13
seed_123,SR-MMP,120,105,0.12090098112821579,5
seed_123,SR-MMP,88,106,0.11994492262601852,4
seed_123,SR-MMP,99,107,0.11880509555339813,7
seed_123,SR-MMP,115,108,0.1181841716170311,4
seed_123,SR-MMP,225,109,0.11653367429971695,6
seed_123,SR-MMP,3,110,0.11438987404108047,6
seed_123,SR-MMP,4,111,0.11345116794109344,9
seed_123,SR-MMP,75,112,0.11244914680719376,13
seed_123,SR-MMP,143,113,0.11244150251150131,5
seed_123,SR-MMP,173,114,0.11194854974746704,4
seed_123,SR-MMP,28,115,0.11097513884305954,7
seed_123,SR-MMP,220,116,0.11002573370933533,2
seed_123,SR-MMP,250,117,0.10814008861780167,4
seed_123,SR-MMP,176,118,0.1026155948638916,5
seed_123,SR-MMP,181,119,0.10119062662124634,4
seed_123,SR-MMP,109,120,0.10104570537805557,7
seed_123,SR-MMP,233,121,0.10016290098428726,6
seed_123,SR-MMP,144,122,0.09878115355968475,7
seed_123,SR-MMP,162,123,0.09871456027030945,3
seed_123,SR-MMP,35,124,0.09825992584228516,4
seed_123,SR-MMP,269,125,0.0980026051402092,4
seed_123,SR-MMP,163,126,0.09405770897865295,3
seed_123,SR-MMP,61,127,0.09061627089977264,6
seed_123,SR-MMP,85,128,0.08875665813684464,3
seed_123,SR-MMP,196,129,0.0878545269370079,4
seed_123,SR-MMP,17,130,0.0873674750328064,5
seed_123,SR-MMP,122,131,0.08608261495828629,6
seed_123,SR-MMP,182,132,0.08592596650123596,2
seed_123,SR-MMP,14,133,0.08585113286972046,5
seed_123,SR-MMP,239,134,0.08399716764688492,3
seed_123,SR-MMP,208,135,0.08280950039625168,3
seed_123,SR-MMP,32,136,0.08263732492923737,8
seed_123,SR-MMP,218,137,0.08259586244821548,3
seed_123,SR-MMP,202,138,0.08001741766929626,3
seed_123,SR-MMP,50,139,0.07974038273096085,3
seed_123,SR-MMP,165,140,0.07926499843597412,4
seed_123,SR-MMP,183,141,0.07786689698696136,7
seed_123,SR-MMP,8,142,0.07766126841306686,6
seed_123,SR-MMP,276,143,0.07461804151535034,8
seed_123,SR-MMP,172,144,0.07441634684801102,4
seed_123,SR-MMP,78,145,0.07304022461175919,5
seed_123,SR-MMP,55,146,0.07254156470298767,6
seed_123,SR-MMP,20,147,0.07177981734275818,4
seed_123,SR-MMP,34,148,0.07107168436050415,5
seed_123,SR-MMP,229,149,0.06972242146730423,7
seed_123,SR-MMP,205,150,0.06836114823818207,3
seed_123,SR-MMP,130,151,0.06815323233604431,4
seed_123,SR-MMP,292,152,0.06734602153301239,3
seed_123,SR-MMP,215,153,0.06675732135772705,4
seed_123,SR-MMP,251,154,0.06673537939786911,3
seed_123,SR-MMP,286,155,0.06637999415397644,2
seed_123,SR-MMP,295,156,0.06633678823709488,2
seed_123,SR-MMP,288,157,0.06403958797454834,2
seed_123,SR-MMP,154,158,0.06356345862150192,5
seed_123,SR-MMP,230,159,0.063124880194664,3
seed_123,SR-MMP,248,160,0.062092654407024384,2
seed_123,SR-MMP,206,161,0.06197370961308479,4
seed_123,SR-MMP,201,162,0.06188061833381653,4
seed_123,SR-MMP,186,163,0.06088098883628845,3
seed_123,SR-MMP,106,164,0.0595039539039135,4
seed_123,SR-MMP,280,165,0.05931175500154495,3
seed_123,SR-MMP,90,166,0.0583316832780838,6
seed_123,SR-MMP,124,167,0.05795556306838989,4
seed_123,SR-MMP,298,168,0.05769365653395653,4
seed_123,SR-MMP,45,169,0.05736299231648445,8
seed_123,SR-MMP,53,170,0.056599073112010956,6
seed_123,SR-MMP,198,171,0.05574294924736023,3
seed_123,SR-MMP,87,172,0.053038351237773895,4
seed_123,SR-MMP,268,173,0.052880655974149704,4
seed_123,SR-MMP,237,174,0.05283878743648529,2
seed_123,SR-MMP,235,175,0.052522484213113785,5
seed_123,SR-MMP,169,176,0.052063003182411194,8
seed_123,SR-MMP,258,177,0.048074498772621155,3
seed_123,SR-MMP,289,178,0.04633517563343048,2
seed_123,SR-MMP,27,179,0.04578668624162674,8
seed_123,SR-MMP,48,180,0.0456867553293705,7
seed_123,SR-MMP,96,181,0.04532590135931969,5
seed_123,SR-MMP,234,182,0.04506115987896919,2
seed_123,SR-MMP,264,183,0.04481256753206253,3
seed_123,SR-MMP,103,184,0.04442642629146576,3
seed_123,SR-MMP,249,185,0.0443478524684906,3
seed_123,SR-MMP,247,186,0.04390886053442955,4
seed_123,SR-MMP,213,187,0.04386605694890022,4
seed_123,SR-MMP,5,188,0.042311862111091614,4
seed_123,SR-MMP,260,189,0.04201209172606468,5
seed_123,SR-MMP,65,190,0.0415780246257782,3
seed_123,SR-MMP,69,191,0.041553474962711334,8
seed_123,SR-MMP,153,192,0.041396353393793106,2
seed_123,SR-MMP,150,193,0.040216412395238876,3
seed_123,SR-MMP,44,194,0.04005926102399826,3
seed_123,SR-MMP,187,195,0.03939126431941986,3
seed_123,SR-MMP,210,196,0.039008378982543945,6
seed_123,SR-MMP,47,197,0.037732187658548355,4
seed_123,SR-MMP,132,198,0.037212468683719635,2
seed_123,SR-MMP,13,199,0.03696513548493385,6
seed_123,SR-MMP,95,200,0.035693660378456116,4
seed_123,SR-MMP,19,201,0.035231444984674454,4
seed_123,SR-MMP,89,202,0.03518761321902275,3
seed_123,SR-MMP,291,203,0.03446066379547119,2
seed_123,SR-MMP,274,204,0.034308016300201416,2
seed_123,SR-MMP,30,205,0.03197982907295227,5
seed_123,SR-MMP,188,206,0.03151523321866989,2
seed_123,SR-MMP,254,207,0.030989430844783783,2
seed_123,SR-MMP,185,208,0.030533095821738243,3
seed_123,SR-MMP,77,209,0.0304587222635746,5
seed_123,SR-MMP,207,210,0.02964705601334572,2
seed_123,SR-MMP,38,211,0.029207950457930565,4
seed_123,SR-MMP,246,212,0.02911832556128502,3
seed_123,SR-MMP,54,213,0.028946969658136368,5
seed_123,SR-MMP,214,214,0.02882055565714836,2
seed_123,SR-MMP,102,215,0.028678664937615395,6
seed_123,SR-MMP,255,216,0.028635719791054726,2
seed_123,SR-MMP,146,217,0.028571700677275658,5
seed_123,SR-MMP,177,218,0.028386861085891724,4
seed_123,SR-MMP,262,219,0.027875643223524094,3
seed_123,SR-MMP,152,220,0.0277740228921175,3
seed_123,SR-MMP,194,221,0.02666650153696537,3
seed_123,SR-MMP,241,222,0.0262713972479105,3
seed_123,SR-MMP,82,223,0.026083456352353096,4
seed_123,SR-MMP,271,224,0.025800833478569984,3
seed_123,SR-MMP,171,225,0.02546715922653675,2
seed_123,SR-MMP,227,226,0.024734459817409515,3
seed_123,SR-MMP,16,227,0.02390921488404274,4
seed_123,SR-MMP,149,228,0.023875392973423004,2
seed_123,SR-MMP,118,229,0.023442117497324944,4
seed_123,SR-MMP,155,230,0.022928757593035698,3
seed_123,SR-MMP,174,231,0.022144315764307976,2
seed_123,SR-MMP,284,232,0.0217116791754961,2
seed_123,SR-MMP,11,233,0.021433819085359573,2
seed_123,SR-MMP,236,234,0.02059686928987503,3
seed_123,SR-MMP,94,235,0.020415233448147774,2
seed_123,SR-MMP,197,236,0.02021806873381138,3
seed_123,SR-MMP,105,237,0.019756820052862167,3
seed_123,SR-MMP,232,238,0.019672535359859467,2
seed_123,SR-MMP,256,239,0.01904798299074173,2
seed_123,SR-MMP,161,240,0.018081702291965485,2
seed_123,SR-MMP,192,241,0.018052352592349052,3
seed_123,SR-MMP,158,242,0.018036654219031334,3
seed_123,SR-MMP,121,243,0.017795640975236893,7
seed_123,SR-MMP,9,244,0.01713395304977894,3
seed_123,SR-MMP,243,245,0.0170234777033329,2
seed_123,SR-MMP,116,246,0.01647861860692501,3
seed_123,SR-MMP,76,247,0.01647571660578251,2
seed_123,SR-MMP,224,248,0.015356526710093021,2
seed_123,SR-MMP,134,249,0.015198353677988052,3
seed_123,SR-MMP,228,250,0.014991290867328644,4
seed_123,SR-MMP,68,251,0.013996105641126633,2
seed_123,SR-MMP,98,252,0.01376740075647831,2
seed_123,SR-MMP,18,253,0.013666458427906036,4
seed_123,SR-MMP,159,254,0.012681114487349987,2
seed_123,SR-MMP,178,255,0.012572875246405602,2
seed_123,SR-MMP,253,256,0.012192759662866592,1
seed_123,SR-MMP,133,257,0.012087002396583557,6
seed_123,SR-MMP,179,258,0.011355413123965263,3
seed_123,SR-MMP,60,259,0.011206158436834812,3
seed_123,SR-MMP,226,260,0.011167101562023163,2
seed_123,SR-MMP,238,261,0.010165576823055744,1
seed_123,SR-MMP,261,262,0.009674867615103722,3
seed_123,SR-MMP,282,263,0.009661958552896976,3
seed_123,SR-MMP,279,264,0.009480631910264492,2
seed_123,SR-MMP,275,265,0.009191379882395267,2
seed_123,SR-MMP,131,266,0.008444453589618206,2
seed_123,SR-MMP,119,267,0.008264945819973946,2
seed_123,SR-MMP,191,268,0.007929887622594833,2
seed_123,SR-MMP,100,269,0.007915858179330826,3
seed_123,SR-MMP,297,270,0.0070928046479821205,1
seed_123,SR-MMP,164,271,0.006877381354570389,2
seed_123,SR-MMP,157,272,0.006624499335885048,2
seed_123,SR-MMP,101,273,0.005631894338876009,3
seed_123,SR-MMP,216,274,0.005302915815263987,2
seed_123,SR-MMP,125,275,0.0051184589974582195,3
seed_123,SR-MMP,137,276,0.0046443212777376175,2
seed_123,SR-MMP,203,277,0.004159998148679733,4
seed_123,SR-MMP,285,278,0.003982923924922943,1
seed_123,SR-MMP,26,279,0.003959389869123697,4
seed_123,SR-MMP,97,280,0.0037239936646074057,2
seed_123,SR-MMP,273,281,0.003480524057522416,2
seed_123,SR-MMP,265,282,0.003435188438743353,1
seed_123,SR-MMP,259,283,0.002833545207977295,2
seed_123,SR-MMP,223,284,0.002812081715092063,2
seed_123,SR-MMP,267,285,0.002771545434370637,2
seed_123,SR-MMP,151,286,0.002754598157480359,2
seed_123,SR-MMP,278,287,0.0026796944439411163,2
seed_123,SR-MMP,283,288,0.0026511461474001408,2
seed_123,SR-MMP,281,289,0.002606917405501008,1
seed_123,SR-MMP,156,290,0.0017936277436092496,2
seed_123,SR-MMP,240,291,0.0016716376412659883,1
seed_123,SR-MMP,141,292,0.0015029767528176308,2
seed_123,SR-MMP,294,293,0.0011043315753340721,2
seed_123,SR-MMP,41,294,0.0009289605659432709,2
seed_123,SR-MMP,199,295,0.0,2
seed_123,SR-MMP,266,296,0.0,1
seed_123,SR-MMP,277,297,0.0,1
seed_123,SR-MMP,244,298,0.0,1
seed_123,SR-MMP,272,299,0.0,1
seed_123,NR-AhR,72,0,7.27509069442749,15
seed_123,NR-AhR,70,1,5.249395370483398,27
seed_123,NR-AhR,168,2,3.6475915908813477,79
seed_123,NR-AhR,62,3,2.9383299350738525,24
seed_123,NR-AhR,63,4,2.7279937267303467,51
seed_123,NR-AhR,139,5,2.685225248336792,12
seed_123,NR-AhR,58,6,2.1957318782806396,10
seed_123,NR-AhR,128,7,1.9243085384368896,42
seed_123,NR-AhR,84,8,1.5915764570236206,15
seed_123,NR-AhR,73,9,1.586004376411438,16
seed_123,NR-AhR,7,10,1.5686571598052979,33
seed_123,NR-AhR,287,11,1.4461312294006348,8
seed_123,NR-AhR,110,12,1.3548774719238281,20
seed_123,NR-AhR,0,13,1.3029637336730957,20
seed_123,NR-AhR,24,14,1.2935134172439575,21
seed_123,NR-AhR,29,15,1.2896032333374023,39
seed_123,NR-AhR,74,16,1.1287446022033691,19
seed_123,NR-AhR,6,17,1.109540343284607,18
seed_123,NR-AhR,10,18,0.8955180644989014,17
seed_123,NR-AhR,189,19,0.8739804625511169,9
seed_123,NR-AhR,136,20,0.7582882046699524,18
seed_123,NR-AhR,52,21,0.7506871819496155,16
seed_123,NR-AhR,22,22,0.7415429949760437,13
seed_123,NR-AhR,57,23,0.7094293236732483,9
seed_123,NR-AhR,2,24,0.6866512894630432,14
seed_123,NR-AhR,175,25,0.6548882722854614,9
seed_123,NR-AhR,296,26,0.6294411420822144,10
seed_123,NR-AhR,15,27,0.6234684586524963,26
seed_123,NR-AhR,184,28,0.612820565700531,7
seed_123,NR-AhR,23,29,0.6052722930908203,30
seed_123,NR-AhR,25,30,0.5733627676963806,8
seed_123,NR-AhR,219,31,0.5678859949111938,16
seed_123,NR-AhR,80,32,0.5512436628341675,8
seed_123,NR-AhR,245,33,0.5504564642906189,15
seed_123,NR-AhR,114,34,0.5251289010047913,7
seed_123,NR-AhR,231,35,0.524928629398346,8
seed_123,NR-AhR,46,36,0.5101604461669922,13
seed_123,NR-AhR,160,37,0.5034714937210083,11
seed_123,NR-AhR,209,38,0.4833839535713196,7
seed_123,NR-AhR,66,39,0.47959664463996887,13
seed_123,NR-AhR,129,40,0.4792744219303131,9
seed_123,NR-AhR,56,41,0.4776332974433899,17
seed_123,NR-AhR,92,42,0.46712467074394226,21
seed_123,NR-AhR,190,43,0.45938360691070557,13
seed_123,NR-AhR,43,44,0.4489300549030304,9
seed_123,NR-AhR,33,45,0.445674866437912,17
seed_123,NR-AhR,93,46,0.44443807005882263,16
seed_123,NR-AhR,112,47,0.43756774067878723,10
seed_123,NR-AhR,242,48,0.4158705770969391,6
seed_123,NR-AhR,79,49,0.3764193654060364,9
seed_123,NR-AhR,31,50,0.37455227971076965,20
seed_123,NR-AhR,123,51,0.3723202645778656,11
seed_123,NR-AhR,67,52,0.36821243166923523,16
seed_123,NR-AhR,145,53,0.3678792119026184,17
seed_123,NR-AhR,193,54,0.364502876996994,9
seed_123,NR-AhR,21,55,0.3472880721092224,13
seed_123,NR-AhR,140,56,0.34283652901649475,19
seed_123,NR-AhR,59,57,0.33597424626350403,8
seed_123,NR-AhR,107,58,0.33382275700569153,6
seed_123,NR-AhR,126,59,0.3241008520126343,10
seed_123,NR-AhR,204,60,0.3179333209991455,7
seed_123,NR-AhR,108,61,0.3173563778400421,14
seed_123,NR-AhR,12,62,0.3100142180919647,6
seed_123,NR-AhR,180,63,0.30657875537872314,5
seed_123,NR-AhR,75,64,0.3007332682609558,13
seed_123,NR-AhR,135,65,0.29920849204063416,9
seed_123,NR-AhR,39,66,0.2950897216796875,9
seed_123,NR-AhR,211,67,0.2925407886505127,13
seed_123,NR-AhR,263,68,0.2870670557022095,6
seed_123,NR-AhR,40,69,0.2844850420951843,6
seed_123,NR-AhR,127,70,0.2824535369873047,4
seed_123,NR-AhR,222,71,0.2806948721408844,4
seed_123,NR-AhR,64,72,0.2790220081806183,7
seed_123,NR-AhR,71,73,0.2776045501232147,11
seed_123,NR-AhR,83,74,0.27319493889808655,9
seed_123,NR-AhR,35,75,0.26386505365371704,4
seed_123,NR-AhR,147,76,0.2615151107311249,16
seed_123,NR-AhR,221,77,0.25685229897499084,6
seed_123,NR-AhR,49,78,0.25335317850112915,17
seed_123,NR-AhR,51,79,0.2518099546432495,10
seed_123,NR-AhR,148,80,0.2477356195449829,14
seed_123,NR-AhR,172,81,0.24248163402080536,4
seed_123,NR-AhR,290,82,0.24215860664844513,10
seed_123,NR-AhR,248,83,0.234760120511055,2
seed_123,NR-AhR,154,84,0.22756865620613098,5
seed_123,NR-AhR,217,85,0.21800987422466278,4
seed_123,NR-AhR,45,86,0.21640755236148834,8
seed_123,NR-AhR,86,87,0.21236850321292877,9
seed_123,NR-AhR,81,88,0.20470063388347626,19
seed_123,NR-AhR,99,89,0.19517782330513,7
seed_123,NR-AhR,28,90,0.1887446939945221,7
seed_123,NR-AhR,42,91,0.18813017010688782,5
seed_123,NR-AhR,20,92,0.18385183811187744,4
seed_123,NR-AhR,167,93,0.1801186501979828,6
seed_123,NR-AhR,91,94,0.17885655164718628,6
seed_123,NR-AhR,257,95,0.17369969189167023,8
seed_123,NR-AhR,176,96,0.17283333837985992,5
seed_123,NR-AhR,252,97,0.17271383106708527,4
seed_123,NR-AhR,36,98,0.1726514846086502,7
seed_123,NR-AhR,170,99,0.17173193395137787,6
seed_123,NR-AhR,106,100,0.17157530784606934,4
seed_123,NR-AhR,130,101,0.16840824484825134,4
seed_123,NR-AhR,61,102,0.16474387049674988,6
seed_123,NR-AhR,183,103,0.16138716042041779,7
seed_123,NR-AhR,113,104,0.15194086730480194,13
seed_123,NR-AhR,195,105,0.1474015861749649,11
seed_123,NR-AhR,104,106,0.145159512758255,4
seed_123,NR-AhR,213,107,0.14336219429969788,4
seed_123,NR-AhR,212,108,0.1424953043460846,7
seed_123,NR-AhR,233,109,0.14105767011642456,6
seed_123,NR-AhR,78,110,0.13942746818065643,5
seed_123,NR-AhR,201,111,0.13796254992485046,4
seed_123,NR-AhR,117,112,0.135478675365448,7
seed_123,NR-AhR,166,113,0.13540829718112946,6
seed_123,NR-AhR,293,114,0.13295122981071472,3
seed_123,NR-AhR,276,115,0.12745831906795502,8
seed_123,NR-AhR,4,116,0.12624987959861755,9
seed_123,NR-AhR,89,117,0.1260240077972412,3
seed_123,NR-AhR,32,118,0.1243802160024643,8
seed_123,NR-AhR,1,119,0.12184058129787445,6
seed_123,NR-AhR,270,120,0.11805403977632523,4
seed_123,NR-AhR,143,121,0.11693567782640457,5
seed_123,NR-AhR,229,122,0.11337604373693466,7
seed_123,NR-AhR,54,123,0.11283811926841736,5
seed_123,NR-AhR,280,124,0.1112668439745903,3
seed_123,NR-AhR,200,125,0.10999730974435806,8
seed_123,NR-AhR,291,126,0.10925864428281784,2
seed_123,NR-AhR,111,127,0.10917611420154572,5
seed_123,NR-AhR,88,128,0.1086079478263855,4
seed_123,NR-AhR,37,129,0.10822537541389465,7
seed_123,NR-AhR,299,130,0.1062142625451088,7
seed_123,NR-AhR,215,131,0.10341890901327133,4
seed_123,NR-AhR,295,132,0.0964081659913063,2
seed_123,NR-AhR,288,133,0.0950171947479248,2
seed_123,NR-AhR,185,134,0.09325452148914337,3
seed_123,NR-AhR,109,135,0.09205559641122818,7
seed_123,NR-AhR,225,136,0.09029202163219452,6
seed_123,NR-AhR,55,137,0.08944205939769745,6
seed_123,NR-AhR,142,138,0.08898501098155975,3
seed_123,NR-AhR,171,139,0.08874707669019699,2
seed_123,NR-AhR,13,140,0.08839082717895508,6
seed_123,NR-AhR,181,141,0.0874675065279007,4
seed_123,NR-AhR,134,142,0.08371204137802124,3
seed_123,NR-AhR,120,143,0.08369700610637665,5
seed_123,NR-AhR,122,144,0.0817480981349945,6
seed_123,NR-AhR,173,145,0.08124279975891113,4
seed_123,NR-AhR,254,146,0.08001195639371872,2
seed_123,NR-AhR,298,147,0.07922838628292084,4
seed_123,NR-AhR,251,148,0.07686713337898254,3
seed_123,NR-AhR,207,149,0.07322154194116592,2
seed_123,NR-AhR,269,150,0.07269465923309326,4
seed_123,NR-AhR,260,151,0.07233265042304993,5
seed_123,NR-AhR,121,152,0.07178409397602081,7
seed_123,NR-AhR,97,153,0.07085826247930527,2
seed_123,NR-AhR,235,154,0.0703200027346611,5
seed_123,NR-AhR,264,155,0.0699472725391388,3
seed_123,NR-AhR,152,156,0.0670892670750618,3
seed_123,NR-AhR,115,157,0.06690845638513565,4
seed_123,NR-AhR,14,158,0.06495440006256104,5
seed_123,NR-AhR,105,159,0.06459368765354156,3
seed_123,NR-AhR,69,160,0.06436650454998016,8
seed_123,NR-AhR,50,161,0.06428863108158112,3
seed_123,NR-AhR,165,162,0.06312211602926254,4
seed_123,NR-AhR,182,163,0.06297827512025833,2
seed_123,NR-AhR,27,164,0.06289159506559372,8
seed_123,NR-AhR,102,165,0.06268946081399918,6
seed_123,NR-AhR,44,166,0.06228923425078392,3
seed_123,NR-AhR,258,167,0.06216849014163017,3
seed_123,NR-AhR,250,168,0.06169062852859497,4
seed_123,NR-AhR,150,169,0.060270071029663086,3
seed_123,NR-AhR,246,170,0.059902872890233994,3
seed_123,NR-AhR,268,171,0.05899928882718086,4
seed_123,NR-AhR,118,172,0.05874863639473915,4
seed_123,NR-AhR,239,173,0.05858895182609558,3
seed_123,NR-AhR,198,174,0.05787040293216705,3
seed_123,NR-AhR,34,175,0.05766303837299347,5
seed_123,NR-AhR,237,176,0.05727444589138031,2
seed_123,NR-AhR,149,177,0.05669891834259033,2
seed_123,NR-AhR,38,178,0.05644099786877632,4
seed_123,NR-AhR,206,179,0.05626663938164711,4
seed_123,NR-AhR,30,180,0.05529678985476494,5
seed_123,NR-AhR,153,181,0.055025145411491394,2
seed_123,NR-AhR,48,182,0.05470045283436775,7
seed_123,NR-AhR,210,183,0.052029382437467575,6
seed_123,NR-AhR,8,184,0.05160174146294594,6
seed_123,NR-AhR,3,185,0.051267627626657486,6
seed_123,NR-AhR,202,186,0.049615830183029175,3
seed_123,NR-AhR,103,187,0.04948301985859871,3
seed_123,NR-AhR,53,188,0.04789559543132782,6
seed_123,NR-AhR,205,189,0.047840435057878494,3
seed_123,NR-AhR,138,190,0.0477728396654129,3
seed_123,NR-AhR,17,191,0.046757061034440994,5
seed_123,NR-AhR,9,192,0.046597808599472046,3
seed_123,NR-AhR,87,193,0.04614787548780441,4
seed_123,NR-AhR,274,194,0.04597366601228714,2
seed_123,NR-AhR,77,195,0.04561260715126991,5
seed_123,NR-AhR,16,196,0.04528358578681946,4
seed_123,NR-AhR,158,197,0.04516419768333435,3
seed_123,NR-AhR,65,198,0.045106008648872375,3
seed_123,NR-AhR,133,199,0.044663991779088974,6
seed_123,NR-AhR,146,200,0.0428469255566597,5
seed_123,NR-AhR,161,201,0.04269595071673393,2
seed_123,NR-AhR,179,202,0.042584095150232315,3
seed_123,NR-AhR,234,203,0.042439088225364685,2
seed_123,NR-AhR,131,204,0.04071595519781113,2
seed_123,NR-AhR,124,205,0.040449053049087524,4
seed_123,NR-AhR,232,206,0.040089499205350876,2
seed_123,NR-AhR,163,207,0.04001207277178764,3
seed_123,NR-AhR,230,208,0.03973851725459099,3
seed_123,NR-AhR,169,209,0.038902439177036285,8
seed_123,NR-AhR,144,210,0.038895316421985626,7
seed_123,NR-AhR,174,211,0.03886868804693222,2
seed_123,NR-AhR,208,212,0.03785964846611023,3
seed_123,NR-AhR,292,213,0.03749512881040573,3
seed_123,NR-AhR,100,214,0.03736462816596031,3
seed_123,NR-AhR,243,215,0.036656782031059265,2
seed_123,NR-AhR,47,216,0.03590206801891327,4
seed_123,NR-AhR,241,217,0.03557918220758438,3
seed_123,NR-AhR,273,218,0.03522008657455444,2
seed_123,NR-AhR,90,219,0.033760469406843185,6
seed_123,NR-AhR,284,220,0.033586081117391586,2
seed_123,NR-AhR,247,221,0.03344382718205452,4
seed_123,NR-AhR,220,222,0.0333709642291069,2
seed_123,NR-AhR,186,223,0.033359020948410034,3
seed_123,NR-AhR,286,224,0.03254244849085808,2
seed_123,NR-AhR,289,225,0.032194338738918304,2
seed_123,NR-AhR,116,226,0.03208044543862343,3
seed_123,NR-AhR,132,227,0.03135016933083534,2
seed_123,NR-AhR,218,228,0.03129550814628601,3
seed_123,NR-AhR,155,229,0.031103121116757393,3
seed_123,NR-AhR,96,230,0.030862456187605858,5
seed_123,NR-AhR,18,231,0.03031134605407715,4
seed_123,NR-AhR,228,232,0.030279988422989845,4
seed_123,NR-AhR,249,233,0.02973426878452301,3
seed_123,NR-AhR,95,234,0.02965848334133625,4
seed_123,NR-AhR,214,235,0.029388675466179848,2
seed_123,NR-AhR,188,236,0.02893230877816677,2
seed_123,NR-AhR,85,237,0.028809789568185806,3
seed_123,NR-AhR,5,238,0.02875685691833496,4
seed_123,NR-AhR,262,239,0.027296453714370728,3
seed_123,NR-AhR,236,240,0.026563378050923347,3
seed_123,NR-AhR,271,241,0.02553238533437252,3
seed_123,NR-AhR,162,242,0.025432778522372246,3
seed_123,NR-AhR,41,243,0.025294138118624687,2
seed_123,NR-AhR,119,244,0.02328397147357464,2
seed_123,NR-AhR,159,245,0.02326628752052784,2
seed_123,NR-AhR,227,246,0.023055408149957657,3
seed_123,NR-AhR,275,247,0.022463912144303322,2
seed_123,NR-AhR,203,248,0.021990416571497917,4
seed_123,NR-AhR,11,249,0.0195949487388134,2
seed_123,NR-AhR,255,250,0.018721237778663635,2
seed_123,NR-AhR,187,251,0.018565719947218895,3
seed_123,NR-AhR,19,252,0.01825316809117794,4
seed_123,NR-AhR,26,253,0.018067143857479095,4
seed_123,NR-AhR,156,254,0.017623374238610268,2
seed_123,NR-AhR,82,255,0.01735015958547592,4
seed_123,NR-AhR,191,256,0.01645759493112564,2
seed_123,NR-AhR,196,257,0.01597347855567932,4
seed_123,NR-AhR,256,258,0.015086431987583637,2
seed_123,NR-AhR,224,259,0.014427399262785912,2
seed_123,NR-AhR,94,260,0.014368891716003418,2
seed_123,NR-AhR,194,261,0.01411491073668003,3
seed_123,NR-AhR,192,262,0.013630768284201622,3
seed_123,NR-AhR,76,263,0.013192417100071907,2
seed_123,NR-AhR,297,264,0.01246396079659462,1
seed_123,NR-AhR,141,265,0.011127862147986889,2
seed_123,NR-AhR,157,266,0.010925532318651676,2
seed_123,NR-AhR,197,267,0.010626543313264847,3
seed_123,NR-AhR,177,268,0.01031463872641325,4
seed_123,NR-AhR,68,269,0.010133775882422924,2
seed_123,NR-AhR,238,270,0.010027706623077393,1
seed_123,NR-AhR,151,271,0.00982727762311697,2
seed_123,NR-AhR,223,272,0.009655855596065521,2
seed_123,NR-AhR,226,273,0.009503117762506008,2
seed_123,NR-AhR,253,274,0.009167870506644249,1
seed_123,NR-AhR,101,275,0.00897118728607893,3
seed_123,NR-AhR,283,276,0.008720790967345238,2
seed_123,NR-AhR,164,277,0.008547194302082062,2
seed_123,NR-AhR,267,278,0.007646968122571707,2
seed_123,NR-AhR,279,279,0.007070537190884352,2
seed_123,NR-AhR,265,280,0.006747447419911623,1
seed_123,NR-AhR,285,281,0.006035539787262678,1
seed_123,NR-AhR,216,282,0.004879551008343697,2
seed_123,NR-AhR,60,283,0.004467543680220842,3
seed_123,NR-AhR,259,284,0.004209265578538179,2
seed_123,NR-AhR,278,285,0.0041524250991642475,2
seed_123,NR-AhR,137,286,0.004006136208772659,2
seed_123,NR-AhR,282,287,0.0038666981272399426,3
seed_123,NR-AhR,178,288,0.003709205659106374,2
seed_123,NR-AhR,294,289,0.0036035377997905016,2
seed_123,NR-AhR,98,290,0.0033995388075709343,2
seed_123,NR-AhR,261,291,0.002253000158816576,3
seed_123,NR-AhR,125,292,0.0020811588037759066,3
seed_123,NR-AhR,281,293,0.0018832359928637743,1
seed_123,NR-AhR,240,294,0.0010338934371247888,1
seed_123,NR-AhR,272,295,0.0,1
seed_123,NR-AhR,199,296,0.0,2
seed_123,NR-AhR,244,297,0.0,1
seed_123,NR-AhR,266,298,0.0,1
seed_123,NR-AhR,277,299,0.0,1
seed_123,NR-ER-LBD,70,0,4.721471786499023,27
seed_123,NR-ER-LBD,168,1,3.1250076293945312,79
seed_123,NR-ER-LBD,72,2,2.379297971725464,15
seed_123,NR-ER-LBD,0,3,1.5226024389266968,20
seed_123,NR-ER-LBD,128,4,1.5223997831344604,42
seed_123,NR-ER-LBD,139,5,1.4548900127410889,12
seed_123,NR-ER-LBD,63,6,1.3645740747451782,51
seed_123,NR-ER-LBD,7,7,1.2884455919265747,33
seed_123,NR-ER-LBD,62,8,1.269050121307373,24
seed_123,NR-ER-LBD,74,9,1.187882423400879,19
seed_123,NR-ER-LBD,52,10,0.8806195855140686,16
seed_123,NR-ER-LBD,6,11,0.837997555732727,18
seed_123,NR-ER-LBD,110,12,0.8160470724105835,20
seed_123,NR-ER-LBD,10,13,0.7417033314704895,17
seed_123,NR-ER-LBD,29,14,0.6985336542129517,39
seed_123,NR-ER-LBD,57,15,0.6931573152542114,9
seed_123,NR-ER-LBD,287,16,0.6265754103660583,8
seed_123,NR-ER-LBD,24,17,0.5615363121032715,21
seed_123,NR-ER-LBD,189,18,0.5528427362442017,9
seed_123,NR-ER-LBD,73,19,0.5485597848892212,16
seed_123,NR-ER-LBD,58,20,0.5363342761993408,10
seed_123,NR-ER-LBD,46,21,0.48425427079200745,13
seed_123,NR-ER-LBD,175,22,0.48012784123420715,9
seed_123,NR-ER-LBD,15,23,0.4422059655189514,26
seed_123,NR-ER-LBD,84,24,0.4229864180088043,15
seed_123,NR-ER-LBD,252,25,0.41279327869415283,4
seed_123,NR-ER-LBD,263,26,0.40529945492744446,6
seed_123,NR-ER-LBD,231,27,0.3918563425540924,8
seed_123,NR-ER-LBD,221,28,0.39184877276420593,6
seed_123,NR-ER-LBD,23,29,0.38890132308006287,30
seed_123,NR-ER-LBD,2,30,0.3839590549468994,14
seed_123,NR-ER-LBD,219,31,0.3784521818161011,16
seed_123,NR-ER-LBD,25,32,0.35692572593688965,8
seed_123,NR-ER-LBD,160,33,0.35174453258514404,11
seed_123,NR-ER-LBD,49,34,0.3420889675617218,17
seed_123,NR-ER-LBD,136,35,0.340823769569397,18
seed_123,NR-ER-LBD,245,36,0.3374631404876709,15
seed_123,NR-ER-LBD,33,37,0.33400195837020874,17
seed_123,NR-ER-LBD,66,38,0.3326038718223572,13
seed_123,NR-ER-LBD,22,39,0.32994890213012695,13
seed_123,NR-ER-LBD,217,40,0.3283417820930481,4
seed_123,NR-ER-LBD,59,41,0.32712841033935547,8
seed_123,NR-ER-LBD,56,42,0.326783150434494,17
seed_123,NR-ER-LBD,145,43,0.32223227620124817,17
seed_123,NR-ER-LBD,31,44,0.3217972218990326,20
seed_123,NR-ER-LBD,222,45,0.28975436091423035,4
seed_123,NR-ER-LBD,290,46,0.281067430973053,10
seed_123,NR-ER-LBD,112,47,0.2802891731262207,10
seed_123,NR-ER-LBD,140,48,0.27867770195007324,19
seed_123,NR-ER-LBD,296,49,0.27527233958244324,10
seed_123,NR-ER-LBD,123,50,0.2739771008491516,11
seed_123,NR-ER-LBD,184,51,0.2662540078163147,7
seed_123,NR-ER-LBD,114,52,0.2608674168586731,7
seed_123,NR-ER-LBD,12,53,0.25941401720046997,6
seed_123,NR-ER-LBD,211,54,0.25744175910949707,13
seed_123,NR-ER-LBD,71,55,0.25688910484313965,11
seed_123,NR-ER-LBD,170,56,0.2511889934539795,6
seed_123,NR-ER-LBD,190,57,0.24608203768730164,13
seed_123,NR-ER-LBD,147,58,0.243230938911438,16
seed_123,NR-ER-LBD,180,59,0.237308531999588,5
seed_123,NR-ER-LBD,129,60,0.23720680177211761,9
seed_123,NR-ER-LBD,40,61,0.23450493812561035,6
seed_123,NR-ER-LBD,93,62,0.23339040577411652,16
seed_123,NR-ER-LBD,257,63,0.23338517546653748,8
seed_123,NR-ER-LBD,108,64,0.22886395454406738,14
seed_123,NR-ER-LBD,269,65,0.22470107674598694,4
seed_123,NR-ER-LBD,79,66,0.22211936116218567,9
seed_123,NR-ER-LBD,86,67,0.21857577562332153,9
seed_123,NR-ER-LBD,99,68,0.21342140436172485,7
seed_123,NR-ER-LBD,37,69,0.21213458478450775,7
seed_123,NR-ER-LBD,111,70,0.20632879436016083,5
seed_123,NR-ER-LBD,135,71,0.20480449497699738,9
seed_123,NR-ER-LBD,154,72,0.1943628042936325,5
seed_123,NR-ER-LBD,195,73,0.19288763403892517,11
seed_123,NR-ER-LBD,126,74,0.18992125988006592,10
seed_123,NR-ER-LBD,176,75,0.1856447458267212,5
seed_123,NR-ER-LBD,148,76,0.18264341354370117,14
seed_123,NR-ER-LBD,64,77,0.18042905628681183,7
seed_123,NR-ER-LBD,209,78,0.17981231212615967,7
seed_123,NR-ER-LBD,1,79,0.17895928025245667,6
seed_123,NR-ER-LBD,67,80,0.1753942221403122,16
seed_123,NR-ER-LBD,43,81,0.17333321273326874,9
seed_123,NR-ER-LBD,274,82,0.17013661563396454,2
seed_123,NR-ER-LBD,92,83,0.16888223588466644,21
seed_123,NR-ER-LBD,242,84,0.16717803478240967,6
seed_123,NR-ER-LBD,81,85,0.15767782926559448,19
seed_123,NR-ER-LBD,204,86,0.1563062071800232,7
seed_123,NR-ER-LBD,36,87,0.1549282819032669,7
seed_123,NR-ER-LBD,270,88,0.15232150256633759,4
seed_123,NR-ER-LBD,83,89,0.14904560148715973,9
seed_123,NR-ER-LBD,80,90,0.1488175243139267,8
seed_123,NR-ER-LBD,117,91,0.1479344516992569,7
seed_123,NR-ER-LBD,200,92,0.14757168292999268,8
seed_123,NR-ER-LBD,250,93,0.13862742483615875,4
seed_123,NR-ER-LBD,21,94,0.1330745667219162,13
seed_123,NR-ER-LBD,4,95,0.12792715430259705,9
seed_123,NR-ER-LBD,167,96,0.12722915410995483,6
seed_123,NR-ER-LBD,106,97,0.1272130161523819,4
seed_123,NR-ER-LBD,39,98,0.12103933095932007,9
seed_123,NR-ER-LBD,28,99,0.11935795098543167,7
seed_123,NR-ER-LBD,107,100,0.11819282919168472,6
seed_123,NR-ER-LBD,193,101,0.11468277126550674,9
seed_123,NR-ER-LBD,183,102,0.11365920305252075,7
seed_123,NR-ER-LBD,166,103,0.11271525174379349,6
seed_123,NR-ER-LBD,172,104,0.1126878634095192,4
seed_123,NR-ER-LBD,299,105,0.10759181529283524,7
seed_123,NR-ER-LBD,75,106,0.1058093011379242,13
seed_123,NR-ER-LBD,248,107,0.10461226105690002,2
seed_123,NR-ER-LBD,91,108,0.10295629501342773,6
seed_123,NR-ER-LBD,45,109,0.10103662312030792,8
seed_123,NR-ER-LBD,127,110,0.10052202641963959,4
seed_123,NR-ER-LBD,109,111,0.09878432005643845,7
seed_123,NR-ER-LBD,32,112,0.09697017818689346,8
seed_123,NR-ER-LBD,225,113,0.09644782543182373,6
seed_123,NR-ER-LBD,181,114,0.09550502896308899,4
seed_123,NR-ER-LBD,113,115,0.08956103771924973,13
seed_123,NR-ER-LBD,213,116,0.08948252350091934,4
seed_123,NR-ER-LBD,247,117,0.08704210072755814,4
seed_123,NR-ER-LBD,208,118,0.08582551777362823,3
seed_123,NR-ER-LBD,143,119,0.0799592137336731,5
seed_123,NR-ER-LBD,55,120,0.07713966071605682,6
seed_123,NR-ER-LBD,17,121,0.07490570098161697,5
seed_123,NR-ER-LBD,205,122,0.07477253675460815,3
seed_123,NR-ER-LBD,51,123,0.07384650409221649,10
seed_123,NR-ER-LBD,122,124,0.07300817966461182,6
seed_123,NR-ER-LBD,229,125,0.07237087190151215,7
seed_123,NR-ER-LBD,69,126,0.07197758555412292,8
seed_123,NR-ER-LBD,42,127,0.06967242062091827,5
seed_123,NR-ER-LBD,142,128,0.06881352514028549,3
seed_123,NR-ER-LBD,115,129,0.06830830872058868,4
seed_123,NR-ER-LBD,35,130,0.06682904809713364,4
seed_123,NR-ER-LBD,235,131,0.06601729989051819,5
seed_123,NR-ER-LBD,161,132,0.06398146599531174,2
seed_123,NR-ER-LBD,77,133,0.06248477101325989,5
seed_123,NR-ER-LBD,239,134,0.06228642910718918,3
seed_123,NR-ER-LBD,134,135,0.06166522577404976,3
seed_123,NR-ER-LBD,212,136,0.060007065534591675,7
seed_123,NR-ER-LBD,149,137,0.059985388070344925,2
seed_123,NR-ER-LBD,78,138,0.059015125036239624,5
seed_123,NR-ER-LBD,61,139,0.05897865816950798,6
seed_123,NR-ER-LBD,162,140,0.05891091749072075,3
seed_123,NR-ER-LBD,124,141,0.05888919532299042,4
seed_123,NR-ER-LBD,246,142,0.05859294533729553,3
seed_123,NR-ER-LBD,14,143,0.05805258825421333,5
seed_123,NR-ER-LBD,13,144,0.05760693550109863,6
seed_123,NR-ER-LBD,251,145,0.0569353885948658,3
seed_123,NR-ER-LBD,202,146,0.05653349310159683,3
seed_123,NR-ER-LBD,182,147,0.05494808405637741,2
seed_123,NR-ER-LBD,88,148,0.05253897234797478,4
seed_123,NR-ER-LBD,179,149,0.052170731127262115,3
seed_123,NR-ER-LBD,198,150,0.05094841867685318,3
seed_123,NR-ER-LBD,220,151,0.05080300569534302,2
seed_123,NR-ER-LBD,120,152,0.049973804503679276,5
seed_123,NR-ER-LBD,27,153,0.04981531947851181,8
seed_123,NR-ER-LBD,298,154,0.04965919256210327,4
seed_123,NR-ER-LBD,215,155,0.048922065645456314,4
seed_123,NR-ER-LBD,233,156,0.04720316827297211,6
seed_123,NR-ER-LBD,130,157,0.047139134258031845,4
seed_123,NR-ER-LBD,133,158,0.04698152467608452,6
seed_123,NR-ER-LBD,138,159,0.04683515429496765,3
seed_123,NR-ER-LBD,236,160,0.04673203080892563,3
seed_123,NR-ER-LBD,8,161,0.045540954917669296,6
seed_123,NR-ER-LBD,144,162,0.045291732996702194,7
seed_123,NR-ER-LBD,268,163,0.045241329818964005,4
seed_123,NR-ER-LBD,50,164,0.04411453753709793,3
seed_123,NR-ER-LBD,85,165,0.043761420994997025,3
seed_123,NR-ER-LBD,291,166,0.04362576827406883,2
seed_123,NR-ER-LBD,19,167,0.043549295514822006,4
seed_123,NR-ER-LBD,121,168,0.0435296893119812,7
seed_123,NR-ER-LBD,16,169,0.04325328767299652,4
seed_123,NR-ER-LBD,3,170,0.04221484437584877,6
seed_123,NR-ER-LBD,165,171,0.04180638864636421,4
seed_123,NR-ER-LBD,230,172,0.041545797139406204,3
seed_123,NR-ER-LBD,131,173,0.04127420112490654,2
seed_123,NR-ER-LBD,258,174,0.040536168962717056,3
seed_123,NR-ER-LBD,201,175,0.040440645068883896,4
seed_123,NR-ER-LBD,196,176,0.039304155856370926,4
seed_123,NR-ER-LBD,173,177,0.03906954452395439,4
seed_123,NR-ER-LBD,218,178,0.03888469561934471,3
seed_123,NR-ER-LBD,132,179,0.03831392154097557,2
seed_123,NR-ER-LBD,89,180,0.037915267050266266,3
seed_123,NR-ER-LBD,194,181,0.0379132516682148,3
seed_123,NR-ER-LBD,30,182,0.03714423626661301,5
seed_123,NR-ER-LBD,169,183,0.03659886121749878,8
seed_123,NR-ER-LBD,103,184,0.03611328825354576,3
seed_123,NR-ER-LBD,192,185,0.03600365296006203,3
seed_123,NR-ER-LBD,234,186,0.03559345379471779,2
seed_123,NR-ER-LBD,210,187,0.03439126908779144,6
seed_123,NR-ER-LBD,100,188,0.03412141650915146,3
seed_123,NR-ER-LBD,104,189,0.03400253877043724,4
seed_123,NR-ER-LBD,102,190,0.033848270773887634,6
seed_123,NR-ER-LBD,186,191,0.03376524895429611,3
seed_123,NR-ER-LBD,34,192,0.033709507435560226,5
seed_123,NR-ER-LBD,262,193,0.03210299462080002,3
seed_123,NR-ER-LBD,237,194,0.03191526606678963,2
seed_123,NR-ER-LBD,163,195,0.03172395005822182,3
seed_123,NR-ER-LBD,206,196,0.031110333278775215,4
seed_123,NR-ER-LBD,286,197,0.031037814915180206,2
seed_123,NR-ER-LBD,101,198,0.031005658209323883,3
seed_123,NR-ER-LBD,47,199,0.030491197481751442,4
seed_123,NR-ER-LBD,207,200,0.0302580539137125,2
seed_123,NR-ER-LBD,82,201,0.029616517946124077,4
seed_123,NR-ER-LBD,260,202,0.029597189277410507,5
seed_123,NR-ER-LBD,105,203,0.028963379561901093,3
seed_123,NR-ER-LBD,152,204,0.028919730335474014,3
seed_123,NR-ER-LBD,44,205,0.028383636847138405,3
seed_123,NR-ER-LBD,264,206,0.027624547481536865,3
seed_123,NR-ER-LBD,9,207,0.027409810572862625,3
seed_123,NR-ER-LBD,295,208,0.026947934180498123,2
seed_123,NR-ER-LBD,197,209,0.026125947013497353,3
seed_123,NR-ER-LBD,187,210,0.024918783456087112,3
seed_123,NR-ER-LBD,254,211,0.02481883205473423,2
seed_123,NR-ER-LBD,276,212,0.024809423834085464,8
seed_123,NR-ER-LBD,11,213,0.0243097934871912,2
seed_123,NR-ER-LBD,87,214,0.024308141320943832,4
seed_123,NR-ER-LBD,271,215,0.0242852084338665,3
seed_123,NR-ER-LBD,293,216,0.02403549663722515,3
seed_123,NR-ER-LBD,224,217,0.024016372859477997,2
seed_123,NR-ER-LBD,48,218,0.02376377023756504,7
seed_123,NR-ER-LBD,38,219,0.023755023255944252,4
seed_123,NR-ER-LBD,118,220,0.023483484983444214,4
seed_123,NR-ER-LBD,177,221,0.02335522696375847,4
seed_123,NR-ER-LBD,53,222,0.023074772208929062,6
seed_123,NR-ER-LBD,158,223,0.022650718688964844,3
seed_123,NR-ER-LBD,68,224,0.022615700960159302,2
seed_123,NR-ER-LBD,90,225,0.022328360006213188,6
seed_123,NR-ER-LBD,96,226,0.02197251282632351,5
seed_123,NR-ER-LBD,223,227,0.02163771539926529,2
seed_123,NR-ER-LBD,155,228,0.021428817883133888,3
seed_123,NR-ER-LBD,214,229,0.021166527643799782,2
seed_123,NR-ER-LBD,5,230,0.021037733182311058,4
seed_123,NR-ER-LBD,255,231,0.02030862122774124,2
seed_123,NR-ER-LBD,171,232,0.020142994821071625,2
seed_123,NR-ER-LBD,289,233,0.020084761083126068,2
seed_123,NR-ER-LBD,249,234,0.01980857364833355,3
seed_123,NR-ER-LBD,97,235,0.018869806081056595,2
seed_123,NR-ER-LBD,191,236,0.018730556592345238,2
seed_123,NR-ER-LBD,227,237,0.018287481740117073,3
seed_123,NR-ER-LBD,275,238,0.018041331321001053,2
seed_123,NR-ER-LBD,146,239,0.017993224784731865,5
seed_123,NR-ER-LBD,41,240,0.01781861111521721,2
seed_123,NR-ER-LBD,203,241,0.01747872866690159,4
seed_123,NR-ER-LBD,153,242,0.01738770119845867,2
seed_123,NR-ER-LBD,98,243,0.01734349876642227,2
seed_123,NR-ER-LBD,228,244,0.01674247533082962,4
seed_123,NR-ER-LBD,151,245,0.016347281634807587,2
seed_123,NR-ER-LBD,150,246,0.015825847163796425,3
seed_123,NR-ER-LBD,65,247,0.014884134754538536,3
seed_123,NR-ER-LBD,241,248,0.014873266220092773,3
seed_123,NR-ER-LBD,280,249,0.014778691343963146,3
seed_123,NR-ER-LBD,188,250,0.014736316166818142,2
seed_123,NR-ER-LBD,20,251,0.014211667701601982,4
seed_123,NR-ER-LBD,141,252,0.013572238385677338,2
seed_123,NR-ER-LBD,279,253,0.01352139376103878,2
seed_123,NR-ER-LBD,95,254,0.013272574171423912,4
seed_123,NR-ER-LBD,232,255,0.012981850653886795,2
seed_123,NR-ER-LBD,226,256,0.012395715340971947,2
seed_123,NR-ER-LBD,185,257,0.012177449651062489,3
seed_123,NR-ER-LBD,292,258,0.011027649976313114,3
seed_123,NR-ER-LBD,76,259,0.010725019499659538,2
seed_123,NR-ER-LBD,18,260,0.010399963706731796,4
seed_123,NR-ER-LBD,267,261,0.009531909599900246,2
seed_123,NR-ER-LBD,243,262,0.007787282112985849,2
seed_123,NR-ER-LBD,238,263,0.00762402918189764,1
seed_123,NR-ER-LBD,26,264,0.007109066005796194,4
seed_123,NR-ER-LBD,60,265,0.006713885813951492,3
seed_123,NR-ER-LBD,119,266,0.006593916565179825,2
seed_123,NR-ER-LBD,94,267,0.006464099977165461,2
seed_123,NR-ER-LBD,282,268,0.006408993154764175,3
seed_123,NR-ER-LBD,256,269,0.005952609237283468,2
seed_123,NR-ER-LBD,273,270,0.005685518495738506,2
seed_123,NR-ER-LBD,281,271,0.005622444674372673,1
seed_123,NR-ER-LBD,174,272,0.005300643853843212,2
seed_123,NR-ER-LBD,54,273,0.005142375361174345,5
seed_123,NR-ER-LBD,261,274,0.0050096963532269,3
seed_123,NR-ER-LBD,294,275,0.004915339406579733,2
seed_123,NR-ER-LBD,164,276,0.004560247994959354,2
seed_123,NR-ER-LBD,288,277,0.004450500011444092,2
seed_123,NR-ER-LBD,259,278,0.004184615332633257,2
seed_123,NR-ER-LBD,265,279,0.003710077842697501,1
seed_123,NR-ER-LBD,297,280,0.003709393087774515,1
seed_123,NR-ER-LBD,116,281,0.003697443287819624,3
seed_123,NR-ER-LBD,159,282,0.0033908840268850327,2
seed_123,NR-ER-LBD,253,283,0.002445909660309553,1
seed_123,NR-ER-LBD,240,284,0.0023722166661173105,1
seed_123,NR-ER-LBD,283,285,0.0023530381731688976,2
seed_123,NR-ER-LBD,284,286,0.002280545188114047,2
seed_123,NR-ER-LBD,157,287,0.0018355228239670396,2
seed_123,NR-ER-LBD,156,288,0.0017735481960698962,2
seed_123,NR-ER-LBD,285,289,0.0015154058346524835,1
seed_123,NR-ER-LBD,137,290,0.0009990362450480461,2
seed_123,NR-ER-LBD,178,291,0.000989951891824603,2
seed_123,NR-ER-LBD,125,292,0.0007923898519948125,3
seed_123,NR-ER-LBD,278,293,0.0005978129920549691,2
seed_123,NR-ER-LBD,216,294,0.00048737353063188493,2
seed_123,NR-ER-LBD,266,295,0.0,1
seed_123,NR-ER-LBD,272,296,0.0,1
seed_123,NR-ER-LBD,244,297,0.0,1
seed_123,NR-ER-LBD,199,298,0.0,2
seed_123,NR-ER-LBD,277,299,0.0,1
seed_123,SR-ATAD5,70,0,3.1382408142089844,27
seed_123,SR-ATAD5,168,1,2.9705650806427,79
seed_123,SR-ATAD5,72,2,2.252220869064331,15
seed_123,SR-ATAD5,62,3,1.8463935852050781,24
seed_123,SR-ATAD5,139,4,1.7462694644927979,12
seed_123,SR-ATAD5,10,5,1.3158679008483887,17
seed_123,SR-ATAD5,0,6,1.1677709817886353,20
seed_123,SR-ATAD5,7,7,1.0722461938858032,33
seed_123,SR-ATAD5,128,8,1.0289827585220337,42
seed_123,SR-ATAD5,63,9,0.9890747666358948,51
seed_123,SR-ATAD5,25,10,0.8083586096763611,8
seed_123,SR-ATAD5,73,11,0.7484309673309326,16
seed_123,SR-ATAD5,57,12,0.7106002569198608,9
seed_123,SR-ATAD5,110,13,0.6778048276901245,20
seed_123,SR-ATAD5,74,14,0.6473683714866638,19
seed_123,SR-ATAD5,29,15,0.6292768120765686,39
seed_123,SR-ATAD5,287,16,0.6289407014846802,8
seed_123,SR-ATAD5,66,17,0.6074733734130859,13
seed_123,SR-ATAD5,52,18,0.5897583365440369,16
seed_123,SR-ATAD5,6,19,0.5562946796417236,18
seed_123,SR-ATAD5,24,20,0.5433787703514099,21
seed_123,SR-ATAD5,58,21,0.5245280265808105,10
seed_123,SR-ATAD5,23,22,0.4924837350845337,30
seed_123,SR-ATAD5,84,23,0.49222156405448914,15
seed_123,SR-ATAD5,252,24,0.4397836923599243,4
seed_123,SR-ATAD5,219,25,0.40621212124824524,16
seed_123,SR-ATAD5,296,26,0.4048828184604645,10
seed_123,SR-ATAD5,189,27,0.39638248085975647,9
seed_123,SR-ATAD5,33,28,0.35447970032691956,17
seed_123,SR-ATAD5,22,29,0.3467717468738556,13
seed_123,SR-ATAD5,190,30,0.3452397882938385,13
seed_123,SR-ATAD5,15,31,0.3414655923843384,26
seed_123,SR-ATAD5,170,32,0.32830333709716797,6
seed_123,SR-ATAD5,114,33,0.3189872205257416,7
seed_123,SR-ATAD5,263,34,0.29716771841049194,6
seed_123,SR-ATAD5,59,35,0.2948700785636902,8
seed_123,SR-ATAD5,2,36,0.2886800765991211,14
seed_123,SR-ATAD5,40,37,0.28132230043411255,6
seed_123,SR-ATAD5,160,38,0.28041622042655945,11
seed_123,SR-ATAD5,49,39,0.2647961378097534,17
seed_123,SR-ATAD5,46,40,0.25946223735809326,13
seed_123,SR-ATAD5,184,41,0.23942714929580688,7
seed_123,SR-ATAD5,71,42,0.23216012120246887,11
seed_123,SR-ATAD5,290,43,0.23102372884750366,10
seed_123,SR-ATAD5,147,44,0.22916415333747864,16
seed_123,SR-ATAD5,299,45,0.2202504575252533,7
seed_123,SR-ATAD5,211,46,0.21241410076618195,13
seed_123,SR-ATAD5,140,47,0.20984424650669098,19
seed_123,SR-ATAD5,79,48,0.20120826363563538,9
seed_123,SR-ATAD5,145,49,0.20105259120464325,17
seed_123,SR-ATAD5,231,50,0.19684496521949768,8
seed_123,SR-ATAD5,176,51,0.19640761613845825,5
seed_123,SR-ATAD5,80,52,0.19239100813865662,8
seed_123,SR-ATAD5,209,53,0.19161638617515564,7
seed_123,SR-ATAD5,193,54,0.1908974051475525,9
seed_123,SR-ATAD5,180,55,0.1897931843996048,5
seed_123,SR-ATAD5,136,56,0.18849971890449524,18
seed_123,SR-ATAD5,92,57,0.18748195469379425,21
seed_123,SR-ATAD5,39,58,0.18642647564411163,9
seed_123,SR-ATAD5,245,59,0.18506617844104767,15
seed_123,SR-ATAD5,129,60,0.1849161982536316,9
seed_123,SR-ATAD5,67,61,0.18436220288276672,16
seed_123,SR-ATAD5,56,62,0.18032175302505493,17
seed_123,SR-ATAD5,126,63,0.17983244359493256,10
seed_123,SR-ATAD5,112,64,0.17601393163204193,10
seed_123,SR-ATAD5,135,65,0.17198501527309418,9
seed_123,SR-ATAD5,175,66,0.16827596724033356,9
seed_123,SR-ATAD5,93,67,0.16781193017959595,16
seed_123,SR-ATAD5,221,68,0.16530342400074005,6
seed_123,SR-ATAD5,99,69,0.1627488136291504,7
seed_123,SR-ATAD5,257,70,0.16242758929729462,8
seed_123,SR-ATAD5,42,71,0.16091547906398773,5
seed_123,SR-ATAD5,222,72,0.1555527150630951,4
seed_123,SR-ATAD5,37,73,0.15152473747730255,7
seed_123,SR-ATAD5,113,74,0.15087437629699707,13
seed_123,SR-ATAD5,81,75,0.14694415032863617,19
seed_123,SR-ATAD5,31,76,0.14223052561283112,20
seed_123,SR-ATAD5,270,77,0.13933831453323364,4
seed_123,SR-ATAD5,43,78,0.13426384329795837,9
seed_123,SR-ATAD5,212,79,0.13421392440795898,7
seed_123,SR-ATAD5,21,80,0.13259389996528625,13
seed_123,SR-ATAD5,154,81,0.1315595507621765,5
seed_123,SR-ATAD5,123,82,0.12931515276432037,11
seed_123,SR-ATAD5,109,83,0.1280268281698227,7
seed_123,SR-ATAD5,195,84,0.12718485295772552,11
seed_123,SR-ATAD5,51,85,0.12564949691295624,10
seed_123,SR-ATAD5,217,86,0.12263799458742142,4
seed_123,SR-ATAD5,167,87,0.1220458447933197,6
seed_123,SR-ATAD5,36,88,0.1200547143816948,7
seed_123,SR-ATAD5,12,89,0.11887737363576889,6
seed_123,SR-ATAD5,75,90,0.11871960759162903,13
seed_123,SR-ATAD5,78,91,0.11605704575777054,5
seed_123,SR-ATAD5,248,92,0.1156761422753334,2
seed_123,SR-ATAD5,108,93,0.11431325972080231,14
seed_123,SR-ATAD5,200,94,0.11155295372009277,8
seed_123,SR-ATAD5,233,95,0.1111849769949913,6
seed_123,SR-ATAD5,268,96,0.10933492332696915,4
seed_123,SR-ATAD5,117,97,0.10925253480672836,7
seed_123,SR-ATAD5,166,98,0.10810976475477219,6
seed_123,SR-ATAD5,148,99,0.10592717677354813,14
seed_123,SR-ATAD5,111,100,0.10432417690753937,5
seed_123,SR-ATAD5,107,101,0.10417044907808304,6
seed_123,SR-ATAD5,225,102,0.10385652631521225,6
seed_123,SR-ATAD5,86,103,0.10135851055383682,9
seed_123,SR-ATAD5,83,104,0.1009051576256752,9
seed_123,SR-ATAD5,106,105,0.09570446610450745,4
seed_123,SR-ATAD5,13,106,0.09505483508110046,6
seed_123,SR-ATAD5,20,107,0.09392879903316498,4
seed_123,SR-ATAD5,242,108,0.09238648414611816,6
seed_123,SR-ATAD5,127,109,0.09201685339212418,4
seed_123,SR-ATAD5,4,110,0.08831623941659927,9
seed_123,SR-ATAD5,204,111,0.08814670890569687,7
seed_123,SR-ATAD5,143,112,0.08764567226171494,5
seed_123,SR-ATAD5,64,113,0.08479790389537811,7
seed_123,SR-ATAD5,55,114,0.08361496776342392,6
seed_123,SR-ATAD5,134,115,0.07528416812419891,3
seed_123,SR-ATAD5,27,116,0.07400292903184891,8
seed_123,SR-ATAD5,218,117,0.07254104316234589,3
seed_123,SR-ATAD5,250,118,0.06998960673809052,4
seed_123,SR-ATAD5,32,119,0.06990241259336472,8
seed_123,SR-ATAD5,146,120,0.06733451038599014,5
seed_123,SR-ATAD5,1,121,0.06559410691261292,6
seed_123,SR-ATAD5,274,122,0.06529311090707779,2
seed_123,SR-ATAD5,247,123,0.0628482848405838,4
seed_123,SR-ATAD5,77,124,0.06223323568701744,5
seed_123,SR-ATAD5,138,125,0.06221757084131241,3
seed_123,SR-ATAD5,88,126,0.06134333461523056,4
seed_123,SR-ATAD5,142,127,0.05841277539730072,3
seed_123,SR-ATAD5,85,128,0.057748958468437195,3
seed_123,SR-ATAD5,61,129,0.05726757273077965,6
seed_123,SR-ATAD5,45,130,0.05580523610115051,8
seed_123,SR-ATAD5,293,131,0.055585261434316635,3
seed_123,SR-ATAD5,28,132,0.05533794313669205,7
seed_123,SR-ATAD5,183,133,0.05510249361395836,7
seed_123,SR-ATAD5,181,134,0.05327725037932396,4
seed_123,SR-ATAD5,50,135,0.0526445247232914,3
seed_123,SR-ATAD5,196,136,0.052601780742406845,4
seed_123,SR-ATAD5,220,137,0.05245469510555267,2
seed_123,SR-ATAD5,89,138,0.050547417253255844,3
seed_123,SR-ATAD5,214,139,0.049977485090494156,2
seed_123,SR-ATAD5,35,140,0.0496433824300766,4
seed_123,SR-ATAD5,269,141,0.04939766600728035,4
seed_123,SR-ATAD5,115,142,0.048861853778362274,4
seed_123,SR-ATAD5,243,143,0.048691488802433014,2
seed_123,SR-ATAD5,3,144,0.04700146242976189,6
seed_123,SR-ATAD5,165,145,0.046334169805049896,4
seed_123,SR-ATAD5,120,146,0.04599357023835182,5
seed_123,SR-ATAD5,17,147,0.04597263038158417,5
seed_123,SR-ATAD5,144,148,0.04549582302570343,7
seed_123,SR-ATAD5,186,149,0.04538082331418991,3
seed_123,SR-ATAD5,162,150,0.04502984881401062,3
seed_123,SR-ATAD5,102,151,0.0442846342921257,6
seed_123,SR-ATAD5,239,152,0.04361823946237564,3
seed_123,SR-ATAD5,47,153,0.042675577104091644,4
seed_123,SR-ATAD5,201,154,0.04245913401246071,4
seed_123,SR-ATAD5,122,155,0.041246358305215836,6
seed_123,SR-ATAD5,169,156,0.040742821991443634,8
seed_123,SR-ATAD5,44,157,0.04065380617976189,3
seed_123,SR-ATAD5,159,158,0.04018349200487137,2
seed_123,SR-ATAD5,14,159,0.03960558399558067,5
seed_123,SR-ATAD5,91,160,0.03956238180398941,6
seed_123,SR-ATAD5,65,161,0.03947671502828598,3
seed_123,SR-ATAD5,90,162,0.03944338485598564,6
seed_123,SR-ATAD5,232,163,0.038537874817848206,2
seed_123,SR-ATAD5,229,164,0.03799146041274071,7
seed_123,SR-ATAD5,130,165,0.036595024168491364,4
seed_123,SR-ATAD5,104,166,0.03646468371152878,4
seed_123,SR-ATAD5,38,167,0.0362708605825901,4
seed_123,SR-ATAD5,158,168,0.03523167222738266,3
seed_123,SR-ATAD5,208,169,0.0350644513964653,3
seed_123,SR-ATAD5,34,170,0.03442619368433952,5
seed_123,SR-ATAD5,276,171,0.03416858986020088,8
seed_123,SR-ATAD5,16,172,0.03394119068980217,4
seed_123,SR-ATAD5,298,173,0.03362869843840599,4
seed_123,SR-ATAD5,48,174,0.03361501917243004,7
seed_123,SR-ATAD5,152,175,0.033403217792510986,3
seed_123,SR-ATAD5,206,176,0.032248564064502716,4
seed_123,SR-ATAD5,237,177,0.02959025837481022,2
seed_123,SR-ATAD5,150,178,0.0286957286298275,3
seed_123,SR-ATAD5,172,179,0.028007276356220245,4
seed_123,SR-ATAD5,132,180,0.02745688520371914,2
seed_123,SR-ATAD5,179,181,0.02733762003481388,3
seed_123,SR-ATAD5,197,182,0.027215057983994484,3
seed_123,SR-ATAD5,253,183,0.026590315625071526,1
seed_123,SR-ATAD5,121,184,0.026440294459462166,7
seed_123,SR-ATAD5,131,185,0.026293881237506866,2
seed_123,SR-ATAD5,262,186,0.02627118118107319,3
seed_123,SR-ATAD5,234,187,0.025441588833928108,2
seed_123,SR-ATAD5,8,188,0.02460862137377262,6
seed_123,SR-ATAD5,236,189,0.02378571592271328,3
seed_123,SR-ATAD5,124,190,0.023725809529423714,4
seed_123,SR-ATAD5,100,191,0.023611487820744514,3
seed_123,SR-ATAD5,69,192,0.023606115952134132,8
seed_123,SR-ATAD5,246,193,0.02323707565665245,3
seed_123,SR-ATAD5,53,194,0.022970424965023994,6
seed_123,SR-ATAD5,96,195,0.022715164348483086,5
seed_123,SR-ATAD5,213,196,0.02255871519446373,4
seed_123,SR-ATAD5,103,197,0.022509710863232613,3
seed_123,SR-ATAD5,260,198,0.02239166386425495,5
seed_123,SR-ATAD5,241,199,0.021974023431539536,3
seed_123,SR-ATAD5,258,200,0.021557332947850227,3
seed_123,SR-ATAD5,291,201,0.020859310403466225,2
seed_123,SR-ATAD5,19,202,0.020846674218773842,4
seed_123,SR-ATAD5,286,203,0.020431799814105034,2
seed_123,SR-ATAD5,76,204,0.020137673243880272,2
seed_123,SR-ATAD5,182,205,0.01996605098247528,2
seed_123,SR-ATAD5,153,206,0.01929187774658203,2
seed_123,SR-ATAD5,30,207,0.018888922408223152,5
seed_123,SR-ATAD5,289,208,0.01886073686182499,2
seed_123,SR-ATAD5,255,209,0.01827406696975231,2
seed_123,SR-ATAD5,87,210,0.018058637157082558,4
seed_123,SR-ATAD5,202,211,0.01781868375837803,3
seed_123,SR-ATAD5,82,212,0.017590822651982307,4
seed_123,SR-ATAD5,207,213,0.01742798648774624,2
seed_123,SR-ATAD5,95,214,0.01713293232023716,4
seed_123,SR-ATAD5,177,215,0.01684516668319702,4
seed_123,SR-ATAD5,173,216,0.016691699624061584,4
seed_123,SR-ATAD5,251,217,0.01660033129155636,3
seed_123,SR-ATAD5,227,218,0.016560427844524384,3
seed_123,SR-ATAD5,235,219,0.01631469838321209,5
seed_123,SR-ATAD5,254,220,0.016093352809548378,2
seed_123,SR-ATAD5,163,221,0.015821246430277824,3
seed_123,SR-ATAD5,256,222,0.015735439956188202,2
seed_123,SR-ATAD5,105,223,0.015312343835830688,3
seed_123,SR-ATAD5,101,224,0.014984152279794216,3
seed_123,SR-ATAD5,5,225,0.014693430624902248,4
seed_123,SR-ATAD5,149,226,0.014515162445604801,2
seed_123,SR-ATAD5,185,227,0.014485844410955906,3
seed_123,SR-ATAD5,68,228,0.013814511708915234,2
seed_123,SR-ATAD5,228,229,0.013746129348874092,4
seed_123,SR-ATAD5,118,230,0.013678064569830894,4
seed_123,SR-ATAD5,280,231,0.013646455481648445,3
seed_123,SR-ATAD5,116,232,0.013522258959710598,3
seed_123,SR-ATAD5,187,233,0.013315300457179546,3
seed_123,SR-ATAD5,295,234,0.013233179226517677,2
seed_123,SR-ATAD5,97,235,0.013127107173204422,2
seed_123,SR-ATAD5,98,236,0.013072622008621693,2
seed_123,SR-ATAD5,210,237,0.013024643063545227,6
seed_123,SR-ATAD5,133,238,0.01242857612669468,6
seed_123,SR-ATAD5,194,239,0.01218660082668066,3
seed_123,SR-ATAD5,205,240,0.012063059955835342,3
seed_123,SR-ATAD5,224,241,0.011835131794214249,2
seed_123,SR-ATAD5,264,242,0.011806650087237358,3
seed_123,SR-ATAD5,26,243,0.011696883477270603,4
seed_123,SR-ATAD5,155,244,0.011591719463467598,3
seed_123,SR-ATAD5,18,245,0.011582761071622372,4
seed_123,SR-ATAD5,271,246,0.011451422236859798,3
seed_123,SR-ATAD5,215,247,0.011391405016183853,4
seed_123,SR-ATAD5,223,248,0.011295158416032791,2
seed_123,SR-ATAD5,273,249,0.011014899238944054,2
seed_123,SR-ATAD5,188,250,0.01064418163150549,2
seed_123,SR-ATAD5,285,251,0.010085804387927055,1
seed_123,SR-ATAD5,9,252,0.009696629829704762,3
seed_123,SR-ATAD5,171,253,0.009575358591973782,2
seed_123,SR-ATAD5,11,254,0.009242022410035133,2
seed_123,SR-ATAD5,279,255,0.00915487390011549,2
seed_123,SR-ATAD5,203,256,0.008980372920632362,4
seed_123,SR-ATAD5,249,257,0.008722109720110893,3
seed_123,SR-ATAD5,288,258,0.008428826928138733,2
seed_123,SR-ATAD5,54,259,0.008132170885801315,5
seed_123,SR-ATAD5,192,260,0.007924473844468594,3
seed_123,SR-ATAD5,161,261,0.007487973663955927,2
seed_123,SR-ATAD5,282,262,0.007487683556973934,3
seed_123,SR-ATAD5,292,263,0.0072958930395543575,3
seed_123,SR-ATAD5,230,264,0.006036859471350908,3
seed_123,SR-ATAD5,178,265,0.005766263697296381,2
seed_123,SR-ATAD5,198,266,0.005561999045312405,3
seed_123,SR-ATAD5,297,267,0.00538994325324893,1
seed_123,SR-ATAD5,259,268,0.004653514828532934,2
seed_123,SR-ATAD5,261,269,0.004515965469181538,3
seed_123,SR-ATAD5,119,270,0.004433531314134598,2
seed_123,SR-ATAD5,265,271,0.004354419652372599,1
seed_123,SR-ATAD5,226,272,0.004203381482511759,2
seed_123,SR-ATAD5,125,273,0.0038693370297551155,3
seed_123,SR-ATAD5,275,274,0.003829705063253641,2
seed_123,SR-ATAD5,191,275,0.0036384020932018757,2
seed_123,SR-ATAD5,157,276,0.0031589996069669724,2
seed_123,SR-ATAD5,164,277,0.003121887566521764,2
seed_123,SR-ATAD5,141,278,0.002966528292745352,2
seed_123,SR-ATAD5,284,279,0.0028947233222424984,2
seed_123,SR-ATAD5,174,280,0.002722622361034155,2
seed_123,SR-ATAD5,238,281,0.0025513845030218363,1
seed_123,SR-ATAD5,267,282,0.0024233683943748474,2
seed_123,SR-ATAD5,278,283,0.002422695979475975,2
seed_123,SR-ATAD5,294,284,0.002347934991121292,2
seed_123,SR-ATAD5,41,285,0.00190027616918087,2
seed_123,SR-ATAD5,240,286,0.0018796763615682721,1
seed_123,SR-ATAD5,60,287,0.0016389373922720551,3
seed_123,SR-ATAD5,281,288,0.0016303096199408174,1
seed_123,SR-ATAD5,151,289,0.001133119803853333,2
seed_123,SR-ATAD5,216,290,0.0007328821229748428,2
seed_123,SR-ATAD5,283,291,0.000708961917553097,2
seed_123,SR-ATAD5,137,292,0.0003796262317337096,2
seed_123,SR-ATAD5,94,293,0.0003167243557982147,2
seed_123,SR-ATAD5,156,294,0.0001778643054421991,2
seed_123,SR-ATAD5,244,295,0.0,1
seed_123,SR-ATAD5,277,296,0.0,1
seed_123,SR-ATAD5,199,297,0.0,2
seed_123,SR-ATAD5,266,298,0.0,1
seed_123,SR-ATAD5,272,299,0.0,1
seed_123,SR-p53,70,0,3.3318803310394287,27
seed_123,SR-p53,168,1,2.426405429840088,79
seed_123,SR-p53,72,2,1.8143142461776733,15
seed_123,SR-p53,128,3,1.0018101930618286,42
seed_123,SR-p53,7,4,0.9232922792434692,33
seed_123,SR-p53,63,5,0.8099791407585144,51
seed_123,SR-p53,139,6,0.7649729251861572,12
seed_123,SR-p53,74,7,0.7174128890037537,19
seed_123,SR-p53,52,8,0.6709595322608948,16
seed_123,SR-p53,110,9,0.6634615659713745,20
seed_123,SR-p53,0,10,0.6406286358833313,20
seed_123,SR-p53,24,11,0.6399973630905151,21
seed_123,SR-p53,73,12,0.5936142802238464,16
seed_123,SR-p53,10,13,0.5738165378570557,17
seed_123,SR-p53,6,14,0.5528666377067566,18
seed_123,SR-p53,62,15,0.4989081919193268,24
seed_123,SR-p53,29,16,0.4984564185142517,39
seed_123,SR-p53,189,17,0.4640340805053711,9
seed_123,SR-p53,84,18,0.44353795051574707,15
seed_123,SR-p53,57,19,0.4432677924633026,9
seed_123,SR-p53,190,20,0.3525555729866028,13
seed_123,SR-p53,23,21,0.3408380150794983,30
seed_123,SR-p53,58,22,0.3251318335533142,10
seed_123,SR-p53,25,23,0.3113994002342224,8
seed_123,SR-p53,245,24,0.2936233580112457,15
seed_123,SR-p53,22,25,0.27857646346092224,13
seed_123,SR-p53,80,26,0.2671148478984833,8
seed_123,SR-p53,33,27,0.2640843093395233,17
seed_123,SR-p53,15,28,0.2597373127937317,26
seed_123,SR-p53,66,29,0.25447455048561096,13
seed_123,SR-p53,217,30,0.249334454536438,4
seed_123,SR-p53,136,31,0.24471309781074524,18
seed_123,SR-p53,184,32,0.24152150750160217,7
seed_123,SR-p53,221,33,0.24136412143707275,6
seed_123,SR-p53,231,34,0.23641088604927063,8
seed_123,SR-p53,252,35,0.2335934340953827,4
seed_123,SR-p53,67,36,0.22400237619876862,16
seed_123,SR-p53,71,37,0.22243694961071014,11
seed_123,SR-p53,43,38,0.2069360762834549,9
seed_123,SR-p53,46,39,0.20586346089839935,13
seed_123,SR-p53,175,40,0.205702543258667,9
seed_123,SR-p53,39,41,0.20371580123901367,9
seed_123,SR-p53,31,42,0.20339155197143555,20
seed_123,SR-p53,40,43,0.20314761996269226,6
seed_123,SR-p53,211,44,0.20016176998615265,13
seed_123,SR-p53,93,45,0.19746284186840057,16
seed_123,SR-p53,56,46,0.19617490470409393,17
seed_123,SR-p53,263,47,0.19427883625030518,6
seed_123,SR-p53,114,48,0.19412551820278168,7
seed_123,SR-p53,287,49,0.19256603717803955,8
seed_123,SR-p53,49,50,0.19157522916793823,17
seed_123,SR-p53,160,51,0.1677701771259308,11
seed_123,SR-p53,296,52,0.16744326055049896,10
seed_123,SR-p53,12,53,0.1651897430419922,6
seed_123,SR-p53,219,54,0.16330601274967194,16
seed_123,SR-p53,180,55,0.15857316553592682,5
seed_123,SR-p53,145,56,0.15777546167373657,17
seed_123,SR-p53,2,57,0.15627428889274597,14
seed_123,SR-p53,147,58,0.1553022861480713,16
seed_123,SR-p53,140,59,0.15313579142093658,19
seed_123,SR-p53,59,60,0.1519097536802292,8
seed_123,SR-p53,123,61,0.1517835408449173,11
seed_123,SR-p53,79,62,0.15073245763778687,9
seed_123,SR-p53,176,63,0.14374880492687225,5
seed_123,SR-p53,290,64,0.14148694276809692,10
seed_123,SR-p53,42,65,0.14090141654014587,5
seed_123,SR-p53,75,66,0.13852441310882568,13
seed_123,SR-p53,92,67,0.13191235065460205,21
seed_123,SR-p53,36,68,0.13085995614528656,7
seed_123,SR-p53,170,69,0.13012714684009552,6
seed_123,SR-p53,193,70,0.12735064327716827,9
seed_123,SR-p53,91,71,0.12548114359378815,6
seed_123,SR-p53,148,72,0.12417460978031158,14
seed_123,SR-p53,112,73,0.12391100823879242,10
seed_123,SR-p53,242,74,0.1239052414894104,6
seed_123,SR-p53,222,75,0.1224069744348526,4
seed_123,SR-p53,195,76,0.11726123094558716,11
seed_123,SR-p53,108,77,0.11658084392547607,14
seed_123,SR-p53,21,78,0.11501700431108475,13
seed_123,SR-p53,83,79,0.11361230909824371,9
seed_123,SR-p53,209,80,0.10961694270372391,7
seed_123,SR-p53,299,81,0.10750275105237961,7
seed_123,SR-p53,111,82,0.10628576576709747,5
seed_123,SR-p53,167,83,0.10601182281970978,6
seed_123,SR-p53,81,84,0.1056041345000267,19
seed_123,SR-p53,126,85,0.10322142392396927,10
seed_123,SR-p53,86,86,0.1002134159207344,9
seed_123,SR-p53,129,87,0.0980159267783165,9
seed_123,SR-p53,270,88,0.09740065783262253,4
seed_123,SR-p53,99,89,0.09655827283859253,7
seed_123,SR-p53,37,90,0.09606195241212845,7
seed_123,SR-p53,143,91,0.09585285186767578,5
seed_123,SR-p53,183,92,0.09534725546836853,7
seed_123,SR-p53,204,93,0.0901605486869812,7
seed_123,SR-p53,64,94,0.08489419519901276,7
seed_123,SR-p53,45,95,0.08480977267026901,8
seed_123,SR-p53,233,96,0.08046534657478333,6
seed_123,SR-p53,88,97,0.08003124594688416,4
seed_123,SR-p53,117,98,0.07981671392917633,7
seed_123,SR-p53,135,99,0.0777580663561821,9
seed_123,SR-p53,200,100,0.07767215371131897,8
seed_123,SR-p53,269,101,0.07535680383443832,4
seed_123,SR-p53,32,102,0.07099030911922455,8
seed_123,SR-p53,13,103,0.06945584714412689,6
seed_123,SR-p53,257,104,0.06892593204975128,8
seed_123,SR-p53,138,105,0.06778281927108765,3
seed_123,SR-p53,104,106,0.06767776608467102,4
seed_123,SR-p53,4,107,0.06524256616830826,9
seed_123,SR-p53,212,108,0.06152867153286934,7
seed_123,SR-p53,127,109,0.06012833118438721,4
seed_123,SR-p53,235,110,0.05892254784703255,5
seed_123,SR-p53,107,111,0.057475168257951736,6
seed_123,SR-p53,144,112,0.0570952482521534,7
seed_123,SR-p53,1,113,0.056943271309137344,6
seed_123,SR-p53,250,114,0.05370910093188286,4
seed_123,SR-p53,120,115,0.052227430045604706,5
seed_123,SR-p53,274,116,0.05149848759174347,2
seed_123,SR-p53,166,117,0.051435843110084534,6
seed_123,SR-p53,82,118,0.05126999691128731,4
seed_123,SR-p53,152,119,0.049885094165802,3
seed_123,SR-p53,196,120,0.04983818158507347,4
seed_123,SR-p53,35,121,0.049463942646980286,4
seed_123,SR-p53,102,122,0.04931957647204399,6
seed_123,SR-p53,225,123,0.04768209159374237,6
seed_123,SR-p53,77,124,0.04710312560200691,5
seed_123,SR-p53,218,125,0.0466252826154232,3
seed_123,SR-p53,154,126,0.0464395247399807,5
seed_123,SR-p53,51,127,0.04605143144726753,10
seed_123,SR-p53,165,128,0.04557967558503151,4
seed_123,SR-p53,181,129,0.045156847685575485,4
seed_123,SR-p53,130,130,0.04424575716257095,4
seed_123,SR-p53,254,131,0.04316490516066551,2
seed_123,SR-p53,276,132,0.0430939756333828,8
seed_123,SR-p53,61,133,0.042780134826898575,6
seed_123,SR-p53,215,134,0.04172452539205551,4
seed_123,SR-p53,55,135,0.041378509253263474,6
seed_123,SR-p53,237,136,0.040569838136434555,2
seed_123,SR-p53,20,137,0.04008987173438072,4
seed_123,SR-p53,149,138,0.04004432260990143,2
seed_123,SR-p53,90,139,0.03977951034903526,6
seed_123,SR-p53,28,140,0.03952794522047043,7
seed_123,SR-p53,115,141,0.03833111748099327,4
seed_123,SR-p53,163,142,0.03654341399669647,3
seed_123,SR-p53,239,143,0.03570378199219704,3
seed_123,SR-p53,95,144,0.035436470061540604,4
seed_123,SR-p53,106,145,0.03446581959724426,4
seed_123,SR-p53,172,146,0.03409166634082794,4
seed_123,SR-p53,87,147,0.03400246798992157,4
seed_123,SR-p53,198,148,0.03399405628442764,3
seed_123,SR-p53,213,149,0.03366456553339958,4
seed_123,SR-p53,48,150,0.0334150567650795,7
seed_123,SR-p53,89,151,0.03279019147157669,3
seed_123,SR-p53,192,152,0.0326729342341423,3
seed_123,SR-p53,247,153,0.0325503945350647,4
seed_123,SR-p53,103,154,0.03238333761692047,3
seed_123,SR-p53,236,155,0.03226489946246147,3
seed_123,SR-p53,109,156,0.03215273469686508,7
seed_123,SR-p53,113,157,0.03129172697663307,13
seed_123,SR-p53,258,158,0.031127873808145523,3
seed_123,SR-p53,291,159,0.03038443997502327,2
seed_123,SR-p53,162,160,0.03030760958790779,3
seed_123,SR-p53,255,161,0.03016708604991436,2
seed_123,SR-p53,289,162,0.029643725603818893,2
seed_123,SR-p53,14,163,0.029511816799640656,5
seed_123,SR-p53,264,164,0.028922032564878464,3
seed_123,SR-p53,9,165,0.02879403904080391,3
seed_123,SR-p53,248,166,0.028668062761425972,2
seed_123,SR-p53,293,167,0.028551165014505386,3
seed_123,SR-p53,69,168,0.0284795630723238,8
seed_123,SR-p53,206,169,0.028266666457057,4
seed_123,SR-p53,38,170,0.028072066605091095,4
seed_123,SR-p53,205,171,0.027348630130290985,3
seed_123,SR-p53,132,172,0.026995351538062096,2
seed_123,SR-p53,17,173,0.026894040405750275,5
seed_123,SR-p53,44,174,0.02666713483631611,3
seed_123,SR-p53,50,175,0.025383641943335533,3
seed_123,SR-p53,227,176,0.024746578186750412,3
seed_123,SR-p53,131,177,0.024481143802404404,2
seed_123,SR-p53,155,178,0.02379830926656723,3
seed_123,SR-p53,188,179,0.023620707914233208,2
seed_123,SR-p53,249,180,0.0233880877494812,3
seed_123,SR-p53,220,181,0.023041540756821632,2
seed_123,SR-p53,121,182,0.02264830842614174,7
seed_123,SR-p53,246,183,0.02262226492166519,3
seed_123,SR-p53,185,184,0.022009599953889847,3
seed_123,SR-p53,158,185,0.021832764148712158,3
seed_123,SR-p53,78,186,0.021556898951530457,5
seed_123,SR-p53,243,187,0.02151636779308319,2
seed_123,SR-p53,174,188,0.020848125219345093,2
seed_123,SR-p53,85,189,0.0205640010535717,3
seed_123,SR-p53,292,190,0.02037801779806614,3
seed_123,SR-p53,68,191,0.02036714367568493,2
seed_123,SR-p53,251,192,0.02035973221063614,3
seed_123,SR-p53,298,193,0.019617445766925812,4
seed_123,SR-p53,27,194,0.018653711304068565,8
seed_123,SR-p53,210,195,0.018607376143336296,6
seed_123,SR-p53,142,196,0.018128080293536186,3
seed_123,SR-p53,47,197,0.01800917647778988,4
seed_123,SR-p53,202,198,0.017848122864961624,3
seed_123,SR-p53,169,199,0.017784444615244865,8
seed_123,SR-p53,122,200,0.017600469291210175,6
seed_123,SR-p53,234,201,0.01718979701399803,2
seed_123,SR-p53,229,202,0.017073076218366623,7
seed_123,SR-p53,124,203,0.016890358179807663,4
seed_123,SR-p53,253,204,0.01675998419523239,1
seed_123,SR-p53,271,205,0.016517847776412964,3
seed_123,SR-p53,214,206,0.016419164836406708,2
seed_123,SR-p53,34,207,0.016199180856347084,5
seed_123,SR-p53,146,208,0.016062717884778976,5
seed_123,SR-p53,197,209,0.016015198081731796,3
seed_123,SR-p53,260,210,0.015983309596776962,5
seed_123,SR-p53,133,211,0.015623205341398716,6
seed_123,SR-p53,19,212,0.015401491895318031,4
seed_123,SR-p53,150,213,0.015347682870924473,3
seed_123,SR-p53,179,214,0.015315732918679714,3
seed_123,SR-p53,8,215,0.015232738107442856,6
seed_123,SR-p53,30,216,0.015111356042325497,5
seed_123,SR-p53,295,217,0.014895807020366192,2
seed_123,SR-p53,280,218,0.014886087737977505,3
seed_123,SR-p53,224,219,0.014248424209654331,2
seed_123,SR-p53,153,220,0.014035498723387718,2
seed_123,SR-p53,65,221,0.013921856880187988,3
seed_123,SR-p53,267,222,0.013910187408328056,2
seed_123,SR-p53,186,223,0.01323095802217722,3
seed_123,SR-p53,268,224,0.013219654560089111,4
seed_123,SR-p53,187,225,0.01274398434907198,3
seed_123,SR-p53,208,226,0.012476514093577862,3
seed_123,SR-p53,97,227,0.012278358452022076,2
seed_123,SR-p53,100,228,0.012266919948160648,3
seed_123,SR-p53,201,229,0.01226184144616127,4
seed_123,SR-p53,273,230,0.011969177983701229,2
seed_123,SR-p53,238,231,0.01181903574615717,1
seed_123,SR-p53,3,232,0.011789492331445217,6
seed_123,SR-p53,173,233,0.01174109522253275,4
seed_123,SR-p53,203,234,0.011558095924556255,4
seed_123,SR-p53,286,235,0.011001987382769585,2
seed_123,SR-p53,118,236,0.010926955379545689,4
seed_123,SR-p53,96,237,0.010722586885094643,5
seed_123,SR-p53,171,238,0.010691738687455654,2
seed_123,SR-p53,230,239,0.010043397545814514,3
seed_123,SR-p53,226,240,0.00981430895626545,2
seed_123,SR-p53,288,241,0.009595136158168316,2
seed_123,SR-p53,182,242,0.009570615366101265,2
seed_123,SR-p53,16,243,0.009562787599861622,4
seed_123,SR-p53,228,244,0.009392974898219109,4
seed_123,SR-p53,282,245,0.009177480824291706,3
seed_123,SR-p53,157,246,0.008901821449398994,2
seed_123,SR-p53,232,247,0.008718269877135754,2
seed_123,SR-p53,94,248,0.008429531939327717,2
seed_123,SR-p53,18,249,0.007698507513850927,4
seed_123,SR-p53,161,250,0.007540818303823471,2
seed_123,SR-p53,177,251,0.007490524556487799,4
seed_123,SR-p53,116,252,0.007476422470062971,3
seed_123,SR-p53,207,253,0.007243476342409849,2
seed_123,SR-p53,261,254,0.007212916389107704,3
seed_123,SR-p53,5,255,0.007083703298121691,4
seed_123,SR-p53,194,256,0.007008551619946957,3
seed_123,SR-p53,178,257,0.00698756892234087,2
seed_123,SR-p53,134,258,0.00693828659132123,3
seed_123,SR-p53,60,259,0.006826433353126049,3
seed_123,SR-p53,54,260,0.00663780840113759,5
seed_123,SR-p53,141,261,0.0059896125458180904,2
seed_123,SR-p53,53,262,0.005892109125852585,6
seed_123,SR-p53,240,263,0.005207064561545849,1
seed_123,SR-p53,262,264,0.005118513014167547,3
seed_123,SR-p53,284,265,0.005063413642346859,2
seed_123,SR-p53,297,266,0.004905153531581163,1
seed_123,SR-p53,105,267,0.004896411206573248,3
seed_123,SR-p53,101,268,0.004862751811742783,3
seed_123,SR-p53,156,269,0.004723419435322285,2
seed_123,SR-p53,285,270,0.0047112093307077885,1
seed_123,SR-p53,241,271,0.004578120075166225,3
seed_123,SR-p53,265,272,0.004477089736610651,1
seed_123,SR-p53,279,273,0.004242130555212498,2
seed_123,SR-p53,256,274,0.004156502429395914,2
seed_123,SR-p53,191,275,0.004063684493303299,2
seed_123,SR-p53,98,276,0.0038951497990638018,2
seed_123,SR-p53,125,277,0.0033048843033611774,3
seed_123,SR-p53,223,278,0.0032353978604078293,2
seed_123,SR-p53,26,279,0.0031426725909113884,4
seed_123,SR-p53,119,280,0.0030155715066939592,2
seed_123,SR-p53,275,281,0.002962545957416296,2
seed_123,SR-p53,76,282,0.0027177277952432632,2
seed_123,SR-p53,41,283,0.002419146941974759,2
seed_123,SR-p53,283,284,0.0022280251141637564,2
seed_123,SR-p53,281,285,0.002163505181670189,1
seed_123,SR-p53,11,286,0.0020928550511598587,2
seed_123,SR-p53,164,287,0.0017980063566938043,2
seed_123,SR-p53,216,288,0.0015631366986781359,2
seed_123,SR-p53,137,289,0.0015164370415732265,2
seed_123,SR-p53,159,290,0.0013021688209846616,2
seed_123,SR-p53,278,291,0.001234423485584557,2
seed_123,SR-p53,259,292,0.0011220603482797742,2
seed_123,SR-p53,294,293,0.0007716452819295228,2
seed_123,SR-p53,151,294,0.0005623697652481496,2
seed_123,SR-p53,266,295,0.0,1
seed_123,SR-p53,277,296,0.0,1
seed_123,SR-p53,199,297,0.0,2
seed_123,SR-p53,272,298,0.0,1
seed_123,SR-p53,244,299,0.0,1
seed_124,NR-AR,70,0,3.4996023178100586,27
seed_124,NR-AR,72,1,3.0937955379486084,15
seed_124,NR-AR,168,2,2.3382761478424072,79
seed_124,NR-AR,139,3,1.4358601570129395,12
seed_124,NR-AR,63,4,1.2819794416427612,51
seed_124,NR-AR,7,5,1.2627500295639038,33
seed_124,NR-AR,128,6,1.2332284450531006,42
seed_124,NR-AR,62,7,1.0840474367141724,24
seed_124,NR-AR,74,8,0.739557147026062,19
seed_124,NR-AR,52,9,0.6622741222381592,16
seed_124,NR-AR,6,10,0.6316660642623901,18
seed_124,NR-AR,10,11,0.6284701228141785,17
seed_124,NR-AR,29,12,0.5813958644866943,39
seed_124,NR-AR,73,13,0.5420866012573242,16
seed_124,NR-AR,0,14,0.5302204489707947,20
seed_124,NR-AR,24,15,0.5224453210830688,21
seed_124,NR-AR,110,16,0.495177686214447,20
seed_124,NR-AR,189,17,0.48988601565361023,9
seed_124,NR-AR,58,18,0.47339335083961487,10
seed_124,NR-AR,221,19,0.4618571698665619,6
seed_124,NR-AR,66,20,0.4599364399909973,13
seed_124,NR-AR,231,21,0.4369944930076599,8
seed_124,NR-AR,57,22,0.4138006865978241,9
seed_124,NR-AR,84,23,0.4050532579421997,15
seed_124,NR-AR,23,24,0.4031781852245331,30
seed_124,NR-AR,15,25,0.3914490342140198,26
seed_124,NR-AR,287,26,0.38120654225349426,8
seed_124,NR-AR,184,27,0.3628826439380646,7
seed_124,NR-AR,2,28,0.3527991771697998,14
seed_124,NR-AR,190,29,0.3375956118106842,13
seed_124,NR-AR,22,30,0.3360283374786377,13
seed_124,NR-AR,33,31,0.32958197593688965,17
seed_124,NR-AR,49,32,0.3277941942214966,17
seed_124,NR-AR,136,33,0.32222798466682434,18
seed_124,NR-AR,59,34,0.3086218237876892,8
seed_124,NR-AR,25,35,0.28947770595550537,8
seed_124,NR-AR,296,36,0.28321805596351624,10
seed_124,NR-AR,245,37,0.2612568438053131,15
seed_124,NR-AR,71,38,0.24310223758220673,11
seed_124,NR-AR,92,39,0.2198735624551773,21
seed_124,NR-AR,175,40,0.21551235020160675,9
seed_124,NR-AR,145,41,0.21551230549812317,17
seed_124,NR-AR,46,42,0.2100139558315277,13
seed_124,NR-AR,263,43,0.20553092658519745,6
seed_124,NR-AR,31,44,0.19933022558689117,20
seed_124,NR-AR,12,45,0.19822542369365692,6
seed_124,NR-AR,123,46,0.19346722960472107,11
seed_124,NR-AR,83,47,0.18535323441028595,9
seed_124,NR-AR,67,48,0.1845545768737793,16
seed_124,NR-AR,160,49,0.18249236047267914,11
seed_124,NR-AR,56,50,0.1817817986011505,17
seed_124,NR-AR,252,51,0.17861677706241608,4
seed_124,NR-AR,93,52,0.17856651544570923,16
seed_124,NR-AR,290,53,0.17574194073677063,10
seed_124,NR-AR,99,54,0.17497113347053528,7
seed_124,NR-AR,193,55,0.172463521361351,9
seed_124,NR-AR,21,56,0.17069824039936066,13
seed_124,NR-AR,211,57,0.1702943593263626,13
seed_124,NR-AR,79,58,0.165887713432312,9
seed_124,NR-AR,222,59,0.15685482323169708,4
seed_124,NR-AR,140,60,0.15403710305690765,19
seed_124,NR-AR,219,61,0.15260958671569824,16
seed_124,NR-AR,147,62,0.15044869482517242,16
seed_124,NR-AR,209,63,0.14674144983291626,7
seed_124,NR-AR,204,64,0.13827171921730042,7
seed_124,NR-AR,51,65,0.13174040615558624,10
seed_124,NR-AR,75,66,0.1312892884016037,13
seed_124,NR-AR,107,67,0.13040372729301453,6
seed_124,NR-AR,43,68,0.129917711019516,9
seed_124,NR-AR,126,69,0.12876027822494507,10
seed_124,NR-AR,80,70,0.12735632061958313,8
seed_124,NR-AR,40,71,0.12174659222364426,6
seed_124,NR-AR,108,72,0.12086909264326096,14
seed_124,NR-AR,257,73,0.12041255086660385,8
seed_124,NR-AR,81,74,0.12012005597352982,19
seed_124,NR-AR,36,75,0.11715412139892578,7
seed_124,NR-AR,111,76,0.11688344925642014,5
seed_124,NR-AR,166,77,0.11382801830768585,6
seed_124,NR-AR,250,78,0.11307521909475327,4
seed_124,NR-AR,37,79,0.11066609621047974,7
seed_124,NR-AR,127,80,0.10939648002386093,4
seed_124,NR-AR,135,81,0.10675420612096786,9
seed_124,NR-AR,129,82,0.10626175999641418,9
seed_124,NR-AR,86,83,0.1056048572063446,9
seed_124,NR-AR,114,84,0.10129906982183456,7
seed_124,NR-AR,113,85,0.10073094815015793,13
seed_124,NR-AR,148,86,0.09968488663434982,14
seed_124,NR-AR,117,87,0.0978694036602974,7
seed_124,NR-AR,170,88,0.09644107520580292,6
seed_124,NR-AR,78,89,0.09425491839647293,5
seed_124,NR-AR,138,90,0.0940919816493988,3
seed_124,NR-AR,88,91,0.09247775375843048,4
seed_124,NR-AR,180,92,0.09156617522239685,5
seed_124,NR-AR,200,93,0.09118229895830154,8
seed_124,NR-AR,13,94,0.0868915393948555,6
seed_124,NR-AR,42,95,0.08619505167007446,5
seed_124,NR-AR,269,96,0.08518844097852707,4
seed_124,NR-AR,55,97,0.08499804884195328,6
seed_124,NR-AR,299,98,0.07860223203897476,7
seed_124,NR-AR,217,99,0.07850661128759384,4
seed_124,NR-AR,225,100,0.07847006618976593,6
seed_124,NR-AR,172,101,0.07789821177721024,4
seed_124,NR-AR,289,102,0.07543687522411346,2
seed_124,NR-AR,195,103,0.07292784005403519,11
seed_124,NR-AR,91,104,0.07277688384056091,6
seed_124,NR-AR,39,105,0.07238602638244629,9
seed_124,NR-AR,248,106,0.07168830186128616,2
seed_124,NR-AR,45,107,0.07146299630403519,8
seed_124,NR-AR,270,108,0.07140819728374481,4
seed_124,NR-AR,134,109,0.070711150765419,3
seed_124,NR-AR,1,110,0.07045836001634598,6
seed_124,NR-AR,64,111,0.07023363560438156,7
seed_124,NR-AR,213,112,0.07002227008342743,4
seed_124,NR-AR,242,113,0.06980937719345093,6
seed_124,NR-AR,4,114,0.06438732892274857,9
seed_124,NR-AR,50,115,0.0638561099767685,3
seed_124,NR-AR,154,116,0.0624709390103817,5
seed_124,NR-AR,82,117,0.061394255608320236,4
seed_124,NR-AR,104,118,0.060354482382535934,4
seed_124,NR-AR,32,119,0.05863580107688904,8
seed_124,NR-AR,264,120,0.057216860353946686,3
seed_124,NR-AR,61,121,0.056462425738573074,6
seed_124,NR-AR,142,122,0.05554346740245819,3
seed_124,NR-AR,251,123,0.054948244243860245,3
seed_124,NR-AR,218,124,0.05322501063346863,3
seed_124,NR-AR,20,125,0.05316692218184471,4
seed_124,NR-AR,109,126,0.05269557982683182,7
seed_124,NR-AR,149,127,0.05203697457909584,2
seed_124,NR-AR,28,128,0.04976746067404747,7
seed_124,NR-AR,183,129,0.049118366092443466,7
seed_124,NR-AR,293,130,0.048966534435749054,3
seed_124,NR-AR,167,131,0.0482853464782238,6
seed_124,NR-AR,212,132,0.048034653067588806,7
seed_124,NR-AR,247,133,0.04782875254750252,4
seed_124,NR-AR,112,134,0.047099847346544266,10
seed_124,NR-AR,14,135,0.046844836324453354,5
seed_124,NR-AR,194,136,0.04659334197640419,3
seed_124,NR-AR,122,137,0.04575120285153389,6
seed_124,NR-AR,163,138,0.04567893594503403,3
seed_124,NR-AR,235,139,0.045657332986593246,5
seed_124,NR-AR,198,140,0.045654360204935074,3
seed_124,NR-AR,246,141,0.044305045157670975,3
seed_124,NR-AR,201,142,0.04316645860671997,4
seed_124,NR-AR,249,143,0.04301600530743599,3
seed_124,NR-AR,214,144,0.04246228188276291,2
seed_124,NR-AR,229,145,0.04238669201731682,7
seed_124,NR-AR,220,146,0.04147129878401756,2
seed_124,NR-AR,207,147,0.04143739864230156,2
seed_124,NR-AR,239,148,0.041093695908784866,3
seed_124,NR-AR,276,149,0.04080834239721298,8
seed_124,NR-AR,3,150,0.04067951440811157,6
seed_124,NR-AR,30,151,0.03998452052474022,5
seed_124,NR-AR,295,152,0.03859687224030495,2
seed_124,NR-AR,19,153,0.038508784025907516,4
seed_124,NR-AR,106,154,0.03813673183321953,4
seed_124,NR-AR,77,155,0.03626725450158119,5
seed_124,NR-AR,165,156,0.035779159516096115,4
seed_124,NR-AR,271,157,0.034697044640779495,3
seed_124,NR-AR,27,158,0.034327223896980286,8
seed_124,NR-AR,38,159,0.03432285785675049,4
seed_124,NR-AR,130,160,0.03367630019783974,4
seed_124,NR-AR,35,161,0.033607810735702515,4
seed_124,NR-AR,181,162,0.033253420144319534,4
seed_124,NR-AR,241,163,0.03268837183713913,3
seed_124,NR-AR,268,164,0.032399047166109085,4
seed_124,NR-AR,185,165,0.03214631229639053,3
seed_124,NR-AR,87,166,0.03203173726797104,4
seed_124,NR-AR,54,167,0.03133009374141693,5
seed_124,NR-AR,68,168,0.03119760751724243,2
seed_124,NR-AR,17,169,0.030578112229704857,5
seed_124,NR-AR,102,170,0.030411895364522934,6
seed_124,NR-AR,210,171,0.030174748972058296,6
seed_124,NR-AR,233,172,0.029643496498465538,6
seed_124,NR-AR,96,173,0.02954179234802723,5
seed_124,NR-AR,176,174,0.029424574226140976,5
seed_124,NR-AR,215,175,0.029007257893681526,4
seed_124,NR-AR,274,176,0.028727959841489792,2
seed_124,NR-AR,237,177,0.028623778373003006,2
seed_124,NR-AR,103,178,0.028609616681933403,3
seed_124,NR-AR,243,179,0.028484368696808815,2
seed_124,NR-AR,292,180,0.02786664478480816,3
seed_124,NR-AR,192,181,0.027592770755290985,3
seed_124,NR-AR,65,182,0.027279173955321312,3
seed_124,NR-AR,47,183,0.027212312445044518,4
seed_124,NR-AR,95,184,0.027003219351172447,4
seed_124,NR-AR,69,185,0.026974163949489594,8
seed_124,NR-AR,234,186,0.026869548484683037,2
seed_124,NR-AR,34,187,0.02650688774883747,5
seed_124,NR-AR,144,188,0.02643400803208351,7
seed_124,NR-AR,186,189,0.026000792160630226,3
seed_124,NR-AR,133,190,0.02522737719118595,6
seed_124,NR-AR,224,191,0.024930058047175407,2
seed_124,NR-AR,298,192,0.024905437603592873,4
seed_124,NR-AR,132,193,0.0244461540132761,2
seed_124,NR-AR,97,194,0.02437545731663704,2
seed_124,NR-AR,173,195,0.024365751072764397,4
seed_124,NR-AR,179,196,0.024248646572232246,3
seed_124,NR-AR,16,197,0.024077685549855232,4
seed_124,NR-AR,187,198,0.023866353556513786,3
seed_124,NR-AR,44,199,0.022905660793185234,3
seed_124,NR-AR,169,200,0.02280140481889248,8
seed_124,NR-AR,105,201,0.022079475224018097,3
seed_124,NR-AR,76,202,0.021832266822457314,2
seed_124,NR-AR,196,203,0.021544549614191055,4
seed_124,NR-AR,255,204,0.02144976146519184,2
seed_124,NR-AR,202,205,0.021389344707131386,3
seed_124,NR-AR,89,206,0.021333033218979836,3
seed_124,NR-AR,279,207,0.02066126838326454,2
seed_124,NR-AR,280,208,0.02054673247039318,3
seed_124,NR-AR,291,209,0.020273160189390182,2
seed_124,NR-AR,182,210,0.02016555704176426,2
seed_124,NR-AR,177,211,0.019834429025650024,4
seed_124,NR-AR,85,212,0.019815249368548393,3
seed_124,NR-AR,208,213,0.019624024629592896,3
seed_124,NR-AR,53,214,0.019547419622540474,6
seed_124,NR-AR,115,215,0.01943107694387436,4
seed_124,NR-AR,48,216,0.01926519349217415,7
seed_124,NR-AR,90,217,0.01880195550620556,6
seed_124,NR-AR,60,218,0.01817307062447071,3
seed_124,NR-AR,206,219,0.0181150920689106,4
seed_124,NR-AR,284,220,0.018039682880043983,2
seed_124,NR-AR,275,221,0.01802249439060688,2
seed_124,NR-AR,254,222,0.017949219793081284,2
seed_124,NR-AR,143,223,0.01791468821465969,5
seed_124,NR-AR,253,224,0.017759978771209717,1
seed_124,NR-AR,8,225,0.016892319545149803,6
seed_124,NR-AR,146,226,0.016682041808962822,5
seed_124,NR-AR,232,227,0.016637271270155907,2
seed_124,NR-AR,273,228,0.016273068264126778,2
seed_124,NR-AR,121,229,0.015976520255208015,7
seed_124,NR-AR,286,230,0.0158486720174551,2
seed_124,NR-AR,120,231,0.015412995591759682,5
seed_124,NR-AR,238,232,0.014699200168251991,1
seed_124,NR-AR,131,233,0.014613683335483074,2
seed_124,NR-AR,18,234,0.014233985915780067,4
seed_124,NR-AR,197,235,0.014233882538974285,3
seed_124,NR-AR,258,236,0.014164699241518974,3
seed_124,NR-AR,162,237,0.01382923498749733,3
seed_124,NR-AR,26,238,0.013654663227498531,4
seed_124,NR-AR,260,239,0.01324370875954628,5
seed_124,NR-AR,155,240,0.013119446113705635,3
seed_124,NR-AR,236,241,0.013117981143295765,3
seed_124,NR-AR,171,242,0.013015668839216232,2
seed_124,NR-AR,228,243,0.012472989968955517,4
seed_124,NR-AR,205,244,0.012444350868463516,3
seed_124,NR-AR,223,245,0.011119768023490906,2
seed_124,NR-AR,152,246,0.01093747466802597,3
seed_124,NR-AR,150,247,0.010573381558060646,3
seed_124,NR-AR,227,248,0.010507469065487385,3
seed_124,NR-AR,174,249,0.010479438118636608,2
seed_124,NR-AR,9,250,0.009661904536187649,3
seed_124,NR-AR,267,251,0.009654434397816658,2
seed_124,NR-AR,188,252,0.009620154276490211,2
seed_124,NR-AR,5,253,0.009573900140821934,4
seed_124,NR-AR,288,254,0.009443824179470539,2
seed_124,NR-AR,153,255,0.00923339743167162,2
seed_124,NR-AR,297,256,0.009080671705305576,1
seed_124,NR-AR,118,257,0.008930930867791176,4
seed_124,NR-AR,158,258,0.008877403102815151,3
seed_124,NR-AR,98,259,0.008471132256090641,2
seed_124,NR-AR,259,260,0.008093871176242828,2
seed_124,NR-AR,191,261,0.007927313446998596,2
seed_124,NR-AR,230,262,0.007639328483492136,3
seed_124,NR-AR,261,263,0.007438330911099911,3
seed_124,NR-AR,124,264,0.00727414945140481,4
seed_124,NR-AR,178,265,0.0067525748163461685,2
seed_124,NR-AR,282,266,0.0065077682957053185,3
seed_124,NR-AR,203,267,0.006506818346679211,4
seed_124,NR-AR,101,268,0.00615503778681159,3
seed_124,NR-AR,156,269,0.005617684684693813,2
seed_124,NR-AR,256,270,0.005202983971685171,2
seed_124,NR-AR,262,271,0.004286830313503742,3
seed_124,NR-AR,265,272,0.004286493640393019,1
seed_124,NR-AR,281,273,0.004200918599963188,1
seed_124,NR-AR,100,274,0.004055384546518326,3
seed_124,NR-AR,240,275,0.0038130823522806168,1
seed_124,NR-AR,161,276,0.003807591972872615,2
seed_124,NR-AR,116,277,0.0033866302110254765,3
seed_124,NR-AR,278,278,0.0031177643686532974,2
seed_124,NR-AR,11,279,0.0023096653167158365,2
seed_124,NR-AR,164,280,0.0023004973772913218,2
seed_124,NR-AR,294,281,0.0021046390756964684,2
seed_124,NR-AR,119,282,0.00204030005261302,2
seed_124,NR-AR,159,283,0.0020193925593048334,2
seed_124,NR-AR,216,284,0.0018726002890616655,2
seed_124,NR-AR,125,285,0.0015124360797926784,3
seed_124,NR-AR,157,286,0.001064150594174862,2
seed_124,NR-AR,151,287,0.0009080098825506866,2
seed_124,NR-AR,137,288,0.0009054482798092067,2
seed_124,NR-AR,283,289,0.0008467556908726692,2
seed_124,NR-AR,141,290,0.0008208579965867102,2
seed_124,NR-AR,226,291,0.000641726772300899,2
seed_124,NR-AR,94,292,0.000637192337308079,2
seed_124,NR-AR,41,293,0.0005636109854094684,2
seed_124,NR-AR,285,294,0.00041121698450297117,1
seed_124,NR-AR,244,295,0.0,1
seed_124,NR-AR,266,296,0.0,1
seed_124,NR-AR,277,297,0.0,1
seed_124,NR-AR,199,298,0.0,2
seed_124,NR-AR,272,299,0.0,1
seed_124,NR-Aromatase,70,0,5.119900226593018,27
seed_124,NR-Aromatase,168,1,3.8641695976257324,79
seed_124,NR-Aromatase,72,2,3.50046968460083,15
seed_124,NR-Aromatase,139,3,1.6041233539581299,12
seed_124,NR-Aromatase,7,4,1.5219004154205322,33
seed_124,NR-Aromatase,128,5,1.5047452449798584,42
seed_124,NR-Aromatase,52,6,1.141832709312439,16
seed_124,NR-Aromatase,0,7,1.0124582052230835,20
seed_124,NR-Aromatase,63,8,0.8940028548240662,51
seed_124,NR-Aromatase,6,9,0.8680517673492432,18
seed_124,NR-Aromatase,110,10,0.8018850684165955,20
seed_124,NR-Aromatase,29,11,0.7987969517707825,39
seed_124,NR-Aromatase,62,12,0.7906890511512756,24
seed_124,NR-Aromatase,84,13,0.6385250687599182,15
seed_124,NR-Aromatase,57,14,0.6278906464576721,9
seed_124,NR-Aromatase,10,15,0.5981123447418213,17
seed_124,NR-Aromatase,287,16,0.5947481989860535,8
seed_124,NR-Aromatase,189,17,0.5053525567054749,9
seed_124,NR-Aromatase,73,18,0.48800769448280334,16
seed_124,NR-Aromatase,74,19,0.47503170371055603,19
seed_124,NR-Aromatase,2,20,0.45349693298339844,14
seed_124,NR-Aromatase,24,21,0.4531608819961548,21
seed_124,NR-Aromatase,66,22,0.37816864252090454,13
seed_124,NR-Aromatase,23,23,0.3505122661590576,30
seed_124,NR-Aromatase,245,24,0.35046127438545227,15
seed_124,NR-Aromatase,190,25,0.33962681889533997,13
seed_124,NR-Aromatase,22,26,0.33940112590789795,13
seed_124,NR-Aromatase,58,27,0.31717804074287415,10
seed_124,NR-Aromatase,33,28,0.3139100670814514,17
seed_124,NR-Aromatase,56,29,0.31125766038894653,17
seed_124,NR-Aromatase,290,30,0.3011608123779297,10
seed_124,NR-Aromatase,160,31,0.2875180244445801,11
seed_124,NR-Aromatase,71,32,0.285641610622406,11
seed_124,NR-Aromatase,222,33,0.28080928325653076,4
seed_124,NR-Aromatase,80,34,0.27139556407928467,8
seed_124,NR-Aromatase,296,35,0.26700881123542786,10
seed_124,NR-Aromatase,209,36,0.2644878327846527,7
seed_124,NR-Aromatase,15,37,0.2611110210418701,26
seed_124,NR-Aromatase,46,38,0.2600305378437042,13
seed_124,NR-Aromatase,184,39,0.2589931786060333,7
seed_124,NR-Aromatase,93,40,0.24586838483810425,16
seed_124,NR-Aromatase,123,41,0.2429003119468689,11
seed_124,NR-Aromatase,175,42,0.2427295297384262,9
seed_124,NR-Aromatase,25,43,0.23300060629844666,8
seed_124,NR-Aromatase,79,44,0.2327810525894165,9
seed_124,NR-Aromatase,219,45,0.2327292114496231,16
seed_124,NR-Aromatase,147,46,0.22521010041236877,16
seed_124,NR-Aromatase,49,47,0.22056889533996582,17
seed_124,NR-Aromatase,43,48,0.2072228193283081,9
seed_124,NR-Aromatase,31,49,0.2067164033651352,20
seed_124,NR-Aromatase,136,50,0.2032494843006134,18
seed_124,NR-Aromatase,231,51,0.20171739161014557,8
seed_124,NR-Aromatase,145,52,0.1937958002090454,17
seed_124,NR-Aromatase,42,53,0.19091877341270447,5
seed_124,NR-Aromatase,140,54,0.18959873914718628,19
seed_124,NR-Aromatase,37,55,0.1834864467382431,7
seed_124,NR-Aromatase,114,56,0.18205268681049347,7
seed_124,NR-Aromatase,107,57,0.18159820139408112,6
seed_124,NR-Aromatase,193,58,0.18099404871463776,9
seed_124,NR-Aromatase,36,59,0.1767549067735672,7
seed_124,NR-Aromatase,12,60,0.17674469947814941,6
seed_124,NR-Aromatase,67,61,0.1739068627357483,16
seed_124,NR-Aromatase,263,62,0.17232193052768707,6
seed_124,NR-Aromatase,40,63,0.17031323909759521,6
seed_124,NR-Aromatase,92,64,0.16817069053649902,21
seed_124,NR-Aromatase,108,65,0.16271258890628815,14
seed_124,NR-Aromatase,252,66,0.1623367816209793,4
seed_124,NR-Aromatase,86,67,0.15761218965053558,9
seed_124,NR-Aromatase,39,68,0.15450593829154968,9
seed_124,NR-Aromatase,170,69,0.1526198387145996,6
seed_124,NR-Aromatase,148,70,0.1500106006860733,14
seed_124,NR-Aromatase,129,71,0.149857759475708,9
seed_124,NR-Aromatase,217,72,0.1441643238067627,4
seed_124,NR-Aromatase,166,73,0.14386828243732452,6
seed_124,NR-Aromatase,135,74,0.14309601485729218,9
seed_124,NR-Aromatase,211,75,0.14170639216899872,13
seed_124,NR-Aromatase,112,76,0.14160750806331635,10
seed_124,NR-Aromatase,299,77,0.13570386171340942,7
seed_124,NR-Aromatase,99,78,0.1354418694972992,7
seed_124,NR-Aromatase,257,79,0.1300065815448761,8
seed_124,NR-Aromatase,64,80,0.12961514294147491,7
seed_124,NR-Aromatase,75,81,0.11817027628421783,13
seed_124,NR-Aromatase,270,82,0.11530230939388275,4
seed_124,NR-Aromatase,176,83,0.11521072685718536,5
seed_124,NR-Aromatase,21,84,0.11466319859027863,13
seed_124,NR-Aromatase,81,85,0.11256300657987595,19
seed_124,NR-Aromatase,1,86,0.11113070696592331,6
seed_124,NR-Aromatase,59,87,0.1105072870850563,8
seed_124,NR-Aromatase,138,88,0.10722631961107254,3
seed_124,NR-Aromatase,126,89,0.10710884630680084,10
seed_124,NR-Aromatase,45,90,0.10684826970100403,8
seed_124,NR-Aromatase,117,91,0.1065492033958435,7
seed_124,NR-Aromatase,204,92,0.1059466078877449,7
seed_124,NR-Aromatase,180,93,0.10210290551185608,5
seed_124,NR-Aromatase,13,94,0.10107118636369705,6
seed_124,NR-Aromatase,130,95,0.0983199030160904,4
seed_124,NR-Aromatase,167,96,0.09730247408151627,6
seed_124,NR-Aromatase,195,97,0.09139201045036316,11
seed_124,NR-Aromatase,221,98,0.09132199734449387,6
seed_124,NR-Aromatase,28,99,0.08882144093513489,7
seed_124,NR-Aromatase,89,100,0.08719921112060547,3
seed_124,NR-Aromatase,242,101,0.08326024562120438,6
seed_124,NR-Aromatase,212,102,0.0828837975859642,7
seed_124,NR-Aromatase,95,103,0.08098602294921875,4
seed_124,NR-Aromatase,4,104,0.07843483984470367,9
seed_124,NR-Aromatase,83,105,0.07455816864967346,9
seed_124,NR-Aromatase,200,106,0.07262185961008072,8
seed_124,NR-Aromatase,143,107,0.07132544368505478,5
seed_124,NR-Aromatase,154,108,0.07082090526819229,5
seed_124,NR-Aromatase,251,109,0.06817260384559631,3
seed_124,NR-Aromatase,213,110,0.06653968244791031,4
seed_124,NR-Aromatase,181,111,0.06595240533351898,4
seed_124,NR-Aromatase,182,112,0.06554780900478363,2
seed_124,NR-Aromatase,218,113,0.06480643898248672,3
seed_124,NR-Aromatase,142,114,0.0640382319688797,3
seed_124,NR-Aromatase,293,115,0.06332188099622726,3
seed_124,NR-Aromatase,127,116,0.06292987614870071,4
seed_124,NR-Aromatase,247,117,0.06190333515405655,4
seed_124,NR-Aromatase,120,118,0.06146343797445297,5
seed_124,NR-Aromatase,250,119,0.06119994819164276,4
seed_124,NR-Aromatase,106,120,0.05897992104291916,4
seed_124,NR-Aromatase,237,121,0.058735694736242294,2
seed_124,NR-Aromatase,55,122,0.05713420361280441,6
seed_124,NR-Aromatase,192,123,0.056716788560152054,3
seed_124,NR-Aromatase,78,124,0.05655236169695854,5
seed_124,NR-Aromatase,87,125,0.055688947439193726,4
seed_124,NR-Aromatase,20,126,0.05554712563753128,4
seed_124,NR-Aromatase,233,127,0.055432483553886414,6
seed_124,NR-Aromatase,111,128,0.05485368147492409,5
seed_124,NR-Aromatase,196,129,0.054301220923662186,4
seed_124,NR-Aromatase,104,130,0.052523691207170486,4
seed_124,NR-Aromatase,276,131,0.05246429890394211,8
seed_124,NR-Aromatase,205,132,0.051520705223083496,3
seed_124,NR-Aromatase,115,133,0.05150248110294342,4
seed_124,NR-Aromatase,32,134,0.05067584291100502,8
seed_124,NR-Aromatase,183,135,0.04959043487906456,7
seed_124,NR-Aromatase,102,136,0.04860962554812431,6
seed_124,NR-Aromatase,254,137,0.048274580389261246,2
seed_124,NR-Aromatase,51,138,0.04813876748085022,10
seed_124,NR-Aromatase,220,139,0.047945406287908554,2
seed_124,NR-Aromatase,77,140,0.047278713434934616,5
seed_124,NR-Aromatase,61,141,0.04718823730945587,6
seed_124,NR-Aromatase,50,142,0.0467655174434185,3
seed_124,NR-Aromatase,113,143,0.045567311346530914,13
seed_124,NR-Aromatase,225,144,0.04553923010826111,6
seed_124,NR-Aromatase,97,145,0.04434485360980034,2
seed_124,NR-Aromatase,91,146,0.04424825683236122,6
seed_124,NR-Aromatase,280,147,0.04351967200636864,3
seed_124,NR-Aromatase,269,148,0.04178405553102493,4
seed_124,NR-Aromatase,109,149,0.041665125638246536,7
seed_124,NR-Aromatase,235,150,0.0410507433116436,5
seed_124,NR-Aromatase,239,151,0.04092943295836449,3
seed_124,NR-Aromatase,264,152,0.04063401371240616,3
seed_124,NR-Aromatase,197,153,0.0403699167072773,3
seed_124,NR-Aromatase,172,154,0.039993613958358765,4
seed_124,NR-Aromatase,229,155,0.0399637334048748,7
seed_124,NR-Aromatase,152,156,0.03978876397013664,3
seed_124,NR-Aromatase,260,157,0.03936418890953064,5
seed_124,NR-Aromatase,289,158,0.038796860724687576,2
seed_124,NR-Aromatase,258,159,0.03848709911108017,3
seed_124,NR-Aromatase,248,160,0.03832040727138519,2
seed_124,NR-Aromatase,162,161,0.03830111771821976,3
seed_124,NR-Aromatase,90,162,0.03745182603597641,6
seed_124,NR-Aromatase,186,163,0.036278605461120605,3
seed_124,NR-Aromatase,146,164,0.036099184304475784,5
seed_124,NR-Aromatase,121,165,0.035355303436517715,7
seed_124,NR-Aromatase,169,166,0.035301875323057175,8
seed_124,NR-Aromatase,85,167,0.03495398908853531,3
seed_124,NR-Aromatase,253,168,0.03326434642076492,1
seed_124,NR-Aromatase,14,169,0.03307845816016197,5
seed_124,NR-Aromatase,122,170,0.03249272331595421,6
seed_124,NR-Aromatase,201,171,0.03200729191303253,4
seed_124,NR-Aromatase,88,172,0.03148734197020531,4
seed_124,NR-Aromatase,35,173,0.03130564093589783,4
seed_124,NR-Aromatase,298,174,0.030647963285446167,4
seed_124,NR-Aromatase,295,175,0.030482767149806023,2
seed_124,NR-Aromatase,48,176,0.02981429360806942,7
seed_124,NR-Aromatase,144,177,0.02969656139612198,7
seed_124,NR-Aromatase,27,178,0.029283834621310234,8
seed_124,NR-Aromatase,207,179,0.029124973341822624,2
seed_124,NR-Aromatase,159,180,0.029074067249894142,2
seed_124,NR-Aromatase,44,181,0.028903614729642868,3
seed_124,NR-Aromatase,185,182,0.028411418199539185,3
seed_124,NR-Aromatase,224,183,0.02808857150375843,2
seed_124,NR-Aromatase,241,184,0.02787022292613983,3
seed_124,NR-Aromatase,132,185,0.027606194838881493,2
seed_124,NR-Aromatase,34,186,0.026576267555356026,5
seed_124,NR-Aromatase,150,187,0.026405535638332367,3
seed_124,NR-Aromatase,65,188,0.025833189487457275,3
seed_124,NR-Aromatase,230,189,0.024890458211302757,3
seed_124,NR-Aromatase,47,190,0.024726461619138718,4
seed_124,NR-Aromatase,5,191,0.023959608748555183,4
seed_124,NR-Aromatase,3,192,0.023712627589702606,6
seed_124,NR-Aromatase,124,193,0.02351570874452591,4
seed_124,NR-Aromatase,82,194,0.022771518677473068,4
seed_124,NR-Aromatase,17,195,0.022220371291041374,5
seed_124,NR-Aromatase,100,196,0.021615030243992805,3
seed_124,NR-Aromatase,134,197,0.021518630906939507,3
seed_124,NR-Aromatase,53,198,0.02107320725917816,6
seed_124,NR-Aromatase,38,199,0.02092386595904827,4
seed_124,NR-Aromatase,149,200,0.02032361552119255,2
seed_124,NR-Aromatase,16,201,0.019790558144450188,4
seed_124,NR-Aromatase,19,202,0.019754208624362946,4
seed_124,NR-Aromatase,96,203,0.019457316026091576,5
seed_124,NR-Aromatase,268,204,0.01934228464961052,4
seed_124,NR-Aromatase,18,205,0.01895974762737751,4
seed_124,NR-Aromatase,255,206,0.018923919647932053,2
seed_124,NR-Aromatase,187,207,0.018572280183434486,3
seed_124,NR-Aromatase,173,208,0.018038291484117508,4
seed_124,NR-Aromatase,215,209,0.017931004986166954,4
seed_124,NR-Aromatase,243,210,0.017811665311455727,2
seed_124,NR-Aromatase,161,211,0.017744069918990135,2
seed_124,NR-Aromatase,210,212,0.01771659404039383,6
seed_124,NR-Aromatase,165,213,0.01750597171485424,4
seed_124,NR-Aromatase,153,214,0.016713839024305344,2
seed_124,NR-Aromatase,226,215,0.016514312475919724,2
seed_124,NR-Aromatase,214,216,0.01598583161830902,2
seed_124,NR-Aromatase,105,217,0.015475880354642868,3
seed_124,NR-Aromatase,275,218,0.01535564661026001,2
seed_124,NR-Aromatase,198,219,0.015081400983035564,3
seed_124,NR-Aromatase,202,220,0.014644661918282509,3
seed_124,NR-Aromatase,206,221,0.014220328070223331,4
seed_124,NR-Aromatase,273,222,0.014215142466127872,2
seed_124,NR-Aromatase,9,223,0.014140813611447811,3
seed_124,NR-Aromatase,158,224,0.01397013384848833,3
seed_124,NR-Aromatase,286,225,0.013512760400772095,2
seed_124,NR-Aromatase,271,226,0.013356703333556652,3
seed_124,NR-Aromatase,118,227,0.013192332349717617,4
seed_124,NR-Aromatase,188,228,0.012696275487542152,2
seed_124,NR-Aromatase,279,229,0.012490954250097275,2
seed_124,NR-Aromatase,274,230,0.012437543831765652,2
seed_124,NR-Aromatase,297,231,0.012226114980876446,1
seed_124,NR-Aromatase,227,232,0.01218014769256115,3
seed_124,NR-Aromatase,98,233,0.012151626870036125,2
seed_124,NR-Aromatase,8,234,0.011850489303469658,6
seed_124,NR-Aromatase,232,235,0.01184940803796053,2
seed_124,NR-Aromatase,11,236,0.011798429302871227,2
seed_124,NR-Aromatase,267,237,0.011766886338591576,2
seed_124,NR-Aromatase,76,238,0.011633827351033688,2
seed_124,NR-Aromatase,133,239,0.011583907529711723,6
seed_124,NR-Aromatase,163,240,0.011435114778578281,3
seed_124,NR-Aromatase,249,241,0.011276733130216599,3
seed_124,NR-Aromatase,238,242,0.011223508976399899,1
seed_124,NR-Aromatase,171,243,0.010896272026002407,2
seed_124,NR-Aromatase,194,244,0.010862738825380802,3
seed_124,NR-Aromatase,246,245,0.010832550004124641,3
seed_124,NR-Aromatase,103,246,0.01058417558670044,3
seed_124,NR-Aromatase,236,247,0.010145718231797218,3
seed_124,NR-Aromatase,69,248,0.010048694908618927,8
seed_124,NR-Aromatase,94,249,0.009944230318069458,2
seed_124,NR-Aromatase,68,250,0.009836470708251,2
seed_124,NR-Aromatase,177,251,0.009704459458589554,4
seed_124,NR-Aromatase,288,252,0.009468561969697475,2
seed_124,NR-Aromatase,291,253,0.009455010294914246,2
seed_124,NR-Aromatase,292,254,0.009207005612552166,3
seed_124,NR-Aromatase,228,255,0.008875848725438118,4
seed_124,NR-Aromatase,30,256,0.008727788925170898,5
seed_124,NR-Aromatase,262,257,0.008606990799307823,3
seed_124,NR-Aromatase,131,258,0.008085734210908413,2
seed_124,NR-Aromatase,208,259,0.00793396681547165,3
seed_124,NR-Aromatase,179,260,0.007735586259514093,3
seed_124,NR-Aromatase,54,261,0.007200056686997414,5
seed_124,NR-Aromatase,141,262,0.006758625619113445,2
seed_124,NR-Aromatase,191,263,0.006536910310387611,2
seed_124,NR-Aromatase,256,264,0.006371235009282827,2
seed_124,NR-Aromatase,164,265,0.006243136245757341,2
seed_124,NR-Aromatase,101,266,0.006230230908840895,3
seed_124,NR-Aromatase,125,267,0.0060687013901770115,3
seed_124,NR-Aromatase,116,268,0.005803307984024286,3
seed_124,NR-Aromatase,203,269,0.005684982519596815,4
seed_124,NR-Aromatase,41,270,0.005541360005736351,2
seed_124,NR-Aromatase,234,271,0.005312152672559023,2
seed_124,NR-Aromatase,60,272,0.0049171531572937965,3
seed_124,NR-Aromatase,174,273,0.004769669380038977,2
seed_124,NR-Aromatase,26,274,0.004569823853671551,4
seed_124,NR-Aromatase,151,275,0.004464272875338793,2
seed_124,NR-Aromatase,119,276,0.004428211133927107,2
seed_124,NR-Aromatase,216,277,0.004330338444560766,2
seed_124,NR-Aromatase,285,278,0.004238772671669722,1
seed_124,NR-Aromatase,278,279,0.0040999967604875565,2
seed_124,NR-Aromatase,156,280,0.003899976145476103,2
seed_124,NR-Aromatase,259,281,0.003587053855881095,2
seed_124,NR-Aromatase,261,282,0.003257723292335868,3
seed_124,NR-Aromatase,282,283,0.002824466908350587,3
seed_124,NR-Aromatase,155,284,0.002774474211037159,3
seed_124,NR-Aromatase,265,285,0.002483173506334424,1
seed_124,NR-Aromatase,223,286,0.0022702773567289114,2
seed_124,NR-Aromatase,157,287,0.0022494173608720303,2
seed_124,NR-Aromatase,178,288,0.0020613058004528284,2
seed_124,NR-Aromatase,240,289,0.0018444795859977603,1
seed_124,NR-Aromatase,284,290,0.0016477465396746993,2
seed_124,NR-Aromatase,137,291,0.0016449367394670844,2
seed_124,NR-Aromatase,294,292,0.001446847221814096,2
seed_124,NR-Aromatase,283,293,0.0007838939782232046,2
seed_124,NR-Aromatase,281,294,9.325418795924634e-05,1
seed_124,NR-Aromatase,244,295,0.0,1
seed_124,NR-Aromatase,272,296,0.0,1
seed_124,NR-Aromatase,277,297,0.0,1
seed_124,NR-Aromatase,266,298,0.0,1
seed_124,NR-Aromatase,199,299,0.0,2
seed_124,NR-PPAR-gamma,70,0,5.589526653289795,27
seed_124,NR-PPAR-gamma,168,1,3.53472900390625,79
seed_124,NR-PPAR-gamma,72,2,2.256157398223877,15
seed_124,NR-PPAR-gamma,63,3,1.5903630256652832,51
seed_124,NR-PPAR-gamma,0,4,1.5601801872253418,20
seed_124,NR-PPAR-gamma,128,5,1.439802885055542,42
seed_124,NR-PPAR-gamma,7,6,1.3811277151107788,33
seed_124,NR-PPAR-gamma,62,7,1.3676036596298218,24
seed_124,NR-PPAR-gamma,139,8,1.3002347946166992,12
seed_124,NR-PPAR-gamma,74,9,1.2349581718444824,19
seed_124,NR-PPAR-gamma,52,10,1.071028232574463,16
seed_124,NR-PPAR-gamma,110,11,0.9601614475250244,20
seed_124,NR-PPAR-gamma,24,12,0.9363044500350952,21
seed_124,NR-PPAR-gamma,29,13,0.8862916827201843,39
seed_124,NR-PPAR-gamma,10,14,0.7771410942077637,17
seed_124,NR-PPAR-gamma,66,15,0.7404918670654297,13
seed_124,NR-PPAR-gamma,73,16,0.7051918506622314,16
seed_124,NR-PPAR-gamma,57,17,0.6542819738388062,9
seed_124,NR-PPAR-gamma,6,18,0.5974042415618896,18
seed_124,NR-PPAR-gamma,287,19,0.5220214128494263,8
seed_124,NR-PPAR-gamma,58,20,0.5055474638938904,10
seed_124,NR-PPAR-gamma,22,21,0.4895578920841217,13
seed_124,NR-PPAR-gamma,46,22,0.4762897193431854,13
seed_124,NR-PPAR-gamma,114,23,0.4560745656490326,7
seed_124,NR-PPAR-gamma,2,24,0.44726625084877014,14
seed_124,NR-PPAR-gamma,23,25,0.4464666545391083,30
seed_124,NR-PPAR-gamma,67,26,0.4386514723300934,16
seed_124,NR-PPAR-gamma,221,27,0.4337773323059082,6
seed_124,NR-PPAR-gamma,15,28,0.42915835976600647,26
seed_124,NR-PPAR-gamma,84,29,0.4188872277736664,15
seed_124,NR-PPAR-gamma,175,30,0.4116991460323334,9
seed_124,NR-PPAR-gamma,190,31,0.4034634828567505,13
seed_124,NR-PPAR-gamma,93,32,0.4013935923576355,16
seed_124,NR-PPAR-gamma,189,33,0.39258792996406555,9
seed_124,NR-PPAR-gamma,160,34,0.35726943612098694,11
seed_124,NR-PPAR-gamma,231,35,0.3515332341194153,8
seed_124,NR-PPAR-gamma,184,36,0.3484219014644623,7
seed_124,NR-PPAR-gamma,49,37,0.33945345878601074,17
seed_124,NR-PPAR-gamma,59,38,0.3242892622947693,8
seed_124,NR-PPAR-gamma,71,39,0.3223091959953308,11
seed_124,NR-PPAR-gamma,140,40,0.3072335720062256,19
seed_124,NR-PPAR-gamma,25,41,0.2917617857456207,8
seed_124,NR-PPAR-gamma,290,42,0.2905856668949127,10
seed_124,NR-PPAR-gamma,222,43,0.28902289271354675,4
seed_124,NR-PPAR-gamma,136,44,0.2811301350593567,18
seed_124,NR-PPAR-gamma,123,45,0.2792266607284546,11
seed_124,NR-PPAR-gamma,42,46,0.26716819405555725,5
seed_124,NR-PPAR-gamma,195,47,0.2670573592185974,11
seed_124,NR-PPAR-gamma,245,48,0.2600577771663666,15
seed_124,NR-PPAR-gamma,33,49,0.2594762444496155,17
seed_124,NR-PPAR-gamma,92,50,0.25060155987739563,21
seed_124,NR-PPAR-gamma,39,51,0.23847171664237976,9
seed_124,NR-PPAR-gamma,21,52,0.2379666268825531,13
seed_124,NR-PPAR-gamma,56,53,0.23773778975009918,17
seed_124,NR-PPAR-gamma,31,54,0.2342255413532257,20
seed_124,NR-PPAR-gamma,40,55,0.22718384861946106,6
seed_124,NR-PPAR-gamma,217,56,0.225712850689888,4
seed_124,NR-PPAR-gamma,43,57,0.22042807936668396,9
seed_124,NR-PPAR-gamma,147,58,0.2171718031167984,16
seed_124,NR-PPAR-gamma,257,59,0.2078326791524887,8
seed_124,NR-PPAR-gamma,126,60,0.20775273442268372,10
seed_124,NR-PPAR-gamma,252,61,0.19724209606647491,4
seed_124,NR-PPAR-gamma,99,62,0.19398029148578644,7
seed_124,NR-PPAR-gamma,145,63,0.19241808354854584,17
seed_124,NR-PPAR-gamma,167,64,0.19092883169651031,6
seed_124,NR-PPAR-gamma,170,65,0.19027559459209442,6
seed_124,NR-PPAR-gamma,296,66,0.1899670511484146,10
seed_124,NR-PPAR-gamma,129,67,0.18777650594711304,9
seed_124,NR-PPAR-gamma,263,68,0.1856844127178192,6
seed_124,NR-PPAR-gamma,113,69,0.18474675714969635,13
seed_124,NR-PPAR-gamma,299,70,0.18283870816230774,7
seed_124,NR-PPAR-gamma,219,71,0.17239783704280853,16
seed_124,NR-PPAR-gamma,209,72,0.16359569132328033,7
seed_124,NR-PPAR-gamma,79,73,0.16156719624996185,9
seed_124,NR-PPAR-gamma,83,74,0.15664677321910858,9
seed_124,NR-PPAR-gamma,64,75,0.1529751569032669,7
seed_124,NR-PPAR-gamma,80,76,0.14888739585876465,8
seed_124,NR-PPAR-gamma,269,77,0.14822082221508026,4
seed_124,NR-PPAR-gamma,36,78,0.1444169282913208,7
seed_124,NR-PPAR-gamma,107,79,0.1433207243680954,6
seed_124,NR-PPAR-gamma,108,80,0.14238108694553375,14
seed_124,NR-PPAR-gamma,109,81,0.1420387476682663,7
seed_124,NR-PPAR-gamma,75,82,0.14083874225616455,13
seed_124,NR-PPAR-gamma,270,83,0.13895410299301147,4
seed_124,NR-PPAR-gamma,4,84,0.13841868937015533,9
seed_124,NR-PPAR-gamma,37,85,0.13719478249549866,7
seed_124,NR-PPAR-gamma,112,86,0.13589434325695038,10
seed_124,NR-PPAR-gamma,211,87,0.13439524173736572,13
seed_124,NR-PPAR-gamma,148,88,0.1331191062927246,14
seed_124,NR-PPAR-gamma,81,89,0.1328020542860031,19
seed_124,NR-PPAR-gamma,3,90,0.1310495287179947,6
seed_124,NR-PPAR-gamma,180,91,0.1295938342809677,5
seed_124,NR-PPAR-gamma,193,92,0.12694776058197021,9
seed_124,NR-PPAR-gamma,143,93,0.12468479573726654,5
seed_124,NR-PPAR-gamma,12,94,0.12450512498617172,6
seed_124,NR-PPAR-gamma,218,95,0.12349794059991837,3
seed_124,NR-PPAR-gamma,134,96,0.12178970873355865,3
seed_124,NR-PPAR-gamma,122,97,0.12111137062311172,6
seed_124,NR-PPAR-gamma,45,98,0.1184270977973938,8
seed_124,NR-PPAR-gamma,89,99,0.11737842857837677,3
seed_124,NR-PPAR-gamma,251,100,0.11392867565155029,3
seed_124,NR-PPAR-gamma,55,101,0.1138976588845253,6
seed_124,NR-PPAR-gamma,91,102,0.11332613974809647,6
seed_124,NR-PPAR-gamma,204,103,0.1071762815117836,7
seed_124,NR-PPAR-gamma,28,104,0.10705459862947464,7
seed_124,NR-PPAR-gamma,176,105,0.10475870221853256,5
seed_124,NR-PPAR-gamma,255,106,0.10125759243965149,2
seed_124,NR-PPAR-gamma,212,107,0.1011861264705658,7
seed_124,NR-PPAR-gamma,78,108,0.10070683807134628,5
seed_124,NR-PPAR-gamma,111,109,0.10012645274400711,5
seed_124,NR-PPAR-gamma,135,110,0.09499631077051163,9
seed_124,NR-PPAR-gamma,86,111,0.09477110207080841,9
seed_124,NR-PPAR-gamma,293,112,0.09324543923139572,3
seed_124,NR-PPAR-gamma,225,113,0.08896901458501816,6
seed_124,NR-PPAR-gamma,200,114,0.08878330141305923,8
seed_124,NR-PPAR-gamma,248,115,0.08579923212528229,2
seed_124,NR-PPAR-gamma,65,116,0.08482391387224197,3
seed_124,NR-PPAR-gamma,274,117,0.08407711237668991,2
seed_124,NR-PPAR-gamma,166,118,0.08379748463630676,6
seed_124,NR-PPAR-gamma,233,119,0.08332234621047974,6
seed_124,NR-PPAR-gamma,32,120,0.08309296518564224,8
seed_124,NR-PPAR-gamma,154,121,0.08137450367212296,5
seed_124,NR-PPAR-gamma,130,122,0.0798351913690567,4
seed_124,NR-PPAR-gamma,20,123,0.07851303368806839,4
seed_124,NR-PPAR-gamma,13,124,0.07839751243591309,6
seed_124,NR-PPAR-gamma,19,125,0.07782185077667236,4
seed_124,NR-PPAR-gamma,127,126,0.07756366580724716,4
seed_124,NR-PPAR-gamma,104,127,0.07711511850357056,4
seed_124,NR-PPAR-gamma,77,128,0.07589682191610336,5
seed_124,NR-PPAR-gamma,183,129,0.07503420859575272,7
seed_124,NR-PPAR-gamma,106,130,0.07335102558135986,4
seed_124,NR-PPAR-gamma,295,131,0.07229188084602356,2
seed_124,NR-PPAR-gamma,17,132,0.07227861136198044,5
seed_124,NR-PPAR-gamma,235,133,0.07202211022377014,5
seed_124,NR-PPAR-gamma,254,134,0.0695936381816864,2
seed_124,NR-PPAR-gamma,298,135,0.06712127476930618,4
seed_124,NR-PPAR-gamma,242,136,0.06710832566022873,6
seed_124,NR-PPAR-gamma,264,137,0.06302592158317566,3
seed_124,NR-PPAR-gamma,51,138,0.05746668577194214,10
seed_124,NR-PPAR-gamma,213,139,0.05724729225039482,4
seed_124,NR-PPAR-gamma,201,140,0.05631003901362419,4
seed_124,NR-PPAR-gamma,172,141,0.055647920817136765,4
seed_124,NR-PPAR-gamma,196,142,0.05555712804198265,4
seed_124,NR-PPAR-gamma,27,143,0.05472327023744583,8
seed_124,NR-PPAR-gamma,276,144,0.053749702870845795,8
seed_124,NR-PPAR-gamma,117,145,0.05370437726378441,7
seed_124,NR-PPAR-gamma,103,146,0.05315389856696129,3
seed_124,NR-PPAR-gamma,247,147,0.05291469022631645,4
seed_124,NR-PPAR-gamma,146,148,0.05275030434131622,5
seed_124,NR-PPAR-gamma,210,149,0.05201151594519615,6
seed_124,NR-PPAR-gamma,169,150,0.05055776238441467,8
seed_124,NR-PPAR-gamma,144,151,0.04988590255379677,7
seed_124,NR-PPAR-gamma,220,152,0.04967401921749115,2
seed_124,NR-PPAR-gamma,291,153,0.04953564703464508,2
seed_124,NR-PPAR-gamma,61,154,0.04934147745370865,6
seed_124,NR-PPAR-gamma,1,155,0.049102261662483215,6
seed_124,NR-PPAR-gamma,208,156,0.048708219081163406,3
seed_124,NR-PPAR-gamma,138,157,0.04767205938696861,3
seed_124,NR-PPAR-gamma,152,158,0.04613315686583519,3
seed_124,NR-PPAR-gamma,47,159,0.04579013213515282,4
seed_124,NR-PPAR-gamma,44,160,0.045650415122509,3
seed_124,NR-PPAR-gamma,202,161,0.04531897231936455,3
seed_124,NR-PPAR-gamma,14,162,0.0451233871281147,5
seed_124,NR-PPAR-gamma,69,163,0.04490198940038681,8
seed_124,NR-PPAR-gamma,100,164,0.04444056749343872,3
seed_124,NR-PPAR-gamma,54,165,0.043440643697977066,5
seed_124,NR-PPAR-gamma,214,166,0.04330175742506981,2
seed_124,NR-PPAR-gamma,85,167,0.04256581515073776,3
seed_124,NR-PPAR-gamma,102,168,0.04253314808011055,6
seed_124,NR-PPAR-gamma,115,169,0.041748397052288055,4
seed_124,NR-PPAR-gamma,181,170,0.041205305606126785,4
seed_124,NR-PPAR-gamma,16,171,0.0410943366587162,4
seed_124,NR-PPAR-gamma,120,172,0.040926918387413025,5
seed_124,NR-PPAR-gamma,239,173,0.0393773689866066,3
seed_124,NR-PPAR-gamma,121,174,0.03850758820772171,7
seed_124,NR-PPAR-gamma,88,175,0.038282718509435654,4
seed_124,NR-PPAR-gamma,289,176,0.03800654038786888,2
seed_124,NR-PPAR-gamma,250,177,0.03777192905545235,4
seed_124,NR-PPAR-gamma,258,178,0.036959707736968994,3
seed_124,NR-PPAR-gamma,48,179,0.03651466593146324,7
seed_124,NR-PPAR-gamma,229,180,0.03602434694766998,7
seed_124,NR-PPAR-gamma,149,181,0.03584883362054825,2
seed_124,NR-PPAR-gamma,286,182,0.035536207258701324,2
seed_124,NR-PPAR-gamma,158,183,0.03489260375499725,3
seed_124,NR-PPAR-gamma,207,184,0.03394613787531853,2
seed_124,NR-PPAR-gamma,159,185,0.03373543545603752,2
seed_124,NR-PPAR-gamma,132,186,0.03347693011164665,2
seed_124,NR-PPAR-gamma,165,187,0.03333355113863945,4
seed_124,NR-PPAR-gamma,153,188,0.03140854462981224,2
seed_124,NR-PPAR-gamma,142,189,0.03134441003203392,3
seed_124,NR-PPAR-gamma,271,190,0.030831817537546158,3
seed_124,NR-PPAR-gamma,50,191,0.030644360929727554,3
seed_124,NR-PPAR-gamma,124,192,0.03048420138657093,4
seed_124,NR-PPAR-gamma,215,193,0.02950260415673256,4
seed_124,NR-PPAR-gamma,268,194,0.02918950282037258,4
seed_124,NR-PPAR-gamma,133,195,0.028807589784264565,6
seed_124,NR-PPAR-gamma,96,196,0.0280014481395483,5
seed_124,NR-PPAR-gamma,197,197,0.02798696607351303,3
seed_124,NR-PPAR-gamma,173,198,0.027626655995845795,4
seed_124,NR-PPAR-gamma,162,199,0.027305342257022858,3
seed_124,NR-PPAR-gamma,237,200,0.027073701843619347,2
seed_124,NR-PPAR-gamma,163,201,0.026768498122692108,3
seed_124,NR-PPAR-gamma,206,202,0.026578176766633987,4
seed_124,NR-PPAR-gamma,105,203,0.02623753994703293,3
seed_124,NR-PPAR-gamma,194,204,0.026196124032139778,3
seed_124,NR-PPAR-gamma,182,205,0.025934917852282524,2
seed_124,NR-PPAR-gamma,5,206,0.025388643145561218,4
seed_124,NR-PPAR-gamma,187,207,0.02499045990407467,3
seed_124,NR-PPAR-gamma,34,208,0.02481262944638729,5
seed_124,NR-PPAR-gamma,18,209,0.024235116317868233,4
seed_124,NR-PPAR-gamma,150,210,0.02415885217487812,3
seed_124,NR-PPAR-gamma,186,211,0.023606183007359505,3
seed_124,NR-PPAR-gamma,292,212,0.023294730111956596,3
seed_124,NR-PPAR-gamma,171,213,0.023118259385228157,2
seed_124,NR-PPAR-gamma,246,214,0.022967804223299026,3
seed_124,NR-PPAR-gamma,262,215,0.022192394360899925,3
seed_124,NR-PPAR-gamma,35,216,0.02176881954073906,4
seed_124,NR-PPAR-gamma,38,217,0.02119542472064495,4
seed_124,NR-PPAR-gamma,188,218,0.021116863936185837,2
seed_124,NR-PPAR-gamma,179,219,0.020616760477423668,3
seed_124,NR-PPAR-gamma,87,220,0.020523035898804665,4
seed_124,NR-PPAR-gamma,234,221,0.020146271213889122,2
seed_124,NR-PPAR-gamma,185,222,0.019853532314300537,3
seed_124,NR-PPAR-gamma,205,223,0.019783254712820053,3
seed_124,NR-PPAR-gamma,53,224,0.01939989998936653,6
seed_124,NR-PPAR-gamma,230,225,0.01931126043200493,3
seed_124,NR-PPAR-gamma,8,226,0.01926622912287712,6
seed_124,NR-PPAR-gamma,82,227,0.019086778163909912,4
seed_124,NR-PPAR-gamma,198,228,0.01874241605401039,3
seed_124,NR-PPAR-gamma,116,229,0.01871970109641552,3
seed_124,NR-PPAR-gamma,260,230,0.01843956671655178,5
seed_124,NR-PPAR-gamma,76,231,0.01841246522963047,2
seed_124,NR-PPAR-gamma,101,232,0.01712604984641075,3
seed_124,NR-PPAR-gamma,90,233,0.016938287764787674,6
seed_124,NR-PPAR-gamma,232,234,0.016886895522475243,2
seed_124,NR-PPAR-gamma,288,235,0.016776075586676598,2
seed_124,NR-PPAR-gamma,261,236,0.016386212781071663,3
seed_124,NR-PPAR-gamma,68,237,0.015385707840323448,2
seed_124,NR-PPAR-gamma,236,238,0.014996567741036415,3
seed_124,NR-PPAR-gamma,273,239,0.014958599582314491,2
seed_124,NR-PPAR-gamma,224,240,0.01453674491494894,2
seed_124,NR-PPAR-gamma,177,241,0.014471136964857578,4
seed_124,NR-PPAR-gamma,241,242,0.013611916452646255,3
seed_124,NR-PPAR-gamma,141,243,0.013517938554286957,2
seed_124,NR-PPAR-gamma,155,244,0.013461398892104626,3
seed_124,NR-PPAR-gamma,279,245,0.012817136012017727,2
seed_124,NR-PPAR-gamma,30,246,0.012604321353137493,5
seed_124,NR-PPAR-gamma,161,247,0.012455097399652004,2
seed_124,NR-PPAR-gamma,118,248,0.012394689954817295,4
seed_124,NR-PPAR-gamma,228,249,0.012080368585884571,4
seed_124,NR-PPAR-gamma,297,250,0.011939954943954945,1
seed_124,NR-PPAR-gamma,267,251,0.011850577779114246,2
seed_124,NR-PPAR-gamma,95,252,0.011678664945065975,4
seed_124,NR-PPAR-gamma,131,253,0.011662096716463566,2
seed_124,NR-PPAR-gamma,280,254,0.011456090025603771,3
seed_124,NR-PPAR-gamma,227,255,0.010974902659654617,3
seed_124,NR-PPAR-gamma,97,256,0.010860664770007133,2
seed_124,NR-PPAR-gamma,265,257,0.01086006872355938,1
seed_124,NR-PPAR-gamma,157,258,0.010368459858000278,2
seed_124,NR-PPAR-gamma,249,259,0.01021827943623066,3
seed_124,NR-PPAR-gamma,256,260,0.010102574713528156,2
seed_124,NR-PPAR-gamma,275,261,0.009963513351976871,2
seed_124,NR-PPAR-gamma,94,262,0.009901721961796284,2
seed_124,NR-PPAR-gamma,26,263,0.009169582277536392,4
seed_124,NR-PPAR-gamma,243,264,0.009039690718054771,2
seed_124,NR-PPAR-gamma,191,265,0.00891692005097866,2
seed_124,NR-PPAR-gamma,203,266,0.008714321069419384,4
seed_124,NR-PPAR-gamma,9,267,0.008293128572404385,3
seed_124,NR-PPAR-gamma,178,268,0.008266785182058811,2
seed_124,NR-PPAR-gamma,174,269,0.0077191307209432125,2
seed_124,NR-PPAR-gamma,226,270,0.007625298574566841,2
seed_124,NR-PPAR-gamma,284,271,0.007525741122663021,2
seed_124,NR-PPAR-gamma,253,272,0.007404737640172243,1
seed_124,NR-PPAR-gamma,192,273,0.007152119651436806,3
seed_124,NR-PPAR-gamma,282,274,0.006439882796257734,3
seed_124,NR-PPAR-gamma,151,275,0.0060999151319265366,2
seed_124,NR-PPAR-gamma,41,276,0.005950470454990864,2
seed_124,NR-PPAR-gamma,60,277,0.005729738622903824,3
seed_124,NR-PPAR-gamma,98,278,0.004319236613810062,2
seed_124,NR-PPAR-gamma,294,279,0.00415586493909359,2
seed_124,NR-PPAR-gamma,137,280,0.0038386243395507336,2
seed_124,NR-PPAR-gamma,259,281,0.003642092924565077,2
seed_124,NR-PPAR-gamma,278,282,0.0035762416664510965,2
seed_124,NR-PPAR-gamma,240,283,0.0032145672012120485,1
seed_124,NR-PPAR-gamma,285,284,0.0030855396762490273,1
seed_124,NR-PPAR-gamma,119,285,0.0026039930526167154,2
seed_124,NR-PPAR-gamma,238,286,0.002423262922093272,1
seed_124,NR-PPAR-gamma,223,287,0.0024007244501262903,2
seed_124,NR-PPAR-gamma,11,288,0.002025477821007371,2
seed_124,NR-PPAR-gamma,283,289,0.0019553194288164377,2
seed_124,NR-PPAR-gamma,125,290,0.0014164490858092904,3
seed_124,NR-PPAR-gamma,156,291,0.0013038197066634893,2
seed_124,NR-PPAR-gamma,164,292,0.0010593608021736145,2
seed_124,NR-PPAR-gamma,281,293,0.0007887259125709534,1
seed_124,NR-PPAR-gamma,216,294,1.6636437067063525e-05,2
seed_124,NR-PPAR-gamma,277,295,0.0,1
seed_124,NR-PPAR-gamma,199,296,0.0,2
seed_124,NR-PPAR-gamma,244,297,0.0,1
seed_124,NR-PPAR-gamma,266,298,0.0,1
seed_124,NR-PPAR-gamma,272,299,0.0,1
seed_124,SR-HSE,168,0,4.659544467926025,79
seed_124,SR-HSE,70,1,3.951425790786743,27
seed_124,SR-HSE,72,2,2.8678531646728516,15
seed_124,SR-HSE,128,3,1.7419692277908325,42
seed_124,SR-HSE,7,4,1.7247422933578491,33
seed_124,SR-HSE,139,5,1.5882128477096558,12
seed_124,SR-HSE,24,6,1.4617120027542114,21
seed_124,SR-HSE,63,7,1.3461493253707886,51
seed_124,SR-HSE,73,8,1.2141112089157104,16
seed_124,SR-HSE,62,9,1.0990755558013916,24
seed_124,SR-HSE,0,10,1.0012843608856201,20
seed_124,SR-HSE,29,11,0.8690990209579468,39
seed_124,SR-HSE,6,12,0.860236406326294,18
seed_124,SR-HSE,10,13,0.8307134509086609,17
seed_124,SR-HSE,52,14,0.7817416191101074,16
seed_124,SR-HSE,189,15,0.7094119787216187,9
seed_124,SR-HSE,74,16,0.6781330108642578,19
seed_124,SR-HSE,110,17,0.6131623983383179,20
seed_124,SR-HSE,57,18,0.5759410858154297,9
seed_124,SR-HSE,2,19,0.5470566153526306,14
seed_124,SR-HSE,219,20,0.5374850034713745,16
seed_124,SR-HSE,84,21,0.5102342963218689,15
seed_124,SR-HSE,58,22,0.4908890724182129,10
seed_124,SR-HSE,46,23,0.4765545427799225,13
seed_124,SR-HSE,22,24,0.4752742052078247,13
seed_124,SR-HSE,15,25,0.46147528290748596,26
seed_124,SR-HSE,67,26,0.4549032747745514,16
seed_124,SR-HSE,287,27,0.4285610616207123,8
seed_124,SR-HSE,56,28,0.41202425956726074,17
seed_124,SR-HSE,245,29,0.39722511172294617,15
seed_124,SR-HSE,184,30,0.39697080850601196,7
seed_124,SR-HSE,25,31,0.38690584897994995,8
seed_124,SR-HSE,114,32,0.3828166723251343,7
seed_124,SR-HSE,136,33,0.38009122014045715,18
seed_124,SR-HSE,23,34,0.3767443597316742,30
seed_124,SR-HSE,49,35,0.3706148564815521,17
seed_124,SR-HSE,231,36,0.37060949206352234,8
seed_124,SR-HSE,263,37,0.361393004655838,6
seed_124,SR-HSE,190,38,0.3447115421295166,13
seed_124,SR-HSE,71,39,0.34325525164604187,11
seed_124,SR-HSE,66,40,0.3396953046321869,13
seed_124,SR-HSE,92,41,0.32805559039115906,21
seed_124,SR-HSE,33,42,0.3222104012966156,17
seed_124,SR-HSE,195,43,0.3017921447753906,11
seed_124,SR-HSE,209,44,0.30058446526527405,7
seed_124,SR-HSE,31,45,0.2955661118030548,20
seed_124,SR-HSE,59,46,0.2728574573993683,8
seed_124,SR-HSE,80,47,0.27174612879753113,8
seed_124,SR-HSE,290,48,0.2654552459716797,10
seed_124,SR-HSE,42,49,0.2623685300350189,5
seed_124,SR-HSE,79,50,0.2617843747138977,9
seed_124,SR-HSE,64,51,0.26086506247520447,7
seed_124,SR-HSE,221,52,0.2585878074169159,6
seed_124,SR-HSE,193,53,0.25409364700317383,9
seed_124,SR-HSE,252,54,0.24337613582611084,4
seed_124,SR-HSE,83,55,0.23520557582378387,9
seed_124,SR-HSE,39,56,0.23247124254703522,9
seed_124,SR-HSE,135,57,0.23097799718379974,9
seed_124,SR-HSE,160,58,0.22929200530052185,11
seed_124,SR-HSE,123,59,0.22497279942035675,11
seed_124,SR-HSE,296,60,0.22231824696063995,10
seed_124,SR-HSE,211,61,0.22173544764518738,13
seed_124,SR-HSE,148,62,0.22061361372470856,14
seed_124,SR-HSE,43,63,0.21356095373630524,9
seed_124,SR-HSE,170,64,0.20523779094219208,6
seed_124,SR-HSE,180,65,0.20317426323890686,5
seed_124,SR-HSE,242,66,0.20152375102043152,6
seed_124,SR-HSE,222,67,0.2005966603755951,4
seed_124,SR-HSE,175,68,0.20020639896392822,9
seed_124,SR-HSE,145,69,0.19852901995182037,17
seed_124,SR-HSE,147,70,0.19466514885425568,16
seed_124,SR-HSE,166,71,0.19184793531894684,6
seed_124,SR-HSE,93,72,0.1909852921962738,16
seed_124,SR-HSE,257,73,0.1908881515264511,8
seed_124,SR-HSE,217,74,0.18879401683807373,4
seed_124,SR-HSE,12,75,0.188291534781456,6
seed_124,SR-HSE,117,76,0.18465889990329742,7
seed_124,SR-HSE,81,77,0.18331217765808105,19
seed_124,SR-HSE,40,78,0.181165874004364,6
seed_124,SR-HSE,176,79,0.17738750576972961,5
seed_124,SR-HSE,140,80,0.17490820586681366,19
seed_124,SR-HSE,86,81,0.17224983870983124,9
seed_124,SR-HSE,112,82,0.17207850515842438,10
seed_124,SR-HSE,37,83,0.16855069994926453,7
seed_124,SR-HSE,270,84,0.1646449863910675,4
seed_124,SR-HSE,225,85,0.16279496252536774,6
seed_124,SR-HSE,36,86,0.15514375269412994,7
seed_124,SR-HSE,21,87,0.14835233986377716,13
seed_124,SR-HSE,200,88,0.14762359857559204,8
seed_124,SR-HSE,111,89,0.1446959227323532,5
seed_124,SR-HSE,126,90,0.14230912923812866,10
seed_124,SR-HSE,167,91,0.13770712912082672,6
seed_124,SR-HSE,127,92,0.1313575655221939,4
seed_124,SR-HSE,247,93,0.13086076080799103,4
seed_124,SR-HSE,78,94,0.13013410568237305,5
seed_124,SR-HSE,99,95,0.13004346191883087,7
seed_124,SR-HSE,4,96,0.12857882678508759,9
seed_124,SR-HSE,204,97,0.12745778262615204,7
seed_124,SR-HSE,91,98,0.1263570338487625,6
seed_124,SR-HSE,268,99,0.12212280929088593,4
seed_124,SR-HSE,129,100,0.12131257355213165,9
seed_124,SR-HSE,154,101,0.11996224522590637,5
seed_124,SR-HSE,32,102,0.1187104731798172,8
seed_124,SR-HSE,107,103,0.11645226180553436,6
seed_124,SR-HSE,299,104,0.11558133363723755,7
seed_124,SR-HSE,75,105,0.11451387405395508,13
seed_124,SR-HSE,45,106,0.10933058708906174,8
seed_124,SR-HSE,183,107,0.10600090771913528,7
seed_124,SR-HSE,144,108,0.10433020442724228,7
seed_124,SR-HSE,142,109,0.10426272451877594,3
seed_124,SR-HSE,250,110,0.1035117357969284,4
seed_124,SR-HSE,130,111,0.10036829113960266,4
seed_124,SR-HSE,246,112,0.10022883117198944,3
seed_124,SR-HSE,102,113,0.09718719869852066,6
seed_124,SR-HSE,20,114,0.09439181536436081,4
seed_124,SR-HSE,201,115,0.0941646620631218,4
seed_124,SR-HSE,35,116,0.09147956967353821,4
seed_124,SR-HSE,248,117,0.0907747820019722,2
seed_124,SR-HSE,55,118,0.08984005451202393,6
seed_124,SR-HSE,51,119,0.08934807777404785,10
seed_124,SR-HSE,237,120,0.08933450281620026,2
seed_124,SR-HSE,146,121,0.08929996192455292,5
seed_124,SR-HSE,109,122,0.08914222568273544,7
seed_124,SR-HSE,233,123,0.08902636170387268,6
seed_124,SR-HSE,229,124,0.08434563130140305,7
seed_124,SR-HSE,44,125,0.08140679448843002,3
seed_124,SR-HSE,108,126,0.0809529572725296,14
seed_124,SR-HSE,143,127,0.07972253859043121,5
seed_124,SR-HSE,134,128,0.07923199981451035,3
seed_124,SR-HSE,100,129,0.0783776268362999,3
seed_124,SR-HSE,50,130,0.07727338373661041,3
seed_124,SR-HSE,95,131,0.0758282020688057,4
seed_124,SR-HSE,206,132,0.07488705962896347,4
seed_124,SR-HSE,254,133,0.07281158864498138,2
seed_124,SR-HSE,220,134,0.07177030295133591,2
seed_124,SR-HSE,218,135,0.07143580913543701,3
seed_124,SR-HSE,106,136,0.07139303535223007,4
seed_124,SR-HSE,274,137,0.06973836570978165,2
seed_124,SR-HSE,14,138,0.06905750185251236,5
seed_124,SR-HSE,122,139,0.06794807314872742,6
seed_124,SR-HSE,13,140,0.06549300253391266,6
seed_124,SR-HSE,1,141,0.06507207453250885,6
seed_124,SR-HSE,260,142,0.06285760551691055,5
seed_124,SR-HSE,88,143,0.0626276358962059,4
seed_124,SR-HSE,153,144,0.06258679181337357,2
seed_124,SR-HSE,138,145,0.061419907957315445,3
seed_124,SR-HSE,113,146,0.06095501780509949,13
seed_124,SR-HSE,181,147,0.05946052819490433,4
seed_124,SR-HSE,61,148,0.05805326998233795,6
seed_124,SR-HSE,162,149,0.05745088681578636,3
seed_124,SR-HSE,149,150,0.055518653243780136,2
seed_124,SR-HSE,293,151,0.05548737570643425,3
seed_124,SR-HSE,235,152,0.054905254393815994,5
seed_124,SR-HSE,124,153,0.054011330008506775,4
seed_124,SR-HSE,264,154,0.05313409864902496,3
seed_124,SR-HSE,213,155,0.05300440639257431,4
seed_124,SR-HSE,212,156,0.052746303379535675,7
seed_124,SR-HSE,196,157,0.05196994170546532,4
seed_124,SR-HSE,28,158,0.051613036543130875,7
seed_124,SR-HSE,173,159,0.05155542865395546,4
seed_124,SR-HSE,169,160,0.05108858644962311,8
seed_124,SR-HSE,214,161,0.05028486251831055,2
seed_124,SR-HSE,120,162,0.05012037232518196,5
seed_124,SR-HSE,104,163,0.04839472845196724,4
seed_124,SR-HSE,19,164,0.04756850376725197,4
seed_124,SR-HSE,269,165,0.047486018389463425,4
seed_124,SR-HSE,90,166,0.047221481800079346,6
seed_124,SR-HSE,251,167,0.04631452634930611,3
seed_124,SR-HSE,210,168,0.04504171386361122,6
seed_124,SR-HSE,77,169,0.04395575821399689,5
seed_124,SR-HSE,165,170,0.04384607821702957,4
seed_124,SR-HSE,194,171,0.04335276782512665,3
seed_124,SR-HSE,82,172,0.04321003705263138,4
seed_124,SR-HSE,69,173,0.04315197840332985,8
seed_124,SR-HSE,239,174,0.042746346443891525,3
seed_124,SR-HSE,3,175,0.042379386723041534,6
seed_124,SR-HSE,295,176,0.04233499988913536,2
seed_124,SR-HSE,48,177,0.04231201857328415,7
seed_124,SR-HSE,172,178,0.04199722036719322,4
seed_124,SR-HSE,8,179,0.04192987084388733,6
seed_124,SR-HSE,276,180,0.04157283529639244,8
seed_124,SR-HSE,30,181,0.04092162847518921,5
seed_124,SR-HSE,202,182,0.03946923837065697,3
seed_124,SR-HSE,224,183,0.03901321440935135,2
seed_124,SR-HSE,115,184,0.038865476846694946,4
seed_124,SR-HSE,197,185,0.03840344771742821,3
seed_124,SR-HSE,133,186,0.038198720663785934,6
seed_124,SR-HSE,171,187,0.03760137781500816,2
seed_124,SR-HSE,286,188,0.03639105707406998,2
seed_124,SR-HSE,198,189,0.03573550656437874,3
seed_124,SR-HSE,236,190,0.03438730910420418,3
seed_124,SR-HSE,179,191,0.03388084098696709,3
seed_124,SR-HSE,255,192,0.03318475931882858,2
seed_124,SR-HSE,9,193,0.033061057329177856,3
seed_124,SR-HSE,89,194,0.031861044466495514,3
seed_124,SR-HSE,288,195,0.03158731013536453,2
seed_124,SR-HSE,65,196,0.031070221215486526,3
seed_124,SR-HSE,298,197,0.03086542710661888,4
seed_124,SR-HSE,271,198,0.030462702736258507,3
seed_124,SR-HSE,234,199,0.03024948202073574,2
seed_124,SR-HSE,232,200,0.02990730293095112,2
seed_124,SR-HSE,161,201,0.029680311679840088,2
seed_124,SR-HSE,182,202,0.029667893424630165,2
seed_124,SR-HSE,243,203,0.029510699212551117,2
seed_124,SR-HSE,96,204,0.029493026435375214,5
seed_124,SR-HSE,207,205,0.028924323618412018,2
seed_124,SR-HSE,215,206,0.028347734361886978,4
seed_124,SR-HSE,76,207,0.02817097306251526,2
seed_124,SR-HSE,152,208,0.027754371985793114,3
seed_124,SR-HSE,208,209,0.027690961956977844,3
seed_124,SR-HSE,87,210,0.02662828005850315,4
seed_124,SR-HSE,230,211,0.02567596547305584,3
seed_124,SR-HSE,5,212,0.02534894272685051,4
seed_124,SR-HSE,291,213,0.02515554614365101,2
seed_124,SR-HSE,27,214,0.02483779937028885,8
seed_124,SR-HSE,38,215,0.024488219991326332,4
seed_124,SR-HSE,249,216,0.0244646854698658,3
seed_124,SR-HSE,16,217,0.024028563871979713,4
seed_124,SR-HSE,227,218,0.02371268905699253,3
seed_124,SR-HSE,163,219,0.02321161888539791,3
seed_124,SR-HSE,34,220,0.02310824580490589,5
seed_124,SR-HSE,118,221,0.022896332666277885,4
seed_124,SR-HSE,53,222,0.022892756387591362,6
seed_124,SR-HSE,258,223,0.022280409932136536,3
seed_124,SR-HSE,223,224,0.022211892530322075,2
seed_124,SR-HSE,292,225,0.021846896037459373,3
seed_124,SR-HSE,116,226,0.02138504385948181,3
seed_124,SR-HSE,94,227,0.0210379958152771,2
seed_124,SR-HSE,85,228,0.021003613248467445,3
seed_124,SR-HSE,203,229,0.02020738273859024,4
seed_124,SR-HSE,262,230,0.01904846541583538,3
seed_124,SR-HSE,186,231,0.01800576038658619,3
seed_124,SR-HSE,273,232,0.017877627164125443,2
seed_124,SR-HSE,238,233,0.017823953181505203,1
seed_124,SR-HSE,289,234,0.01773097924888134,2
seed_124,SR-HSE,54,235,0.017641760408878326,5
seed_124,SR-HSE,155,236,0.017051085829734802,3
seed_124,SR-HSE,253,237,0.016820305958390236,1
seed_124,SR-HSE,26,238,0.016267627477645874,4
seed_124,SR-HSE,101,239,0.01526273787021637,3
seed_124,SR-HSE,17,240,0.014831045642495155,5
seed_124,SR-HSE,150,241,0.014321546070277691,3
seed_124,SR-HSE,177,242,0.014274336397647858,4
seed_124,SR-HSE,261,243,0.013823147863149643,3
seed_124,SR-HSE,121,244,0.013796954415738583,7
seed_124,SR-HSE,187,245,0.013770407997071743,3
seed_124,SR-HSE,41,246,0.013672447763383389,2
seed_124,SR-HSE,297,247,0.013653929345309734,1
seed_124,SR-HSE,284,248,0.013537767343223095,2
seed_124,SR-HSE,103,249,0.013445356860756874,3
seed_124,SR-HSE,279,250,0.013343611732125282,2
seed_124,SR-HSE,188,251,0.01278745848685503,2
seed_124,SR-HSE,131,252,0.012462654151022434,2
seed_124,SR-HSE,11,253,0.012189318425953388,2
seed_124,SR-HSE,158,254,0.01174106728285551,3
seed_124,SR-HSE,47,255,0.01140895951539278,4
seed_124,SR-HSE,267,256,0.011380020529031754,2
seed_124,SR-HSE,132,257,0.01077280379831791,2
seed_124,SR-HSE,282,258,0.010698496364057064,3
seed_124,SR-HSE,192,259,0.009975394234061241,3
seed_124,SR-HSE,174,260,0.009807603433728218,2
seed_124,SR-HSE,178,261,0.00890354160219431,2
seed_124,SR-HSE,68,262,0.00882494356483221,2
seed_124,SR-HSE,280,263,0.008807866834104061,3
seed_124,SR-HSE,18,264,0.00878649577498436,4
seed_124,SR-HSE,97,265,0.008644737303256989,2
seed_124,SR-HSE,105,266,0.00829338189214468,3
seed_124,SR-HSE,98,267,0.008176383562386036,2
seed_124,SR-HSE,205,268,0.008133923634886742,3
seed_124,SR-HSE,228,269,0.0076140835881233215,4
seed_124,SR-HSE,60,270,0.007292270194739103,3
seed_124,SR-HSE,275,271,0.007275676354765892,2
seed_124,SR-HSE,156,272,0.006881618406623602,2
seed_124,SR-HSE,226,273,0.006537596695125103,2
seed_124,SR-HSE,241,274,0.006408380810171366,3
seed_124,SR-HSE,185,275,0.006129898596554995,3
seed_124,SR-HSE,191,276,0.0060875616036355495,2
seed_124,SR-HSE,278,277,0.005407735239714384,2
seed_124,SR-HSE,157,278,0.005379456095397472,2
seed_124,SR-HSE,294,279,0.004806642420589924,2
seed_124,SR-HSE,281,280,0.004070129711180925,1
seed_124,SR-HSE,159,281,0.003956569358706474,2
seed_124,SR-HSE,256,282,0.0035040262155234814,2
seed_124,SR-HSE,119,283,0.002744268858805299,2
seed_124,SR-HSE,265,284,0.002721205586567521,1
seed_124,SR-HSE,164,285,0.0022505021188408136,2
seed_124,SR-HSE,125,286,0.0014848881401121616,3
seed_124,SR-HSE,141,287,0.0014061463298276067,2
seed_124,SR-HSE,259,288,0.0011203428730368614,2
seed_124,SR-HSE,216,289,0.0010770532535389066,2
seed_124,SR-HSE,137,290,0.0008150552748702466,2
seed_124,SR-HSE,151,291,0.0007639365503564477,2
seed_124,SR-HSE,283,292,0.0005863018450327218,2
seed_124,SR-HSE,240,293,0.0005358300404623151,1
seed_124,SR-HSE,285,294,7.602951518492773e-05,1
seed_124,SR-HSE,272,295,0.0,1
seed_124,SR-HSE,266,296,0.0,1
seed_124,SR-HSE,277,297,0.0,1
seed_124,SR-HSE,199,298,0.0,2
seed_124,SR-HSE,244,299,0.0,1
seed_124,NR-AR-LBD,168,0,4.099489212036133,79
seed_124,NR-AR-LBD,70,1,3.0615007877349854,27
seed_124,NR-AR-LBD,72,2,1.8461918830871582,15
seed_124,NR-AR-LBD,128,3,1.30344820022583,42
seed_124,NR-AR-LBD,139,4,1.161677598953247,12
seed_124,NR-AR-LBD,7,5,1.0802370309829712,33
seed_124,NR-AR-LBD,110,6,1.0329196453094482,20
seed_124,NR-AR-LBD,63,7,0.9109179377555847,51
seed_124,NR-AR-LBD,62,8,0.8079176545143127,24
seed_124,NR-AR-LBD,10,9,0.6924895644187927,17
seed_124,NR-AR-LBD,0,10,0.6690376996994019,20
seed_124,NR-AR-LBD,29,11,0.632993221282959,39
seed_124,NR-AR-LBD,52,12,0.6303171515464783,16
seed_124,NR-AR-LBD,6,13,0.6115249395370483,18
seed_124,NR-AR-LBD,84,14,0.5557047724723816,15
seed_124,NR-AR-LBD,24,15,0.5480954647064209,21
seed_124,NR-AR-LBD,73,16,0.5334709882736206,16
seed_124,NR-AR-LBD,287,17,0.5223131775856018,8
seed_124,NR-AR-LBD,22,18,0.5105670690536499,13
seed_124,NR-AR-LBD,231,19,0.49674949049949646,8
seed_124,NR-AR-LBD,245,20,0.48719900846481323,15
seed_124,NR-AR-LBD,58,21,0.4837915301322937,10
seed_124,NR-AR-LBD,15,22,0.46835410594940186,26
seed_124,NR-AR-LBD,74,23,0.46004727482795715,19
seed_124,NR-AR-LBD,25,24,0.43147704005241394,8
seed_124,NR-AR-LBD,189,25,0.4214854836463928,9
seed_124,NR-AR-LBD,49,26,0.38500523567199707,17
seed_124,NR-AR-LBD,57,27,0.372580885887146,9
seed_124,NR-AR-LBD,79,28,0.3550001382827759,9
seed_124,NR-AR-LBD,263,29,0.33072397112846375,6
seed_124,NR-AR-LBD,33,30,0.3232152760028839,17
seed_124,NR-AR-LBD,2,31,0.317364901304245,14
seed_124,NR-AR-LBD,71,32,0.2958017587661743,11
seed_124,NR-AR-LBD,66,33,0.28600579500198364,13
seed_124,NR-AR-LBD,46,34,0.2784932255744934,13
seed_124,NR-AR-LBD,23,35,0.2737593352794647,30
seed_124,NR-AR-LBD,219,36,0.27194517850875854,16
seed_124,NR-AR-LBD,114,37,0.26719343662261963,7
seed_124,NR-AR-LBD,160,38,0.2666153609752655,11
seed_124,NR-AR-LBD,59,39,0.26438072323799133,8
seed_124,NR-AR-LBD,296,40,0.2622542977333069,10
seed_124,NR-AR-LBD,92,41,0.26047196984291077,21
seed_124,NR-AR-LBD,93,42,0.25017887353897095,16
seed_124,NR-AR-LBD,211,43,0.2345869243144989,13
seed_124,NR-AR-LBD,147,44,0.2339058369398117,16
seed_124,NR-AR-LBD,12,45,0.22705140709877014,6
seed_124,NR-AR-LBD,175,46,0.22423700988292694,9
seed_124,NR-AR-LBD,43,47,0.210076704621315,9
seed_124,NR-AR-LBD,222,48,0.20572079718112946,4
seed_124,NR-AR-LBD,145,49,0.20534175634384155,17
seed_124,NR-AR-LBD,184,50,0.20528140664100647,7
seed_124,NR-AR-LBD,56,51,0.20517036318778992,17
seed_124,NR-AR-LBD,40,52,0.19953083992004395,6
seed_124,NR-AR-LBD,123,53,0.19789694249629974,11
seed_124,NR-AR-LBD,290,54,0.1913837194442749,10
seed_124,NR-AR-LBD,136,55,0.18829254806041718,18
seed_124,NR-AR-LBD,190,56,0.18607832491397858,13
seed_124,NR-AR-LBD,31,57,0.18383701145648956,20
seed_124,NR-AR-LBD,126,58,0.17968639731407166,10
seed_124,NR-AR-LBD,67,59,0.17196062207221985,16
seed_124,NR-AR-LBD,195,60,0.1701262891292572,11
seed_124,NR-AR-LBD,193,61,0.1681171953678131,9
seed_124,NR-AR-LBD,209,62,0.16638724505901337,7
seed_124,NR-AR-LBD,99,63,0.16290193796157837,7
seed_124,NR-AR-LBD,299,64,0.16269303858280182,7
seed_124,NR-AR-LBD,217,65,0.16045242547988892,4
seed_124,NR-AR-LBD,221,66,0.15935863554477692,6
seed_124,NR-AR-LBD,111,67,0.15601351857185364,5
seed_124,NR-AR-LBD,140,68,0.15250149369239807,19
seed_124,NR-AR-LBD,204,69,0.15020056068897247,7
seed_124,NR-AR-LBD,75,70,0.14362157881259918,13
seed_124,NR-AR-LBD,21,71,0.14291508495807648,13
seed_124,NR-AR-LBD,1,72,0.14013801515102386,6
seed_124,NR-AR-LBD,233,73,0.13981051743030548,6
seed_124,NR-AR-LBD,135,74,0.13330425322055817,9
seed_124,NR-AR-LBD,42,75,0.13134658336639404,5
seed_124,NR-AR-LBD,180,76,0.12993355095386505,5
seed_124,NR-AR-LBD,242,77,0.12758685648441315,6
seed_124,NR-AR-LBD,64,78,0.1244678795337677,7
seed_124,NR-AR-LBD,37,79,0.12067706137895584,7
seed_124,NR-AR-LBD,200,80,0.12051369994878769,8
seed_124,NR-AR-LBD,113,81,0.12019524723291397,13
seed_124,NR-AR-LBD,170,82,0.11947538703680038,6
seed_124,NR-AR-LBD,108,83,0.11880405247211456,14
seed_124,NR-AR-LBD,148,84,0.11608362942934036,14
seed_124,NR-AR-LBD,269,85,0.11588166654109955,4
seed_124,NR-AR-LBD,166,86,0.1128237396478653,6
seed_124,NR-AR-LBD,83,87,0.11207350343465805,9
seed_124,NR-AR-LBD,51,88,0.10758008062839508,10
seed_124,NR-AR-LBD,107,89,0.10624528676271439,6
seed_124,NR-AR-LBD,36,90,0.10540366172790527,7
seed_124,NR-AR-LBD,81,91,0.101270392537117,19
seed_124,NR-AR-LBD,257,92,0.10121113806962967,8
seed_124,NR-AR-LBD,80,93,0.09721072763204575,8
seed_124,NR-AR-LBD,276,94,0.09692703932523727,8
seed_124,NR-AR-LBD,154,95,0.09690253436565399,5
seed_124,NR-AR-LBD,250,96,0.0965225100517273,4
seed_124,NR-AR-LBD,4,97,0.09465925395488739,9
seed_124,NR-AR-LBD,88,98,0.09150665998458862,4
seed_124,NR-AR-LBD,252,99,0.09027877449989319,4
seed_124,NR-AR-LBD,138,100,0.08989231288433075,3
seed_124,NR-AR-LBD,86,101,0.08978912979364395,9
seed_124,NR-AR-LBD,39,102,0.0890762135386467,9
seed_124,NR-AR-LBD,247,103,0.08614125847816467,4
seed_124,NR-AR-LBD,264,104,0.0821654349565506,3
seed_124,NR-AR-LBD,129,105,0.08182983100414276,9
seed_124,NR-AR-LBD,13,106,0.08119580149650574,6
seed_124,NR-AR-LBD,112,107,0.08097638934850693,10
seed_124,NR-AR-LBD,109,108,0.07600122690200806,7
seed_124,NR-AR-LBD,270,109,0.07358484715223312,4
seed_124,NR-AR-LBD,78,110,0.07320567220449448,5
seed_124,NR-AR-LBD,130,111,0.07189126312732697,4
seed_124,NR-AR-LBD,201,112,0.07116900384426117,4
seed_124,NR-AR-LBD,144,113,0.06781910359859467,7
seed_124,NR-AR-LBD,14,114,0.0673447698354721,5
seed_124,NR-AR-LBD,225,115,0.06712113320827484,6
seed_124,NR-AR-LBD,35,116,0.06465163826942444,4
seed_124,NR-AR-LBD,235,117,0.06380143761634827,5
seed_124,NR-AR-LBD,215,118,0.0630921870470047,4
seed_124,NR-AR-LBD,248,119,0.06295877695083618,2
seed_124,NR-AR-LBD,293,120,0.06233157590031624,3
seed_124,NR-AR-LBD,218,121,0.06201913207769394,3
seed_124,NR-AR-LBD,3,122,0.061762917786836624,6
seed_124,NR-AR-LBD,28,123,0.06082749739289284,7
seed_124,NR-AR-LBD,122,124,0.05993049591779709,6
seed_124,NR-AR-LBD,167,125,0.059769805520772934,6
seed_124,NR-AR-LBD,176,126,0.05551072210073471,5
seed_124,NR-AR-LBD,162,127,0.05546512082219124,3
seed_124,NR-AR-LBD,185,128,0.05482625961303711,3
seed_124,NR-AR-LBD,117,129,0.054821621626615524,7
seed_124,NR-AR-LBD,32,130,0.05444059148430824,8
seed_124,NR-AR-LBD,212,131,0.0540686696767807,7
seed_124,NR-AR-LBD,127,132,0.054060064256191254,4
seed_124,NR-AR-LBD,213,133,0.05204607918858528,4
seed_124,NR-AR-LBD,134,134,0.05181821063160896,3
seed_124,NR-AR-LBD,55,135,0.050600454211235046,6
seed_124,NR-AR-LBD,100,136,0.04987340047955513,3
seed_124,NR-AR-LBD,20,137,0.04884137213230133,4
seed_124,NR-AR-LBD,50,138,0.04878487437963486,3
seed_124,NR-AR-LBD,120,139,0.048674240708351135,5
seed_124,NR-AR-LBD,268,140,0.047903478145599365,4
seed_124,NR-AR-LBD,208,141,0.046618275344371796,3
seed_124,NR-AR-LBD,173,142,0.04647509753704071,4
seed_124,NR-AR-LBD,95,143,0.046027347445487976,4
seed_124,NR-AR-LBD,90,144,0.045989301055669785,6
seed_124,NR-AR-LBD,91,145,0.045828502625226974,6
seed_124,NR-AR-LBD,146,146,0.04543967545032501,5
seed_124,NR-AR-LBD,271,147,0.04427969455718994,3
seed_124,NR-AR-LBD,82,148,0.04385516047477722,4
seed_124,NR-AR-LBD,143,149,0.04210119694471359,5
seed_124,NR-AR-LBD,246,150,0.04187890142202377,3
seed_124,NR-AR-LBD,85,151,0.04117825999855995,3
seed_124,NR-AR-LBD,102,152,0.04020540043711662,6
seed_124,NR-AR-LBD,104,153,0.03985600918531418,4
seed_124,NR-AR-LBD,45,154,0.039208389818668365,8
seed_124,NR-AR-LBD,183,155,0.03906884789466858,7
seed_124,NR-AR-LBD,38,156,0.03844171762466431,4
seed_124,NR-AR-LBD,106,157,0.037999749183654785,4
seed_124,NR-AR-LBD,298,158,0.037663962692022324,4
seed_124,NR-AR-LBD,115,159,0.037147171795368195,4
seed_124,NR-AR-LBD,44,160,0.0361768864095211,3
seed_124,NR-AR-LBD,161,161,0.03521740809082985,2
seed_124,NR-AR-LBD,179,162,0.03521549701690674,3
seed_124,NR-AR-LBD,27,163,0.03408844396471977,8
seed_124,NR-AR-LBD,150,164,0.03381716087460518,3
seed_124,NR-AR-LBD,239,165,0.03313547372817993,3
seed_124,NR-AR-LBD,214,166,0.0330384336411953,2
seed_124,NR-AR-LBD,103,167,0.0322650708258152,3
seed_124,NR-AR-LBD,241,168,0.03200015425682068,3
seed_124,NR-AR-LBD,69,169,0.03195185959339142,8
seed_124,NR-AR-LBD,60,170,0.031924135982990265,3
seed_124,NR-AR-LBD,34,171,0.031821902841329575,5
seed_124,NR-AR-LBD,169,172,0.03181799128651619,8
seed_124,NR-AR-LBD,165,173,0.0312964990735054,4
seed_124,NR-AR-LBD,206,174,0.031150128692388535,4
seed_124,NR-AR-LBD,198,175,0.030846858397126198,3
seed_124,NR-AR-LBD,251,176,0.029773356392979622,3
seed_124,NR-AR-LBD,149,177,0.029593132436275482,2
seed_124,NR-AR-LBD,16,178,0.029553672298789024,4
seed_124,NR-AR-LBD,182,179,0.028327757492661476,2
seed_124,NR-AR-LBD,229,180,0.028059357777237892,7
seed_124,NR-AR-LBD,205,181,0.02764938585460186,3
seed_124,NR-AR-LBD,61,182,0.027410032227635384,6
seed_124,NR-AR-LBD,220,183,0.027323400601744652,2
seed_124,NR-AR-LBD,172,184,0.02704268880188465,4
seed_124,NR-AR-LBD,249,185,0.0268845371901989,3
seed_124,NR-AR-LBD,133,186,0.026797723025083542,6
seed_124,NR-AR-LBD,291,187,0.02576090767979622,2
seed_124,NR-AR-LBD,171,188,0.025654802098870277,2
seed_124,NR-AR-LBD,207,189,0.02516024373471737,2
seed_124,NR-AR-LBD,255,190,0.024784229695796967,2
seed_124,NR-AR-LBD,30,191,0.024337612092494965,5
seed_124,NR-AR-LBD,230,192,0.024151433259248734,3
seed_124,NR-AR-LBD,194,193,0.024037186056375504,3
seed_124,NR-AR-LBD,292,194,0.023410048335790634,3
seed_124,NR-AR-LBD,65,195,0.022795245051383972,3
seed_124,NR-AR-LBD,8,196,0.02247907593846321,6
seed_124,NR-AR-LBD,89,197,0.021533934399485588,3
seed_124,NR-AR-LBD,19,198,0.021186325699090958,4
seed_124,NR-AR-LBD,26,199,0.0210798978805542,4
seed_124,NR-AR-LBD,210,200,0.021050726994872093,6
seed_124,NR-AR-LBD,155,201,0.020980296656489372,3
seed_124,NR-AR-LBD,196,202,0.020707400515675545,4
seed_124,NR-AR-LBD,96,203,0.020674409344792366,5
seed_124,NR-AR-LBD,186,204,0.020541036501526833,3
seed_124,NR-AR-LBD,187,205,0.020348208025097847,3
seed_124,NR-AR-LBD,234,206,0.02033039554953575,2
seed_124,NR-AR-LBD,97,207,0.02030899003148079,2
seed_124,NR-AR-LBD,152,208,0.020213546231389046,3
seed_124,NR-AR-LBD,197,209,0.01990286074578762,3
seed_124,NR-AR-LBD,262,210,0.019818594679236412,3
seed_124,NR-AR-LBD,116,211,0.019589122384786606,3
seed_124,NR-AR-LBD,236,212,0.01941954344511032,3
seed_124,NR-AR-LBD,295,213,0.019224554300308228,2
seed_124,NR-AR-LBD,76,214,0.01847163774073124,2
seed_124,NR-AR-LBD,142,215,0.018274007365107536,3
seed_124,NR-AR-LBD,118,216,0.018055444583296776,4
seed_124,NR-AR-LBD,181,217,0.01789635233581066,4
seed_124,NR-AR-LBD,288,218,0.017452189698815346,2
seed_124,NR-AR-LBD,188,219,0.016834212467074394,2
seed_124,NR-AR-LBD,105,220,0.016658734530210495,3
seed_124,NR-AR-LBD,237,221,0.016130642965435982,2
seed_124,NR-AR-LBD,159,222,0.01565823145210743,2
seed_124,NR-AR-LBD,253,223,0.01496392022818327,1
seed_124,NR-AR-LBD,77,224,0.014607223682105541,5
seed_124,NR-AR-LBD,273,225,0.01440836489200592,2
seed_124,NR-AR-LBD,9,226,0.014318113215267658,3
seed_124,NR-AR-LBD,48,227,0.014303963631391525,7
seed_124,NR-AR-LBD,158,228,0.014272110536694527,3
seed_124,NR-AR-LBD,68,229,0.013595717027783394,2
seed_124,NR-AR-LBD,203,230,0.01319916546344757,4
seed_124,NR-AR-LBD,274,231,0.013171969912946224,2
seed_124,NR-AR-LBD,5,232,0.013163925148546696,4
seed_124,NR-AR-LBD,243,233,0.012881328351795673,2
seed_124,NR-AR-LBD,132,234,0.012863008305430412,2
seed_124,NR-AR-LBD,228,235,0.012653179466724396,4
seed_124,NR-AR-LBD,101,236,0.012543739750981331,3
seed_124,NR-AR-LBD,284,237,0.012437482364475727,2
seed_124,NR-AR-LBD,87,238,0.012386278249323368,4
seed_124,NR-AR-LBD,191,239,0.012319574132561684,2
seed_124,NR-AR-LBD,11,240,0.012066274881362915,2
seed_124,NR-AR-LBD,53,241,0.012040533125400543,6
seed_124,NR-AR-LBD,260,242,0.011780260130763054,5
seed_124,NR-AR-LBD,174,243,0.01156020350754261,2
seed_124,NR-AR-LBD,280,244,0.011406205594539642,3
seed_124,NR-AR-LBD,289,245,0.011317816562950611,2
seed_124,NR-AR-LBD,18,246,0.011274095624685287,4
seed_124,NR-AR-LBD,202,247,0.010810035280883312,3
seed_124,NR-AR-LBD,17,248,0.010785423219203949,5
seed_124,NR-AR-LBD,254,249,0.010246423073112965,2
seed_124,NR-AR-LBD,124,250,0.010058702901005745,4
seed_124,NR-AR-LBD,121,251,0.009930390864610672,7
seed_124,NR-AR-LBD,94,252,0.00978480651974678,2
seed_124,NR-AR-LBD,178,253,0.009538981132209301,2
seed_124,NR-AR-LBD,131,254,0.009260157123208046,2
seed_124,NR-AR-LBD,153,255,0.00841759704053402,2
seed_124,NR-AR-LBD,240,256,0.008058599196374416,1
seed_124,NR-AR-LBD,226,257,0.00777404522523284,2
seed_124,NR-AR-LBD,258,258,0.007754375692456961,3
seed_124,NR-AR-LBD,286,259,0.007560581900179386,2
seed_124,NR-AR-LBD,192,260,0.007499850820749998,3
seed_124,NR-AR-LBD,163,261,0.007326916791498661,3
seed_124,NR-AR-LBD,125,262,0.007302376441657543,3
seed_124,NR-AR-LBD,151,263,0.00720960320904851,2
seed_124,NR-AR-LBD,279,264,0.00698713306337595,2
seed_124,NR-AR-LBD,275,265,0.006259320769459009,2
seed_124,NR-AR-LBD,54,266,0.0061151315458118916,5
seed_124,NR-AR-LBD,267,267,0.005978574976325035,2
seed_124,NR-AR-LBD,141,268,0.0059533072635531425,2
seed_124,NR-AR-LBD,256,269,0.005895454436540604,2
seed_124,NR-AR-LBD,232,270,0.005868862383067608,2
seed_124,NR-AR-LBD,177,271,0.005867077503353357,4
seed_124,NR-AR-LBD,41,272,0.005697830580174923,2
seed_124,NR-AR-LBD,119,273,0.005536171607673168,2
seed_124,NR-AR-LBD,98,274,0.005444966722279787,2
seed_124,NR-AR-LBD,224,275,0.005255983676761389,2
seed_124,NR-AR-LBD,238,276,0.005162397865206003,1
seed_124,NR-AR-LBD,223,277,0.005067239049822092,2
seed_124,NR-AR-LBD,282,278,0.004372657276690006,3
seed_124,NR-AR-LBD,164,279,0.00377836124971509,2
seed_124,NR-AR-LBD,259,280,0.0035879125352948904,2
seed_124,NR-AR-LBD,261,281,0.003257569158449769,3
seed_124,NR-AR-LBD,157,282,0.0032069345470517874,2
seed_124,NR-AR-LBD,47,283,0.002968961838632822,4
seed_124,NR-AR-LBD,278,284,0.0028796778060495853,2
seed_124,NR-AR-LBD,227,285,0.0026291683316230774,3
seed_124,NR-AR-LBD,137,286,0.002613380551338196,2
seed_124,NR-AR-LBD,265,287,0.002303612884134054,1
seed_124,NR-AR-LBD,156,288,0.002182717900723219,2
seed_124,NR-AR-LBD,297,289,0.0021187756210565567,1
seed_124,NR-AR-LBD,281,290,0.0018126275390386581,1
seed_124,NR-AR-LBD,283,291,0.0016172173200175166,2
seed_124,NR-AR-LBD,285,292,0.0013915502931922674,1
seed_124,NR-AR-LBD,216,293,0.0006662328378297389,2
seed_124,NR-AR-LBD,294,294,0.00028705288423225284,2
seed_124,NR-AR-LBD,244,295,0.0,1
seed_124,NR-AR-LBD,199,296,0.0,2
seed_124,NR-AR-LBD,266,297,0.0,1
seed_124,NR-AR-LBD,277,298,0.0,1
seed_124,NR-AR-LBD,272,299,0.0,1
seed_124,NR-ER,70,0,4.899397373199463,27
seed_124,NR-ER,168,1,3.134469985961914,79
seed_124,NR-ER,72,2,2.0414373874664307,15
seed_124,NR-ER,7,3,1.891081690788269,33
seed_124,NR-ER,139,4,1.2774547338485718,12
seed_124,NR-ER,128,5,1.2637678384780884,42
seed_124,NR-ER,110,6,1.2468701601028442,20
seed_124,NR-ER,62,7,1.2057522535324097,24
seed_124,NR-ER,29,8,1.048137903213501,39
seed_124,NR-ER,63,9,1.007633924484253,51
seed_124,NR-ER,74,10,0.9899626970291138,19
seed_124,NR-ER,52,11,0.888003408908844,16
seed_124,NR-ER,0,12,0.732320249080658,20
seed_124,NR-ER,24,13,0.7044070959091187,21
seed_124,NR-ER,10,14,0.662915825843811,17
seed_124,NR-ER,84,15,0.578127920627594,15
seed_124,NR-ER,6,16,0.5629698634147644,18
seed_124,NR-ER,58,17,0.5551650524139404,10
seed_124,NR-ER,189,18,0.5305016040802002,9
seed_124,NR-ER,66,19,0.49149200320243835,13
seed_124,NR-ER,73,20,0.470867782831192,16
seed_124,NR-ER,287,21,0.47084635496139526,8
seed_124,NR-ER,263,22,0.46521684527397156,6
seed_124,NR-ER,2,23,0.44658225774765015,14
seed_124,NR-ER,25,24,0.4083494544029236,8
seed_124,NR-ER,252,25,0.38996008038520813,4
seed_124,NR-ER,190,26,0.38054195046424866,13
seed_124,NR-ER,15,27,0.32763421535491943,26
seed_124,NR-ER,175,28,0.3263062536716461,9
seed_124,NR-ER,219,29,0.32466524839401245,16
seed_124,NR-ER,57,30,0.3129153847694397,9
seed_124,NR-ER,23,31,0.2903982400894165,30
seed_124,NR-ER,136,32,0.2812996804714203,18
seed_124,NR-ER,33,33,0.2788570821285248,17
seed_124,NR-ER,12,34,0.27426448464393616,6
seed_124,NR-ER,39,35,0.2660464942455292,9
seed_124,NR-ER,46,36,0.26494699716567993,13
seed_124,NR-ER,296,37,0.2543993592262268,10
seed_124,NR-ER,123,38,0.24857571721076965,11
seed_124,NR-ER,231,39,0.24734388291835785,8
seed_124,NR-ER,56,40,0.2380308210849762,17
seed_124,NR-ER,145,41,0.23648880422115326,17
seed_124,NR-ER,160,42,0.2284102886915207,11
seed_124,NR-ER,49,43,0.22735044360160828,17
seed_124,NR-ER,22,44,0.22592319548130035,13
seed_124,NR-ER,204,45,0.22428113222122192,7
seed_124,NR-ER,195,46,0.22149865329265594,11
seed_124,NR-ER,221,47,0.21973426640033722,6
seed_124,NR-ER,245,48,0.21952959895133972,15
seed_124,NR-ER,71,49,0.21904675662517548,11
seed_124,NR-ER,140,50,0.21810679137706757,19
seed_124,NR-ER,43,51,0.21752800047397614,9
seed_124,NR-ER,184,52,0.21395576000213623,7
seed_124,NR-ER,75,53,0.21246957778930664,13
seed_124,NR-ER,147,54,0.20715577900409698,16
seed_124,NR-ER,99,55,0.20693612098693848,7
seed_124,NR-ER,93,56,0.20540465414524078,16
seed_124,NR-ER,83,57,0.20366190373897552,9
seed_124,NR-ER,126,58,0.2006513476371765,10
seed_124,NR-ER,59,59,0.1968080997467041,8
seed_124,NR-ER,80,60,0.19366145133972168,8
seed_124,NR-ER,21,61,0.19265404343605042,13
seed_124,NR-ER,40,62,0.1925143301486969,6
seed_124,NR-ER,31,63,0.1814766675233841,20
seed_124,NR-ER,92,64,0.1749589443206787,21
seed_124,NR-ER,211,65,0.1734572947025299,13
seed_124,NR-ER,37,66,0.17344418168067932,7
seed_124,NR-ER,67,67,0.17203927040100098,16
seed_124,NR-ER,235,68,0.16788144409656525,5
seed_124,NR-ER,222,69,0.16479328274726868,4
seed_124,NR-ER,45,70,0.16343246400356293,8
seed_124,NR-ER,180,71,0.16171516478061676,5
seed_124,NR-ER,176,72,0.15808522701263428,5
seed_124,NR-ER,257,73,0.1576998084783554,8
seed_124,NR-ER,81,74,0.15074259042739868,19
seed_124,NR-ER,108,75,0.14857196807861328,14
seed_124,NR-ER,36,76,0.14754371345043182,7
seed_124,NR-ER,290,77,0.14677788317203522,10
seed_124,NR-ER,148,78,0.1445651799440384,14
seed_124,NR-ER,193,79,0.13752514123916626,9
seed_124,NR-ER,107,80,0.13504377007484436,6
seed_124,NR-ER,209,81,0.13476520776748657,7
seed_124,NR-ER,114,82,0.13376542925834656,7
seed_124,NR-ER,247,83,0.13123281300067902,4
seed_124,NR-ER,28,84,0.13105788826942444,7
seed_124,NR-ER,242,85,0.13002829253673553,6
seed_124,NR-ER,225,86,0.1252010017633438,6
seed_124,NR-ER,112,87,0.12009972333908081,10
seed_124,NR-ER,109,88,0.11945924907922745,7
seed_124,NR-ER,269,89,0.10974534600973129,4
seed_124,NR-ER,1,90,0.10934870690107346,6
seed_124,NR-ER,91,91,0.10921137034893036,6
seed_124,NR-ER,79,92,0.10637175291776657,9
seed_124,NR-ER,299,93,0.10429076850414276,7
seed_124,NR-ER,127,94,0.10070589184761047,4
seed_124,NR-ER,170,95,0.09984934329986572,6
seed_124,NR-ER,250,96,0.09941846877336502,4
seed_124,NR-ER,42,97,0.09762237966060638,5
seed_124,NR-ER,32,98,0.09535883367061615,8
seed_124,NR-ER,217,99,0.09437424689531326,4
seed_124,NR-ER,51,100,0.09380967915058136,10
seed_124,NR-ER,166,101,0.09174233675003052,6
seed_124,NR-ER,183,102,0.0913805291056633,7
seed_124,NR-ER,130,103,0.0897015929222107,4
seed_124,NR-ER,120,104,0.08914345502853394,5
seed_124,NR-ER,13,105,0.08879612386226654,6
seed_124,NR-ER,135,106,0.08844839781522751,9
seed_124,NR-ER,248,107,0.08727747201919556,2
seed_124,NR-ER,200,108,0.08460014313459396,8
seed_124,NR-ER,165,109,0.08417030423879623,4
seed_124,NR-ER,129,110,0.08381731808185577,9
seed_124,NR-ER,237,111,0.08345966786146164,2
seed_124,NR-ER,4,112,0.08337022364139557,9
seed_124,NR-ER,293,113,0.08113208413124084,3
seed_124,NR-ER,167,114,0.08033113181591034,6
seed_124,NR-ER,143,115,0.07919291406869888,5
seed_124,NR-ER,111,116,0.07822844386100769,5
seed_124,NR-ER,64,117,0.07817143946886063,7
seed_124,NR-ER,78,118,0.07734246551990509,5
seed_124,NR-ER,69,119,0.07606792449951172,8
seed_124,NR-ER,50,120,0.07384926080703735,3
seed_124,NR-ER,138,121,0.07085653394460678,3
seed_124,NR-ER,246,122,0.07043474167585373,3
seed_124,NR-ER,77,123,0.06992390006780624,5
seed_124,NR-ER,229,124,0.06931673735380173,7
seed_124,NR-ER,88,125,0.06862686574459076,4
seed_124,NR-ER,185,126,0.0686044991016388,3
seed_124,NR-ER,154,127,0.06765580177307129,5
seed_124,NR-ER,90,128,0.06713367998600006,6
seed_124,NR-ER,104,129,0.06712570786476135,4
seed_124,NR-ER,207,130,0.06679193675518036,2
seed_124,NR-ER,270,131,0.06670616567134857,4
seed_124,NR-ER,298,132,0.0665438175201416,4
seed_124,NR-ER,117,133,0.06645610183477402,7
seed_124,NR-ER,268,134,0.06608407199382782,4
seed_124,NR-ER,55,135,0.06585686653852463,6
seed_124,NR-ER,255,136,0.06393389403820038,2
seed_124,NR-ER,86,137,0.0636325255036354,9
seed_124,NR-ER,198,138,0.06333174556493759,3
seed_124,NR-ER,212,139,0.06252593547105789,7
seed_124,NR-ER,113,140,0.061096735298633575,13
seed_124,NR-ER,134,141,0.06048591434955597,3
seed_124,NR-ER,205,142,0.05936724692583084,3
seed_124,NR-ER,106,143,0.05882125347852707,4
seed_124,NR-ER,3,144,0.05841032788157463,6
seed_124,NR-ER,181,145,0.05737271159887314,4
seed_124,NR-ER,149,146,0.05612696707248688,2
seed_124,NR-ER,122,147,0.056100767105817795,6
seed_124,NR-ER,213,148,0.05549853667616844,4
seed_124,NR-ER,173,149,0.0550277940928936,4
seed_124,NR-ER,295,150,0.05433884263038635,2
seed_124,NR-ER,102,151,0.051405154168605804,6
seed_124,NR-ER,14,152,0.05135778337717056,5
seed_124,NR-ER,44,153,0.0507468618452549,3
seed_124,NR-ER,233,154,0.049998968839645386,6
seed_124,NR-ER,262,155,0.04992588236927986,3
seed_124,NR-ER,215,156,0.049852464348077774,4
seed_124,NR-ER,124,157,0.04964469000697136,4
seed_124,NR-ER,239,158,0.048455920070409775,3
seed_124,NR-ER,171,159,0.048412807285785675,2
seed_124,NR-ER,291,160,0.048196710646152496,2
seed_124,NR-ER,115,161,0.047952763736248016,4
seed_124,NR-ER,27,162,0.04704264551401138,8
seed_124,NR-ER,172,163,0.046816062182188034,4
seed_124,NR-ER,20,164,0.045335449278354645,4
seed_124,NR-ER,276,165,0.044674988836050034,8
seed_124,NR-ER,144,166,0.04356951266527176,7
seed_124,NR-ER,85,167,0.0426311120390892,3
seed_124,NR-ER,35,168,0.04145859554409981,4
seed_124,NR-ER,253,169,0.04104289785027504,1
seed_124,NR-ER,288,170,0.04066840186715126,2
seed_124,NR-ER,243,171,0.038505908101797104,2
seed_124,NR-ER,142,172,0.03831383213400841,3
seed_124,NR-ER,131,173,0.03663236275315285,2
seed_124,NR-ER,82,174,0.036175914108753204,4
seed_124,NR-ER,196,175,0.03531673923134804,4
seed_124,NR-ER,163,176,0.034368228167295456,3
seed_124,NR-ER,89,177,0.03426036238670349,3
seed_124,NR-ER,197,178,0.033847875893116,3
seed_124,NR-ER,16,179,0.033738747239112854,4
seed_124,NR-ER,48,180,0.033626049757003784,7
seed_124,NR-ER,54,181,0.03350386396050453,5
seed_124,NR-ER,65,182,0.03343047946691513,3
seed_124,NR-ER,100,183,0.03318929672241211,3
seed_124,NR-ER,274,184,0.03278267756104469,2
seed_124,NR-ER,133,185,0.032716237008571625,6
seed_124,NR-ER,232,186,0.03191399946808815,2
seed_124,NR-ER,61,187,0.031885623931884766,6
seed_124,NR-ER,236,188,0.031492672860622406,3
seed_124,NR-ER,286,189,0.031104644760489464,2
seed_124,NR-ER,162,190,0.031042087823152542,3
seed_124,NR-ER,158,191,0.030084960162639618,3
seed_124,NR-ER,203,192,0.029110068455338478,4
seed_124,NR-ER,5,193,0.028872936964035034,4
seed_124,NR-ER,179,194,0.028853842988610268,3
seed_124,NR-ER,186,195,0.028410624712705612,3
seed_124,NR-ER,34,196,0.027092954143881798,5
seed_124,NR-ER,206,197,0.027060434222221375,4
seed_124,NR-ER,230,198,0.02705111913383007,3
seed_124,NR-ER,53,199,0.02579469606280327,6
seed_124,NR-ER,152,200,0.02513488382101059,3
seed_124,NR-ER,220,201,0.024866683408617973,2
seed_124,NR-ER,188,202,0.02329094707965851,2
seed_124,NR-ER,292,203,0.023219119757413864,3
seed_124,NR-ER,201,204,0.02311239391565323,4
seed_124,NR-ER,169,205,0.02288813516497612,8
seed_124,NR-ER,214,206,0.02269928902387619,2
seed_124,NR-ER,150,207,0.022469056770205498,3
seed_124,NR-ER,284,208,0.022374602034687996,2
seed_124,NR-ER,95,209,0.022103946655988693,4
seed_124,NR-ER,141,210,0.021961644291877747,2
seed_124,NR-ER,8,211,0.021514972671866417,6
seed_124,NR-ER,227,212,0.02136894129216671,3
seed_124,NR-ER,161,213,0.020921939983963966,2
seed_124,NR-ER,103,214,0.020438071340322495,3
seed_124,NR-ER,224,215,0.020079413428902626,2
seed_124,NR-ER,87,216,0.01999395154416561,4
seed_124,NR-ER,17,217,0.01998940482735634,5
seed_124,NR-ER,273,218,0.019464248791337013,2
seed_124,NR-ER,97,219,0.019389333203434944,2
seed_124,NR-ER,177,220,0.019336597993969917,4
seed_124,NR-ER,234,221,0.019121326506137848,2
seed_124,NR-ER,105,222,0.01801837794482708,3
seed_124,NR-ER,96,223,0.017674477770924568,5
seed_124,NR-ER,210,224,0.01687553897500038,6
seed_124,NR-ER,251,225,0.016796652227640152,3
seed_124,NR-ER,68,226,0.016779238358139992,2
seed_124,NR-ER,202,227,0.015891460701823235,3
seed_124,NR-ER,153,228,0.015604948624968529,2
seed_124,NR-ER,30,229,0.015554913319647312,5
seed_124,NR-ER,116,230,0.015264137648046017,3
seed_124,NR-ER,76,231,0.01515302062034607,2
seed_124,NR-ER,18,232,0.015109246596693993,4
seed_124,NR-ER,194,233,0.014551651664078236,3
seed_124,NR-ER,261,234,0.01411078404635191,3
seed_124,NR-ER,279,235,0.014027058146893978,2
seed_124,NR-ER,101,236,0.01378893107175827,3
seed_124,NR-ER,260,237,0.013593685813248158,5
seed_124,NR-ER,223,238,0.01356425229460001,2
seed_124,NR-ER,218,239,0.013536402024328709,3
seed_124,NR-ER,121,240,0.013496257364749908,7
seed_124,NR-ER,182,241,0.013368132524192333,2
seed_124,NR-ER,226,242,0.012841850519180298,2
seed_124,NR-ER,155,243,0.012749926187098026,3
seed_124,NR-ER,289,244,0.012727111577987671,2
seed_124,NR-ER,146,245,0.012343068607151508,5
seed_124,NR-ER,238,246,0.01233974751085043,1
seed_124,NR-ER,258,247,0.012084119953215122,3
seed_124,NR-ER,264,248,0.011913849040865898,3
seed_124,NR-ER,280,249,0.011729519814252853,3
seed_124,NR-ER,19,250,0.011716668494045734,4
seed_124,NR-ER,254,251,0.011548090726137161,2
seed_124,NR-ER,174,252,0.011497274972498417,2
seed_124,NR-ER,271,253,0.010994045063853264,3
seed_124,NR-ER,187,254,0.009763533249497414,3
seed_124,NR-ER,47,255,0.009757690131664276,4
seed_124,NR-ER,241,256,0.0093177305534482,3
seed_124,NR-ER,98,257,0.009226146154105663,2
seed_124,NR-ER,178,258,0.008975396864116192,2
seed_124,NR-ER,228,259,0.008810369297862053,4
seed_124,NR-ER,132,260,0.008370557799935341,2
seed_124,NR-ER,38,261,0.008047315292060375,4
seed_124,NR-ER,208,262,0.007846659980714321,3
seed_124,NR-ER,192,263,0.00759723037481308,3
seed_124,NR-ER,118,264,0.007560612168163061,4
seed_124,NR-ER,9,265,0.007407830096781254,3
seed_124,NR-ER,282,266,0.007351465988904238,3
seed_124,NR-ER,240,267,0.0066674076952040195,1
seed_124,NR-ER,41,268,0.006654597818851471,2
seed_124,NR-ER,249,269,0.00636343564838171,3
seed_124,NR-ER,294,270,0.006309174001216888,2
seed_124,NR-ER,191,271,0.005962615367025137,2
seed_124,NR-ER,164,272,0.005675930064171553,2
seed_124,NR-ER,259,273,0.005369883030653,2
seed_124,NR-ER,267,274,0.005316375754773617,2
seed_124,NR-ER,275,275,0.005115237552672625,2
seed_124,NR-ER,265,276,0.004895574413239956,1
seed_124,NR-ER,119,277,0.004335063975304365,2
seed_124,NR-ER,256,278,0.004317520651966333,2
seed_124,NR-ER,159,279,0.004064521752297878,2
seed_124,NR-ER,26,280,0.003928955644369125,4
seed_124,NR-ER,60,281,0.0033768187277019024,3
seed_124,NR-ER,94,282,0.0025953869335353374,2
seed_124,NR-ER,137,283,0.00258880527690053,2
seed_124,NR-ER,11,284,0.002567876596003771,2
seed_124,NR-ER,283,285,0.002536133863031864,2
seed_124,NR-ER,151,286,0.0024171939585357904,2
seed_124,NR-ER,297,287,0.0020696143619716167,1
seed_124,NR-ER,216,288,0.0011240870226174593,2
seed_124,NR-ER,125,289,0.000950115267187357,3
seed_124,NR-ER,281,290,0.0007297627744264901,1
seed_124,NR-ER,285,291,0.0006325755966827273,1
seed_124,NR-ER,157,292,0.0005577297415584326,2
seed_124,NR-ER,156,293,0.000488521414808929,2
seed_124,NR-ER,278,294,0.000411143439123407,2
seed_124,NR-ER,272,295,0.0,1
seed_124,NR-ER,244,296,0.0,1
seed_124,NR-ER,199,297,0.0,2
seed_124,NR-ER,277,298,0.0,1
seed_124,NR-ER,266,299,0.0,1
seed_124,SR-ARE,70,0,7.472169399261475,27
seed_124,SR-ARE,168,1,4.861743450164795,79
seed_124,SR-ARE,128,2,2.9154467582702637,42
seed_124,SR-ARE,110,3,2.1822710037231445,20
seed_124,SR-ARE,72,4,2.0933406352996826,15
seed_124,SR-ARE,139,5,2.005601406097412,12
seed_124,SR-ARE,7,6,1.9365596771240234,33
seed_124,SR-ARE,63,7,1.663537859916687,51
seed_124,SR-ARE,62,8,1.5510387420654297,24
seed_124,SR-ARE,0,9,1.5055853128433228,20
seed_124,SR-ARE,29,10,1.3814427852630615,39
seed_124,SR-ARE,58,11,1.3634181022644043,10
seed_124,SR-ARE,10,12,1.2120773792266846,17
seed_124,SR-ARE,24,13,1.1697919368743896,21
seed_124,SR-ARE,74,14,1.0592505931854248,19
seed_124,SR-ARE,52,15,1.0588831901550293,16
seed_124,SR-ARE,287,16,0.9622961282730103,8
seed_124,SR-ARE,6,17,0.8786113858222961,18
seed_124,SR-ARE,84,18,0.7989870309829712,15
seed_124,SR-ARE,66,19,0.7868112325668335,13
seed_124,SR-ARE,25,20,0.7792283296585083,8
seed_124,SR-ARE,73,21,0.7435387372970581,16
seed_124,SR-ARE,22,22,0.7327747941017151,13
seed_124,SR-ARE,189,23,0.7056735157966614,9
seed_124,SR-ARE,57,24,0.6657388806343079,9
seed_124,SR-ARE,23,25,0.6469866633415222,30
seed_124,SR-ARE,2,26,0.6436724662780762,14
seed_124,SR-ARE,49,27,0.5794188380241394,17
seed_124,SR-ARE,71,28,0.5625430941581726,11
seed_124,SR-ARE,15,29,0.5424678325653076,26
seed_124,SR-ARE,160,30,0.5308042764663696,11
seed_124,SR-ARE,231,31,0.5277827978134155,8
seed_124,SR-ARE,114,32,0.5129889845848083,7
seed_124,SR-ARE,296,33,0.49239981174468994,10
seed_124,SR-ARE,33,34,0.49148043990135193,17
seed_124,SR-ARE,136,35,0.48682159185409546,18
seed_124,SR-ARE,145,36,0.48194050788879395,17
seed_124,SR-ARE,221,37,0.47655394673347473,6
seed_124,SR-ARE,190,38,0.4724638760089874,13
seed_124,SR-ARE,209,39,0.46474966406822205,7
seed_124,SR-ARE,245,40,0.4527401626110077,15
seed_124,SR-ARE,56,41,0.4482528269290924,17
seed_124,SR-ARE,67,42,0.4047968089580536,16
seed_124,SR-ARE,175,43,0.3887491822242737,9
seed_124,SR-ARE,290,44,0.3852362036705017,10
seed_124,SR-ARE,40,45,0.3676951825618744,6
seed_124,SR-ARE,217,46,0.3671501576900482,4
seed_124,SR-ARE,80,47,0.366571843624115,8
seed_124,SR-ARE,147,48,0.36344751715660095,16
seed_124,SR-ARE,43,49,0.35720667243003845,9
seed_124,SR-ARE,219,50,0.35258668661117554,16
seed_124,SR-ARE,270,51,0.35165083408355713,4
seed_124,SR-ARE,184,52,0.34356868267059326,7
seed_124,SR-ARE,242,53,0.3417679965496063,6
seed_124,SR-ARE,93,54,0.34077826142311096,16
seed_124,SR-ARE,64,55,0.3350343704223633,7
seed_124,SR-ARE,140,56,0.33115696907043457,19
seed_124,SR-ARE,211,57,0.3305729627609253,13
seed_124,SR-ARE,299,58,0.3303544819355011,7
seed_124,SR-ARE,92,59,0.32172268629074097,21
seed_124,SR-ARE,31,60,0.31742799282073975,20
seed_124,SR-ARE,46,61,0.31159108877182007,13
seed_124,SR-ARE,123,62,0.3090789318084717,11
seed_124,SR-ARE,12,63,0.3066200315952301,6
seed_124,SR-ARE,37,64,0.30648431181907654,7
seed_124,SR-ARE,21,65,0.30095210671424866,13
seed_124,SR-ARE,86,66,0.2983984351158142,9
seed_124,SR-ARE,83,67,0.29720017313957214,9
seed_124,SR-ARE,195,68,0.29678812623023987,11
seed_124,SR-ARE,126,69,0.2748134434223175,10
seed_124,SR-ARE,81,70,0.2744799852371216,19
seed_124,SR-ARE,263,71,0.2609998881816864,6
seed_124,SR-ARE,135,72,0.25591567158699036,9
seed_124,SR-ARE,111,73,0.24930927157402039,5
seed_124,SR-ARE,252,74,0.24878478050231934,4
seed_124,SR-ARE,193,75,0.24760162830352783,9
seed_124,SR-ARE,112,76,0.2424662858247757,10
seed_124,SR-ARE,127,77,0.23405921459197998,4
seed_124,SR-ARE,250,78,0.23384340107440948,4
seed_124,SR-ARE,225,79,0.22567230463027954,6
seed_124,SR-ARE,257,80,0.22186897695064545,8
seed_124,SR-ARE,148,81,0.22119902074337006,14
seed_124,SR-ARE,79,82,0.22014173865318298,9
seed_124,SR-ARE,28,83,0.21563470363616943,7
seed_124,SR-ARE,45,84,0.21350538730621338,8
seed_124,SR-ARE,75,85,0.21343128383159637,13
seed_124,SR-ARE,59,86,0.2130981981754303,8
seed_124,SR-ARE,107,87,0.21010544896125793,6
seed_124,SR-ARE,176,88,0.2084643691778183,5
seed_124,SR-ARE,39,89,0.19275374710559845,9
seed_124,SR-ARE,180,90,0.19176310300827026,5
seed_124,SR-ARE,129,91,0.1872018277645111,9
seed_124,SR-ARE,36,92,0.18336987495422363,7
seed_124,SR-ARE,108,93,0.18108732998371124,14
seed_124,SR-ARE,222,94,0.17905877530574799,4
seed_124,SR-ARE,143,95,0.17175064980983734,5
seed_124,SR-ARE,170,96,0.17055746912956238,6
seed_124,SR-ARE,50,97,0.16674359142780304,3
seed_124,SR-ARE,233,98,0.1622231900691986,6
seed_124,SR-ARE,42,99,0.16203995048999786,5
seed_124,SR-ARE,173,100,0.16131843626499176,4
seed_124,SR-ARE,200,101,0.15745094418525696,8
seed_124,SR-ARE,32,102,0.1531539410352707,8
seed_124,SR-ARE,154,103,0.14893651008605957,5
seed_124,SR-ARE,20,104,0.14724157750606537,4
seed_124,SR-ARE,212,105,0.1468523144721985,7
seed_124,SR-ARE,207,106,0.14544051885604858,2
seed_124,SR-ARE,166,107,0.1438540816307068,6
seed_124,SR-ARE,51,108,0.14175596833229065,10
seed_124,SR-ARE,167,109,0.13710011541843414,6
seed_124,SR-ARE,142,110,0.13580361008644104,3
seed_124,SR-ARE,251,111,0.13563138246536255,3
seed_124,SR-ARE,113,112,0.13308532536029816,13
seed_124,SR-ARE,1,113,0.1288173496723175,6
seed_124,SR-ARE,204,114,0.1276179701089859,7
seed_124,SR-ARE,13,115,0.12744803726673126,6
seed_124,SR-ARE,269,116,0.12382690608501434,4
seed_124,SR-ARE,55,117,0.12312380224466324,6
seed_124,SR-ARE,117,118,0.12151343375444412,7
seed_124,SR-ARE,91,119,0.12050087004899979,6
seed_124,SR-ARE,35,120,0.1189233586192131,4
seed_124,SR-ARE,162,121,0.11877167224884033,3
seed_124,SR-ARE,130,122,0.11754917353391647,4
seed_124,SR-ARE,99,123,0.11569301038980484,7
seed_124,SR-ARE,218,124,0.11364197731018066,3
seed_124,SR-ARE,144,125,0.11228444427251816,7
seed_124,SR-ARE,182,126,0.11168527603149414,2
seed_124,SR-ARE,264,127,0.10737831145524979,3
seed_124,SR-ARE,77,128,0.10716893523931503,5
seed_124,SR-ARE,276,129,0.10489030182361603,8
seed_124,SR-ARE,82,130,0.10082054883241653,4
seed_124,SR-ARE,298,131,0.10037141293287277,4
seed_124,SR-ARE,183,132,0.09953968971967697,7
seed_124,SR-ARE,109,133,0.09515614807605743,7
seed_124,SR-ARE,103,134,0.09374618530273438,3
seed_124,SR-ARE,78,135,0.0913638323545456,5
seed_124,SR-ARE,249,136,0.08927594125270844,3
seed_124,SR-ARE,268,137,0.08833599090576172,4
seed_124,SR-ARE,292,138,0.08791930228471756,3
seed_124,SR-ARE,172,139,0.08781179040670395,4
seed_124,SR-ARE,247,140,0.08439817279577255,4
seed_124,SR-ARE,134,141,0.08366166800260544,3
seed_124,SR-ARE,205,142,0.08203709870576859,3
seed_124,SR-ARE,293,143,0.08180508762598038,3
seed_124,SR-ARE,153,144,0.08164429664611816,2
seed_124,SR-ARE,122,145,0.08150840550661087,6
seed_124,SR-ARE,27,146,0.08137933909893036,8
seed_124,SR-ARE,291,147,0.08122047781944275,2
seed_124,SR-ARE,4,148,0.08102688938379288,9
seed_124,SR-ARE,236,149,0.08049869537353516,3
seed_124,SR-ARE,34,150,0.08037561178207397,5
seed_124,SR-ARE,3,151,0.08032634109258652,6
seed_124,SR-ARE,89,152,0.07981137931346893,3
seed_124,SR-ARE,213,153,0.07797893136739731,4
seed_124,SR-ARE,38,154,0.07759352773427963,4
seed_124,SR-ARE,181,155,0.07716681808233261,4
seed_124,SR-ARE,115,156,0.07699102908372879,4
seed_124,SR-ARE,248,157,0.07254905253648758,2
seed_124,SR-ARE,198,158,0.07091135531663895,3
seed_124,SR-ARE,17,159,0.07036042213439941,5
seed_124,SR-ARE,9,160,0.07035072147846222,3
seed_124,SR-ARE,150,161,0.07011345028877258,3
seed_124,SR-ARE,229,162,0.06934241205453873,7
seed_124,SR-ARE,16,163,0.06933489441871643,4
seed_124,SR-ARE,120,164,0.06719183921813965,5
seed_124,SR-ARE,124,165,0.064534991979599,4
seed_124,SR-ARE,214,166,0.06453489512205124,2
seed_124,SR-ARE,97,167,0.06433384865522385,2
seed_124,SR-ARE,206,168,0.06431702524423599,4
seed_124,SR-ARE,165,169,0.0629635825753212,4
seed_124,SR-ARE,90,170,0.06144995242357254,6
seed_124,SR-ARE,106,171,0.061350949108600616,4
seed_124,SR-ARE,289,172,0.06024521216750145,2
seed_124,SR-ARE,280,173,0.05895617604255676,3
seed_124,SR-ARE,286,174,0.05824683979153633,2
seed_124,SR-ARE,87,175,0.05817409232258797,4
seed_124,SR-ARE,262,176,0.058107487857341766,3
seed_124,SR-ARE,196,177,0.05750960856676102,4
seed_124,SR-ARE,185,178,0.055894944816827774,3
seed_124,SR-ARE,118,179,0.055832114070653915,4
seed_124,SR-ARE,53,180,0.05482540279626846,6
seed_124,SR-ARE,8,181,0.05478143319487572,6
seed_124,SR-ARE,121,182,0.05475959926843643,7
seed_124,SR-ARE,288,183,0.05470489710569382,2
seed_124,SR-ARE,14,184,0.05425270274281502,5
seed_124,SR-ARE,234,185,0.052151866257190704,2
seed_124,SR-ARE,197,186,0.05134636536240578,3
seed_124,SR-ARE,169,187,0.04981707036495209,8
seed_124,SR-ARE,201,188,0.04970201849937439,4
seed_124,SR-ARE,239,189,0.049632728099823,3
seed_124,SR-ARE,68,190,0.04907077178359032,2
seed_124,SR-ARE,202,191,0.04889626428484917,3
seed_124,SR-ARE,161,192,0.048675715923309326,2
seed_124,SR-ARE,85,193,0.04831509292125702,3
seed_124,SR-ARE,132,194,0.04753528907895088,2
seed_124,SR-ARE,138,195,0.04641623795032501,3
seed_124,SR-ARE,186,196,0.046178270131349564,3
seed_124,SR-ARE,48,197,0.04608986899256706,7
seed_124,SR-ARE,102,198,0.04582599177956581,6
seed_124,SR-ARE,88,199,0.04545580595731735,4
seed_124,SR-ARE,203,200,0.04380818083882332,4
seed_124,SR-ARE,255,201,0.043402787297964096,2
seed_124,SR-ARE,146,202,0.04217880219221115,5
seed_124,SR-ARE,194,203,0.04096154868602753,3
seed_124,SR-ARE,210,204,0.040415145456790924,6
seed_124,SR-ARE,232,205,0.04037545993924141,2
seed_124,SR-ARE,179,206,0.04007275402545929,3
seed_124,SR-ARE,152,207,0.03979234769940376,3
seed_124,SR-ARE,271,208,0.0390830859541893,3
seed_124,SR-ARE,274,209,0.038602348417043686,2
seed_124,SR-ARE,104,210,0.038573313504457474,4
seed_124,SR-ARE,241,211,0.03718090057373047,3
seed_124,SR-ARE,149,212,0.036625973880290985,2
seed_124,SR-ARE,227,213,0.036485157907009125,3
seed_124,SR-ARE,61,214,0.035587377846241,6
seed_124,SR-ARE,133,215,0.034895606338977814,6
seed_124,SR-ARE,243,216,0.034709442406892776,2
seed_124,SR-ARE,260,217,0.03446902334690094,5
seed_124,SR-ARE,253,218,0.034442659467458725,1
seed_124,SR-ARE,155,219,0.03392890840768814,3
seed_124,SR-ARE,228,220,0.0339154377579689,4
seed_124,SR-ARE,224,221,0.033847227692604065,2
seed_124,SR-ARE,95,222,0.033355966210365295,4
seed_124,SR-ARE,54,223,0.03310130536556244,5
seed_124,SR-ARE,11,224,0.033059533685445786,2
seed_124,SR-ARE,246,225,0.033038340508937836,3
seed_124,SR-ARE,220,226,0.03268374130129814,2
seed_124,SR-ARE,295,227,0.032578203827142715,2
seed_124,SR-ARE,187,228,0.032482292503118515,3
seed_124,SR-ARE,226,229,0.03247120603919029,2
seed_124,SR-ARE,163,230,0.030804477632045746,3
seed_124,SR-ARE,18,231,0.030709898099303246,4
seed_124,SR-ARE,215,232,0.029791830107569695,4
seed_124,SR-ARE,98,233,0.029233891516923904,2
seed_124,SR-ARE,19,234,0.029198799282312393,4
seed_124,SR-ARE,101,235,0.028679627925157547,3
seed_124,SR-ARE,105,236,0.02644192799925804,3
seed_124,SR-ARE,230,237,0.025843387469649315,3
seed_124,SR-ARE,191,238,0.025760971009731293,2
seed_124,SR-ARE,208,239,0.024510428309440613,3
seed_124,SR-ARE,267,240,0.024419689550995827,2
seed_124,SR-ARE,177,241,0.023582445457577705,4
seed_124,SR-ARE,235,242,0.023171408101916313,5
seed_124,SR-ARE,284,243,0.02205221727490425,2
seed_124,SR-ARE,116,244,0.021038714796304703,3
seed_124,SR-ARE,159,245,0.021027445793151855,2
seed_124,SR-ARE,171,246,0.020851660519838333,2
seed_124,SR-ARE,237,247,0.019318029284477234,2
seed_124,SR-ARE,275,248,0.018336746841669083,2
seed_124,SR-ARE,96,249,0.01831534504890442,5
seed_124,SR-ARE,258,250,0.016144007444381714,3
seed_124,SR-ARE,65,251,0.015833348035812378,3
seed_124,SR-ARE,69,252,0.0157835241407156,8
seed_124,SR-ARE,254,253,0.0157239381223917,2
seed_124,SR-ARE,100,254,0.015543639659881592,3
seed_124,SR-ARE,131,255,0.015467587858438492,2
seed_124,SR-ARE,94,256,0.015428200364112854,2
seed_124,SR-ARE,279,257,0.014293581247329712,2
seed_124,SR-ARE,5,258,0.013995366171002388,4
seed_124,SR-ARE,278,259,0.013243897818028927,2
seed_124,SR-ARE,256,260,0.013180442154407501,2
seed_124,SR-ARE,151,261,0.013110182248055935,2
seed_124,SR-ARE,240,262,0.011914839968085289,1
seed_124,SR-ARE,30,263,0.011386776342988014,5
seed_124,SR-ARE,282,264,0.011158480308949947,3
seed_124,SR-ARE,156,265,0.01101319957524538,2
seed_124,SR-ARE,26,266,0.010651860386133194,4
seed_124,SR-ARE,47,267,0.010576920583844185,4
seed_124,SR-ARE,141,268,0.010464437305927277,2
seed_124,SR-ARE,158,269,0.010038775391876698,3
seed_124,SR-ARE,273,270,0.00994663406163454,2
seed_124,SR-ARE,60,271,0.009870074689388275,3
seed_124,SR-ARE,192,272,0.009683720767498016,3
seed_124,SR-ARE,44,273,0.009647896513342857,3
seed_124,SR-ARE,164,274,0.008426910266280174,2
seed_124,SR-ARE,223,275,0.008235896937549114,2
seed_124,SR-ARE,283,276,0.007958224043250084,2
seed_124,SR-ARE,137,277,0.007933632470667362,2
seed_124,SR-ARE,125,278,0.007741190958768129,3
seed_124,SR-ARE,297,279,0.006981806829571724,1
seed_124,SR-ARE,238,280,0.006941663101315498,1
seed_124,SR-ARE,174,281,0.006883783731609583,2
seed_124,SR-ARE,76,282,0.006215529050678015,2
seed_124,SR-ARE,119,283,0.006150545086711645,2
seed_124,SR-ARE,178,284,0.006050007417798042,2
seed_124,SR-ARE,188,285,0.005234146025031805,2
seed_124,SR-ARE,216,286,0.004659323487430811,2
seed_124,SR-ARE,41,287,0.004297877661883831,2
seed_124,SR-ARE,265,288,0.0039900909177958965,1
seed_124,SR-ARE,261,289,0.003933640196919441,3
seed_124,SR-ARE,285,290,0.0035193280782550573,1
seed_124,SR-ARE,259,291,0.002400289522483945,2
seed_124,SR-ARE,281,292,0.0017626318149268627,1
seed_124,SR-ARE,294,293,0.0014023438561707735,2
seed_124,SR-ARE,157,294,0.0006939333397895098,2
seed_124,SR-ARE,277,295,0.0,1
seed_124,SR-ARE,199,296,0.0,2
seed_124,SR-ARE,272,297,0.0,1
seed_124,SR-ARE,244,298,0.0,1
seed_124,SR-ARE,266,299,0.0,1
seed_124,SR-MMP,70,0,6.332919120788574,27
seed_124,SR-MMP,168,1,4.586727619171143,79
seed_124,SR-MMP,72,2,4.02738094329834,15
seed_124,SR-MMP,7,3,2.0825047492980957,33
seed_124,SR-MMP,139,4,1.7177255153656006,12
seed_124,SR-MMP,128,5,1.5939764976501465,42
seed_124,SR-MMP,62,6,1.470319390296936,24
seed_124,SR-MMP,63,7,1.4314361810684204,51
seed_124,SR-MMP,74,8,1.3942354917526245,19
seed_124,SR-MMP,73,9,1.0962547063827515,16
seed_124,SR-MMP,52,10,1.0525656938552856,16
seed_124,SR-MMP,0,11,1.0334036350250244,20
seed_124,SR-MMP,110,12,1.0088480710983276,20
seed_124,SR-MMP,29,13,0.9809995293617249,39
seed_124,SR-MMP,10,14,0.944351077079773,17
seed_124,SR-MMP,6,15,0.9291762709617615,18
seed_124,SR-MMP,24,16,0.7898192405700684,21
seed_124,SR-MMP,58,17,0.7725222706794739,10
seed_124,SR-MMP,189,18,0.6942384839057922,9
seed_124,SR-MMP,2,19,0.6846132278442383,14
seed_124,SR-MMP,160,20,0.63177090883255,11
seed_124,SR-MMP,231,21,0.6299517154693604,8
seed_124,SR-MMP,57,22,0.6227425336837769,9
seed_124,SR-MMP,190,23,0.5860980749130249,13
seed_124,SR-MMP,136,24,0.5441766381263733,18
seed_124,SR-MMP,56,25,0.5308529734611511,17
seed_124,SR-MMP,23,26,0.5273135304450989,30
seed_124,SR-MMP,15,27,0.5260484218597412,26
seed_124,SR-MMP,123,28,0.510504424571991,11
seed_124,SR-MMP,84,29,0.4897671043872833,15
seed_124,SR-MMP,287,30,0.4881247878074646,8
seed_124,SR-MMP,22,31,0.4709795415401459,13
seed_124,SR-MMP,33,32,0.46821507811546326,17
seed_124,SR-MMP,296,33,0.4663989543914795,10
seed_124,SR-MMP,245,34,0.45331162214279175,15
seed_124,SR-MMP,71,35,0.4326409101486206,11
seed_124,SR-MMP,184,36,0.42680007219314575,7
seed_124,SR-MMP,66,37,0.42470583319664,13
seed_124,SR-MMP,219,38,0.41364383697509766,16
seed_124,SR-MMP,217,39,0.40333476662635803,4
seed_124,SR-MMP,175,40,0.39628708362579346,9
seed_124,SR-MMP,46,41,0.3854980170726776,13
seed_124,SR-MMP,263,42,0.37246039509773254,6
seed_124,SR-MMP,147,43,0.36306285858154297,16
seed_124,SR-MMP,290,44,0.3624326288700104,10
seed_124,SR-MMP,222,45,0.3551534414291382,4
seed_124,SR-MMP,12,46,0.35207125544548035,6
seed_124,SR-MMP,43,47,0.348513126373291,9
seed_124,SR-MMP,170,48,0.3341842293739319,6
seed_124,SR-MMP,67,49,0.3265169858932495,16
seed_124,SR-MMP,25,50,0.32464149594306946,8
seed_124,SR-MMP,92,51,0.3228232264518738,21
seed_124,SR-MMP,80,52,0.31599944829940796,8
seed_124,SR-MMP,242,53,0.3067418038845062,6
seed_124,SR-MMP,211,54,0.30572015047073364,13
seed_124,SR-MMP,140,55,0.29682400822639465,19
seed_124,SR-MMP,93,56,0.28982532024383545,16
seed_124,SR-MMP,49,57,0.28770196437835693,17
seed_124,SR-MMP,270,58,0.2869100868701935,4
seed_124,SR-MMP,31,59,0.2837570011615753,20
seed_124,SR-MMP,86,60,0.27664852142333984,9
seed_124,SR-MMP,209,61,0.2686496078968048,7
seed_124,SR-MMP,195,62,0.2681313455104828,11
seed_124,SR-MMP,135,63,0.25785982608795166,9
seed_124,SR-MMP,221,64,0.2501542568206787,6
seed_124,SR-MMP,39,65,0.2416854202747345,9
seed_124,SR-MMP,252,66,0.24049434065818787,4
seed_124,SR-MMP,129,67,0.2367909699678421,9
seed_124,SR-MMP,64,68,0.23378019034862518,7
seed_124,SR-MMP,193,69,0.23279495537281036,9
seed_124,SR-MMP,79,70,0.22930900752544403,9
seed_124,SR-MMP,114,71,0.2262226939201355,7
seed_124,SR-MMP,145,72,0.22393304109573364,17
seed_124,SR-MMP,108,73,0.21871726214885712,14
seed_124,SR-MMP,36,74,0.21226254105567932,7
seed_124,SR-MMP,148,75,0.2115817666053772,14
seed_124,SR-MMP,99,76,0.20508995652198792,7
seed_124,SR-MMP,21,77,0.20358377695083618,13
seed_124,SR-MMP,130,78,0.2005312740802765,4
seed_124,SR-MMP,111,79,0.20040513575077057,5
seed_124,SR-MMP,126,80,0.20039460062980652,10
seed_124,SR-MMP,112,81,0.19342851638793945,10
seed_124,SR-MMP,88,82,0.19071033596992493,4
seed_124,SR-MMP,83,83,0.19048719108104706,9
seed_124,SR-MMP,113,84,0.1831023246049881,13
seed_124,SR-MMP,81,85,0.18097181618213654,19
seed_124,SR-MMP,37,86,0.17855983972549438,7
seed_124,SR-MMP,299,87,0.17799781262874603,7
seed_124,SR-MMP,20,88,0.1740245223045349,4
seed_124,SR-MMP,293,89,0.1720004379749298,3
seed_124,SR-MMP,59,90,0.17092977464199066,8
seed_124,SR-MMP,233,91,0.17085298895835876,6
seed_124,SR-MMP,167,92,0.16376842558383942,6
seed_124,SR-MMP,200,93,0.16180410981178284,8
seed_124,SR-MMP,172,94,0.15352018177509308,4
seed_124,SR-MMP,166,95,0.1520633101463318,6
seed_124,SR-MMP,225,96,0.14576664566993713,6
seed_124,SR-MMP,257,97,0.14488321542739868,8
seed_124,SR-MMP,250,98,0.14334256947040558,4
seed_124,SR-MMP,143,99,0.14088810980319977,5
seed_124,SR-MMP,220,100,0.13698773086071014,2
seed_124,SR-MMP,251,101,0.13368605077266693,3
seed_124,SR-MMP,4,102,0.1335691511631012,9
seed_124,SR-MMP,142,103,0.12925373017787933,3
seed_124,SR-MMP,107,104,0.12845675647258759,6
seed_124,SR-MMP,32,105,0.12684786319732666,8
seed_124,SR-MMP,75,106,0.12626837193965912,13
seed_124,SR-MMP,91,107,0.12322760373353958,6
seed_124,SR-MMP,28,108,0.12266416847705841,7
seed_124,SR-MMP,173,109,0.11984048783779144,4
seed_124,SR-MMP,176,110,0.11872842162847519,5
seed_124,SR-MMP,204,111,0.11669362336397171,7
seed_124,SR-MMP,109,112,0.11641194671392441,7
seed_124,SR-MMP,115,113,0.11515146493911743,4
seed_124,SR-MMP,213,114,0.11396047472953796,4
seed_124,SR-MMP,42,115,0.11211394518613815,5
seed_124,SR-MMP,154,116,0.11037634313106537,5
seed_124,SR-MMP,55,117,0.10952029377222061,6
seed_124,SR-MMP,117,118,0.10881631821393967,7
seed_124,SR-MMP,104,119,0.1083521768450737,4
seed_124,SR-MMP,138,120,0.10734392702579498,3
seed_124,SR-MMP,122,121,0.10674209147691727,6
seed_124,SR-MMP,44,122,0.10481379181146622,3
seed_124,SR-MMP,3,123,0.10445777326822281,6
seed_124,SR-MMP,215,124,0.10079113394021988,4
seed_124,SR-MMP,1,125,0.10010433197021484,6
seed_124,SR-MMP,165,126,0.09981774538755417,4
seed_124,SR-MMP,40,127,0.09560079872608185,6
seed_124,SR-MMP,51,128,0.09279272705316544,10
seed_124,SR-MMP,298,129,0.09166712313890457,4
seed_124,SR-MMP,61,130,0.09137891232967377,6
seed_124,SR-MMP,34,131,0.09055682271718979,5
seed_124,SR-MMP,120,132,0.08925595879554749,5
seed_124,SR-MMP,8,133,0.08762064576148987,6
seed_124,SR-MMP,212,134,0.08524588495492935,7
seed_124,SR-MMP,218,135,0.08446256071329117,3
seed_124,SR-MMP,180,136,0.08376357704401016,5
seed_124,SR-MMP,13,137,0.08149437606334686,6
seed_124,SR-MMP,169,138,0.07963614910840988,8
seed_124,SR-MMP,276,139,0.07959692180156708,8
seed_124,SR-MMP,85,140,0.07790128886699677,3
seed_124,SR-MMP,153,141,0.07718918472528458,2
seed_124,SR-MMP,247,142,0.07613049447536469,4
seed_124,SR-MMP,9,143,0.07610683143138885,3
seed_124,SR-MMP,78,144,0.07522948086261749,5
seed_124,SR-MMP,182,145,0.07383444905281067,2
seed_124,SR-MMP,50,146,0.07316775619983673,3
seed_124,SR-MMP,274,147,0.07316756248474121,2
seed_124,SR-MMP,87,148,0.07119294255971909,4
seed_124,SR-MMP,162,149,0.07042926549911499,3
seed_124,SR-MMP,179,150,0.07006390392780304,3
seed_124,SR-MMP,96,151,0.06952069699764252,5
seed_124,SR-MMP,239,152,0.06900978088378906,3
seed_124,SR-MMP,181,153,0.06880534440279007,4
seed_124,SR-MMP,268,154,0.067427858710289,4
seed_124,SR-MMP,48,155,0.06512506306171417,7
seed_124,SR-MMP,183,156,0.0648951455950737,7
seed_124,SR-MMP,243,157,0.0642562210559845,2
seed_124,SR-MMP,206,158,0.06373418867588043,4
seed_124,SR-MMP,14,159,0.062478065490722656,5
seed_124,SR-MMP,286,160,0.062386251986026764,2
seed_124,SR-MMP,17,161,0.0623478889465332,5
seed_124,SR-MMP,269,162,0.06190936267375946,4
seed_124,SR-MMP,260,163,0.06139126047492027,5
seed_124,SR-MMP,5,164,0.061374928802251816,4
seed_124,SR-MMP,237,165,0.05921834707260132,2
seed_124,SR-MMP,90,166,0.058551859110593796,6
seed_124,SR-MMP,202,167,0.058186471462249756,3
seed_124,SR-MMP,229,168,0.05758136138319969,7
seed_124,SR-MMP,27,169,0.056688640266656876,8
seed_124,SR-MMP,19,170,0.05619712546467781,4
seed_124,SR-MMP,196,171,0.056019376963377,4
seed_124,SR-MMP,280,172,0.05405464768409729,3
seed_124,SR-MMP,246,173,0.05253582075238228,3
seed_124,SR-MMP,201,174,0.05114715173840523,4
seed_124,SR-MMP,121,175,0.05013354495167732,7
seed_124,SR-MMP,197,176,0.047791626304388046,3
seed_124,SR-MMP,291,177,0.04778571054339409,2
seed_124,SR-MMP,158,178,0.047731664031744,3
seed_124,SR-MMP,76,179,0.04741521552205086,2
seed_124,SR-MMP,124,180,0.04727083444595337,4
seed_124,SR-MMP,127,181,0.04643094539642334,4
seed_124,SR-MMP,102,182,0.04626090079545975,6
seed_124,SR-MMP,194,183,0.04608115553855896,3
seed_124,SR-MMP,255,184,0.04592026770114899,2
seed_124,SR-MMP,132,185,0.04547886550426483,2
seed_124,SR-MMP,163,186,0.04491527006030083,3
seed_124,SR-MMP,45,187,0.043949760496616364,8
seed_124,SR-MMP,38,188,0.04237569496035576,4
seed_124,SR-MMP,205,189,0.041559383273124695,3
seed_124,SR-MMP,292,190,0.04024229943752289,3
seed_124,SR-MMP,235,191,0.04009097069501877,5
seed_124,SR-MMP,144,192,0.039899084717035294,7
seed_124,SR-MMP,210,193,0.039562299847602844,6
seed_124,SR-MMP,208,194,0.03933623433113098,3
seed_124,SR-MMP,146,195,0.039013396948575974,5
seed_124,SR-MMP,185,196,0.038983799517154694,3
seed_124,SR-MMP,186,197,0.03854786977171898,3
seed_124,SR-MMP,248,198,0.038252536207437515,2
seed_124,SR-MMP,192,199,0.03721360117197037,3
seed_124,SR-MMP,106,200,0.03496682271361351,4
seed_124,SR-MMP,254,201,0.03467702865600586,2
seed_124,SR-MMP,118,202,0.034346215426921844,4
seed_124,SR-MMP,103,203,0.034145258367061615,3
seed_124,SR-MMP,16,204,0.03386309742927551,4
seed_124,SR-MMP,230,205,0.03371936082839966,3
seed_124,SR-MMP,198,206,0.03355484455823898,3
seed_124,SR-MMP,177,207,0.033100228756666183,4
seed_124,SR-MMP,152,208,0.03220796957612038,3
seed_124,SR-MMP,18,209,0.031149907037615776,4
seed_124,SR-MMP,187,210,0.030753139406442642,3
seed_124,SR-MMP,82,211,0.030394962057471275,4
seed_124,SR-MMP,69,212,0.030387865379452705,8
seed_124,SR-MMP,35,213,0.02980557642877102,4
seed_124,SR-MMP,53,214,0.029782965779304504,6
seed_124,SR-MMP,131,215,0.027870941907167435,2
seed_124,SR-MMP,134,216,0.02728370763361454,3
seed_124,SR-MMP,54,217,0.027091162279248238,5
seed_124,SR-MMP,133,218,0.026884349063038826,6
seed_124,SR-MMP,149,219,0.026562130078673363,2
seed_124,SR-MMP,161,220,0.026350757107138634,2
seed_124,SR-MMP,105,221,0.02629784494638443,3
seed_124,SR-MMP,228,222,0.02622678503394127,4
seed_124,SR-MMP,289,223,0.025330334901809692,2
seed_124,SR-MMP,258,224,0.0239779781550169,3
seed_124,SR-MMP,77,225,0.023801099509000778,5
seed_124,SR-MMP,241,226,0.023725567385554314,3
seed_124,SR-MMP,171,227,0.023386651650071144,2
seed_124,SR-MMP,214,228,0.02198176272213459,2
seed_124,SR-MMP,65,229,0.021475553512573242,3
seed_124,SR-MMP,89,230,0.02052302472293377,3
seed_124,SR-MMP,207,231,0.0204471405595541,2
seed_124,SR-MMP,150,232,0.018894437700510025,3
seed_124,SR-MMP,155,233,0.01884707249701023,3
seed_124,SR-MMP,188,234,0.01868174597620964,2
seed_124,SR-MMP,95,235,0.018339430913329124,4
seed_124,SR-MMP,119,236,0.017026586458086967,2
seed_124,SR-MMP,116,237,0.016865648329257965,3
seed_124,SR-MMP,227,238,0.01675376109778881,3
seed_124,SR-MMP,164,239,0.016671646386384964,2
seed_124,SR-MMP,94,240,0.015818458050489426,2
seed_124,SR-MMP,295,241,0.01558085810393095,2
seed_124,SR-MMP,284,242,0.015406165271997452,2
seed_124,SR-MMP,234,243,0.015307453460991383,2
seed_124,SR-MMP,262,244,0.01491552870720625,3
seed_124,SR-MMP,174,245,0.014408780261874199,2
seed_124,SR-MMP,275,246,0.014191830530762672,2
seed_124,SR-MMP,279,247,0.01368632446974516,2
seed_124,SR-MMP,288,248,0.01333626452833414,2
seed_124,SR-MMP,203,249,0.013135135173797607,4
seed_124,SR-MMP,191,250,0.012770822271704674,2
seed_124,SR-MMP,224,251,0.012561677023768425,2
seed_124,SR-MMP,256,252,0.01251371018588543,2
seed_124,SR-MMP,232,253,0.012250857427716255,2
seed_124,SR-MMP,282,254,0.011637084186077118,3
seed_124,SR-MMP,261,255,0.011107596568763256,3
seed_124,SR-MMP,297,256,0.01109449565410614,1
seed_124,SR-MMP,98,257,0.011025075800716877,2
seed_124,SR-MMP,100,258,0.010990836657583714,3
seed_124,SR-MMP,249,259,0.010805766098201275,3
seed_124,SR-MMP,47,260,0.010269276797771454,4
seed_124,SR-MMP,226,261,0.01017072331160307,2
seed_124,SR-MMP,267,262,0.009901611134409904,2
seed_124,SR-MMP,216,263,0.00986846536397934,2
seed_124,SR-MMP,271,264,0.009679829701781273,3
seed_124,SR-MMP,236,265,0.00948425754904747,3
seed_124,SR-MMP,26,266,0.009314121678471565,4
seed_124,SR-MMP,264,267,0.008786201477050781,3
seed_124,SR-MMP,101,268,0.00849461741745472,3
seed_124,SR-MMP,240,269,0.007702027913182974,1
seed_124,SR-MMP,265,270,0.007634648587554693,1
seed_124,SR-MMP,60,271,0.007085091434419155,3
seed_124,SR-MMP,97,272,0.006910295225679874,2
seed_124,SR-MMP,141,273,0.006844589952379465,2
seed_124,SR-MMP,278,274,0.006725942716002464,2
seed_124,SR-MMP,259,275,0.0065433550626039505,2
seed_124,SR-MMP,11,276,0.0065194289200007915,2
seed_124,SR-MMP,238,277,0.0062028514221310616,1
seed_124,SR-MMP,30,278,0.005893003661185503,5
seed_124,SR-MMP,41,279,0.005842786282300949,2
seed_124,SR-MMP,253,280,0.005556797608733177,1
seed_124,SR-MMP,159,281,0.005190578289330006,2
seed_124,SR-MMP,68,282,0.005137019790709019,2
seed_124,SR-MMP,273,283,0.004624141845852137,2
seed_124,SR-MMP,151,284,0.004542974289506674,2
seed_124,SR-MMP,223,285,0.0037243266124278307,2
seed_124,SR-MMP,285,286,0.003671093378216028,1
seed_124,SR-MMP,125,287,0.0034133463632315397,3
seed_124,SR-MMP,156,288,0.0023429349530488253,2
seed_124,SR-MMP,157,289,0.0021529551595449448,2
seed_124,SR-MMP,281,290,0.0019806036725640297,1
seed_124,SR-MMP,137,291,0.0019602535758167505,2
seed_124,SR-MMP,178,292,0.0013660152908414602,2
seed_124,SR-MMP,294,293,0.0009830750059336424,2
seed_124,SR-MMP,283,294,0.000860008760355413,2
seed_124,SR-MMP,277,295,0.0,1
seed_124,SR-MMP,244,296,0.0,1
seed_124,SR-MMP,199,297,0.0,2
seed_124,SR-MMP,272,298,0.0,1
seed_124,SR-MMP,266,299,0.0,1
seed_124,NR-AhR,70,0,5.164346694946289,27
seed_124,NR-AhR,72,1,4.292614936828613,15
seed_124,NR-AhR,168,2,3.5750961303710938,79
seed_124,NR-AhR,139,3,2.8792386054992676,12
seed_124,NR-AhR,128,4,2.2731339931488037,42
seed_124,NR-AhR,7,5,1.937638759613037,33
seed_124,NR-AhR,58,6,1.6808197498321533,10
seed_124,NR-AhR,63,7,1.589032530784607,51
seed_124,NR-AhR,24,8,1.4650295972824097,21
seed_124,NR-AhR,62,9,1.3355038166046143,24
seed_124,NR-AhR,287,10,1.300666093826294,8
seed_124,NR-AhR,110,11,1.277828574180603,20
seed_124,NR-AhR,29,12,1.273360252380371,39
seed_124,NR-AhR,6,13,1.2661241292953491,18
seed_124,NR-AhR,73,14,1.2125270366668701,16
seed_124,NR-AhR,0,15,0.949438750743866,20
seed_124,NR-AhR,84,16,0.9366376399993896,15
seed_124,NR-AhR,74,17,0.9052556157112122,19
seed_124,NR-AhR,52,18,0.8191795945167542,16
seed_124,NR-AhR,10,19,0.799268901348114,17
seed_124,NR-AhR,2,20,0.7721377611160278,14
seed_124,NR-AhR,15,21,0.653600811958313,26
seed_124,NR-AhR,184,22,0.6500544548034668,7
seed_124,NR-AhR,189,23,0.6468507051467896,9
seed_124,NR-AhR,71,24,0.6381832957267761,11
seed_124,NR-AhR,175,25,0.6292754411697388,9
seed_124,NR-AhR,57,26,0.6260364055633545,9
seed_124,NR-AhR,22,27,0.6216694116592407,13
seed_124,NR-AhR,25,28,0.5675324201583862,8
seed_124,NR-AhR,190,29,0.5583240985870361,13
seed_124,NR-AhR,43,30,0.5552873015403748,9
seed_124,NR-AhR,23,31,0.5419964790344238,30
seed_124,NR-AhR,21,32,0.5370466113090515,13
seed_124,NR-AhR,92,33,0.5325623750686646,21
seed_124,NR-AhR,296,34,0.5149255990982056,10
seed_124,NR-AhR,56,35,0.5133092403411865,17
seed_124,NR-AhR,46,36,0.5114139914512634,13
seed_124,NR-AhR,136,37,0.5107930302619934,18
seed_124,NR-AhR,209,38,0.4817526340484619,7
seed_124,NR-AhR,123,39,0.47779926657676697,11
seed_124,NR-AhR,66,40,0.47766202688217163,13
seed_124,NR-AhR,31,41,0.4772895872592926,20
seed_124,NR-AhR,80,42,0.4650978744029999,8
seed_124,NR-AhR,59,43,0.45642703771591187,8
seed_124,NR-AhR,145,44,0.44935935735702515,17
seed_124,NR-AhR,140,45,0.4290221631526947,19
seed_124,NR-AhR,112,46,0.4091893136501312,10
seed_124,NR-AhR,231,47,0.40878409147262573,8
seed_124,NR-AhR,245,48,0.36771997809410095,15
seed_124,NR-AhR,219,49,0.36726826429367065,16
seed_124,NR-AhR,33,50,0.3631657660007477,17
seed_124,NR-AhR,211,51,0.34637168049812317,13
seed_124,NR-AhR,242,52,0.3340510129928589,6
seed_124,NR-AhR,79,53,0.3328956067562103,9
seed_124,NR-AhR,147,54,0.32651716470718384,16
seed_124,NR-AhR,290,55,0.3224579989910126,10
seed_124,NR-AhR,114,56,0.308147132396698,7
seed_124,NR-AhR,257,57,0.3055552840232849,8
seed_124,NR-AhR,193,58,0.29728105664253235,9
seed_124,NR-AhR,75,59,0.2886674106121063,13
seed_124,NR-AhR,263,60,0.2772129476070404,6
seed_124,NR-AhR,107,61,0.27574998140335083,6
seed_124,NR-AhR,129,62,0.2746720016002655,9
seed_124,NR-AhR,252,63,0.27433985471725464,4
seed_124,NR-AhR,117,64,0.2655049264431,7
seed_124,NR-AhR,93,65,0.25470712780952454,16
seed_124,NR-AhR,111,66,0.2528095841407776,5
seed_124,NR-AhR,67,67,0.25201866030693054,16
seed_124,NR-AhR,160,68,0.2505751848220825,11
seed_124,NR-AhR,154,69,0.24840694665908813,5
seed_124,NR-AhR,35,70,0.2403716742992401,4
seed_124,NR-AhR,49,71,0.2393857091665268,17
seed_124,NR-AhR,83,72,0.23190651834011078,9
seed_124,NR-AhR,86,73,0.22078494727611542,9
seed_124,NR-AhR,81,74,0.21877598762512207,19
seed_124,NR-AhR,39,75,0.21067917346954346,9
seed_124,NR-AhR,195,76,0.20737376809120178,11
seed_124,NR-AhR,99,77,0.20403684675693512,7
seed_124,NR-AhR,217,78,0.2020280659198761,4
seed_124,NR-AhR,108,79,0.20092839002609253,14
seed_124,NR-AhR,176,80,0.20089580118656158,5
seed_124,NR-AhR,12,81,0.1947140246629715,6
seed_124,NR-AhR,180,82,0.19250595569610596,5
seed_124,NR-AhR,45,83,0.1900489628314972,8
seed_124,NR-AhR,135,84,0.1891893893480301,9
seed_124,NR-AhR,127,85,0.18809375166893005,4
seed_124,NR-AhR,221,86,0.18597853183746338,6
seed_124,NR-AhR,36,87,0.18546845018863678,7
seed_124,NR-AhR,204,88,0.1841931939125061,7
seed_124,NR-AhR,64,89,0.17410904169082642,7
seed_124,NR-AhR,13,90,0.17246969044208527,6
seed_124,NR-AhR,222,91,0.16934677958488464,4
seed_124,NR-AhR,172,92,0.16393958032131195,4
seed_124,NR-AhR,78,93,0.163656547665596,5
seed_124,NR-AhR,225,94,0.16037176549434662,6
seed_124,NR-AhR,148,95,0.16010095179080963,14
seed_124,NR-AhR,170,96,0.15480995178222656,6
seed_124,NR-AhR,293,97,0.15397080779075623,3
seed_124,NR-AhR,61,98,0.14813841879367828,6
seed_124,NR-AhR,4,99,0.14792446792125702,9
seed_124,NR-AhR,40,100,0.14574746787548065,6
seed_124,NR-AhR,229,101,0.14443662762641907,7
seed_124,NR-AhR,37,102,0.14240878820419312,7
seed_124,NR-AhR,109,103,0.13813385367393494,7
seed_124,NR-AhR,130,104,0.1350773423910141,4
seed_124,NR-AhR,167,105,0.1344848871231079,6
seed_124,NR-AhR,269,106,0.13325314223766327,4
seed_124,NR-AhR,200,107,0.1294444352388382,8
seed_124,NR-AhR,42,108,0.1255885362625122,5
seed_124,NR-AhR,106,109,0.12326222658157349,4
seed_124,NR-AhR,233,110,0.12179235368967056,6
seed_124,NR-AhR,166,111,0.11921902745962143,6
seed_124,NR-AhR,212,112,0.11903489381074905,7
seed_124,NR-AhR,248,113,0.1171427071094513,2
seed_124,NR-AhR,270,114,0.1165972501039505,4
seed_124,NR-AhR,215,115,0.11614421010017395,4
seed_124,NR-AhR,91,116,0.1133698895573616,6
seed_124,NR-AhR,299,117,0.11316734552383423,7
seed_124,NR-AhR,126,118,0.11244257539510727,10
seed_124,NR-AhR,250,119,0.11233677715063095,4
seed_124,NR-AhR,173,120,0.11120495200157166,4
seed_124,NR-AhR,14,121,0.11070922762155533,5
seed_124,NR-AhR,3,122,0.10798346996307373,6
seed_124,NR-AhR,182,123,0.10702953487634659,2
seed_124,NR-AhR,32,124,0.10095085203647614,8
seed_124,NR-AhR,34,125,0.10045814514160156,5
seed_124,NR-AhR,104,126,0.0988750159740448,4
seed_124,NR-AhR,213,127,0.09736225754022598,4
seed_124,NR-AhR,291,128,0.09466622769832611,2
seed_124,NR-AhR,254,129,0.09451822936534882,2
seed_124,NR-AhR,181,130,0.0944753885269165,4
seed_124,NR-AhR,138,131,0.09410920739173889,3
seed_124,NR-AhR,20,132,0.09041092544794083,4
seed_124,NR-AhR,17,133,0.08998472988605499,5
seed_124,NR-AhR,183,134,0.08667490631341934,7
seed_124,NR-AhR,28,135,0.08537672460079193,7
seed_124,NR-AhR,234,136,0.08496207743883133,2
seed_124,NR-AhR,153,137,0.08381091058254242,2
seed_124,NR-AhR,54,138,0.08247384428977966,5
seed_124,NR-AhR,255,139,0.08196832984685898,2
seed_124,NR-AhR,102,140,0.07880149036645889,6
seed_124,NR-AhR,163,141,0.07846398651599884,3
seed_124,NR-AhR,185,142,0.07779677212238312,3
seed_124,NR-AhR,90,143,0.07754240930080414,6
seed_124,NR-AhR,276,144,0.07729251682758331,8
seed_124,NR-AhR,16,145,0.07683645933866501,4
seed_124,NR-AhR,161,146,0.07628565281629562,2
seed_124,NR-AhR,50,147,0.07611743360757828,3
seed_124,NR-AhR,120,148,0.07394373416900635,5
seed_124,NR-AhR,208,149,0.07238466292619705,3
seed_124,NR-AhR,295,150,0.07211063802242279,2
seed_124,NR-AhR,88,151,0.07177884131669998,4
seed_124,NR-AhR,205,152,0.06974849104881287,3
seed_124,NR-AhR,115,153,0.06944449990987778,4
seed_124,NR-AhR,144,154,0.06881892681121826,7
seed_124,NR-AhR,235,155,0.06810598075389862,5
seed_124,NR-AhR,1,156,0.06809753179550171,6
seed_124,NR-AhR,122,157,0.06800341606140137,6
seed_124,NR-AhR,69,158,0.06717327982187271,8
seed_124,NR-AhR,8,159,0.06622163206338882,6
seed_124,NR-AhR,162,160,0.06594757735729218,3
seed_124,NR-AhR,298,161,0.06543481349945068,4
seed_124,NR-AhR,247,162,0.06462549418210983,4
seed_124,NR-AhR,171,163,0.0642334595322609,2
seed_124,NR-AhR,152,164,0.06193713843822479,3
seed_124,NR-AhR,288,165,0.0619257390499115,2
seed_124,NR-AhR,87,166,0.06182907894253731,4
seed_124,NR-AhR,201,167,0.06142706423997879,4
seed_124,NR-AhR,264,168,0.05793813243508339,3
seed_124,NR-AhR,218,169,0.05741175636649132,3
seed_124,NR-AhR,133,170,0.05670878663659096,6
seed_124,NR-AhR,158,171,0.056527238339185715,3
seed_124,NR-AhR,55,172,0.05555625259876251,6
seed_124,NR-AhR,251,173,0.055543821305036545,3
seed_124,NR-AhR,246,174,0.05496044084429741,3
seed_124,NR-AhR,243,175,0.05479399487376213,2
seed_124,NR-AhR,27,176,0.05419350787997246,8
seed_124,NR-AhR,143,177,0.05342847481369972,5
seed_124,NR-AhR,224,178,0.053253088146448135,2
seed_124,NR-AhR,206,179,0.052209071815013885,4
seed_124,NR-AhR,89,180,0.05143595114350319,3
seed_124,NR-AhR,188,181,0.05001775920391083,2
seed_124,NR-AhR,232,182,0.04984453320503235,2
seed_124,NR-AhR,51,183,0.04975895583629608,10
seed_124,NR-AhR,186,184,0.04875868931412697,3
seed_124,NR-AhR,82,185,0.04813406616449356,4
seed_124,NR-AhR,30,186,0.04805515706539154,5
seed_124,NR-AhR,220,187,0.04802532494068146,2
seed_124,NR-AhR,113,188,0.046809908002614975,13
seed_124,NR-AhR,48,189,0.046728260815143585,7
seed_124,NR-AhR,47,190,0.04539041593670845,4
seed_124,NR-AhR,179,191,0.04525483772158623,3
seed_124,NR-AhR,65,192,0.04497738927602768,3
seed_124,NR-AhR,118,193,0.044766269624233246,4
seed_124,NR-AhR,196,194,0.04456419497728348,4
seed_124,NR-AhR,274,195,0.04371287301182747,2
seed_124,NR-AhR,239,196,0.04348573461174965,3
seed_124,NR-AhR,76,197,0.04336772486567497,2
seed_124,NR-AhR,268,198,0.042990703135728836,4
seed_124,NR-AhR,169,199,0.04295992851257324,8
seed_124,NR-AhR,142,200,0.04260561615228653,3
seed_124,NR-AhR,5,201,0.04006907343864441,4
seed_124,NR-AhR,103,202,0.039654795080423355,3
seed_124,NR-AhR,19,203,0.03889201581478119,4
seed_124,NR-AhR,237,204,0.03864917904138565,2
seed_124,NR-AhR,198,205,0.03807910904288292,3
seed_124,NR-AhR,258,206,0.03790657967329025,3
seed_124,NR-AhR,60,207,0.03781580552458763,3
seed_124,NR-AhR,146,208,0.03719951584935188,5
seed_124,NR-AhR,230,209,0.03689068183302879,3
seed_124,NR-AhR,77,210,0.03684990108013153,5
seed_124,NR-AhR,271,211,0.03421324864029884,3
seed_124,NR-AhR,155,212,0.03383800387382507,3
seed_124,NR-AhR,273,213,0.033652085810899734,2
seed_124,NR-AhR,249,214,0.03259814530611038,3
seed_124,NR-AhR,95,215,0.03170569986104965,4
seed_124,NR-AhR,53,216,0.031230835244059563,6
seed_124,NR-AhR,202,217,0.03107653744518757,3
seed_124,NR-AhR,260,218,0.03085811622440815,5
seed_124,NR-AhR,280,219,0.030671363696455956,3
seed_124,NR-AhR,101,220,0.02891555428504944,3
seed_124,NR-AhR,44,221,0.02789684757590294,3
seed_124,NR-AhR,210,222,0.027697088196873665,6
seed_124,NR-AhR,96,223,0.027487752959132195,5
seed_124,NR-AhR,253,224,0.025064360350370407,1
seed_124,NR-AhR,194,225,0.02463666722178459,3
seed_124,NR-AhR,131,226,0.02446899190545082,2
seed_124,NR-AhR,187,227,0.024298425763845444,3
seed_124,NR-AhR,207,228,0.023799564689397812,2
seed_124,NR-AhR,177,229,0.023749396204948425,4
seed_124,NR-AhR,236,230,0.023660335689783096,3
seed_124,NR-AhR,275,231,0.023550283163785934,2
seed_124,NR-AhR,85,232,0.02351941354572773,3
seed_124,NR-AhR,197,233,0.02289748750627041,3
seed_124,NR-AhR,94,234,0.02234342135488987,2
seed_124,NR-AhR,124,235,0.022013133391737938,4
seed_124,NR-AhR,227,236,0.021020349115133286,3
seed_124,NR-AhR,119,237,0.020243803039193153,2
seed_124,NR-AhR,292,238,0.020054413005709648,3
seed_124,NR-AhR,132,239,0.01980702579021454,2
seed_124,NR-AhR,149,240,0.019450528547167778,2
seed_124,NR-AhR,192,241,0.01938052475452423,3
seed_124,NR-AhR,105,242,0.01932436414062977,3
seed_124,NR-AhR,262,243,0.01894170232117176,3
seed_124,NR-AhR,116,244,0.01833289861679077,3
seed_124,NR-AhR,141,245,0.018108755350112915,2
seed_124,NR-AhR,214,246,0.017865575850009918,2
seed_124,NR-AhR,282,247,0.01774156093597412,3
seed_124,NR-AhR,284,248,0.017486808821558952,2
seed_124,NR-AhR,241,249,0.01745781861245632,3
seed_124,NR-AhR,150,250,0.017093386501073837,3
seed_124,NR-AhR,18,251,0.01692267321050167,4
seed_124,NR-AhR,97,252,0.0158835481852293,2
seed_124,NR-AhR,289,253,0.015398064628243446,2
seed_124,NR-AhR,151,254,0.015353360213339329,2
seed_124,NR-AhR,121,255,0.0151426512748003,7
seed_124,NR-AhR,38,256,0.014717727899551392,4
seed_124,NR-AhR,165,257,0.014505994506180286,4
seed_124,NR-AhR,159,258,0.01370997354388237,2
seed_124,NR-AhR,286,259,0.013561607338488102,2
seed_124,NR-AhR,279,260,0.012082814238965511,2
seed_124,NR-AhR,174,261,0.011667798273265362,2
seed_124,NR-AhR,228,262,0.01141425035893917,4
seed_124,NR-AhR,9,263,0.011112941429018974,3
seed_124,NR-AhR,240,264,0.010914848186075687,1
seed_124,NR-AhR,68,265,0.010714837349951267,2
seed_124,NR-AhR,134,266,0.01071010809391737,3
seed_124,NR-AhR,100,267,0.010536374524235725,3
seed_124,NR-AhR,191,268,0.01010871585458517,2
seed_124,NR-AhR,11,269,0.009326991625130177,2
seed_124,NR-AhR,203,270,0.009155703708529472,4
seed_124,NR-AhR,261,271,0.009051071479916573,3
seed_124,NR-AhR,294,272,0.00894194096326828,2
seed_124,NR-AhR,156,273,0.008772345259785652,2
seed_124,NR-AhR,256,274,0.008587104268372059,2
seed_124,NR-AhR,285,275,0.008442236110568047,1
seed_124,NR-AhR,178,276,0.0082541573792696,2
seed_124,NR-AhR,164,277,0.008245660923421383,2
seed_124,NR-AhR,278,278,0.007849689573049545,2
seed_124,NR-AhR,41,279,0.007384296506643295,2
seed_124,NR-AhR,283,280,0.00689683947712183,2
seed_124,NR-AhR,267,281,0.0065238899551332,2
seed_124,NR-AhR,223,282,0.006438881624490023,2
seed_124,NR-AhR,259,283,0.006128506734967232,2
seed_124,NR-AhR,297,284,0.005652209278196096,1
seed_124,NR-AhR,98,285,0.005606375634670258,2
seed_124,NR-AhR,238,286,0.0052608526311814785,1
seed_124,NR-AhR,281,287,0.0052497535943984985,1
seed_124,NR-AhR,26,288,0.004800387658178806,4
seed_124,NR-AhR,226,289,0.004740627948194742,2
seed_124,NR-AhR,125,290,0.0045629539526999,3
seed_124,NR-AhR,216,291,0.0025711474008858204,2
seed_124,NR-AhR,157,292,0.001972075318917632,2
seed_124,NR-AhR,137,293,0.0011433974141255021,2
seed_124,NR-AhR,265,294,0.000713669287506491,1
seed_124,NR-AhR,199,295,0.0,2
seed_124,NR-AhR,272,296,0.0,1
seed_124,NR-AhR,277,297,0.0,1
seed_124,NR-AhR,244,298,0.0,1
seed_124,NR-AhR,266,299,0.0,1
seed_124,NR-ER-LBD,70,0,3.725332498550415,27
seed_124,NR-ER-LBD,168,1,3.4536657333374023,79
seed_124,NR-ER-LBD,72,2,2.1944937705993652,15
seed_124,NR-ER-LBD,62,3,1.3125358819961548,24
seed_124,NR-ER-LBD,128,4,1.312467336654663,42
seed_124,NR-ER-LBD,139,5,1.2763011455535889,12
seed_124,NR-ER-LBD,0,6,1.2550530433654785,20
seed_124,NR-ER-LBD,7,7,1.0604934692382812,33
seed_124,NR-ER-LBD,58,8,1.0213147401809692,10
seed_124,NR-ER-LBD,63,9,0.9916465282440186,51
seed_124,NR-ER-LBD,110,10,0.9065030217170715,20
seed_124,NR-ER-LBD,74,11,0.809462308883667,19
seed_124,NR-ER-LBD,6,12,0.7655865550041199,18
seed_124,NR-ER-LBD,29,13,0.7193443775177002,39
seed_124,NR-ER-LBD,10,14,0.7002992630004883,17
seed_124,NR-ER-LBD,52,15,0.654904305934906,16
seed_124,NR-ER-LBD,189,16,0.6253153085708618,9
seed_124,NR-ER-LBD,57,17,0.5654682517051697,9
seed_124,NR-ER-LBD,73,18,0.5502462387084961,16
seed_124,NR-ER-LBD,84,19,0.47414955496788025,15
seed_124,NR-ER-LBD,287,20,0.46035513281822205,8
seed_124,NR-ER-LBD,160,21,0.45029574632644653,11
seed_124,NR-ER-LBD,23,22,0.4463632106781006,30
seed_124,NR-ER-LBD,66,23,0.4340139627456665,13
seed_124,NR-ER-LBD,46,24,0.4033592641353607,13
seed_124,NR-ER-LBD,263,25,0.3924471437931061,6
seed_124,NR-ER-LBD,24,26,0.3856047987937927,21
seed_124,NR-ER-LBD,2,27,0.37905970215797424,14
seed_124,NR-ER-LBD,136,28,0.37418702244758606,18
seed_124,NR-ER-LBD,219,29,0.35819900035858154,16
seed_124,NR-ER-LBD,231,30,0.33909910917282104,8
seed_124,NR-ER-LBD,71,31,0.3275706171989441,11
seed_124,NR-ER-LBD,25,32,0.3274708092212677,8
seed_124,NR-ER-LBD,15,33,0.32636988162994385,26
seed_124,NR-ER-LBD,175,34,0.32632580399513245,9
seed_124,NR-ER-LBD,190,35,0.324065625667572,13
seed_124,NR-ER-LBD,123,36,0.3089742064476013,11
seed_124,NR-ER-LBD,221,37,0.30465632677078247,6
seed_124,NR-ER-LBD,184,38,0.2992424964904785,7
seed_124,NR-ER-LBD,31,39,0.29076263308525085,20
seed_124,NR-ER-LBD,49,40,0.27323323488235474,17
seed_124,NR-ER-LBD,22,41,0.27275338768959045,13
seed_124,NR-ER-LBD,56,42,0.2726369798183441,17
seed_124,NR-ER-LBD,245,43,0.27076083421707153,15
seed_124,NR-ER-LBD,290,44,0.2604881525039673,10
seed_124,NR-ER-LBD,296,45,0.257343053817749,10
seed_124,NR-ER-LBD,170,46,0.254520058631897,6
seed_124,NR-ER-LBD,33,47,0.24825419485569,17
seed_124,NR-ER-LBD,93,48,0.24204744398593903,16
seed_124,NR-ER-LBD,145,49,0.23601195216178894,17
seed_124,NR-ER-LBD,211,50,0.23035724461078644,13
seed_124,NR-ER-LBD,42,51,0.2254614233970642,5
seed_124,NR-ER-LBD,117,52,0.22246231138706207,7
seed_124,NR-ER-LBD,193,53,0.22023345530033112,9
seed_124,NR-ER-LBD,147,54,0.21152645349502563,16
seed_124,NR-ER-LBD,43,55,0.20224341750144958,9
seed_124,NR-ER-LBD,59,56,0.19910472631454468,8
seed_124,NR-ER-LBD,180,57,0.1981247067451477,5
seed_124,NR-ER-LBD,67,58,0.1971711367368698,16
seed_124,NR-ER-LBD,12,59,0.1951039433479309,6
seed_124,NR-ER-LBD,40,60,0.18774785101413727,6
seed_124,NR-ER-LBD,222,61,0.18634425103664398,4
seed_124,NR-ER-LBD,252,62,0.18082301318645477,4
seed_124,NR-ER-LBD,209,63,0.17843717336654663,7
seed_124,NR-ER-LBD,99,64,0.17421776056289673,7
seed_124,NR-ER-LBD,36,65,0.17238955199718475,7
seed_124,NR-ER-LBD,21,66,0.17094182968139648,13
seed_124,NR-ER-LBD,86,67,0.16978764533996582,9
seed_124,NR-ER-LBD,92,68,0.1695912778377533,21
seed_124,NR-ER-LBD,114,69,0.16820752620697021,7
seed_124,NR-ER-LBD,250,70,0.16646708548069,4
seed_124,NR-ER-LBD,135,71,0.1645558625459671,9
seed_124,NR-ER-LBD,112,72,0.16408349573612213,10
seed_124,NR-ER-LBD,81,73,0.15427166223526,19
seed_124,NR-ER-LBD,39,74,0.15373866260051727,9
seed_124,NR-ER-LBD,140,75,0.1530437171459198,19
seed_124,NR-ER-LBD,176,76,0.15079787373542786,5
seed_124,NR-ER-LBD,217,77,0.1500038504600525,4
seed_124,NR-ER-LBD,225,78,0.14906364679336548,6
seed_124,NR-ER-LBD,83,79,0.14726845920085907,9
seed_124,NR-ER-LBD,148,80,0.14580154418945312,14
seed_124,NR-ER-LBD,257,81,0.14242228865623474,8
seed_124,NR-ER-LBD,64,82,0.14078903198242188,7
seed_124,NR-ER-LBD,37,83,0.13842687010765076,7
seed_124,NR-ER-LBD,79,84,0.13759657740592957,9
seed_124,NR-ER-LBD,108,85,0.13171039521694183,14
seed_124,NR-ER-LBD,75,86,0.1278786063194275,13
seed_124,NR-ER-LBD,172,87,0.12305407971143723,4
seed_124,NR-ER-LBD,80,88,0.12302784621715546,8
seed_124,NR-ER-LBD,269,89,0.1210341528058052,4
seed_124,NR-ER-LBD,1,90,0.1198984906077385,6
seed_124,NR-ER-LBD,126,91,0.11824297159910202,10
seed_124,NR-ER-LBD,45,92,0.1153666228055954,8
seed_124,NR-ER-LBD,166,93,0.11483629047870636,6
seed_124,NR-ER-LBD,129,94,0.10892291367053986,9
seed_124,NR-ER-LBD,242,95,0.10655497014522552,6
seed_124,NR-ER-LBD,127,96,0.1047201082110405,4
seed_124,NR-ER-LBD,195,97,0.10434830188751221,11
seed_124,NR-ER-LBD,212,98,0.10209222882986069,7
seed_124,NR-ER-LBD,3,99,0.0974641963839531,6
seed_124,NR-ER-LBD,218,100,0.09447164833545685,3
seed_124,NR-ER-LBD,299,101,0.08692611008882523,7
seed_124,NR-ER-LBD,107,102,0.08647936582565308,6
seed_124,NR-ER-LBD,109,103,0.08638468384742737,7
seed_124,NR-ER-LBD,13,104,0.08569537848234177,6
seed_124,NR-ER-LBD,32,105,0.08482964336872101,8
seed_124,NR-ER-LBD,154,106,0.0842079147696495,5
seed_124,NR-ER-LBD,78,107,0.08259887248277664,5
seed_124,NR-ER-LBD,204,108,0.08135886490345001,7
seed_124,NR-ER-LBD,111,109,0.07804971188306808,5
seed_124,NR-ER-LBD,200,110,0.07680796086788177,8
seed_124,NR-ER-LBD,183,111,0.07551367580890656,7
seed_124,NR-ER-LBD,51,112,0.07470233738422394,10
seed_124,NR-ER-LBD,167,113,0.07031287997961044,6
seed_124,NR-ER-LBD,246,114,0.06687188148498535,3
seed_124,NR-ER-LBD,270,115,0.06668001413345337,4
seed_124,NR-ER-LBD,55,116,0.0665394738316536,6
seed_124,NR-ER-LBD,106,117,0.06605836749076843,4
seed_124,NR-ER-LBD,69,118,0.06452858448028564,8
seed_124,NR-ER-LBD,122,119,0.06398022174835205,6
seed_124,NR-ER-LBD,102,120,0.06382740288972855,6
seed_124,NR-ER-LBD,4,121,0.06373894214630127,9
seed_124,NR-ER-LBD,142,122,0.06272734701633453,3
seed_124,NR-ER-LBD,207,123,0.06245877966284752,2
seed_124,NR-ER-LBD,14,124,0.06023985892534256,5
seed_124,NR-ER-LBD,113,125,0.05981936678290367,13
seed_124,NR-ER-LBD,213,126,0.05881118029356003,4
seed_124,NR-ER-LBD,27,127,0.058276012539863586,8
seed_124,NR-ER-LBD,91,128,0.05798196420073509,6
seed_124,NR-ER-LBD,233,129,0.05681545287370682,6
seed_124,NR-ER-LBD,130,130,0.05541335418820381,4
seed_124,NR-ER-LBD,35,131,0.05306953936815262,4
seed_124,NR-ER-LBD,82,132,0.05282493680715561,4
seed_124,NR-ER-LBD,173,133,0.05273531749844551,4
seed_124,NR-ER-LBD,115,134,0.05144508555531502,4
seed_124,NR-ER-LBD,293,135,0.0507039874792099,3
seed_124,NR-ER-LBD,61,136,0.05057120695710182,6
seed_124,NR-ER-LBD,20,137,0.050135985016822815,4
seed_124,NR-ER-LBD,274,138,0.05005723237991333,2
seed_124,NR-ER-LBD,196,139,0.04964113608002663,4
seed_124,NR-ER-LBD,194,140,0.049136657267808914,3
seed_124,NR-ER-LBD,260,141,0.047626007348299026,5
seed_124,NR-ER-LBD,201,142,0.04755659028887749,4
seed_124,NR-ER-LBD,276,143,0.04700276628136635,8
seed_124,NR-ER-LBD,179,144,0.04676303640007973,3
seed_124,NR-ER-LBD,153,145,0.046328987926244736,2
seed_124,NR-ER-LBD,143,146,0.04591255262494087,5
seed_124,NR-ER-LBD,247,147,0.04442909359931946,4
seed_124,NR-ER-LBD,138,148,0.04339802265167236,3
seed_124,NR-ER-LBD,44,149,0.04158798232674599,3
seed_124,NR-ER-LBD,229,150,0.04078749194741249,7
seed_124,NR-ER-LBD,163,151,0.040185827761888504,3
seed_124,NR-ER-LBD,280,152,0.03967882692813873,3
seed_124,NR-ER-LBD,161,153,0.038729965686798096,2
seed_124,NR-ER-LBD,103,154,0.03817109763622284,3
seed_124,NR-ER-LBD,162,155,0.038035981357097626,3
seed_124,NR-ER-LBD,198,156,0.037843573838472366,3
seed_124,NR-ER-LBD,289,157,0.037655893713235855,2
seed_124,NR-ER-LBD,34,158,0.03764869645237923,5
seed_124,NR-ER-LBD,134,159,0.03755936771631241,3
seed_124,NR-ER-LBD,298,160,0.03710753843188286,4
seed_124,NR-ER-LBD,87,161,0.03660040721297264,4
seed_124,NR-ER-LBD,248,162,0.03617793694138527,2
seed_124,NR-ER-LBD,243,163,0.03616666793823242,2
seed_124,NR-ER-LBD,65,164,0.035576365888118744,3
seed_124,NR-ER-LBD,206,165,0.03555089607834816,4
seed_124,NR-ER-LBD,264,166,0.03533898666501045,3
seed_124,NR-ER-LBD,171,167,0.0348750539124012,2
seed_124,NR-ER-LBD,181,168,0.03378407284617424,4
seed_124,NR-ER-LBD,215,169,0.033594418317079544,4
seed_124,NR-ER-LBD,90,170,0.03342089429497719,6
seed_124,NR-ER-LBD,230,171,0.03338279202580452,3
seed_124,NR-ER-LBD,16,172,0.03279278054833412,4
seed_124,NR-ER-LBD,186,173,0.032688651233911514,3
seed_124,NR-ER-LBD,234,174,0.03223187103867531,2
seed_124,NR-ER-LBD,8,175,0.031786561012268066,6
seed_124,NR-ER-LBD,131,176,0.03126509115099907,2
seed_124,NR-ER-LBD,251,177,0.031094087287783623,3
seed_124,NR-ER-LBD,286,178,0.03073708526790142,2
seed_124,NR-ER-LBD,121,179,0.03045487217605114,7
seed_124,NR-ER-LBD,100,180,0.03019995056092739,3
seed_124,NR-ER-LBD,205,181,0.029638469219207764,3
seed_124,NR-ER-LBD,295,182,0.029021883383393288,2
seed_124,NR-ER-LBD,208,183,0.028382305055856705,3
seed_124,NR-ER-LBD,146,184,0.02791234292089939,5
seed_124,NR-ER-LBD,150,185,0.02753942832350731,3
seed_124,NR-ER-LBD,48,186,0.02737758308649063,7
seed_124,NR-ER-LBD,144,187,0.02726861648261547,7
seed_124,NR-ER-LBD,133,188,0.026996653527021408,6
seed_124,NR-ER-LBD,220,189,0.026491578668355942,2
seed_124,NR-ER-LBD,124,190,0.026485707610845566,4
seed_124,NR-ER-LBD,255,191,0.026179427281022072,2
seed_124,NR-ER-LBD,120,192,0.026008624583482742,5
seed_124,NR-ER-LBD,50,193,0.025932524353265762,3
seed_124,NR-ER-LBD,88,194,0.025627804920077324,4
seed_124,NR-ER-LBD,214,195,0.02542261593043804,2
seed_124,NR-ER-LBD,85,196,0.02502496913075447,3
seed_124,NR-ER-LBD,19,197,0.024000823497772217,4
seed_124,NR-ER-LBD,182,198,0.023900106549263,2
seed_124,NR-ER-LBD,28,199,0.023879120126366615,7
seed_124,NR-ER-LBD,9,200,0.023629797622561455,3
seed_124,NR-ER-LBD,237,201,0.023515725508332253,2
seed_124,NR-ER-LBD,152,202,0.02348741516470909,3
seed_124,NR-ER-LBD,235,203,0.022892210632562637,5
seed_124,NR-ER-LBD,187,204,0.022631682455539703,3
seed_124,NR-ER-LBD,268,205,0.022371092811226845,4
seed_124,NR-ER-LBD,177,206,0.02214216999709606,4
seed_124,NR-ER-LBD,96,207,0.02210450917482376,5
seed_124,NR-ER-LBD,95,208,0.021984249353408813,4
seed_124,NR-ER-LBD,47,209,0.021983766928315163,4
seed_124,NR-ER-LBD,188,210,0.021649500355124474,2
seed_124,NR-ER-LBD,192,211,0.021396471187472343,3
seed_124,NR-ER-LBD,232,212,0.021303296089172363,2
seed_124,NR-ER-LBD,169,213,0.02117079682648182,8
seed_124,NR-ER-LBD,236,214,0.020783036947250366,3
seed_124,NR-ER-LBD,174,215,0.02067699283361435,2
seed_124,NR-ER-LBD,239,216,0.020612653344869614,3
seed_124,NR-ER-LBD,210,217,0.02052803337574005,6
seed_124,NR-ER-LBD,291,218,0.020418347790837288,2
seed_124,NR-ER-LBD,275,219,0.020133990794420242,2
seed_124,NR-ER-LBD,165,220,0.018533634021878242,4
seed_124,NR-ER-LBD,101,221,0.018446292728185654,3
seed_124,NR-ER-LBD,53,222,0.01791328378021717,6
seed_124,NR-ER-LBD,262,223,0.01778160221874714,3
seed_124,NR-ER-LBD,185,224,0.017298610880970955,3
seed_124,NR-ER-LBD,202,225,0.017120108008384705,3
seed_124,NR-ER-LBD,203,226,0.016864702105522156,4
seed_124,NR-ER-LBD,132,227,0.016693975776433945,2
seed_124,NR-ER-LBD,76,228,0.01615670509636402,2
seed_124,NR-ER-LBD,271,229,0.015459614805877209,3
seed_124,NR-ER-LBD,254,230,0.014827749691903591,2
seed_124,NR-ER-LBD,18,231,0.01459235604852438,4
seed_124,NR-ER-LBD,97,232,0.014435830526053905,2
seed_124,NR-ER-LBD,17,233,0.014159021899104118,5
seed_124,NR-ER-LBD,227,234,0.013518469408154488,3
seed_124,NR-ER-LBD,98,235,0.013233494013547897,2
seed_124,NR-ER-LBD,149,236,0.013224899768829346,2
seed_124,NR-ER-LBD,26,237,0.013118942268192768,4
seed_124,NR-ER-LBD,228,238,0.01309524942189455,4
seed_124,NR-ER-LBD,68,239,0.013036461547017097,2
seed_124,NR-ER-LBD,197,240,0.012447664514183998,3
seed_124,NR-ER-LBD,118,241,0.01212427206337452,4
seed_124,NR-ER-LBD,159,242,0.012079883366823196,2
seed_124,NR-ER-LBD,38,243,0.01201725099235773,4
seed_124,NR-ER-LBD,279,244,0.011756418272852898,2
seed_124,NR-ER-LBD,104,245,0.011502527631819248,4
seed_124,NR-ER-LBD,249,246,0.011001679114997387,3
seed_124,NR-ER-LBD,105,247,0.01097420696169138,3
seed_124,NR-ER-LBD,5,248,0.01096639595925808,4
seed_124,NR-ER-LBD,30,249,0.010400300845503807,5
seed_124,NR-ER-LBD,224,250,0.010262581519782543,2
seed_124,NR-ER-LBD,54,251,0.010167901404201984,5
seed_124,NR-ER-LBD,178,252,0.009930185042321682,2
seed_124,NR-ER-LBD,60,253,0.009879490360617638,3
seed_124,NR-ER-LBD,158,254,0.009782817214727402,3
seed_124,NR-ER-LBD,292,255,0.009642574936151505,3
seed_124,NR-ER-LBD,223,256,0.00963418185710907,2
seed_124,NR-ER-LBD,238,257,0.009630164131522179,1
seed_124,NR-ER-LBD,282,258,0.00948397908359766,3
seed_124,NR-ER-LBD,77,259,0.009444703347980976,5
seed_124,NR-ER-LBD,267,260,0.008931441232562065,2
seed_124,NR-ER-LBD,273,261,0.008873305283486843,2
seed_124,NR-ER-LBD,155,262,0.008705911226570606,3
seed_124,NR-ER-LBD,259,263,0.008325453847646713,2
seed_124,NR-ER-LBD,119,264,0.008264192380011082,2
seed_124,NR-ER-LBD,284,265,0.00808900035917759,2
seed_124,NR-ER-LBD,89,266,0.008012023754417896,3
seed_124,NR-ER-LBD,241,267,0.007697234395891428,3
seed_124,NR-ER-LBD,94,268,0.0075829047709703445,2
seed_124,NR-ER-LBD,288,269,0.007452990394085646,2
seed_124,NR-ER-LBD,226,270,0.007061798125505447,2
seed_124,NR-ER-LBD,258,271,0.0067755659110844135,3
seed_124,NR-ER-LBD,116,272,0.0061620743945240974,3
seed_124,NR-ER-LBD,294,273,0.005835201125591993,2
seed_124,NR-ER-LBD,240,274,0.0056847212836146355,1
seed_124,NR-ER-LBD,41,275,0.005681986920535564,2
seed_124,NR-ER-LBD,256,276,0.005309201776981354,2
seed_124,NR-ER-LBD,253,277,0.0051827155984938145,1
seed_124,NR-ER-LBD,151,278,0.005104235839098692,2
seed_124,NR-ER-LBD,297,279,0.004751448053866625,1
seed_124,NR-ER-LBD,141,280,0.0047157579101622105,2
seed_124,NR-ER-LBD,137,281,0.0044093350879848,2
seed_124,NR-ER-LBD,191,282,0.004388987086713314,2
seed_124,NR-ER-LBD,157,283,0.004309753887355328,2
seed_124,NR-ER-LBD,125,284,0.004165383521467447,3
seed_124,NR-ER-LBD,265,285,0.004027997143566608,1
seed_124,NR-ER-LBD,261,286,0.003829844994470477,3
seed_124,NR-ER-LBD,11,287,0.0035611302591860294,2
seed_124,NR-ER-LBD,278,288,0.002232274739071727,2
seed_124,NR-ER-LBD,156,289,0.001598383765667677,2
seed_124,NR-ER-LBD,285,290,0.0015163070056587458,1
seed_124,NR-ER-LBD,164,291,0.0012044074246659875,2
seed_124,NR-ER-LBD,283,292,0.001075737876817584,2
seed_124,NR-ER-LBD,281,293,0.0009394444641657174,1
seed_124,NR-ER-LBD,216,294,0.0005336582544259727,2
seed_124,NR-ER-LBD,277,295,0.0,1
seed_124,NR-ER-LBD,272,296,0.0,1
seed_124,NR-ER-LBD,244,297,0.0,1
seed_124,NR-ER-LBD,266,298,0.0,1
seed_124,NR-ER-LBD,199,299,0.0,2
seed_124,SR-ATAD5,70,0,3.1279029846191406,27
seed_124,SR-ATAD5,168,1,2.421466827392578,79
seed_124,SR-ATAD5,72,2,1.262123703956604,15
seed_124,SR-ATAD5,7,3,1.2568930387496948,33
seed_124,SR-ATAD5,139,4,1.1534514427185059,12
seed_124,SR-ATAD5,128,5,1.1487705707550049,42
seed_124,SR-ATAD5,10,6,1.0360493659973145,17
seed_124,SR-ATAD5,74,7,0.8375002145767212,19
seed_124,SR-ATAD5,63,8,0.8101649284362793,51
seed_124,SR-ATAD5,84,9,0.7851271629333496,15
seed_124,SR-ATAD5,73,10,0.7290624976158142,16
seed_124,SR-ATAD5,62,11,0.704619288444519,24
seed_124,SR-ATAD5,0,12,0.699050784111023,20
seed_124,SR-ATAD5,58,13,0.6782581210136414,10
seed_124,SR-ATAD5,52,14,0.6709885001182556,16
seed_124,SR-ATAD5,110,15,0.5823350548744202,20
seed_124,SR-ATAD5,29,16,0.5613532066345215,39
seed_124,SR-ATAD5,6,17,0.5189328789710999,18
seed_124,SR-ATAD5,24,18,0.5130990147590637,21
seed_124,SR-ATAD5,287,19,0.5082440376281738,8
seed_124,SR-ATAD5,22,20,0.4756903052330017,13
seed_124,SR-ATAD5,57,21,0.4688718914985657,9
seed_124,SR-ATAD5,231,22,0.4574854075908661,8
seed_124,SR-ATAD5,33,23,0.4224105775356293,17
seed_124,SR-ATAD5,252,24,0.4205012321472168,4
seed_124,SR-ATAD5,66,25,0.3982088267803192,13
seed_124,SR-ATAD5,59,26,0.3728705048561096,8
seed_124,SR-ATAD5,160,27,0.3324142098426819,11
seed_124,SR-ATAD5,189,28,0.33105868101119995,9
seed_124,SR-ATAD5,219,29,0.32698723673820496,16
seed_124,SR-ATAD5,79,30,0.32195237278938293,9
seed_124,SR-ATAD5,93,31,0.31499892473220825,16
seed_124,SR-ATAD5,23,32,0.3076978027820587,30
seed_124,SR-ATAD5,2,33,0.29980090260505676,14
seed_124,SR-ATAD5,25,34,0.2897237241268158,8
seed_124,SR-ATAD5,15,35,0.28526419401168823,26
seed_124,SR-ATAD5,184,36,0.2584981620311737,7
seed_124,SR-ATAD5,80,37,0.24751774966716766,8
seed_124,SR-ATAD5,67,38,0.237339586019516,16
seed_124,SR-ATAD5,290,39,0.23352912068367004,10
seed_124,SR-ATAD5,145,40,0.23164410889148712,17
seed_124,SR-ATAD5,46,41,0.23042774200439453,13
seed_124,SR-ATAD5,209,42,0.2295367270708084,7
seed_124,SR-ATAD5,71,43,0.22798508405685425,11
seed_124,SR-ATAD5,211,44,0.22574181854724884,13
seed_124,SR-ATAD5,135,45,0.22254087030887604,9
seed_124,SR-ATAD5,170,46,0.22143031656742096,6
seed_124,SR-ATAD5,92,47,0.21887162327766418,21
seed_124,SR-ATAD5,40,48,0.21657204627990723,6
seed_124,SR-ATAD5,114,49,0.21181821823120117,7
seed_124,SR-ATAD5,245,50,0.2049476057291031,15
seed_124,SR-ATAD5,221,51,0.20430661737918854,6
seed_124,SR-ATAD5,147,52,0.19846783578395844,16
seed_124,SR-ATAD5,49,53,0.19601137936115265,17
seed_124,SR-ATAD5,136,54,0.19148726761341095,18
seed_124,SR-ATAD5,190,55,0.18520553410053253,13
seed_124,SR-ATAD5,31,56,0.18034373223781586,20
seed_124,SR-ATAD5,195,57,0.17777223885059357,11
seed_124,SR-ATAD5,193,58,0.1773490160703659,9
seed_124,SR-ATAD5,140,59,0.17715206742286682,19
seed_124,SR-ATAD5,296,60,0.17472034692764282,10
seed_124,SR-ATAD5,242,61,0.16891470551490784,6
seed_124,SR-ATAD5,108,62,0.16684283316135406,14
seed_124,SR-ATAD5,21,63,0.1626443713903427,13
seed_124,SR-ATAD5,123,64,0.16170930862426758,11
seed_124,SR-ATAD5,263,65,0.15723615884780884,6
seed_124,SR-ATAD5,217,66,0.14385490119457245,4
seed_124,SR-ATAD5,180,67,0.136396586894989,5
seed_124,SR-ATAD5,37,68,0.12826858460903168,7
seed_124,SR-ATAD5,117,69,0.1282597929239273,7
seed_124,SR-ATAD5,12,70,0.12064964324235916,6
seed_124,SR-ATAD5,36,71,0.12060036510229111,7
seed_124,SR-ATAD5,247,72,0.11985088139772415,4
seed_124,SR-ATAD5,204,73,0.11745817959308624,7
seed_124,SR-ATAD5,81,74,0.1160227507352829,19
seed_124,SR-ATAD5,56,75,0.11465779691934586,17
seed_124,SR-ATAD5,222,76,0.11406145244836807,4
seed_124,SR-ATAD5,257,77,0.11389218270778656,8
seed_124,SR-ATAD5,109,78,0.11302205920219421,7
seed_124,SR-ATAD5,43,79,0.11084345728158951,9
seed_124,SR-ATAD5,83,80,0.11019804328680038,9
seed_124,SR-ATAD5,99,81,0.10870276391506195,7
seed_124,SR-ATAD5,175,82,0.107080839574337,9
seed_124,SR-ATAD5,270,83,0.10660217702388763,4
seed_124,SR-ATAD5,225,84,0.1061076670885086,6
seed_124,SR-ATAD5,112,85,0.10263313353061676,10
seed_124,SR-ATAD5,233,86,0.10058614611625671,6
seed_124,SR-ATAD5,166,87,0.09997618943452835,6
seed_124,SR-ATAD5,39,88,0.097111277282238,9
seed_124,SR-ATAD5,176,89,0.09692847728729248,5
seed_124,SR-ATAD5,32,90,0.09592682123184204,8
seed_124,SR-ATAD5,142,91,0.09388159960508347,3
seed_124,SR-ATAD5,200,92,0.0917295441031456,8
seed_124,SR-ATAD5,45,93,0.08951043337583542,8
seed_124,SR-ATAD5,64,94,0.08686136454343796,7
seed_124,SR-ATAD5,148,95,0.08603522181510925,14
seed_124,SR-ATAD5,107,96,0.08104696124792099,6
seed_124,SR-ATAD5,122,97,0.08101890236139297,6
seed_124,SR-ATAD5,172,98,0.0809270367026329,4
seed_124,SR-ATAD5,75,99,0.07838333398103714,13
seed_124,SR-ATAD5,86,100,0.07796546071767807,9
seed_124,SR-ATAD5,299,101,0.07691896706819534,7
seed_124,SR-ATAD5,129,102,0.07660870999097824,9
seed_124,SR-ATAD5,4,103,0.07388301938772202,9
seed_124,SR-ATAD5,35,104,0.07300840318202972,4
seed_124,SR-ATAD5,61,105,0.07007306814193726,6
seed_124,SR-ATAD5,1,106,0.06998052448034286,6
seed_124,SR-ATAD5,126,107,0.06962651759386063,10
seed_124,SR-ATAD5,181,108,0.06865018606185913,4
seed_124,SR-ATAD5,218,109,0.06855166703462601,3
seed_124,SR-ATAD5,89,110,0.0682465061545372,3
seed_124,SR-ATAD5,115,111,0.06676871329545975,4
seed_124,SR-ATAD5,111,112,0.06554585695266724,5
seed_124,SR-ATAD5,42,113,0.0653652474284172,5
seed_124,SR-ATAD5,183,114,0.06524338573217392,7
seed_124,SR-ATAD5,154,115,0.06460396945476532,5
seed_124,SR-ATAD5,167,116,0.06347227841615677,6
seed_124,SR-ATAD5,106,117,0.06308285146951675,4
seed_124,SR-ATAD5,220,118,0.056386034935712814,2
seed_124,SR-ATAD5,229,119,0.05592053756117821,7
seed_124,SR-ATAD5,152,120,0.053128063678741455,3
seed_124,SR-ATAD5,78,121,0.05195854604244232,5
seed_124,SR-ATAD5,44,122,0.05165396258234978,3
seed_124,SR-ATAD5,212,123,0.0494537428021431,7
seed_124,SR-ATAD5,113,124,0.049305375665426254,13
seed_124,SR-ATAD5,201,125,0.04577440768480301,4
seed_124,SR-ATAD5,77,126,0.04536888003349304,5
seed_124,SR-ATAD5,82,127,0.044144030660390854,4
seed_124,SR-ATAD5,250,128,0.04388341307640076,4
seed_124,SR-ATAD5,27,129,0.04306110739707947,8
seed_124,SR-ATAD5,248,130,0.04304087162017822,2
seed_124,SR-ATAD5,28,131,0.04251529648900032,7
seed_124,SR-ATAD5,138,132,0.04230188578367233,3
seed_124,SR-ATAD5,171,133,0.04199656471610069,2
seed_124,SR-ATAD5,276,134,0.0419466458261013,8
seed_124,SR-ATAD5,127,135,0.04135748744010925,4
seed_124,SR-ATAD5,88,136,0.04120967164635658,4
seed_124,SR-ATAD5,120,137,0.04082261398434639,5
seed_124,SR-ATAD5,291,138,0.04077766090631485,2
seed_124,SR-ATAD5,85,139,0.040137097239494324,3
seed_124,SR-ATAD5,207,140,0.03931836038827896,2
seed_124,SR-ATAD5,13,141,0.039253268390893936,6
seed_124,SR-ATAD5,213,142,0.039252281188964844,4
seed_124,SR-ATAD5,246,143,0.039196137338876724,3
seed_124,SR-ATAD5,185,144,0.03904528170824051,3
seed_124,SR-ATAD5,268,145,0.038472022861242294,4
seed_124,SR-ATAD5,91,146,0.037795376032590866,6
seed_124,SR-ATAD5,149,147,0.03751512989401817,2
seed_124,SR-ATAD5,186,148,0.03505831956863403,3
seed_124,SR-ATAD5,3,149,0.034467730671167374,6
seed_124,SR-ATAD5,251,150,0.03420942276716232,3
seed_124,SR-ATAD5,104,151,0.03401028737425804,4
seed_124,SR-ATAD5,215,152,0.03352276608347893,4
seed_124,SR-ATAD5,130,153,0.0333881601691246,4
seed_124,SR-ATAD5,144,154,0.033335600048303604,7
seed_124,SR-ATAD5,293,155,0.03235761076211929,3
seed_124,SR-ATAD5,155,156,0.032096244394779205,3
seed_124,SR-ATAD5,234,157,0.03198419138789177,2
seed_124,SR-ATAD5,51,158,0.03190295770764351,10
seed_124,SR-ATAD5,205,159,0.031108245253562927,3
seed_124,SR-ATAD5,264,160,0.03070766106247902,3
seed_124,SR-ATAD5,55,161,0.030685847625136375,6
seed_124,SR-ATAD5,224,162,0.030667297542095184,2
seed_124,SR-ATAD5,243,163,0.028616156429052353,2
seed_124,SR-ATAD5,196,164,0.028427304700016975,4
seed_124,SR-ATAD5,254,165,0.02802497334778309,2
seed_124,SR-ATAD5,48,166,0.027930041775107384,7
seed_124,SR-ATAD5,269,167,0.02776038832962513,4
seed_124,SR-ATAD5,9,168,0.02758418768644333,3
seed_124,SR-ATAD5,38,169,0.02687629498541355,4
seed_124,SR-ATAD5,34,170,0.026410197839140892,5
seed_124,SR-ATAD5,87,171,0.02588481456041336,4
seed_124,SR-ATAD5,53,172,0.025157609954476357,6
seed_124,SR-ATAD5,134,173,0.024880055338144302,3
seed_124,SR-ATAD5,30,174,0.024836579337716103,5
seed_124,SR-ATAD5,19,175,0.02472267672419548,4
seed_124,SR-ATAD5,286,176,0.024157023057341576,2
seed_124,SR-ATAD5,124,177,0.023898126557469368,4
seed_124,SR-ATAD5,133,178,0.023881135508418083,6
seed_124,SR-ATAD5,194,179,0.023869730532169342,3
seed_124,SR-ATAD5,97,180,0.02327561378479004,2
seed_124,SR-ATAD5,102,181,0.02327454276382923,6
seed_124,SR-ATAD5,17,182,0.023252181708812714,5
seed_124,SR-ATAD5,8,183,0.02296239137649536,6
seed_124,SR-ATAD5,95,184,0.02294287644326687,4
seed_124,SR-ATAD5,146,185,0.022647729143500328,5
seed_124,SR-ATAD5,206,186,0.022523831576108932,4
seed_124,SR-ATAD5,249,187,0.022313127294182777,3
seed_124,SR-ATAD5,14,188,0.021569224074482918,5
seed_124,SR-ATAD5,208,189,0.02138739824295044,3
seed_124,SR-ATAD5,169,190,0.021299339830875397,8
seed_124,SR-ATAD5,47,191,0.02116362936794758,4
seed_124,SR-ATAD5,260,192,0.021045440807938576,5
seed_124,SR-ATAD5,132,193,0.02031777799129486,2
seed_124,SR-ATAD5,161,194,0.019995110109448433,2
seed_124,SR-ATAD5,188,195,0.019989237189292908,2
seed_124,SR-ATAD5,60,196,0.01964956894516945,3
seed_124,SR-ATAD5,289,197,0.019615413621068,2
seed_124,SR-ATAD5,162,198,0.019380813464522362,3
seed_124,SR-ATAD5,198,199,0.0193704292178154,3
seed_124,SR-ATAD5,20,200,0.018055768683552742,4
seed_124,SR-ATAD5,179,201,0.017952777445316315,3
seed_124,SR-ATAD5,158,202,0.017736269161105156,3
seed_124,SR-ATAD5,273,203,0.017679424956440926,2
seed_124,SR-ATAD5,163,204,0.01754004694521427,3
seed_124,SR-ATAD5,90,205,0.01746356301009655,6
seed_124,SR-ATAD5,16,206,0.01727811060845852,4
seed_124,SR-ATAD5,76,207,0.017247652634978294,2
seed_124,SR-ATAD5,96,208,0.017162678763270378,5
seed_124,SR-ATAD5,210,209,0.017028948292136192,6
seed_124,SR-ATAD5,298,210,0.01668844185769558,4
seed_124,SR-ATAD5,105,211,0.01654208078980446,3
seed_124,SR-ATAD5,239,212,0.015043416060507298,3
seed_124,SR-ATAD5,192,213,0.014856074936687946,3
seed_124,SR-ATAD5,279,214,0.014552440494298935,2
seed_124,SR-ATAD5,230,215,0.01408170722424984,3
seed_124,SR-ATAD5,50,216,0.013889344409108162,3
seed_124,SR-ATAD5,227,217,0.013809525407850742,3
seed_124,SR-ATAD5,159,218,0.013132109306752682,2
seed_124,SR-ATAD5,121,219,0.013027588836848736,7
seed_124,SR-ATAD5,165,220,0.012821076437830925,4
seed_124,SR-ATAD5,197,221,0.012775211594998837,3
seed_124,SR-ATAD5,174,222,0.012370713986456394,2
seed_124,SR-ATAD5,173,223,0.012335010804235935,4
seed_124,SR-ATAD5,182,224,0.011871523223817348,2
seed_124,SR-ATAD5,235,225,0.01182208675891161,5
seed_124,SR-ATAD5,202,226,0.011787153780460358,3
seed_124,SR-ATAD5,177,227,0.011753302067518234,4
seed_124,SR-ATAD5,255,228,0.011527885682880878,2
seed_124,SR-ATAD5,236,229,0.01149618998169899,3
seed_124,SR-ATAD5,237,230,0.011444871313869953,2
seed_124,SR-ATAD5,228,231,0.011395351961255074,4
seed_124,SR-ATAD5,116,232,0.010277891531586647,3
seed_124,SR-ATAD5,214,233,0.010122837498784065,2
seed_124,SR-ATAD5,131,234,0.009883757680654526,2
seed_124,SR-ATAD5,271,235,0.009789098985493183,3
seed_124,SR-ATAD5,100,236,0.009426918812096119,3
seed_124,SR-ATAD5,267,237,0.009334792383015156,2
seed_124,SR-ATAD5,65,238,0.009252024814486504,3
seed_124,SR-ATAD5,232,239,0.009102570824325085,2
seed_124,SR-ATAD5,274,240,0.008980619721114635,2
seed_124,SR-ATAD5,203,241,0.008949794806540012,4
seed_124,SR-ATAD5,187,242,0.008912967517971992,3
seed_124,SR-ATAD5,282,243,0.008841986767947674,3
seed_124,SR-ATAD5,26,244,0.008423514664173126,4
seed_124,SR-ATAD5,143,245,0.008184853009879589,5
seed_124,SR-ATAD5,94,246,0.008166905492544174,2
seed_124,SR-ATAD5,153,247,0.008065011352300644,2
seed_124,SR-ATAD5,241,248,0.007861834019422531,3
seed_124,SR-ATAD5,295,249,0.007757009007036686,2
seed_124,SR-ATAD5,256,250,0.007512349635362625,2
seed_124,SR-ATAD5,262,251,0.007306226994842291,3
seed_124,SR-ATAD5,253,252,0.00705374963581562,1
seed_124,SR-ATAD5,101,253,0.006995240692049265,3
seed_124,SR-ATAD5,288,254,0.006305442191660404,2
seed_124,SR-ATAD5,292,255,0.006253550294786692,3
seed_124,SR-ATAD5,164,256,0.00601571798324585,2
seed_124,SR-ATAD5,150,257,0.005948829930275679,3
seed_124,SR-ATAD5,103,258,0.005846915766596794,3
seed_124,SR-ATAD5,278,259,0.005586287006735802,2
seed_124,SR-ATAD5,226,260,0.005433625541627407,2
seed_124,SR-ATAD5,191,261,0.0054335761815309525,2
seed_124,SR-ATAD5,5,262,0.00523501867428422,4
seed_124,SR-ATAD5,69,263,0.0049262866377830505,8
seed_124,SR-ATAD5,98,264,0.0047086672857403755,2
seed_124,SR-ATAD5,284,265,0.004696720279753208,2
seed_124,SR-ATAD5,223,266,0.004694574512541294,2
seed_124,SR-ATAD5,68,267,0.004434983246028423,2
seed_124,SR-ATAD5,280,268,0.004423641134053469,3
seed_124,SR-ATAD5,137,269,0.00408513518050313,2
seed_124,SR-ATAD5,54,270,0.0038766709621995687,5
seed_124,SR-ATAD5,118,271,0.003824707353487611,4
seed_124,SR-ATAD5,258,272,0.003740423358976841,3
seed_124,SR-ATAD5,265,273,0.0036802797112613916,1
seed_124,SR-ATAD5,18,274,0.003340767463669181,4
seed_124,SR-ATAD5,11,275,0.0027674974408000708,2
seed_124,SR-ATAD5,275,276,0.002636697143316269,2
seed_124,SR-ATAD5,259,277,0.0025846511125564575,2
seed_124,SR-ATAD5,238,278,0.002554782899096608,1
seed_124,SR-ATAD5,156,279,0.002325331559404731,2
seed_124,SR-ATAD5,294,280,0.002301730215549469,2
seed_124,SR-ATAD5,240,281,0.002190440194681287,1
seed_124,SR-ATAD5,285,282,0.002098808530718088,1
seed_124,SR-ATAD5,297,283,0.0019565902184695005,1
seed_124,SR-ATAD5,216,284,0.0013328536879271269,2
seed_124,SR-ATAD5,119,285,0.0012484866892918944,2
seed_124,SR-ATAD5,261,286,0.0011687608202919364,3
seed_124,SR-ATAD5,283,287,0.0010848533129319549,2
seed_124,SR-ATAD5,178,288,0.0008480378892272711,2
seed_124,SR-ATAD5,151,289,0.0006666353438049555,2
seed_124,SR-ATAD5,281,290,0.0006399581325240433,1
seed_124,SR-ATAD5,41,291,0.0005732873105444014,2
seed_124,SR-ATAD5,157,292,0.00039687493699602783,2
seed_124,SR-ATAD5,125,293,0.00018832349451258779,3
seed_124,SR-ATAD5,141,294,0.00010663671855581924,2
seed_124,SR-ATAD5,199,295,0.0,2
seed_124,SR-ATAD5,272,296,0.0,1
seed_124,SR-ATAD5,266,297,0.0,1
seed_124,SR-ATAD5,277,298,0.0,1
seed_124,SR-ATAD5,244,299,0.0,1
seed_124,SR-p53,70,0,4.159460544586182,27
seed_124,SR-p53,168,1,3.6644771099090576,79
seed_124,SR-p53,72,2,3.06821346282959,15
seed_124,SR-p53,128,3,2.097475528717041,42
seed_124,SR-p53,139,4,1.8582898378372192,12
seed_124,SR-p53,7,5,1.5325095653533936,33
seed_124,SR-p53,74,6,1.4572025537490845,19
seed_124,SR-p53,0,7,1.350007176399231,20
seed_124,SR-p53,63,8,1.2515524625778198,51
seed_124,SR-p53,73,9,1.1823090314865112,16
seed_124,SR-p53,62,10,1.098031997680664,24
seed_124,SR-p53,110,11,1.0281606912612915,20
seed_124,SR-p53,58,12,1.0106014013290405,10
seed_124,SR-p53,29,13,1.002121090888977,39
seed_124,SR-p53,10,14,0.962280809879303,17
seed_124,SR-p53,24,15,0.8727492690086365,21
seed_124,SR-p53,189,16,0.8332502841949463,9
seed_124,SR-p53,57,17,0.8278151750564575,9
seed_124,SR-p53,52,18,0.7365338206291199,16
seed_124,SR-p53,66,19,0.6795159578323364,13
seed_124,SR-p53,6,20,0.6544899344444275,18
seed_124,SR-p53,23,21,0.6369702816009521,30
seed_124,SR-p53,56,22,0.6020597219467163,17
seed_124,SR-p53,84,23,0.6014646291732788,15
seed_124,SR-p53,46,24,0.5845470428466797,13
seed_124,SR-p53,22,25,0.5303270816802979,13
seed_124,SR-p53,71,26,0.49408844113349915,11
seed_124,SR-p53,59,27,0.47773051261901855,8
seed_124,SR-p53,67,28,0.46197614073753357,16
seed_124,SR-p53,287,29,0.4454287588596344,8
seed_124,SR-p53,221,30,0.44456949830055237,6
seed_124,SR-p53,114,31,0.4289327561855316,7
seed_124,SR-p53,33,32,0.4207315742969513,17
seed_124,SR-p53,49,33,0.41981595754623413,17
seed_124,SR-p53,43,34,0.3992483913898468,9
seed_124,SR-p53,193,35,0.3747377395629883,9
seed_124,SR-p53,217,36,0.37150606513023376,4
seed_124,SR-p53,231,37,0.3679525852203369,8
seed_124,SR-p53,252,38,0.36191996932029724,4
seed_124,SR-p53,136,39,0.3577582836151123,18
seed_124,SR-p53,15,40,0.34136080741882324,26
seed_124,SR-p53,175,41,0.3408280611038208,9
seed_124,SR-p53,290,42,0.3389030396938324,10
seed_124,SR-p53,39,43,0.33334216475486755,9
seed_124,SR-p53,190,44,0.3276854455471039,13
seed_124,SR-p53,93,45,0.3128332793712616,16
seed_124,SR-p53,263,46,0.3061981797218323,6
seed_124,SR-p53,245,47,0.30081865191459656,15
seed_124,SR-p53,25,48,0.288699746131897,8
seed_124,SR-p53,21,49,0.2883499562740326,13
seed_124,SR-p53,147,50,0.2841250002384186,16
seed_124,SR-p53,83,51,0.28372010588645935,9
seed_124,SR-p53,123,52,0.2826799154281616,11
seed_124,SR-p53,40,53,0.27222681045532227,6
seed_124,SR-p53,160,54,0.2708112895488739,11
seed_124,SR-p53,12,55,0.26669958233833313,6
seed_124,SR-p53,211,56,0.26650530099868774,13
seed_124,SR-p53,195,57,0.26312723755836487,11
seed_124,SR-p53,99,58,0.26122379302978516,7
seed_124,SR-p53,112,59,0.26085224747657776,10
seed_124,SR-p53,108,60,0.2522915303707123,14
seed_124,SR-p53,111,61,0.2409244328737259,5
seed_124,SR-p53,135,62,0.23898625373840332,9
seed_124,SR-p53,92,63,0.23827791213989258,21
seed_124,SR-p53,31,64,0.23266099393367767,20
seed_124,SR-p53,2,65,0.22761698067188263,14
seed_124,SR-p53,170,66,0.21911770105361938,6
seed_124,SR-p53,79,67,0.21884216368198395,9
seed_124,SR-p53,126,68,0.20931774377822876,10
seed_124,SR-p53,145,69,0.20846182107925415,17
seed_124,SR-p53,148,70,0.2081533968448639,14
seed_124,SR-p53,180,71,0.20607371628284454,5
seed_124,SR-p53,242,72,0.20158308744430542,6
seed_124,SR-p53,86,73,0.19946695864200592,9
seed_124,SR-p53,222,74,0.19497281312942505,4
seed_124,SR-p53,36,75,0.18985393643379211,7
seed_124,SR-p53,64,76,0.18859517574310303,7
seed_124,SR-p53,299,77,0.18817512691020966,7
seed_124,SR-p53,209,78,0.18613576889038086,7
seed_124,SR-p53,80,79,0.18314622342586517,8
seed_124,SR-p53,184,80,0.18272335827350616,7
seed_124,SR-p53,218,81,0.1795676201581955,3
seed_124,SR-p53,176,82,0.17852497100830078,5
seed_124,SR-p53,42,83,0.17638874053955078,5
seed_124,SR-p53,257,84,0.1746087223291397,8
seed_124,SR-p53,296,85,0.17124836146831512,10
seed_124,SR-p53,219,86,0.1693093329668045,16
seed_124,SR-p53,109,87,0.16802607476711273,7
seed_124,SR-p53,140,88,0.1626608818769455,19
seed_124,SR-p53,270,89,0.15768322348594666,4
seed_124,SR-p53,167,90,0.15656962990760803,6
seed_124,SR-p53,4,91,0.1501746028661728,9
seed_124,SR-p53,91,92,0.14944787323474884,6
seed_124,SR-p53,200,93,0.1472853273153305,8
seed_124,SR-p53,81,94,0.14149659872055054,19
seed_124,SR-p53,1,95,0.1398889571428299,6
seed_124,SR-p53,247,96,0.13645918667316437,4
seed_124,SR-p53,166,97,0.12793250381946564,6
seed_124,SR-p53,75,98,0.12602755427360535,13
seed_124,SR-p53,95,99,0.12472300976514816,4
seed_124,SR-p53,183,100,0.12113949656486511,7
seed_124,SR-p53,117,101,0.11886942386627197,7
seed_124,SR-p53,212,102,0.11739271879196167,7
seed_124,SR-p53,134,103,0.11684174090623856,3
seed_124,SR-p53,45,104,0.11641529947519302,8
seed_124,SR-p53,88,105,0.1152358129620552,4
seed_124,SR-p53,120,106,0.11191926151514053,5
seed_124,SR-p53,250,107,0.11044159531593323,4
seed_124,SR-p53,55,108,0.10887495428323746,6
seed_124,SR-p53,143,109,0.10740929841995239,5
seed_124,SR-p53,129,110,0.10735242068767548,9
seed_124,SR-p53,243,111,0.10696341097354889,2
seed_124,SR-p53,204,112,0.10517381131649017,7
seed_124,SR-p53,127,113,0.10399025678634644,4
seed_124,SR-p53,235,114,0.10340684652328491,5
seed_124,SR-p53,276,115,0.10191860795021057,8
seed_124,SR-p53,225,116,0.0999535545706749,6
seed_124,SR-p53,233,117,0.09719802439212799,6
seed_124,SR-p53,237,118,0.09607169032096863,2
seed_124,SR-p53,106,119,0.09574803709983826,4
seed_124,SR-p53,35,120,0.09475976228713989,4
seed_124,SR-p53,144,121,0.0909397155046463,7
seed_124,SR-p53,37,122,0.09018946439027786,7
seed_124,SR-p53,248,123,0.08508124202489853,2
seed_124,SR-p53,196,124,0.08158919215202332,4
seed_124,SR-p53,154,125,0.08081595599651337,5
seed_124,SR-p53,107,126,0.07984393835067749,6
seed_124,SR-p53,13,127,0.07975579798221588,6
seed_124,SR-p53,269,128,0.07850424945354462,4
seed_124,SR-p53,172,129,0.07784641534090042,4
seed_124,SR-p53,3,130,0.07742200791835785,6
seed_124,SR-p53,163,131,0.077143594622612,3
seed_124,SR-p53,113,132,0.07709270715713501,13
seed_124,SR-p53,34,133,0.07520636171102524,5
seed_124,SR-p53,20,134,0.07265324890613556,4
seed_124,SR-p53,61,135,0.0718379095196724,6
seed_124,SR-p53,32,136,0.07066468894481659,8
seed_124,SR-p53,51,137,0.07013940066099167,10
seed_124,SR-p53,122,138,0.06950127333402634,6
seed_124,SR-p53,17,139,0.06634122133255005,5
seed_124,SR-p53,264,140,0.06384238600730896,3
seed_124,SR-p53,280,141,0.06318961828947067,3
seed_124,SR-p53,293,142,0.06284214556217194,3
seed_124,SR-p53,152,143,0.0627160519361496,3
seed_124,SR-p53,138,144,0.06182120367884636,3
seed_124,SR-p53,19,145,0.061510976403951645,4
seed_124,SR-p53,162,146,0.06080692633986473,3
seed_124,SR-p53,130,147,0.060427095741033554,4
seed_124,SR-p53,251,148,0.058805473148822784,3
seed_124,SR-p53,288,149,0.057484664022922516,2
seed_124,SR-p53,104,150,0.05652117729187012,4
seed_124,SR-p53,206,151,0.0562363937497139,4
seed_124,SR-p53,249,152,0.05566350743174553,3
seed_124,SR-p53,246,153,0.05566239356994629,3
seed_124,SR-p53,169,154,0.05535534396767616,8
seed_124,SR-p53,78,155,0.05397477373480797,5
seed_124,SR-p53,97,156,0.053713954985141754,2
seed_124,SR-p53,85,157,0.05370095372200012,3
seed_124,SR-p53,289,158,0.05269807204604149,2
seed_124,SR-p53,69,159,0.05256081745028496,8
seed_124,SR-p53,214,160,0.04956015571951866,2
seed_124,SR-p53,220,161,0.049356721341609955,2
seed_124,SR-p53,44,162,0.048648640513420105,3
seed_124,SR-p53,87,163,0.04763982817530632,4
seed_124,SR-p53,291,164,0.04717530682682991,2
seed_124,SR-p53,77,165,0.046722277998924255,5
seed_124,SR-p53,201,166,0.04622512310743332,4
seed_124,SR-p53,100,167,0.045819226652383804,3
seed_124,SR-p53,208,168,0.04440899193286896,3
seed_124,SR-p53,239,169,0.04392687603831291,3
seed_124,SR-p53,268,170,0.04347783699631691,4
seed_124,SR-p53,27,171,0.04328935220837593,8
seed_124,SR-p53,182,172,0.042944617569446564,2
seed_124,SR-p53,102,173,0.042750634253025055,6
seed_124,SR-p53,89,174,0.0426480732858181,3
seed_124,SR-p53,90,175,0.04261915385723114,6
seed_124,SR-p53,14,176,0.04227985441684723,5
seed_124,SR-p53,48,177,0.04220539331436157,7
seed_124,SR-p53,254,178,0.04167315363883972,2
seed_124,SR-p53,229,179,0.04140074923634529,7
seed_124,SR-p53,38,180,0.0410412922501564,4
seed_124,SR-p53,155,181,0.041020575910806656,3
seed_124,SR-p53,230,182,0.04091649502515793,3
seed_124,SR-p53,142,183,0.04085037484765053,3
seed_124,SR-p53,47,184,0.039878424257040024,4
seed_124,SR-p53,132,185,0.039365850389003754,2
seed_124,SR-p53,253,186,0.039145223796367645,1
seed_124,SR-p53,185,187,0.0390666201710701,3
seed_124,SR-p53,210,188,0.03873244300484657,6
seed_124,SR-p53,153,189,0.038580816239118576,2
seed_124,SR-p53,255,190,0.03794829547405243,2
seed_124,SR-p53,181,191,0.03774411976337433,4
seed_124,SR-p53,149,192,0.03756583854556084,2
seed_124,SR-p53,16,193,0.03736239671707153,4
seed_124,SR-p53,213,194,0.03716963902115822,4
seed_124,SR-p53,82,195,0.03618152439594269,4
seed_124,SR-p53,53,196,0.03557617962360382,6
seed_124,SR-p53,298,197,0.03531709685921669,4
seed_124,SR-p53,284,198,0.03404320776462555,2
seed_124,SR-p53,133,199,0.03355574607849121,6
seed_124,SR-p53,8,200,0.033250074833631516,6
seed_124,SR-p53,103,201,0.03321532905101776,3
seed_124,SR-p53,150,202,0.03302450478076935,3
seed_124,SR-p53,171,203,0.032130446285009384,2
seed_124,SR-p53,215,204,0.03194509074091911,4
seed_124,SR-p53,28,205,0.03186008334159851,7
seed_124,SR-p53,274,206,0.031634438782930374,2
seed_124,SR-p53,241,207,0.031039759516716003,3
seed_124,SR-p53,94,208,0.03065706230700016,2
seed_124,SR-p53,119,209,0.030552154406905174,2
seed_124,SR-p53,260,210,0.030359800904989243,5
seed_124,SR-p53,194,211,0.030239054933190346,3
seed_124,SR-p53,179,212,0.02991369552910328,3
seed_124,SR-p53,205,213,0.029902217909693718,3
seed_124,SR-p53,50,214,0.029648540541529655,3
seed_124,SR-p53,198,215,0.02959311194717884,3
seed_124,SR-p53,5,216,0.029500028118491173,4
seed_124,SR-p53,187,217,0.028605423867702484,3
seed_124,SR-p53,124,218,0.028340375050902367,4
seed_124,SR-p53,275,219,0.027849679812788963,2
seed_124,SR-p53,295,220,0.027305059134960175,2
seed_124,SR-p53,30,221,0.02627403661608696,5
seed_124,SR-p53,207,222,0.02626029960811138,2
seed_124,SR-p53,188,223,0.025769611820578575,2
seed_124,SR-p53,186,224,0.025616344064474106,3
seed_124,SR-p53,115,225,0.024958882480859756,4
seed_124,SR-p53,262,226,0.02475040592253208,3
seed_124,SR-p53,224,227,0.024604432284832,2
seed_124,SR-p53,54,228,0.022275285795331,5
seed_124,SR-p53,158,229,0.02225256711244583,3
seed_124,SR-p53,197,230,0.022178970277309418,3
seed_124,SR-p53,159,231,0.02201886847615242,2
seed_124,SR-p53,273,232,0.02184896729886532,2
seed_124,SR-p53,18,233,0.020302554592490196,4
seed_124,SR-p53,202,234,0.020121416077017784,3
seed_124,SR-p53,227,235,0.01999460719525814,3
seed_124,SR-p53,131,236,0.019374636933207512,2
seed_124,SR-p53,226,237,0.019313137978315353,2
seed_124,SR-p53,178,238,0.01919911988079548,2
seed_124,SR-p53,292,239,0.019022246822714806,3
seed_124,SR-p53,96,240,0.018809417262673378,5
seed_124,SR-p53,118,241,0.01834205538034439,4
seed_124,SR-p53,146,242,0.018194230273365974,5
seed_124,SR-p53,234,243,0.018153326585888863,2
seed_124,SR-p53,165,244,0.01755184680223465,4
seed_124,SR-p53,258,245,0.01738046668469906,3
seed_124,SR-p53,105,246,0.017350634559988976,3
seed_124,SR-p53,116,247,0.01732025295495987,3
seed_124,SR-p53,101,248,0.016808535903692245,3
seed_124,SR-p53,76,249,0.01679321750998497,2
seed_124,SR-p53,261,250,0.016626955941319466,3
seed_124,SR-p53,228,251,0.016249023377895355,4
seed_124,SR-p53,161,252,0.016207506880164146,2
seed_124,SR-p53,41,253,0.015932688489556313,2
seed_124,SR-p53,232,254,0.01560322567820549,2
seed_124,SR-p53,236,255,0.015478603541851044,3
seed_124,SR-p53,203,256,0.01516544446349144,4
seed_124,SR-p53,11,257,0.01500898227095604,2
seed_124,SR-p53,271,258,0.014280365779995918,3
seed_124,SR-p53,164,259,0.014189369976520538,2
seed_124,SR-p53,9,260,0.013953487388789654,3
seed_124,SR-p53,121,261,0.013791494071483612,7
seed_124,SR-p53,286,262,0.013586011715233326,2
seed_124,SR-p53,177,263,0.013202630914747715,4
seed_124,SR-p53,267,264,0.012939946725964546,2
seed_124,SR-p53,223,265,0.012578299269080162,2
seed_124,SR-p53,173,266,0.012327192351222038,4
seed_124,SR-p53,240,267,0.0115728247910738,1
seed_124,SR-p53,191,268,0.01044919528067112,2
seed_124,SR-p53,282,269,0.010112792253494263,3
seed_124,SR-p53,65,270,0.009624526835978031,3
seed_124,SR-p53,265,271,0.009444723837077618,1
seed_124,SR-p53,137,272,0.00899444054812193,2
seed_124,SR-p53,68,273,0.008796713314950466,2
seed_124,SR-p53,26,274,0.007990811951458454,4
seed_124,SR-p53,60,275,0.007824279367923737,3
seed_124,SR-p53,238,276,0.007740568369626999,1
seed_124,SR-p53,279,277,0.006512848660349846,2
seed_124,SR-p53,156,278,0.006452030967921019,2
seed_124,SR-p53,192,279,0.006410302594304085,3
seed_124,SR-p53,98,280,0.006305466406047344,2
seed_124,SR-p53,157,281,0.005904624704271555,2
seed_124,SR-p53,297,282,0.0054016332142055035,1
seed_124,SR-p53,174,283,0.005311039742082357,2
seed_124,SR-p53,259,284,0.00486423633992672,2
seed_124,SR-p53,256,285,0.004797596484422684,2
seed_124,SR-p53,216,286,0.002735486952587962,2
seed_124,SR-p53,285,287,0.0023208383936434984,1
seed_124,SR-p53,125,288,0.0021812303457409143,3
seed_124,SR-p53,141,289,0.0021062924060970545,2
seed_124,SR-p53,278,290,0.0017377163749188185,2
seed_124,SR-p53,294,291,0.0016023715725168586,2
seed_124,SR-p53,283,292,0.0014758502366021276,2
seed_124,SR-p53,151,293,0.0008979490958154202,2
seed_124,SR-p53,281,294,0.00025876358267851174,1
seed_124,SR-p53,266,295,0.0,1
seed_124,SR-p53,272,296,0.0,1
seed_124,SR-p53,199,297,0.0,2
seed_124,SR-p53,277,298,0.0,1
seed_124,SR-p53,244,299,0.0,1
seed_125,NR-AR,70,0,4.556211948394775,27
seed_125,NR-AR,168,1,4.0422282218933105,79
seed_125,NR-AR,72,2,3.063538074493408,15
seed_125,NR-AR,128,3,1.8402063846588135,42
seed_125,NR-AR,7,4,1.5756410360336304,33
seed_125,NR-AR,139,5,1.2955070734024048,12
seed_125,NR-AR,63,6,1.2409286499023438,51
seed_125,NR-AR,62,7,1.23515784740448,24
seed_125,NR-AR,74,8,1.1886188983917236,19
seed_125,NR-AR,52,9,1.028597116470337,16
seed_125,NR-AR,0,10,1.0073240995407104,20
seed_125,NR-AR,66,11,0.9803162813186646,13
seed_125,NR-AR,73,12,0.9507232904434204,16
seed_125,NR-AR,29,13,0.9242688417434692,39
seed_125,NR-AR,6,14,0.8975611329078674,18
seed_125,NR-AR,110,15,0.882148265838623,20
seed_125,NR-AR,189,16,0.8707411885261536,9
seed_125,NR-AR,10,17,0.8096122145652771,17
seed_125,NR-AR,24,18,0.6941152811050415,21
seed_125,NR-AR,84,19,0.6813745498657227,15
seed_125,NR-AR,57,20,0.6118754148483276,9
seed_125,NR-AR,184,21,0.5635929703712463,7
seed_125,NR-AR,114,22,0.5401233434677124,7
seed_125,NR-AR,58,23,0.5287994146347046,10
seed_125,NR-AR,190,24,0.5053991079330444,13
seed_125,NR-AR,23,25,0.4705987870693207,30
seed_125,NR-AR,2,26,0.4352584779262543,14
seed_125,NR-AR,15,27,0.40590324997901917,26
seed_125,NR-AR,136,28,0.4036320447921753,18
seed_125,NR-AR,22,29,0.39305147528648376,13
seed_125,NR-AR,25,30,0.3865937888622284,8
seed_125,NR-AR,221,31,0.38370585441589355,6
seed_125,NR-AR,46,32,0.3836158215999603,13
seed_125,NR-AR,245,33,0.3676995635032654,15
seed_125,NR-AR,287,34,0.36607325077056885,8
seed_125,NR-AR,231,35,0.3567150831222534,8
seed_125,NR-AR,33,36,0.354012668132782,17
seed_125,NR-AR,56,37,0.35234177112579346,17
seed_125,NR-AR,31,38,0.3509613275527954,20
seed_125,NR-AR,252,39,0.3497554659843445,4
seed_125,NR-AR,93,40,0.3490854501724243,16
seed_125,NR-AR,123,41,0.3459423780441284,11
seed_125,NR-AR,263,42,0.33776915073394775,6
seed_125,NR-AR,49,43,0.3334677219390869,17
seed_125,NR-AR,175,44,0.3241202235221863,9
seed_125,NR-AR,145,45,0.296379029750824,17
seed_125,NR-AR,71,46,0.27555325627326965,11
seed_125,NR-AR,219,47,0.27170681953430176,16
seed_125,NR-AR,36,48,0.2668102979660034,7
seed_125,NR-AR,135,49,0.256354421377182,9
seed_125,NR-AR,296,50,0.2553313672542572,10
seed_125,NR-AR,180,51,0.2545863389968872,5
seed_125,NR-AR,222,52,0.2500480115413666,4
seed_125,NR-AR,290,53,0.2490423619747162,10
seed_125,NR-AR,108,54,0.24723103642463684,14
seed_125,NR-AR,59,55,0.2472122758626938,8
seed_125,NR-AR,250,56,0.24221448600292206,4
seed_125,NR-AR,99,57,0.23705700039863586,7
seed_125,NR-AR,75,58,0.23191529512405396,13
seed_125,NR-AR,211,59,0.22846420109272003,13
seed_125,NR-AR,92,60,0.22796879708766937,21
seed_125,NR-AR,79,61,0.22781561315059662,9
seed_125,NR-AR,147,62,0.21989302337169647,16
seed_125,NR-AR,80,63,0.21795351803302765,8
seed_125,NR-AR,160,64,0.21242335438728333,11
seed_125,NR-AR,83,65,0.2118055522441864,9
seed_125,NR-AR,170,66,0.2101726084947586,6
seed_125,NR-AR,299,67,0.20590434968471527,7
seed_125,NR-AR,148,68,0.20589029788970947,14
seed_125,NR-AR,67,69,0.2043737769126892,16
seed_125,NR-AR,43,70,0.2042558789253235,9
seed_125,NR-AR,40,71,0.20375941693782806,6
seed_125,NR-AR,142,72,0.1985662281513214,3
seed_125,NR-AR,42,73,0.19444800913333893,5
seed_125,NR-AR,195,74,0.191438689827919,11
seed_125,NR-AR,204,75,0.190255805850029,7
seed_125,NR-AR,127,76,0.18893498182296753,4
seed_125,NR-AR,242,77,0.18668696284294128,6
seed_125,NR-AR,86,78,0.18618439137935638,9
seed_125,NR-AR,21,79,0.1844293624162674,13
seed_125,NR-AR,129,80,0.1797291785478592,9
seed_125,NR-AR,12,81,0.17876136302947998,6
seed_125,NR-AR,154,82,0.1740996539592743,5
seed_125,NR-AR,140,83,0.17092962563037872,19
seed_125,NR-AR,109,84,0.16938108205795288,7
seed_125,NR-AR,193,85,0.16303898394107819,9
seed_125,NR-AR,209,86,0.16053321957588196,7
seed_125,NR-AR,126,87,0.1558028757572174,10
seed_125,NR-AR,37,88,0.1533483862876892,7
seed_125,NR-AR,117,89,0.15296675264835358,7
seed_125,NR-AR,39,90,0.15177445113658905,9
seed_125,NR-AR,107,91,0.1398167759180069,6
seed_125,NR-AR,134,92,0.13953272998332977,3
seed_125,NR-AR,111,93,0.13790760934352875,5
seed_125,NR-AR,257,94,0.1363726556301117,8
seed_125,NR-AR,166,95,0.1351466327905655,6
seed_125,NR-AR,112,96,0.13328133523464203,10
seed_125,NR-AR,248,97,0.12897945940494537,2
seed_125,NR-AR,81,98,0.12813828885555267,19
seed_125,NR-AR,113,99,0.12769001722335815,13
seed_125,NR-AR,4,100,0.12722013890743256,9
seed_125,NR-AR,143,101,0.12642860412597656,5
seed_125,NR-AR,269,102,0.11855752021074295,4
seed_125,NR-AR,45,103,0.11590850353240967,8
seed_125,NR-AR,212,104,0.11387170851230621,7
seed_125,NR-AR,28,105,0.10951516032218933,7
seed_125,NR-AR,13,106,0.10779669880867004,6
seed_125,NR-AR,55,107,0.10394471883773804,6
seed_125,NR-AR,144,108,0.10299639403820038,7
seed_125,NR-AR,91,109,0.10263232886791229,6
seed_125,NR-AR,239,110,0.09957442432641983,3
seed_125,NR-AR,233,111,0.09719250351190567,6
seed_125,NR-AR,172,112,0.09568803012371063,4
seed_125,NR-AR,200,113,0.09535031765699387,8
seed_125,NR-AR,1,114,0.0927768424153328,6
seed_125,NR-AR,106,115,0.08807080239057541,4
seed_125,NR-AR,50,116,0.08645080029964447,3
seed_125,NR-AR,104,117,0.08200163394212723,4
seed_125,NR-AR,51,118,0.081126369535923,10
seed_125,NR-AR,115,119,0.08104407787322998,4
seed_125,NR-AR,44,120,0.07962726801633835,3
seed_125,NR-AR,64,121,0.07900243997573853,7
seed_125,NR-AR,3,122,0.07883576303720474,6
seed_125,NR-AR,130,123,0.07865250110626221,4
seed_125,NR-AR,235,124,0.07732658833265305,5
seed_125,NR-AR,225,125,0.07719282060861588,6
seed_125,NR-AR,251,126,0.07617446035146713,3
seed_125,NR-AR,82,127,0.07593857496976852,4
seed_125,NR-AR,122,128,0.07539258897304535,6
seed_125,NR-AR,165,129,0.07482504099607468,4
seed_125,NR-AR,163,130,0.07465779036283493,3
seed_125,NR-AR,146,131,0.07334677875041962,5
seed_125,NR-AR,176,132,0.07325349748134613,5
seed_125,NR-AR,77,133,0.07101824879646301,5
seed_125,NR-AR,32,134,0.06846854090690613,8
seed_125,NR-AR,217,135,0.0664624571800232,4
seed_125,NR-AR,270,136,0.065851591527462,4
seed_125,NR-AR,38,137,0.06515220552682877,4
seed_125,NR-AR,286,138,0.06416869908571243,2
seed_125,NR-AR,167,139,0.06307151913642883,6
seed_125,NR-AR,268,140,0.06257712095975876,4
seed_125,NR-AR,20,141,0.06211351230740547,4
seed_125,NR-AR,183,142,0.06210720166563988,7
seed_125,NR-AR,213,143,0.06132137402892113,4
seed_125,NR-AR,182,144,0.061143580824136734,2
seed_125,NR-AR,138,145,0.060341328382492065,3
seed_125,NR-AR,149,146,0.05918867141008377,2
seed_125,NR-AR,229,147,0.05858207866549492,7
seed_125,NR-AR,169,148,0.05805808678269386,8
seed_125,NR-AR,192,149,0.05791661888360977,3
seed_125,NR-AR,185,150,0.05692996829748154,3
seed_125,NR-AR,246,151,0.056616105139255524,3
seed_125,NR-AR,206,152,0.0559091679751873,4
seed_125,NR-AR,249,153,0.05539971590042114,3
seed_125,NR-AR,78,154,0.054896023124456406,5
seed_125,NR-AR,247,155,0.054847221821546555,4
seed_125,NR-AR,207,156,0.054542914032936096,2
seed_125,NR-AR,254,157,0.05433676764369011,2
seed_125,NR-AR,276,158,0.05366387218236923,8
seed_125,NR-AR,224,159,0.053225141018629074,2
seed_125,NR-AR,69,160,0.053065888583660126,8
seed_125,NR-AR,19,161,0.05265157297253609,4
seed_125,NR-AR,90,162,0.052281249314546585,6
seed_125,NR-AR,171,163,0.05095338448882103,2
seed_125,NR-AR,264,164,0.05018644034862518,3
seed_125,NR-AR,152,165,0.05006304383277893,3
seed_125,NR-AR,120,166,0.04916517436504364,5
seed_125,NR-AR,289,167,0.04798957332968712,2
seed_125,NR-AR,198,168,0.04725431278347969,3
seed_125,NR-AR,271,169,0.04542772099375725,3
seed_125,NR-AR,234,170,0.04516752436757088,2
seed_125,NR-AR,291,171,0.04425991326570511,2
seed_125,NR-AR,48,172,0.04383894056081772,7
seed_125,NR-AR,124,173,0.04333830997347832,4
seed_125,NR-AR,214,174,0.04307476058602333,2
seed_125,NR-AR,197,175,0.04290882498025894,3
seed_125,NR-AR,35,176,0.04082749783992767,4
seed_125,NR-AR,220,177,0.04062044620513916,2
seed_125,NR-AR,181,178,0.04002302139997482,4
seed_125,NR-AR,210,179,0.039763227105140686,6
seed_125,NR-AR,102,180,0.03930497169494629,6
seed_125,NR-AR,232,181,0.0390041209757328,2
seed_125,NR-AR,243,182,0.03857788071036339,2
seed_125,NR-AR,293,183,0.03808102011680603,3
seed_125,NR-AR,237,184,0.037707529962062836,2
seed_125,NR-AR,162,185,0.037476103752851486,3
seed_125,NR-AR,17,186,0.03709825873374939,5
seed_125,NR-AR,201,187,0.03700179234147072,4
seed_125,NR-AR,89,188,0.035163119435310364,3
seed_125,NR-AR,218,189,0.03492710366845131,3
seed_125,NR-AR,61,190,0.0345381498336792,6
seed_125,NR-AR,30,191,0.03411668539047241,5
seed_125,NR-AR,14,192,0.03406192362308502,5
seed_125,NR-AR,203,193,0.034034691751003265,4
seed_125,NR-AR,236,194,0.033552464097738266,3
seed_125,NR-AR,96,195,0.033448103815317154,5
seed_125,NR-AR,280,196,0.03259788453578949,3
seed_125,NR-AR,258,197,0.03246808797121048,3
seed_125,NR-AR,103,198,0.030819464474916458,3
seed_125,NR-AR,54,199,0.030684934929013252,5
seed_125,NR-AR,27,200,0.03016318939626217,8
seed_125,NR-AR,87,201,0.02988424338400364,4
seed_125,NR-AR,47,202,0.029658133164048195,4
seed_125,NR-AR,85,203,0.029287120327353477,3
seed_125,NR-AR,173,204,0.029178887605667114,4
seed_125,NR-AR,262,205,0.028703033924102783,3
seed_125,NR-AR,194,206,0.028386469930410385,3
seed_125,NR-AR,101,207,0.027050655335187912,3
seed_125,NR-AR,153,208,0.02684839814901352,2
seed_125,NR-AR,292,209,0.026795415207743645,3
seed_125,NR-AR,179,210,0.0266551673412323,3
seed_125,NR-AR,260,211,0.02622959017753601,5
seed_125,NR-AR,205,212,0.026203418150544167,3
seed_125,NR-AR,121,213,0.02569829300045967,7
seed_125,NR-AR,174,214,0.02465684339404106,2
seed_125,NR-AR,202,215,0.02424797974526882,3
seed_125,NR-AR,76,216,0.02409267984330654,2
seed_125,NR-AR,158,217,0.023629767820239067,3
seed_125,NR-AR,227,218,0.023585090413689613,3
seed_125,NR-AR,186,219,0.02336057834327221,3
seed_125,NR-AR,88,220,0.022858334705233574,4
seed_125,NR-AR,196,221,0.02218831703066826,4
seed_125,NR-AR,16,222,0.021764468401670456,4
seed_125,NR-AR,255,223,0.021711261942982674,2
seed_125,NR-AR,295,224,0.021281905472278595,2
seed_125,NR-AR,177,225,0.020810410380363464,4
seed_125,NR-AR,150,226,0.019688142463564873,3
seed_125,NR-AR,100,227,0.019426332786679268,3
seed_125,NR-AR,230,228,0.019227003678679466,3
seed_125,NR-AR,53,229,0.0185223575681448,6
seed_125,NR-AR,238,230,0.018323620781302452,1
seed_125,NR-AR,65,231,0.01805046759545803,3
seed_125,NR-AR,118,232,0.017879150807857513,4
seed_125,NR-AR,275,233,0.017847908660769463,2
seed_125,NR-AR,155,234,0.01766958460211754,3
seed_125,NR-AR,5,235,0.01762481965124607,4
seed_125,NR-AR,9,236,0.016782764345407486,3
seed_125,NR-AR,273,237,0.01660168543457985,2
seed_125,NR-AR,8,238,0.016468346118927002,6
seed_125,NR-AR,133,239,0.016325710341334343,6
seed_125,NR-AR,298,240,0.016291167587041855,4
seed_125,NR-AR,191,241,0.01563820242881775,2
seed_125,NR-AR,60,242,0.01525027398020029,3
seed_125,NR-AR,274,243,0.01484948955476284,2
seed_125,NR-AR,284,244,0.014699267223477364,2
seed_125,NR-AR,105,245,0.01421788614243269,3
seed_125,NR-AR,281,246,0.014165080152451992,1
seed_125,NR-AR,161,247,0.014071217738091946,2
seed_125,NR-AR,95,248,0.013459403067827225,4
seed_125,NR-AR,34,249,0.01337624341249466,5
seed_125,NR-AR,68,250,0.01335212867707014,2
seed_125,NR-AR,132,251,0.013194878585636616,2
seed_125,NR-AR,98,252,0.012681529857218266,2
seed_125,NR-AR,228,253,0.01234061922878027,4
seed_125,NR-AR,215,254,0.011755269952118397,4
seed_125,NR-AR,18,255,0.011394062079489231,4
seed_125,NR-AR,256,256,0.011156009510159492,2
seed_125,NR-AR,279,257,0.011152101680636406,2
seed_125,NR-AR,97,258,0.010620137676596642,2
seed_125,NR-AR,297,259,0.01048962865024805,1
seed_125,NR-AR,288,260,0.009427383542060852,2
seed_125,NR-AR,208,261,0.009424163959920406,3
seed_125,NR-AR,159,262,0.009334420785307884,2
seed_125,NR-AR,261,263,0.00911055225878954,3
seed_125,NR-AR,116,264,0.009098739363253117,3
seed_125,NR-AR,94,265,0.009044082835316658,2
seed_125,NR-AR,187,266,0.008873146027326584,3
seed_125,NR-AR,282,267,0.00860677007585764,3
seed_125,NR-AR,131,268,0.007854984141886234,2
seed_125,NR-AR,41,269,0.007758236490190029,2
seed_125,NR-AR,253,270,0.007286230102181435,1
seed_125,NR-AR,241,271,0.00705579062923789,3
seed_125,NR-AR,188,272,0.006597612984478474,2
seed_125,NR-AR,259,273,0.006245595868676901,2
seed_125,NR-AR,164,274,0.006184858735650778,2
seed_125,NR-AR,226,275,0.005762754939496517,2
seed_125,NR-AR,178,276,0.005407670512795448,2
seed_125,NR-AR,11,277,0.00431932182982564,2
seed_125,NR-AR,267,278,0.004317568149417639,2
seed_125,NR-AR,240,279,0.004276052117347717,1
seed_125,NR-AR,156,280,0.004103169776499271,2
seed_125,NR-AR,265,281,0.003797583281993866,1
seed_125,NR-AR,125,282,0.003524604020640254,3
seed_125,NR-AR,119,283,0.003137118648737669,2
seed_125,NR-AR,216,284,0.003026761580258608,2
seed_125,NR-AR,141,285,0.002943557919934392,2
seed_125,NR-AR,285,286,0.0022904756478965282,1
seed_125,NR-AR,223,287,0.0022774271201342344,2
seed_125,NR-AR,151,288,0.0021150570828467607,2
seed_125,NR-AR,26,289,0.0018574940040707588,4
seed_125,NR-AR,137,290,0.001625679200515151,2
seed_125,NR-AR,278,291,0.0013286140747368336,2
seed_125,NR-AR,294,292,0.0011873251060023904,2
seed_125,NR-AR,283,293,0.0010136038763448596,2
seed_125,NR-AR,157,294,0.0009027516352944076,2
seed_125,NR-AR,244,295,0.0,1
seed_125,NR-AR,272,296,0.0,1
seed_125,NR-AR,199,297,0.0,2
seed_125,NR-AR,277,298,0.0,1
seed_125,NR-AR,266,299,0.0,1
seed_125,NR-Aromatase,70,0,3.7527098655700684,27
seed_125,NR-Aromatase,168,1,3.2608115673065186,79
seed_125,NR-Aromatase,72,2,2.275179147720337,15
seed_125,NR-Aromatase,139,3,1.6733914613723755,12
seed_125,NR-Aromatase,128,4,1.3223977088928223,42
seed_125,NR-Aromatase,7,5,1.2776196002960205,33
seed_125,NR-Aromatase,287,6,1.101668119430542,8
seed_125,NR-Aromatase,110,7,1.036968469619751,20
seed_125,NR-Aromatase,0,8,1.0301862955093384,20
seed_125,NR-Aromatase,58,9,0.8571382761001587,10
seed_125,NR-Aromatase,63,10,0.8346437215805054,51
seed_125,NR-Aromatase,6,11,0.7991787791252136,18
seed_125,NR-Aromatase,52,12,0.7143569588661194,16
seed_125,NR-Aromatase,29,13,0.7083948850631714,39
seed_125,NR-Aromatase,73,14,0.6230825781822205,16
seed_125,NR-Aromatase,57,15,0.5879375338554382,9
seed_125,NR-Aromatase,66,16,0.5667678713798523,13
seed_125,NR-Aromatase,62,17,0.56661456823349,24
seed_125,NR-Aromatase,10,18,0.559288740158081,17
seed_125,NR-Aromatase,74,19,0.5559097528457642,19
seed_125,NR-Aromatase,190,20,0.5317550897598267,13
seed_125,NR-Aromatase,24,21,0.5289558172225952,21
seed_125,NR-Aromatase,84,22,0.48987266421318054,15
seed_125,NR-Aromatase,33,23,0.4755202531814575,17
seed_125,NR-Aromatase,189,24,0.45389294624328613,9
seed_125,NR-Aromatase,296,25,0.44026902318000793,10
seed_125,NR-Aromatase,175,26,0.39466533064842224,9
seed_125,NR-Aromatase,263,27,0.3830668330192566,6
seed_125,NR-Aromatase,219,28,0.3659852147102356,16
seed_125,NR-Aromatase,209,29,0.3394969403743744,7
seed_125,NR-Aromatase,231,30,0.33618712425231934,8
seed_125,NR-Aromatase,136,31,0.332156777381897,18
seed_125,NR-Aromatase,23,32,0.3294955790042877,30
seed_125,NR-Aromatase,114,33,0.3220618963241577,7
seed_125,NR-Aromatase,245,34,0.3202340304851532,15
seed_125,NR-Aromatase,15,35,0.3046567142009735,26
seed_125,NR-Aromatase,40,36,0.2939036190509796,6
seed_125,NR-Aromatase,56,37,0.29358071088790894,17
seed_125,NR-Aromatase,93,38,0.27130135893821716,16
seed_125,NR-Aromatase,46,39,0.2634054720401764,13
seed_125,NR-Aromatase,22,40,0.2606074810028076,13
seed_125,NR-Aromatase,43,41,0.2511192262172699,9
seed_125,NR-Aromatase,71,42,0.2500118017196655,11
seed_125,NR-Aromatase,222,43,0.24774698913097382,4
seed_125,NR-Aromatase,160,44,0.2360888421535492,11
seed_125,NR-Aromatase,193,45,0.23544615507125854,9
seed_125,NR-Aromatase,252,46,0.23344092071056366,4
seed_125,NR-Aromatase,92,47,0.21997416019439697,21
seed_125,NR-Aromatase,25,48,0.2169167548418045,8
seed_125,NR-Aromatase,59,49,0.21665488183498383,8
seed_125,NR-Aromatase,211,50,0.21159754693508148,13
seed_125,NR-Aromatase,79,51,0.20996136963367462,9
seed_125,NR-Aromatase,221,52,0.20385044813156128,6
seed_125,NR-Aromatase,290,53,0.20202936232089996,10
seed_125,NR-Aromatase,184,54,0.19814112782478333,7
seed_125,NR-Aromatase,147,55,0.19780577719211578,16
seed_125,NR-Aromatase,49,56,0.19520241022109985,17
seed_125,NR-Aromatase,140,57,0.19225239753723145,19
seed_125,NR-Aromatase,148,58,0.19153104722499847,14
seed_125,NR-Aromatase,67,59,0.18734879791736603,16
seed_125,NR-Aromatase,167,60,0.18642748892307281,6
seed_125,NR-Aromatase,123,61,0.18233437836170197,11
seed_125,NR-Aromatase,195,62,0.18224623799324036,11
seed_125,NR-Aromatase,2,63,0.18177734315395355,14
seed_125,NR-Aromatase,12,64,0.17901507019996643,6
seed_125,NR-Aromatase,31,65,0.17296496033668518,20
seed_125,NR-Aromatase,145,66,0.16875238716602325,17
seed_125,NR-Aromatase,126,67,0.16024571657180786,10
seed_125,NR-Aromatase,1,68,0.15773840248584747,6
seed_125,NR-Aromatase,86,69,0.15481673181056976,9
seed_125,NR-Aromatase,170,70,0.15161386132240295,6
seed_125,NR-Aromatase,166,71,0.1503096967935562,6
seed_125,NR-Aromatase,83,72,0.15027214586734772,9
seed_125,NR-Aromatase,107,73,0.142430379986763,6
seed_125,NR-Aromatase,299,74,0.1384175419807434,7
seed_125,NR-Aromatase,36,75,0.13647310435771942,7
seed_125,NR-Aromatase,64,76,0.13462787866592407,7
seed_125,NR-Aromatase,176,77,0.13439497351646423,5
seed_125,NR-Aromatase,154,78,0.1328422874212265,5
seed_125,NR-Aromatase,81,79,0.13191786408424377,19
seed_125,NR-Aromatase,80,80,0.13095155358314514,8
seed_125,NR-Aromatase,21,81,0.12580332159996033,13
seed_125,NR-Aromatase,135,82,0.122703917324543,9
seed_125,NR-Aromatase,108,83,0.1223306879401207,14
seed_125,NR-Aromatase,37,84,0.11701111495494843,7
seed_125,NR-Aromatase,39,85,0.1156044751405716,9
seed_125,NR-Aromatase,99,86,0.11520913243293762,7
seed_125,NR-Aromatase,204,87,0.11453744769096375,7
seed_125,NR-Aromatase,91,88,0.1111159697175026,6
seed_125,NR-Aromatase,13,89,0.11080394685268402,6
seed_125,NR-Aromatase,248,90,0.10636544972658157,2
seed_125,NR-Aromatase,50,91,0.10550802201032639,3
seed_125,NR-Aromatase,112,92,0.10425923764705658,10
seed_125,NR-Aromatase,75,93,0.10395912081003189,13
seed_125,NR-Aromatase,270,94,0.1029595136642456,4
seed_125,NR-Aromatase,129,95,0.10156933963298798,9
seed_125,NR-Aromatase,4,96,0.09908825904130936,9
seed_125,NR-Aromatase,78,97,0.09803833067417145,5
seed_125,NR-Aromatase,257,98,0.09777360409498215,8
seed_125,NR-Aromatase,88,99,0.09670707583427429,4
seed_125,NR-Aromatase,113,100,0.0947556421160698,13
seed_125,NR-Aromatase,217,101,0.09012896567583084,4
seed_125,NR-Aromatase,51,102,0.08941918611526489,10
seed_125,NR-Aromatase,180,103,0.08866195380687714,5
seed_125,NR-Aromatase,233,104,0.08552642911672592,6
seed_125,NR-Aromatase,117,105,0.08336611092090607,7
seed_125,NR-Aromatase,293,106,0.08311675488948822,3
seed_125,NR-Aromatase,225,107,0.0825224369764328,6
seed_125,NR-Aromatase,32,108,0.0802152156829834,8
seed_125,NR-Aromatase,247,109,0.07797686755657196,4
seed_125,NR-Aromatase,104,110,0.07740174233913422,4
seed_125,NR-Aromatase,122,111,0.07685628533363342,6
seed_125,NR-Aromatase,200,112,0.07469334453344345,8
seed_125,NR-Aromatase,111,113,0.07313190400600433,5
seed_125,NR-Aromatase,269,114,0.07278183847665787,4
seed_125,NR-Aromatase,42,115,0.07249331474304199,5
seed_125,NR-Aromatase,127,116,0.07059966027736664,4
seed_125,NR-Aromatase,291,117,0.06904557347297668,2
seed_125,NR-Aromatase,274,118,0.06891664117574692,2
seed_125,NR-Aromatase,146,119,0.06884381920099258,5
seed_125,NR-Aromatase,115,120,0.06877350062131882,4
seed_125,NR-Aromatase,106,121,0.06809639930725098,4
seed_125,NR-Aromatase,61,122,0.06732550263404846,6
seed_125,NR-Aromatase,165,123,0.06553744524717331,4
seed_125,NR-Aromatase,213,124,0.0653119906783104,4
seed_125,NR-Aromatase,89,125,0.06315852701663971,3
seed_125,NR-Aromatase,28,126,0.06106537580490112,7
seed_125,NR-Aromatase,95,127,0.061013851314783096,4
seed_125,NR-Aromatase,138,128,0.06100538372993469,3
seed_125,NR-Aromatase,183,129,0.060420554131269455,7
seed_125,NR-Aromatase,218,130,0.05976793169975281,3
seed_125,NR-Aromatase,268,131,0.059024833142757416,4
seed_125,NR-Aromatase,250,132,0.057535942643880844,4
seed_125,NR-Aromatase,206,133,0.05615045875310898,4
seed_125,NR-Aromatase,149,134,0.05490918830037117,2
seed_125,NR-Aromatase,48,135,0.05434663966298103,7
seed_125,NR-Aromatase,172,136,0.05422903597354889,4
seed_125,NR-Aromatase,201,137,0.053288549184799194,4
seed_125,NR-Aromatase,35,138,0.05189688131213188,4
seed_125,NR-Aromatase,182,139,0.051865506917238235,2
seed_125,NR-Aromatase,276,140,0.0505598783493042,8
seed_125,NR-Aromatase,120,141,0.04984596371650696,5
seed_125,NR-Aromatase,181,142,0.04925006255507469,4
seed_125,NR-Aromatase,45,143,0.048913028091192245,8
seed_125,NR-Aromatase,242,144,0.04794849455356598,6
seed_125,NR-Aromatase,130,145,0.04778571426868439,4
seed_125,NR-Aromatase,3,146,0.047233693301677704,6
seed_125,NR-Aromatase,212,147,0.04648560658097267,7
seed_125,NR-Aromatase,143,148,0.04637463763356209,5
seed_125,NR-Aromatase,109,149,0.04619751125574112,7
seed_125,NR-Aromatase,229,150,0.046193934977054596,7
seed_125,NR-Aromatase,280,151,0.04612939804792404,3
seed_125,NR-Aromatase,144,152,0.04464058578014374,7
seed_125,NR-Aromatase,14,153,0.04338463023304939,5
seed_125,NR-Aromatase,20,154,0.04306984320282936,4
seed_125,NR-Aromatase,150,155,0.042097821831703186,3
seed_125,NR-Aromatase,230,156,0.041698671877384186,3
seed_125,NR-Aromatase,264,157,0.041417934000492096,3
seed_125,NR-Aromatase,205,158,0.040793418884277344,3
seed_125,NR-Aromatase,235,159,0.04035712033510208,5
seed_125,NR-Aromatase,251,160,0.03894565999507904,3
seed_125,NR-Aromatase,134,161,0.038331154733896255,3
seed_125,NR-Aromatase,253,162,0.03727489337325096,1
seed_125,NR-Aromatase,34,163,0.037064146250486374,5
seed_125,NR-Aromatase,27,164,0.037050750106573105,8
seed_125,NR-Aromatase,69,165,0.03679352253675461,8
seed_125,NR-Aromatase,102,166,0.03670371323823929,6
seed_125,NR-Aromatase,96,167,0.036433711647987366,5
seed_125,NR-Aromatase,103,168,0.034280095249414444,3
seed_125,NR-Aromatase,17,169,0.03414449840784073,5
seed_125,NR-Aromatase,163,170,0.03400496765971184,3
seed_125,NR-Aromatase,239,171,0.03334374353289604,3
seed_125,NR-Aromatase,196,172,0.0327235646545887,4
seed_125,NR-Aromatase,207,173,0.03229009732604027,2
seed_125,NR-Aromatase,192,174,0.03186042606830597,3
seed_125,NR-Aromatase,169,175,0.031597383320331573,8
seed_125,NR-Aromatase,97,176,0.03151411935687065,2
seed_125,NR-Aromatase,162,177,0.030668845400214195,3
seed_125,NR-Aromatase,77,178,0.029539743438363075,5
seed_125,NR-Aromatase,237,179,0.029530607163906097,2
seed_125,NR-Aromatase,186,180,0.029419489204883575,3
seed_125,NR-Aromatase,260,181,0.0291259977966547,5
seed_125,NR-Aromatase,246,182,0.028562644496560097,3
seed_125,NR-Aromatase,243,183,0.028243741020560265,2
seed_125,NR-Aromatase,90,184,0.02798490785062313,6
seed_125,NR-Aromatase,198,185,0.02764027565717697,3
seed_125,NR-Aromatase,177,186,0.027228115126490593,4
seed_125,NR-Aromatase,286,187,0.025888606905937195,2
seed_125,NR-Aromatase,220,188,0.025476399809122086,2
seed_125,NR-Aromatase,82,189,0.02529510296881199,4
seed_125,NR-Aromatase,53,190,0.024719135835766792,6
seed_125,NR-Aromatase,258,191,0.024348147213459015,3
seed_125,NR-Aromatase,55,192,0.02401462383568287,6
seed_125,NR-Aromatase,142,193,0.02359471656382084,3
seed_125,NR-Aromatase,288,194,0.023435750976204872,2
seed_125,NR-Aromatase,5,195,0.023391924798488617,4
seed_125,NR-Aromatase,54,196,0.023328067734837532,5
seed_125,NR-Aromatase,121,197,0.023268651217222214,7
seed_125,NR-Aromatase,161,198,0.022817613556981087,2
seed_125,NR-Aromatase,298,199,0.02256302908062935,4
seed_125,NR-Aromatase,289,200,0.022517181932926178,2
seed_125,NR-Aromatase,85,201,0.021815098822116852,3
seed_125,NR-Aromatase,65,202,0.020926998928189278,3
seed_125,NR-Aromatase,105,203,0.01979994773864746,3
seed_125,NR-Aromatase,152,204,0.019159387797117233,3
seed_125,NR-Aromatase,232,205,0.018901705741882324,2
seed_125,NR-Aromatase,132,206,0.01859116554260254,2
seed_125,NR-Aromatase,16,207,0.01741708442568779,4
seed_125,NR-Aromatase,185,208,0.01722467690706253,3
seed_125,NR-Aromatase,208,209,0.016559120267629623,3
seed_125,NR-Aromatase,203,210,0.016485070809721947,4
seed_125,NR-Aromatase,19,211,0.015981238335371017,4
seed_125,NR-Aromatase,236,212,0.01584218628704548,3
seed_125,NR-Aromatase,188,213,0.015717720612883568,2
seed_125,NR-Aromatase,249,214,0.015546141192317009,3
seed_125,NR-Aromatase,173,215,0.014708657748997211,4
seed_125,NR-Aromatase,124,216,0.014700546860694885,4
seed_125,NR-Aromatase,44,217,0.014539017342031002,3
seed_125,NR-Aromatase,100,218,0.01450286339968443,3
seed_125,NR-Aromatase,241,219,0.014047281816601753,3
seed_125,NR-Aromatase,210,220,0.013993329368531704,6
seed_125,NR-Aromatase,255,221,0.0138324573636055,2
seed_125,NR-Aromatase,187,222,0.01358738262206316,3
seed_125,NR-Aromatase,202,223,0.013543645851314068,3
seed_125,NR-Aromatase,101,224,0.013436452485620975,3
seed_125,NR-Aromatase,224,225,0.013412040658295155,2
seed_125,NR-Aromatase,295,226,0.01335932407528162,2
seed_125,NR-Aromatase,194,227,0.013352690264582634,3
seed_125,NR-Aromatase,18,228,0.01306567620486021,4
seed_125,NR-Aromatase,118,229,0.013040273450314999,4
seed_125,NR-Aromatase,87,230,0.012638472020626068,4
seed_125,NR-Aromatase,254,231,0.012548335827887058,2
seed_125,NR-Aromatase,98,232,0.01251343172043562,2
seed_125,NR-Aromatase,68,233,0.012336621060967445,2
seed_125,NR-Aromatase,275,234,0.012101858854293823,2
seed_125,NR-Aromatase,155,235,0.011482205241918564,3
seed_125,NR-Aromatase,60,236,0.011451072990894318,3
seed_125,NR-Aromatase,227,237,0.011342530138790607,3
seed_125,NR-Aromatase,215,238,0.011067160405218601,4
seed_125,NR-Aromatase,26,239,0.010901967994868755,4
seed_125,NR-Aromatase,159,240,0.010822090320289135,2
seed_125,NR-Aromatase,271,241,0.01068612840026617,3
seed_125,NR-Aromatase,153,242,0.010345344431698322,2
seed_125,NR-Aromatase,179,243,0.010271027684211731,3
seed_125,NR-Aromatase,133,244,0.010261994786560535,6
seed_125,NR-Aromatase,282,245,0.01021749246865511,3
seed_125,NR-Aromatase,214,246,0.010087843053042889,2
seed_125,NR-Aromatase,8,247,0.009366530925035477,6
seed_125,NR-Aromatase,116,248,0.009272715076804161,3
seed_125,NR-Aromatase,273,249,0.008786630816757679,2
seed_125,NR-Aromatase,292,250,0.00864114798605442,3
seed_125,NR-Aromatase,197,251,0.008572489954531193,3
seed_125,NR-Aromatase,259,252,0.008487335406243801,2
seed_125,NR-Aromatase,256,253,0.008439029566943645,2
seed_125,NR-Aromatase,234,254,0.00842333398759365,2
seed_125,NR-Aromatase,38,255,0.00837215967476368,4
seed_125,NR-Aromatase,240,256,0.00816592201590538,1
seed_125,NR-Aromatase,131,257,0.007936745882034302,2
seed_125,NR-Aromatase,171,258,0.00789100956171751,2
seed_125,NR-Aromatase,30,259,0.007716599386185408,5
seed_125,NR-Aromatase,9,260,0.007114897947758436,3
seed_125,NR-Aromatase,94,261,0.007112167775630951,2
seed_125,NR-Aromatase,262,262,0.006780605297535658,3
seed_125,NR-Aromatase,158,263,0.006680762395262718,3
seed_125,NR-Aromatase,156,264,0.006230925675481558,2
seed_125,NR-Aromatase,228,265,0.005923330318182707,4
seed_125,NR-Aromatase,11,266,0.005634460132569075,2
seed_125,NR-Aromatase,47,267,0.005337309092283249,4
seed_125,NR-Aromatase,281,268,0.005167456343770027,1
seed_125,NR-Aromatase,297,269,0.005098405759781599,1
seed_125,NR-Aromatase,265,270,0.004634880926460028,1
seed_125,NR-Aromatase,174,271,0.004469752311706543,2
seed_125,NR-Aromatase,151,272,0.004100339952856302,2
seed_125,NR-Aromatase,226,273,0.00405100779607892,2
seed_125,NR-Aromatase,191,274,0.0038549336604774,2
seed_125,NR-Aromatase,261,275,0.003531463211402297,3
seed_125,NR-Aromatase,125,276,0.0035012410953640938,3
seed_125,NR-Aromatase,267,277,0.0034069071989506483,2
seed_125,NR-Aromatase,119,278,0.0033370726741850376,2
seed_125,NR-Aromatase,285,279,0.0030338256619870663,1
seed_125,NR-Aromatase,279,280,0.002563921269029379,2
seed_125,NR-Aromatase,141,281,0.0025091315619647503,2
seed_125,NR-Aromatase,164,282,0.0022098878398537636,2
seed_125,NR-Aromatase,238,283,0.002033923752605915,1
seed_125,NR-Aromatase,284,284,0.0019911101553589106,2
seed_125,NR-Aromatase,76,285,0.0018772737821564078,2
seed_125,NR-Aromatase,41,286,0.0015040097059682012,2
seed_125,NR-Aromatase,157,287,0.0010987870628014207,2
seed_125,NR-Aromatase,216,288,0.000973920919932425,2
seed_125,NR-Aromatase,137,289,0.0007861806079745293,2
seed_125,NR-Aromatase,223,290,0.0006358303944580257,2
seed_125,NR-Aromatase,283,291,0.0005857956712134182,2
seed_125,NR-Aromatase,178,292,0.0005422196700237691,2
seed_125,NR-Aromatase,294,293,0.00041208555921912193,2
seed_125,NR-Aromatase,278,294,0.0002895561046898365,2
seed_125,NR-Aromatase,199,295,0.0,2
seed_125,NR-Aromatase,272,296,0.0,1
seed_125,NR-Aromatase,266,297,0.0,1
seed_125,NR-Aromatase,244,298,0.0,1
seed_125,NR-Aromatase,277,299,0.0,1
seed_125,NR-PPAR-gamma,70,0,5.064500331878662,27
seed_125,NR-PPAR-gamma,168,1,2.6847684383392334,79
seed_125,NR-PPAR-gamma,72,2,1.87662935256958,15
seed_125,NR-PPAR-gamma,128,3,1.6831512451171875,42
seed_125,NR-PPAR-gamma,58,4,1.1906626224517822,10
seed_125,NR-PPAR-gamma,52,5,1.103808045387268,16
seed_125,NR-PPAR-gamma,0,6,1.0299612283706665,20
seed_125,NR-PPAR-gamma,139,7,0.9934214353561401,12
seed_125,NR-PPAR-gamma,63,8,0.9403117299079895,51
seed_125,NR-PPAR-gamma,7,9,0.9011673927307129,33
seed_125,NR-PPAR-gamma,10,10,0.8996422290802002,17
seed_125,NR-PPAR-gamma,74,11,0.8097230792045593,19
seed_125,NR-PPAR-gamma,6,12,0.8082774877548218,18
seed_125,NR-PPAR-gamma,62,13,0.7707527279853821,24
seed_125,NR-PPAR-gamma,110,14,0.7619080543518066,20
seed_125,NR-PPAR-gamma,24,15,0.7413374185562134,21
seed_125,NR-PPAR-gamma,287,16,0.7412872910499573,8
seed_125,NR-PPAR-gamma,29,17,0.6899558901786804,39
seed_125,NR-PPAR-gamma,57,18,0.6680959463119507,9
seed_125,NR-PPAR-gamma,84,19,0.5160975456237793,15
seed_125,NR-PPAR-gamma,73,20,0.509160578250885,16
seed_125,NR-PPAR-gamma,189,21,0.44682344794273376,9
seed_125,NR-PPAR-gamma,231,22,0.42824986577033997,8
seed_125,NR-PPAR-gamma,22,23,0.39221954345703125,13
seed_125,NR-PPAR-gamma,2,24,0.3908008337020874,14
seed_125,NR-PPAR-gamma,67,25,0.388599157333374,16
seed_125,NR-PPAR-gamma,46,26,0.3559516966342926,13
seed_125,NR-PPAR-gamma,66,27,0.3496180474758148,13
seed_125,NR-PPAR-gamma,15,28,0.3465012013912201,26
seed_125,NR-PPAR-gamma,23,29,0.33987632393836975,30
seed_125,NR-PPAR-gamma,33,30,0.3214098811149597,17
seed_125,NR-PPAR-gamma,175,31,0.32017138600349426,9
seed_125,NR-PPAR-gamma,245,32,0.3182145059108734,15
seed_125,NR-PPAR-gamma,114,33,0.3169928789138794,7
seed_125,NR-PPAR-gamma,184,34,0.31276482343673706,7
seed_125,NR-PPAR-gamma,49,35,0.2921317517757416,17
seed_125,NR-PPAR-gamma,263,36,0.290757417678833,6
seed_125,NR-PPAR-gamma,296,37,0.2557730972766876,10
seed_125,NR-PPAR-gamma,59,38,0.2528029978275299,8
seed_125,NR-PPAR-gamma,71,39,0.24727609753608704,11
seed_125,NR-PPAR-gamma,190,40,0.24124111235141754,13
seed_125,NR-PPAR-gamma,39,41,0.2376987338066101,9
seed_125,NR-PPAR-gamma,25,42,0.23241448402404785,8
seed_125,NR-PPAR-gamma,145,43,0.22934198379516602,17
seed_125,NR-PPAR-gamma,136,44,0.22875384986400604,18
seed_125,NR-PPAR-gamma,12,45,0.22872121632099152,6
seed_125,NR-PPAR-gamma,299,46,0.22534526884555817,7
seed_125,NR-PPAR-gamma,92,47,0.22218802571296692,21
seed_125,NR-PPAR-gamma,31,48,0.2177804708480835,20
seed_125,NR-PPAR-gamma,160,49,0.21269376575946808,11
seed_125,NR-PPAR-gamma,221,50,0.21171101927757263,6
seed_125,NR-PPAR-gamma,290,51,0.20731273293495178,10
seed_125,NR-PPAR-gamma,193,52,0.20612066984176636,9
seed_125,NR-PPAR-gamma,140,53,0.20526735484600067,19
seed_125,NR-PPAR-gamma,123,54,0.202209010720253,11
seed_125,NR-PPAR-gamma,56,55,0.2001384049654007,17
seed_125,NR-PPAR-gamma,235,56,0.19885994493961334,5
seed_125,NR-PPAR-gamma,107,57,0.18436004221439362,6
seed_125,NR-PPAR-gamma,93,58,0.18025054037570953,16
seed_125,NR-PPAR-gamma,257,59,0.1711692363023758,8
seed_125,NR-PPAR-gamma,138,60,0.16879822313785553,3
seed_125,NR-PPAR-gamma,219,61,0.168662428855896,16
seed_125,NR-PPAR-gamma,21,62,0.1666153371334076,13
seed_125,NR-PPAR-gamma,64,63,0.16165338456630707,7
seed_125,NR-PPAR-gamma,147,64,0.16118842363357544,16
seed_125,NR-PPAR-gamma,80,65,0.15977808833122253,8
seed_125,NR-PPAR-gamma,111,66,0.1574915498495102,5
seed_125,NR-PPAR-gamma,200,67,0.1556008905172348,8
seed_125,NR-PPAR-gamma,167,68,0.15413086116313934,6
seed_125,NR-PPAR-gamma,36,69,0.153995081782341,7
seed_125,NR-PPAR-gamma,126,70,0.15140290558338165,10
seed_125,NR-PPAR-gamma,209,71,0.14932197332382202,7
seed_125,NR-PPAR-gamma,40,72,0.1476379632949829,6
seed_125,NR-PPAR-gamma,113,73,0.1474691778421402,13
seed_125,NR-PPAR-gamma,43,74,0.1461900919675827,9
seed_125,NR-PPAR-gamma,79,75,0.1457463800907135,9
seed_125,NR-PPAR-gamma,211,76,0.14467276632785797,13
seed_125,NR-PPAR-gamma,112,77,0.14168745279312134,10
seed_125,NR-PPAR-gamma,134,78,0.1412191390991211,3
seed_125,NR-PPAR-gamma,217,79,0.13577456772327423,4
seed_125,NR-PPAR-gamma,252,80,0.13348226249217987,4
seed_125,NR-PPAR-gamma,108,81,0.13252373039722443,14
seed_125,NR-PPAR-gamma,129,82,0.13229571282863617,9
seed_125,NR-PPAR-gamma,1,83,0.13191042840480804,6
seed_125,NR-PPAR-gamma,81,84,0.12326951324939728,19
seed_125,NR-PPAR-gamma,195,85,0.12326827645301819,11
seed_125,NR-PPAR-gamma,135,86,0.1203581839799881,9
seed_125,NR-PPAR-gamma,222,87,0.12016976624727249,4
seed_125,NR-PPAR-gamma,242,88,0.11998720467090607,6
seed_125,NR-PPAR-gamma,170,89,0.11835873872041702,6
seed_125,NR-PPAR-gamma,166,90,0.11727932095527649,6
seed_125,NR-PPAR-gamma,180,91,0.1155833974480629,5
seed_125,NR-PPAR-gamma,83,92,0.11343254148960114,9
seed_125,NR-PPAR-gamma,86,93,0.11173054575920105,9
seed_125,NR-PPAR-gamma,45,94,0.1111893355846405,8
seed_125,NR-PPAR-gamma,13,95,0.10741274803876877,6
seed_125,NR-PPAR-gamma,109,96,0.10501569509506226,7
seed_125,NR-PPAR-gamma,122,97,0.10413458198308945,6
seed_125,NR-PPAR-gamma,247,98,0.10356182605028152,4
seed_125,NR-PPAR-gamma,269,99,0.10237707197666168,4
seed_125,NR-PPAR-gamma,4,100,0.10127067565917969,9
seed_125,NR-PPAR-gamma,176,101,0.10004588216543198,5
seed_125,NR-PPAR-gamma,148,102,0.09866085648536682,14
seed_125,NR-PPAR-gamma,37,103,0.09185823053121567,7
seed_125,NR-PPAR-gamma,99,104,0.09131008386611938,7
seed_125,NR-PPAR-gamma,204,105,0.08788364380598068,7
seed_125,NR-PPAR-gamma,120,106,0.08675238490104675,5
seed_125,NR-PPAR-gamma,42,107,0.08650815486907959,5
seed_125,NR-PPAR-gamma,181,108,0.08395709097385406,4
seed_125,NR-PPAR-gamma,75,109,0.08350921422243118,13
seed_125,NR-PPAR-gamma,117,110,0.08348643034696579,7
seed_125,NR-PPAR-gamma,218,111,0.08323252946138382,3
seed_125,NR-PPAR-gamma,106,112,0.08232144266366959,4
seed_125,NR-PPAR-gamma,276,113,0.08142045885324478,8
seed_125,NR-PPAR-gamma,154,114,0.08096112310886383,5
seed_125,NR-PPAR-gamma,78,115,0.07934703677892685,5
seed_125,NR-PPAR-gamma,248,116,0.07682899385690689,2
seed_125,NR-PPAR-gamma,171,117,0.07451564818620682,2
seed_125,NR-PPAR-gamma,250,118,0.07428508251905441,4
seed_125,NR-PPAR-gamma,91,119,0.07387474179267883,6
seed_125,NR-PPAR-gamma,127,120,0.07315123081207275,4
seed_125,NR-PPAR-gamma,28,121,0.07237611711025238,7
seed_125,NR-PPAR-gamma,130,122,0.07087910175323486,4
seed_125,NR-PPAR-gamma,225,123,0.06993535906076431,6
seed_125,NR-PPAR-gamma,61,124,0.06946428120136261,6
seed_125,NR-PPAR-gamma,233,125,0.06844688206911087,6
seed_125,NR-PPAR-gamma,88,126,0.06825079768896103,4
seed_125,NR-PPAR-gamma,35,127,0.06664270162582397,4
seed_125,NR-PPAR-gamma,143,128,0.06594879180192947,5
seed_125,NR-PPAR-gamma,254,129,0.0644722506403923,2
seed_125,NR-PPAR-gamma,89,130,0.06353718042373657,3
seed_125,NR-PPAR-gamma,3,131,0.06319376081228256,6
seed_125,NR-PPAR-gamma,50,132,0.062355972826480865,3
seed_125,NR-PPAR-gamma,251,133,0.060973070561885834,3
seed_125,NR-PPAR-gamma,115,134,0.06066831201314926,4
seed_125,NR-PPAR-gamma,51,135,0.06057710945606232,10
seed_125,NR-PPAR-gamma,32,136,0.0598951019346714,8
seed_125,NR-PPAR-gamma,298,137,0.05968527868390083,4
seed_125,NR-PPAR-gamma,268,138,0.055638860911130905,4
seed_125,NR-PPAR-gamma,270,139,0.055511102080345154,4
seed_125,NR-PPAR-gamma,186,140,0.053216688334941864,3
seed_125,NR-PPAR-gamma,212,141,0.05284598842263222,7
seed_125,NR-PPAR-gamma,237,142,0.05222940072417259,2
seed_125,NR-PPAR-gamma,183,143,0.05053688958287239,7
seed_125,NR-PPAR-gamma,286,144,0.05015784129500389,2
seed_125,NR-PPAR-gamma,55,145,0.04924354329705238,6
seed_125,NR-PPAR-gamma,82,146,0.04859520122408867,4
seed_125,NR-PPAR-gamma,146,147,0.047654855996370316,5
seed_125,NR-PPAR-gamma,229,148,0.047207076102495193,7
seed_125,NR-PPAR-gamma,201,149,0.04705323278903961,4
seed_125,NR-PPAR-gamma,17,150,0.04669392108917236,5
seed_125,NR-PPAR-gamma,44,151,0.04635772481560707,3
seed_125,NR-PPAR-gamma,234,152,0.0442628487944603,2
seed_125,NR-PPAR-gamma,196,153,0.04220496863126755,4
seed_125,NR-PPAR-gamma,255,154,0.04203932359814644,2
seed_125,NR-PPAR-gamma,274,155,0.04077378287911415,2
seed_125,NR-PPAR-gamma,173,156,0.039522089064121246,4
seed_125,NR-PPAR-gamma,20,157,0.03899364918470383,4
seed_125,NR-PPAR-gamma,102,158,0.03894439712166786,6
seed_125,NR-PPAR-gamma,19,159,0.03889030963182449,4
seed_125,NR-PPAR-gamma,172,160,0.03886326029896736,4
seed_125,NR-PPAR-gamma,264,161,0.03841037303209305,3
seed_125,NR-PPAR-gamma,207,162,0.036936014890670776,2
seed_125,NR-PPAR-gamma,289,163,0.036920733749866486,2
seed_125,NR-PPAR-gamma,34,164,0.036554642021656036,5
seed_125,NR-PPAR-gamma,132,165,0.0363120436668396,2
seed_125,NR-PPAR-gamma,241,166,0.035566896200180054,3
seed_125,NR-PPAR-gamma,163,167,0.03521835058927536,3
seed_125,NR-PPAR-gamma,271,168,0.03517403453588486,3
seed_125,NR-PPAR-gamma,243,169,0.034937161952257156,2
seed_125,NR-PPAR-gamma,232,170,0.034853097051382065,2
seed_125,NR-PPAR-gamma,144,171,0.03390689939260483,7
seed_125,NR-PPAR-gamma,85,172,0.03352803364396095,3
seed_125,NR-PPAR-gamma,48,173,0.033420827239751816,7
seed_125,NR-PPAR-gamma,293,174,0.0325331836938858,3
seed_125,NR-PPAR-gamma,210,175,0.03158413991332054,6
seed_125,NR-PPAR-gamma,54,176,0.03121957555413246,5
seed_125,NR-PPAR-gamma,69,177,0.03113911673426628,8
seed_125,NR-PPAR-gamma,27,178,0.029752733185887337,8
seed_125,NR-PPAR-gamma,239,179,0.02973993681371212,3
seed_125,NR-PPAR-gamma,124,180,0.029402391985058784,4
seed_125,NR-PPAR-gamma,206,181,0.028986917808651924,4
seed_125,NR-PPAR-gamma,16,182,0.028956640511751175,4
seed_125,NR-PPAR-gamma,90,183,0.02838609367609024,6
seed_125,NR-PPAR-gamma,169,184,0.028058376163244247,8
seed_125,NR-PPAR-gamma,260,185,0.027674730867147446,5
seed_125,NR-PPAR-gamma,295,186,0.027427462860941887,2
seed_125,NR-PPAR-gamma,162,187,0.02725377306342125,3
seed_125,NR-PPAR-gamma,215,188,0.027060074731707573,4
seed_125,NR-PPAR-gamma,165,189,0.026812909170985222,4
seed_125,NR-PPAR-gamma,182,190,0.026800505816936493,2
seed_125,NR-PPAR-gamma,104,191,0.026485126465559006,4
seed_125,NR-PPAR-gamma,150,192,0.026321496814489365,3
seed_125,NR-PPAR-gamma,202,193,0.026109544560313225,3
seed_125,NR-PPAR-gamma,65,194,0.02605191059410572,3
seed_125,NR-PPAR-gamma,158,195,0.026039451360702515,3
seed_125,NR-PPAR-gamma,214,196,0.025898708030581474,2
seed_125,NR-PPAR-gamma,76,197,0.025140581652522087,2
seed_125,NR-PPAR-gamma,159,198,0.024798452854156494,2
seed_125,NR-PPAR-gamma,142,199,0.02456139586865902,3
seed_125,NR-PPAR-gamma,96,200,0.024537762627005577,5
seed_125,NR-PPAR-gamma,87,201,0.024325476959347725,4
seed_125,NR-PPAR-gamma,155,202,0.02359587885439396,3
seed_125,NR-PPAR-gamma,220,203,0.023382050916552544,2
seed_125,NR-PPAR-gamma,291,204,0.02317117154598236,2
seed_125,NR-PPAR-gamma,100,205,0.02265126071870327,3
seed_125,NR-PPAR-gamma,280,206,0.02228630892932415,3
seed_125,NR-PPAR-gamma,288,207,0.02219642512500286,2
seed_125,NR-PPAR-gamma,8,208,0.022011838853359222,6
seed_125,NR-PPAR-gamma,197,209,0.021369947120547295,3
seed_125,NR-PPAR-gamma,105,210,0.02118561416864395,3
seed_125,NR-PPAR-gamma,121,211,0.021121343597769737,7
seed_125,NR-PPAR-gamma,101,212,0.020998872816562653,3
seed_125,NR-PPAR-gamma,205,213,0.0208736564964056,3
seed_125,NR-PPAR-gamma,236,214,0.020759442821145058,3
seed_125,NR-PPAR-gamma,194,215,0.02054578624665737,3
seed_125,NR-PPAR-gamma,227,216,0.02014246955513954,3
seed_125,NR-PPAR-gamma,240,217,0.019757486879825592,1
seed_125,NR-PPAR-gamma,203,218,0.019336694851517677,4
seed_125,NR-PPAR-gamma,224,219,0.019161054864525795,2
seed_125,NR-PPAR-gamma,273,220,0.01908099837601185,2
seed_125,NR-PPAR-gamma,133,221,0.018768394365906715,6
seed_125,NR-PPAR-gamma,26,222,0.017756834626197815,4
seed_125,NR-PPAR-gamma,191,223,0.017233340069651604,2
seed_125,NR-PPAR-gamma,5,224,0.017198428511619568,4
seed_125,NR-PPAR-gamma,152,225,0.016634417697787285,3
seed_125,NR-PPAR-gamma,77,226,0.01642773672938347,5
seed_125,NR-PPAR-gamma,153,227,0.01603543572127819,2
seed_125,NR-PPAR-gamma,9,228,0.015913179144263268,3
seed_125,NR-PPAR-gamma,208,229,0.01584230549633503,3
seed_125,NR-PPAR-gamma,261,230,0.015813633799552917,3
seed_125,NR-PPAR-gamma,246,231,0.014660383574664593,3
seed_125,NR-PPAR-gamma,258,232,0.014627893455326557,3
seed_125,NR-PPAR-gamma,118,233,0.014535240828990936,4
seed_125,NR-PPAR-gamma,228,234,0.014474641531705856,4
seed_125,NR-PPAR-gamma,53,235,0.013909689150750637,6
seed_125,NR-PPAR-gamma,292,236,0.01383264921605587,3
seed_125,NR-PPAR-gamma,185,237,0.013060060329735279,3
seed_125,NR-PPAR-gamma,297,238,0.013034261763095856,1
seed_125,NR-PPAR-gamma,103,239,0.012954839505255222,3
seed_125,NR-PPAR-gamma,11,240,0.012784520164132118,2
seed_125,NR-PPAR-gamma,94,241,0.012682653963565826,2
seed_125,NR-PPAR-gamma,60,242,0.012505695223808289,3
seed_125,NR-PPAR-gamma,230,243,0.012392306700348854,3
seed_125,NR-PPAR-gamma,14,244,0.012161933816969395,5
seed_125,NR-PPAR-gamma,198,245,0.01215785276144743,3
seed_125,NR-PPAR-gamma,30,246,0.012125964276492596,5
seed_125,NR-PPAR-gamma,38,247,0.011624126695096493,4
seed_125,NR-PPAR-gamma,187,248,0.011418651789426804,3
seed_125,NR-PPAR-gamma,41,249,0.011201966553926468,2
seed_125,NR-PPAR-gamma,249,250,0.011081581003963947,3
seed_125,NR-PPAR-gamma,18,251,0.01099134236574173,4
seed_125,NR-PPAR-gamma,213,252,0.009915672242641449,4
seed_125,NR-PPAR-gamma,47,253,0.009885367937386036,4
seed_125,NR-PPAR-gamma,95,254,0.009395387955009937,4
seed_125,NR-PPAR-gamma,192,255,0.009338784031569958,3
seed_125,NR-PPAR-gamma,179,256,0.009331205859780312,3
seed_125,NR-PPAR-gamma,275,257,0.008745886385440826,2
seed_125,NR-PPAR-gamma,157,258,0.008481339551508427,2
seed_125,NR-PPAR-gamma,256,259,0.008126811124384403,2
seed_125,NR-PPAR-gamma,265,260,0.007688616402447224,1
seed_125,NR-PPAR-gamma,119,261,0.00759982829913497,2
seed_125,NR-PPAR-gamma,149,262,0.007557532750070095,2
seed_125,NR-PPAR-gamma,161,263,0.007346858736127615,2
seed_125,NR-PPAR-gamma,97,264,0.007174614816904068,2
seed_125,NR-PPAR-gamma,262,265,0.006982807070016861,3
seed_125,NR-PPAR-gamma,267,266,0.006481693591922522,2
seed_125,NR-PPAR-gamma,188,267,0.0062990738078951836,2
seed_125,NR-PPAR-gamma,116,268,0.006267821881920099,3
seed_125,NR-PPAR-gamma,282,269,0.0058200787752866745,3
seed_125,NR-PPAR-gamma,131,270,0.0057873716577887535,2
seed_125,NR-PPAR-gamma,279,271,0.005361730232834816,2
seed_125,NR-PPAR-gamma,68,272,0.005191150587052107,2
seed_125,NR-PPAR-gamma,174,273,0.005163388326764107,2
seed_125,NR-PPAR-gamma,281,274,0.004805591888725758,1
seed_125,NR-PPAR-gamma,125,275,0.004651349037885666,3
seed_125,NR-PPAR-gamma,259,276,0.004372920375317335,2
seed_125,NR-PPAR-gamma,177,277,0.004096766002476215,4
seed_125,NR-PPAR-gamma,137,278,0.0038274689577519894,2
seed_125,NR-PPAR-gamma,98,279,0.0036779085639864206,2
seed_125,NR-PPAR-gamma,151,280,0.003592682769522071,2
seed_125,NR-PPAR-gamma,226,281,0.00295950286090374,2
seed_125,NR-PPAR-gamma,284,282,0.0026474620681256056,2
seed_125,NR-PPAR-gamma,238,283,0.0025892730336636305,1
seed_125,NR-PPAR-gamma,253,284,0.0025855740532279015,1
seed_125,NR-PPAR-gamma,156,285,0.0023686308413743973,2
seed_125,NR-PPAR-gamma,141,286,0.00179538712836802,2
seed_125,NR-PPAR-gamma,178,287,0.00170991534832865,2
seed_125,NR-PPAR-gamma,223,288,0.0011864937841892242,2
seed_125,NR-PPAR-gamma,285,289,0.0010505520040169358,1
seed_125,NR-PPAR-gamma,278,290,0.0008005289710126817,2
seed_125,NR-PPAR-gamma,164,291,0.0007704965537413955,2
seed_125,NR-PPAR-gamma,283,292,0.0006100061000324786,2
seed_125,NR-PPAR-gamma,216,293,0.0004376074066385627,2
seed_125,NR-PPAR-gamma,294,294,2.207675606769044e-05,2
seed_125,NR-PPAR-gamma,244,295,0.0,1
seed_125,NR-PPAR-gamma,266,296,0.0,1
seed_125,NR-PPAR-gamma,272,297,0.0,1
seed_125,NR-PPAR-gamma,277,298,0.0,1
seed_125,NR-PPAR-gamma,199,299,0.0,2
seed_125,SR-HSE,72,0,5.347409248352051,15
seed_125,SR-HSE,70,1,5.030515193939209,27
seed_125,SR-HSE,168,2,4.542346954345703,79
seed_125,SR-HSE,128,3,2.4171254634857178,42
seed_125,SR-HSE,7,4,2.3451712131500244,33
seed_125,SR-HSE,62,5,1.9005024433135986,24
seed_125,SR-HSE,139,6,1.5335818529129028,12
seed_125,SR-HSE,63,7,1.381061315536499,51
seed_125,SR-HSE,73,8,1.1426467895507812,16
seed_125,SR-HSE,0,9,1.089727520942688,20
seed_125,SR-HSE,24,10,1.0429760217666626,21
seed_125,SR-HSE,74,11,1.0196748971939087,19
seed_125,SR-HSE,110,12,1.011633276939392,20
seed_125,SR-HSE,29,13,0.9798969626426697,39
seed_125,SR-HSE,10,14,0.9190766215324402,17
seed_125,SR-HSE,52,15,0.9185186624526978,16
seed_125,SR-HSE,6,16,0.9053429961204529,18
seed_125,SR-HSE,58,17,0.7992856502532959,10
seed_125,SR-HSE,57,18,0.7453796863555908,9
seed_125,SR-HSE,15,19,0.6959691643714905,26
seed_125,SR-HSE,84,20,0.6558353304862976,15
seed_125,SR-HSE,22,21,0.6204704642295837,13
seed_125,SR-HSE,221,22,0.610518217086792,6
seed_125,SR-HSE,231,23,0.6053507924079895,8
seed_125,SR-HSE,66,24,0.6002452969551086,13
seed_125,SR-HSE,189,25,0.5556156039237976,9
seed_125,SR-HSE,190,26,0.5245330929756165,13
seed_125,SR-HSE,33,27,0.4526493549346924,17
seed_125,SR-HSE,2,28,0.4405704736709595,14
seed_125,SR-HSE,23,29,0.42347994446754456,30
seed_125,SR-HSE,123,30,0.4085576832294464,11
seed_125,SR-HSE,287,31,0.40343448519706726,8
seed_125,SR-HSE,263,32,0.3819655478000641,6
seed_125,SR-HSE,49,33,0.37184640765190125,17
seed_125,SR-HSE,219,34,0.3649354875087738,16
seed_125,SR-HSE,71,35,0.3610818386077881,11
seed_125,SR-HSE,184,36,0.35444727540016174,7
seed_125,SR-HSE,217,37,0.35393932461738586,4
seed_125,SR-HSE,25,38,0.34412112832069397,8
seed_125,SR-HSE,114,39,0.34138691425323486,7
seed_125,SR-HSE,67,40,0.3310821056365967,16
seed_125,SR-HSE,296,41,0.33051401376724243,10
seed_125,SR-HSE,56,42,0.3184550702571869,17
seed_125,SR-HSE,31,43,0.30551281571388245,20
seed_125,SR-HSE,79,44,0.301415354013443,9
seed_125,SR-HSE,80,45,0.30014386773109436,8
seed_125,SR-HSE,39,46,0.29905688762664795,9
seed_125,SR-HSE,46,47,0.297909140586853,13
seed_125,SR-HSE,93,48,0.2976130247116089,16
seed_125,SR-HSE,40,49,0.29455700516700745,6
seed_125,SR-HSE,108,50,0.28885433077812195,14
seed_125,SR-HSE,42,51,0.2888337969779968,5
seed_125,SR-HSE,245,52,0.2878769636154175,15
seed_125,SR-HSE,145,53,0.28739920258522034,17
seed_125,SR-HSE,21,54,0.2767963111400604,13
seed_125,SR-HSE,136,55,0.2711547911167145,18
seed_125,SR-HSE,160,56,0.267185240983963,11
seed_125,SR-HSE,211,57,0.2615351974964142,13
seed_125,SR-HSE,193,58,0.25871893763542175,9
seed_125,SR-HSE,290,59,0.2557886838912964,10
seed_125,SR-HSE,209,60,0.25273388624191284,7
seed_125,SR-HSE,140,61,0.2524189352989197,19
seed_125,SR-HSE,92,62,0.2515445351600647,21
seed_125,SR-HSE,222,63,0.24830515682697296,4
seed_125,SR-HSE,148,64,0.2446778565645218,14
seed_125,SR-HSE,126,65,0.24422024190425873,10
seed_125,SR-HSE,75,66,0.24353356659412384,13
seed_125,SR-HSE,175,67,0.24286162853240967,9
seed_125,SR-HSE,12,68,0.24164892733097076,6
seed_125,SR-HSE,129,69,0.24072563648223877,9
seed_125,SR-HSE,135,70,0.23329776525497437,9
seed_125,SR-HSE,195,71,0.22788655757904053,11
seed_125,SR-HSE,147,72,0.22503137588500977,16
seed_125,SR-HSE,154,73,0.2219938486814499,5
seed_125,SR-HSE,78,74,0.22146470844745636,5
seed_125,SR-HSE,83,75,0.2180316150188446,9
seed_125,SR-HSE,180,76,0.21712160110473633,5
seed_125,SR-HSE,64,77,0.21375001966953278,7
seed_125,SR-HSE,183,78,0.20522895455360413,7
seed_125,SR-HSE,257,79,0.20286744832992554,8
seed_125,SR-HSE,112,80,0.19900019466876984,10
seed_125,SR-HSE,252,81,0.19707588851451874,4
seed_125,SR-HSE,37,82,0.18814751505851746,7
seed_125,SR-HSE,86,83,0.17904654145240784,9
seed_125,SR-HSE,111,84,0.17813973128795624,5
seed_125,SR-HSE,99,85,0.1735239326953888,7
seed_125,SR-HSE,200,86,0.17129337787628174,8
seed_125,SR-HSE,59,87,0.1709994673728943,8
seed_125,SR-HSE,130,88,0.16137506067752838,4
seed_125,SR-HSE,35,89,0.15629641711711884,4
seed_125,SR-HSE,43,90,0.15397250652313232,9
seed_125,SR-HSE,117,91,0.1532454788684845,7
seed_125,SR-HSE,166,92,0.15160581469535828,6
seed_125,SR-HSE,225,93,0.15152889490127563,6
seed_125,SR-HSE,233,94,0.1500883251428604,6
seed_125,SR-HSE,170,95,0.14948032796382904,6
seed_125,SR-HSE,81,96,0.14874960482120514,19
seed_125,SR-HSE,268,97,0.14394253492355347,4
seed_125,SR-HSE,270,98,0.1420084536075592,4
seed_125,SR-HSE,299,99,0.13632939755916595,7
seed_125,SR-HSE,237,100,0.13551212847232819,2
seed_125,SR-HSE,134,101,0.1331065148115158,3
seed_125,SR-HSE,142,102,0.1310311257839203,3
seed_125,SR-HSE,109,103,0.13009744882583618,7
seed_125,SR-HSE,218,104,0.12973302602767944,3
seed_125,SR-HSE,127,105,0.1267034411430359,4
seed_125,SR-HSE,167,106,0.12484976649284363,6
seed_125,SR-HSE,77,107,0.12170910090208054,5
seed_125,SR-HSE,45,108,0.1132795587182045,8
seed_125,SR-HSE,1,109,0.11292542517185211,6
seed_125,SR-HSE,36,110,0.11107396334409714,7
seed_125,SR-HSE,176,111,0.11023575067520142,5
seed_125,SR-HSE,144,112,0.10848917067050934,7
seed_125,SR-HSE,4,113,0.10814134031534195,9
seed_125,SR-HSE,212,114,0.10791879892349243,7
seed_125,SR-HSE,113,115,0.10620511323213577,13
seed_125,SR-HSE,55,116,0.10574362426996231,6
seed_125,SR-HSE,153,117,0.10553693026304245,2
seed_125,SR-HSE,242,118,0.1045808345079422,6
seed_125,SR-HSE,204,119,0.1005866602063179,7
seed_125,SR-HSE,44,120,0.10005743056535721,3
seed_125,SR-HSE,20,121,0.09888558089733124,4
seed_125,SR-HSE,239,122,0.09709170460700989,3
seed_125,SR-HSE,82,123,0.09605488926172256,4
seed_125,SR-HSE,247,124,0.09391625970602036,4
seed_125,SR-HSE,201,125,0.09368857741355896,4
seed_125,SR-HSE,107,126,0.08978143334388733,6
seed_125,SR-HSE,269,127,0.08255354315042496,4
seed_125,SR-HSE,28,128,0.08054793626070023,7
seed_125,SR-HSE,50,129,0.08037342876195908,3
seed_125,SR-HSE,32,130,0.07974492758512497,8
seed_125,SR-HSE,95,131,0.07931851595640182,4
seed_125,SR-HSE,246,132,0.0782717615365982,3
seed_125,SR-HSE,248,133,0.0775449201464653,2
seed_125,SR-HSE,291,134,0.07638277113437653,2
seed_125,SR-HSE,213,135,0.07564997673034668,4
seed_125,SR-HSE,165,136,0.07533374428749084,4
seed_125,SR-HSE,214,137,0.07463718205690384,2
seed_125,SR-HSE,51,138,0.07332216203212738,10
seed_125,SR-HSE,181,139,0.06961359083652496,4
seed_125,SR-HSE,102,140,0.06944715976715088,6
seed_125,SR-HSE,104,141,0.06724470853805542,4
seed_125,SR-HSE,91,142,0.0662662610411644,6
seed_125,SR-HSE,143,143,0.06599340587854385,5
seed_125,SR-HSE,254,144,0.06529687345027924,2
seed_125,SR-HSE,276,145,0.06348133087158203,8
seed_125,SR-HSE,115,146,0.06307651102542877,4
seed_125,SR-HSE,61,147,0.062024038285017014,6
seed_125,SR-HSE,30,148,0.060945142060518265,5
seed_125,SR-HSE,250,149,0.05980457738041878,4
seed_125,SR-HSE,27,150,0.05955784395337105,8
seed_125,SR-HSE,88,151,0.05899432674050331,4
seed_125,SR-HSE,206,152,0.058185793459415436,4
seed_125,SR-HSE,192,153,0.05636542662978172,3
seed_125,SR-HSE,120,154,0.05622568354010582,5
seed_125,SR-HSE,293,155,0.05616779252886772,3
seed_125,SR-HSE,208,156,0.05548568442463875,3
seed_125,SR-HSE,251,157,0.05523637682199478,3
seed_125,SR-HSE,243,158,0.05496102198958397,2
seed_125,SR-HSE,229,159,0.05469929054379463,7
seed_125,SR-HSE,106,160,0.054359156638383865,4
seed_125,SR-HSE,186,161,0.05391532927751541,3
seed_125,SR-HSE,122,162,0.05373444780707359,6
seed_125,SR-HSE,8,163,0.0530899353325367,6
seed_125,SR-HSE,124,164,0.05300223082304001,4
seed_125,SR-HSE,194,165,0.051550619304180145,3
seed_125,SR-HSE,146,166,0.05084991827607155,5
seed_125,SR-HSE,138,167,0.047347817569971085,3
seed_125,SR-HSE,16,168,0.04556800797581673,4
seed_125,SR-HSE,38,169,0.04469749331474304,4
seed_125,SR-HSE,202,170,0.044287070631980896,3
seed_125,SR-HSE,103,171,0.044203195720911026,3
seed_125,SR-HSE,249,172,0.04279074817895889,3
seed_125,SR-HSE,260,173,0.04217478260397911,5
seed_125,SR-HSE,298,174,0.04136773943901062,4
seed_125,SR-HSE,235,175,0.0413353331387043,5
seed_125,SR-HSE,34,176,0.04069703444838524,5
seed_125,SR-HSE,182,177,0.040353924036026,2
seed_125,SR-HSE,286,178,0.039984263479709625,2
seed_125,SR-HSE,85,179,0.03931311517953873,3
seed_125,SR-HSE,14,180,0.039171427488327026,5
seed_125,SR-HSE,171,181,0.03899923339486122,2
seed_125,SR-HSE,172,182,0.03885634243488312,4
seed_125,SR-HSE,207,183,0.03834052383899689,2
seed_125,SR-HSE,17,184,0.03759771212935448,5
seed_125,SR-HSE,48,185,0.03695392236113548,7
seed_125,SR-HSE,9,186,0.03645837679505348,3
seed_125,SR-HSE,161,187,0.0364583283662796,2
seed_125,SR-HSE,169,188,0.03588803485035896,8
seed_125,SR-HSE,155,189,0.035880181938409805,3
seed_125,SR-HSE,230,190,0.03575772047042847,3
seed_125,SR-HSE,13,191,0.03561175614595413,6
seed_125,SR-HSE,100,192,0.035520609468221664,3
seed_125,SR-HSE,295,193,0.03530028462409973,2
seed_125,SR-HSE,149,194,0.0351240299642086,2
seed_125,SR-HSE,162,195,0.034237924963235855,3
seed_125,SR-HSE,188,196,0.03398032858967781,2
seed_125,SR-HSE,271,197,0.03353903815150261,3
seed_125,SR-HSE,177,198,0.03318600356578827,4
seed_125,SR-HSE,173,199,0.032585520297288895,4
seed_125,SR-HSE,179,200,0.03211485594511032,3
seed_125,SR-HSE,274,201,0.0317721962928772,2
seed_125,SR-HSE,292,202,0.03164970502257347,3
seed_125,SR-HSE,133,203,0.03141295164823532,6
seed_125,SR-HSE,105,204,0.030982524156570435,3
seed_125,SR-HSE,3,205,0.030748900026082993,6
seed_125,SR-HSE,196,206,0.03054133802652359,4
seed_125,SR-HSE,236,207,0.03053661808371544,3
seed_125,SR-HSE,227,208,0.029461834579706192,3
seed_125,SR-HSE,97,209,0.029323017224669456,2
seed_125,SR-HSE,90,210,0.029086226597428322,6
seed_125,SR-HSE,220,211,0.028654232621192932,2
seed_125,SR-HSE,19,212,0.02731230854988098,4
seed_125,SR-HSE,205,213,0.027088679373264313,3
seed_125,SR-HSE,96,214,0.0270706694573164,5
seed_125,SR-HSE,65,215,0.026204805821180344,3
seed_125,SR-HSE,198,216,0.025383954867720604,3
seed_125,SR-HSE,185,217,0.025201119482517242,3
seed_125,SR-HSE,280,218,0.024849487468600273,3
seed_125,SR-HSE,53,219,0.024780191481113434,6
seed_125,SR-HSE,187,220,0.024459555745124817,3
seed_125,SR-HSE,152,221,0.023201217874884605,3
seed_125,SR-HSE,69,222,0.021714359521865845,8
seed_125,SR-HSE,255,223,0.021553656086325645,2
seed_125,SR-HSE,26,224,0.020658934488892555,4
seed_125,SR-HSE,87,225,0.020644843578338623,4
seed_125,SR-HSE,210,226,0.020361069589853287,6
seed_125,SR-HSE,41,227,0.020231323316693306,2
seed_125,SR-HSE,289,228,0.019897785037755966,2
seed_125,SR-HSE,284,229,0.019809730350971222,2
seed_125,SR-HSE,5,230,0.01963477022945881,4
seed_125,SR-HSE,89,231,0.01924487203359604,3
seed_125,SR-HSE,224,232,0.01889442652463913,2
seed_125,SR-HSE,116,233,0.018705757334828377,3
seed_125,SR-HSE,101,234,0.018505826592445374,3
seed_125,SR-HSE,215,235,0.018296243622899055,4
seed_125,SR-HSE,267,236,0.0180518738925457,2
seed_125,SR-HSE,253,237,0.01760135591030121,1
seed_125,SR-HSE,150,238,0.01724451221525669,3
seed_125,SR-HSE,174,239,0.016992153599858284,2
seed_125,SR-HSE,262,240,0.016688112169504166,3
seed_125,SR-HSE,132,241,0.016483686864376068,2
seed_125,SR-HSE,232,242,0.016236068680882454,2
seed_125,SR-HSE,163,243,0.01609901338815689,3
seed_125,SR-HSE,76,244,0.015988359227776527,2
seed_125,SR-HSE,54,245,0.015944907441735268,5
seed_125,SR-HSE,264,246,0.015853364020586014,3
seed_125,SR-HSE,47,247,0.015748433768749237,4
seed_125,SR-HSE,275,248,0.014990400522947311,2
seed_125,SR-HSE,282,249,0.014923482201993465,3
seed_125,SR-HSE,60,250,0.014296314679086208,3
seed_125,SR-HSE,158,251,0.013725530356168747,3
seed_125,SR-HSE,228,252,0.01308429054915905,4
seed_125,SR-HSE,121,253,0.012879598885774612,7
seed_125,SR-HSE,18,254,0.012636748142540455,4
seed_125,SR-HSE,94,255,0.012388112023472786,2
seed_125,SR-HSE,197,256,0.012362751178443432,3
seed_125,SR-HSE,288,257,0.012152951210737228,2
seed_125,SR-HSE,241,258,0.011982282623648643,3
seed_125,SR-HSE,234,259,0.0119040347635746,2
seed_125,SR-HSE,191,260,0.011296448297798634,2
seed_125,SR-HSE,141,261,0.011176330037415028,2
seed_125,SR-HSE,68,262,0.011168444529175758,2
seed_125,SR-HSE,131,263,0.010996240191161633,2
seed_125,SR-HSE,118,264,0.010794290341436863,4
seed_125,SR-HSE,240,265,0.010622560977935791,1
seed_125,SR-HSE,261,266,0.010264053009450436,3
seed_125,SR-HSE,11,267,0.009344040416181087,2
seed_125,SR-HSE,151,268,0.008991279639303684,2
seed_125,SR-HSE,273,269,0.008972354233264923,2
seed_125,SR-HSE,203,270,0.00881116185337305,4
seed_125,SR-HSE,238,271,0.008718208409845829,1
seed_125,SR-HSE,164,272,0.007933305576443672,2
seed_125,SR-HSE,256,273,0.007558603771030903,2
seed_125,SR-HSE,285,274,0.006999027915298939,1
seed_125,SR-HSE,156,275,0.006328596733510494,2
seed_125,SR-HSE,178,276,0.0058918301947414875,2
seed_125,SR-HSE,223,277,0.005670304410159588,2
seed_125,SR-HSE,279,278,0.005621415562927723,2
seed_125,SR-HSE,157,279,0.005074589978903532,2
seed_125,SR-HSE,297,280,0.004787717014551163,1
seed_125,SR-HSE,281,281,0.00474627735093236,1
seed_125,SR-HSE,259,282,0.004506727680563927,2
seed_125,SR-HSE,294,283,0.004500407259911299,2
seed_125,SR-HSE,159,284,0.004391318652778864,2
seed_125,SR-HSE,258,285,0.004027053713798523,3
seed_125,SR-HSE,98,286,0.0036783418618142605,2
seed_125,SR-HSE,226,287,0.003610817948356271,2
seed_125,SR-HSE,283,288,0.0034932424314320087,2
seed_125,SR-HSE,119,289,0.003244941821321845,2
seed_125,SR-HSE,137,290,0.0029631485231220722,2
seed_125,SR-HSE,265,291,0.0021247651893645525,1
seed_125,SR-HSE,278,292,0.002069795271381736,2
seed_125,SR-HSE,125,293,0.0018186941742897034,3
seed_125,SR-HSE,216,294,0.00030592168332077563,2
seed_125,SR-HSE,277,295,0.0,1
seed_125,SR-HSE,244,296,0.0,1
seed_125,SR-HSE,266,297,0.0,1
seed_125,SR-HSE,272,298,0.0,1
seed_125,SR-HSE,199,299,0.0,2
seed_125,NR-AR-LBD,168,0,2.441669464111328,79
seed_125,NR-AR-LBD,70,1,1.8331356048583984,27
seed_125,NR-AR-LBD,72,2,0.927121102809906,15
seed_125,NR-AR-LBD,128,3,0.7705495953559875,42
seed_125,NR-AR-LBD,7,4,0.5772294402122498,33
seed_125,NR-AR-LBD,139,5,0.5044354200363159,12
seed_125,NR-AR-LBD,110,6,0.44218847155570984,20
seed_125,NR-AR-LBD,63,7,0.4165956676006317,51
seed_125,NR-AR-LBD,52,8,0.4136156141757965,16
seed_125,NR-AR-LBD,62,9,0.3828510642051697,24
seed_125,NR-AR-LBD,73,10,0.37836891412734985,16
seed_125,NR-AR-LBD,74,11,0.37011098861694336,19
seed_125,NR-AR-LBD,29,12,0.35815900564193726,39
seed_125,NR-AR-LBD,24,13,0.32300499081611633,21
seed_125,NR-AR-LBD,287,14,0.286397248506546,8
seed_125,NR-AR-LBD,0,15,0.28080910444259644,20
seed_125,NR-AR-LBD,189,16,0.27434849739074707,9
seed_125,NR-AR-LBD,10,17,0.25674840807914734,17
seed_125,NR-AR-LBD,57,18,0.2467985451221466,9
seed_125,NR-AR-LBD,22,19,0.22493809461593628,13
seed_125,NR-AR-LBD,58,20,0.21317584812641144,10
seed_125,NR-AR-LBD,49,21,0.20785051584243774,17
seed_125,NR-AR-LBD,25,22,0.1994255632162094,8
seed_125,NR-AR-LBD,6,23,0.1936579942703247,18
seed_125,NR-AR-LBD,84,24,0.1926347017288208,15
seed_125,NR-AR-LBD,184,25,0.18735189735889435,7
seed_125,NR-AR-LBD,46,26,0.186039537191391,13
seed_125,NR-AR-LBD,2,27,0.1816142499446869,14
seed_125,NR-AR-LBD,71,28,0.17862549424171448,11
seed_125,NR-AR-LBD,33,29,0.17755840718746185,17
seed_125,NR-AR-LBD,231,30,0.17571881413459778,8
seed_125,NR-AR-LBD,15,31,0.1720842868089676,26
seed_125,NR-AR-LBD,66,32,0.16360026597976685,13
seed_125,NR-AR-LBD,209,33,0.14575189352035522,7
seed_125,NR-AR-LBD,23,34,0.1415327489376068,30
seed_125,NR-AR-LBD,211,35,0.13932912051677704,13
seed_125,NR-AR-LBD,221,36,0.1314408928155899,6
seed_125,NR-AR-LBD,245,37,0.13030339777469635,15
seed_125,NR-AR-LBD,263,38,0.12417469918727875,6
seed_125,NR-AR-LBD,180,39,0.12056335061788559,5
seed_125,NR-AR-LBD,114,40,0.11887433379888535,7
seed_125,NR-AR-LBD,42,41,0.1167796328663826,5
seed_125,NR-AR-LBD,79,42,0.1134248822927475,9
seed_125,NR-AR-LBD,59,43,0.10651986300945282,8
seed_125,NR-AR-LBD,252,44,0.10633129626512527,4
seed_125,NR-AR-LBD,296,45,0.10577518492937088,10
seed_125,NR-AR-LBD,219,46,0.10038335621356964,16
seed_125,NR-AR-LBD,175,47,0.09956663101911545,9
seed_125,NR-AR-LBD,160,48,0.09732560813426971,11
seed_125,NR-AR-LBD,43,49,0.09679798781871796,9
seed_125,NR-AR-LBD,190,50,0.0932154580950737,13
seed_125,NR-AR-LBD,37,51,0.09006201475858688,7
seed_125,NR-AR-LBD,67,52,0.089944988489151,16
seed_125,NR-AR-LBD,80,53,0.08829768002033234,8
seed_125,NR-AR-LBD,108,54,0.08615002036094666,14
seed_125,NR-AR-LBD,21,55,0.08592809736728668,13
seed_125,NR-AR-LBD,123,56,0.08486413955688477,11
seed_125,NR-AR-LBD,99,57,0.08451154083013535,7
seed_125,NR-AR-LBD,12,58,0.08435623347759247,6
seed_125,NR-AR-LBD,56,59,0.08266016095876694,17
seed_125,NR-AR-LBD,136,60,0.08228805661201477,18
seed_125,NR-AR-LBD,129,61,0.07979220896959305,9
seed_125,NR-AR-LBD,40,62,0.07761052250862122,6
seed_125,NR-AR-LBD,147,63,0.07603784650564194,16
seed_125,NR-AR-LBD,93,64,0.07438149303197861,16
seed_125,NR-AR-LBD,91,65,0.07004634290933609,6
seed_125,NR-AR-LBD,117,66,0.06811188906431198,7
seed_125,NR-AR-LBD,204,67,0.06672710925340652,7
seed_125,NR-AR-LBD,140,68,0.06651980429887772,19
seed_125,NR-AR-LBD,145,69,0.06623560190200806,17
seed_125,NR-AR-LBD,195,70,0.0661475881934166,11
seed_125,NR-AR-LBD,242,71,0.06592191010713577,6
seed_125,NR-AR-LBD,170,72,0.06445782631635666,6
seed_125,NR-AR-LBD,222,73,0.06417609006166458,4
seed_125,NR-AR-LBD,78,74,0.06404971331357956,5
seed_125,NR-AR-LBD,92,75,0.06321647018194199,21
seed_125,NR-AR-LBD,148,76,0.06189265474677086,14
seed_125,NR-AR-LBD,126,77,0.06177280843257904,10
seed_125,NR-AR-LBD,81,78,0.0617637075483799,19
seed_125,NR-AR-LBD,64,79,0.06138093024492264,7
seed_125,NR-AR-LBD,154,80,0.061162836849689484,5
seed_125,NR-AR-LBD,225,81,0.05943771451711655,6
seed_125,NR-AR-LBD,88,82,0.05885351821780205,4
seed_125,NR-AR-LBD,75,83,0.0587024949491024,13
seed_125,NR-AR-LBD,36,84,0.05760769546031952,7
seed_125,NR-AR-LBD,31,85,0.057526152580976486,20
seed_125,NR-AR-LBD,113,86,0.05682247132062912,13
seed_125,NR-AR-LBD,250,87,0.053685083985328674,4
seed_125,NR-AR-LBD,106,88,0.05357590317726135,4
seed_125,NR-AR-LBD,107,89,0.05345579609274864,6
seed_125,NR-AR-LBD,1,90,0.0532514825463295,6
seed_125,NR-AR-LBD,127,91,0.05145283788442612,4
seed_125,NR-AR-LBD,111,92,0.050043776631355286,5
seed_125,NR-AR-LBD,112,93,0.04909321665763855,10
seed_125,NR-AR-LBD,207,94,0.048042431473731995,2
seed_125,NR-AR-LBD,217,95,0.04803838953375816,4
seed_125,NR-AR-LBD,135,96,0.048001743853092194,9
seed_125,NR-AR-LBD,290,97,0.047740690410137177,10
seed_125,NR-AR-LBD,193,98,0.04642997682094574,9
seed_125,NR-AR-LBD,276,99,0.04605608433485031,8
seed_125,NR-AR-LBD,144,100,0.04536232724785805,7
seed_125,NR-AR-LBD,83,101,0.044531285762786865,9
seed_125,NR-AR-LBD,130,102,0.044169649481773376,4
seed_125,NR-AR-LBD,86,103,0.042134568095207214,9
seed_125,NR-AR-LBD,138,104,0.041934747248888016,3
seed_125,NR-AR-LBD,32,105,0.04032443091273308,8
seed_125,NR-AR-LBD,4,106,0.03973759710788727,9
seed_125,NR-AR-LBD,247,107,0.03970649465918541,4
seed_125,NR-AR-LBD,270,108,0.039591796696186066,4
seed_125,NR-AR-LBD,109,109,0.03929520398378372,7
seed_125,NR-AR-LBD,51,110,0.038065411150455475,10
seed_125,NR-AR-LBD,143,111,0.03546405956149101,5
seed_125,NR-AR-LBD,233,112,0.034816090017557144,6
seed_125,NR-AR-LBD,115,113,0.03434275835752487,4
seed_125,NR-AR-LBD,200,114,0.03424997627735138,8
seed_125,NR-AR-LBD,77,115,0.03344816341996193,5
seed_125,NR-AR-LBD,166,116,0.03327199071645737,6
seed_125,NR-AR-LBD,122,117,0.032995034009218216,6
seed_125,NR-AR-LBD,212,118,0.032930273562669754,7
seed_125,NR-AR-LBD,82,119,0.032559458166360855,4
seed_125,NR-AR-LBD,299,120,0.03250425308942795,7
seed_125,NR-AR-LBD,39,121,0.03243417665362358,9
seed_125,NR-AR-LBD,246,122,0.03182244300842285,3
seed_125,NR-AR-LBD,104,123,0.030407937243580818,4
seed_125,NR-AR-LBD,182,124,0.030089939013123512,2
seed_125,NR-AR-LBD,13,125,0.029494918882846832,6
seed_125,NR-AR-LBD,268,126,0.029398856684565544,4
seed_125,NR-AR-LBD,183,127,0.029358575120568275,7
seed_125,NR-AR-LBD,102,128,0.028021061792969704,6
seed_125,NR-AR-LBD,229,129,0.02740597166121006,7
seed_125,NR-AR-LBD,172,130,0.02691998891532421,4
seed_125,NR-AR-LBD,251,131,0.02613825350999832,3
seed_125,NR-AR-LBD,235,132,0.025972509756684303,5
seed_125,NR-AR-LBD,167,133,0.025510821491479874,6
seed_125,NR-AR-LBD,264,134,0.025459647178649902,3
seed_125,NR-AR-LBD,213,135,0.025235837325453758,4
seed_125,NR-AR-LBD,269,136,0.024605022743344307,4
seed_125,NR-AR-LBD,271,137,0.024481216445565224,3
seed_125,NR-AR-LBD,150,138,0.02440367266535759,3
seed_125,NR-AR-LBD,69,139,0.023708492517471313,8
seed_125,NR-AR-LBD,220,140,0.02280396781861782,2
seed_125,NR-AR-LBD,142,141,0.02266414649784565,3
seed_125,NR-AR-LBD,196,142,0.02243119105696678,4
seed_125,NR-AR-LBD,298,143,0.021503251045942307,4
seed_125,NR-AR-LBD,38,144,0.021236754953861237,4
seed_125,NR-AR-LBD,292,145,0.020729849115014076,3
seed_125,NR-AR-LBD,3,146,0.020167365670204163,6
seed_125,NR-AR-LBD,20,147,0.019864464178681374,4
seed_125,NR-AR-LBD,153,148,0.019773676991462708,2
seed_125,NR-AR-LBD,14,149,0.019151978194713593,5
seed_125,NR-AR-LBD,257,150,0.01877039112150669,8
seed_125,NR-AR-LBD,55,151,0.018235230818390846,6
seed_125,NR-AR-LBD,103,152,0.018002435564994812,3
seed_125,NR-AR-LBD,248,153,0.017245423048734665,2
seed_125,NR-AR-LBD,197,154,0.017031515017151833,3
seed_125,NR-AR-LBD,185,155,0.016688499599695206,3
seed_125,NR-AR-LBD,34,156,0.016674360260367393,5
seed_125,NR-AR-LBD,124,157,0.01652267575263977,4
seed_125,NR-AR-LBD,89,158,0.016466623172163963,3
seed_125,NR-AR-LBD,293,159,0.016436662524938583,3
seed_125,NR-AR-LBD,146,160,0.01640600524842739,5
seed_125,NR-AR-LBD,280,161,0.016324004158377647,3
seed_125,NR-AR-LBD,162,162,0.01607155241072178,3
seed_125,NR-AR-LBD,134,163,0.01581200398504734,3
seed_125,NR-AR-LBD,289,164,0.015505737625062466,2
seed_125,NR-AR-LBD,27,165,0.015175782144069672,8
seed_125,NR-AR-LBD,239,166,0.015144973061978817,3
seed_125,NR-AR-LBD,16,167,0.014884972013533115,4
seed_125,NR-AR-LBD,176,168,0.01460624486207962,5
seed_125,NR-AR-LBD,120,169,0.014584999531507492,5
seed_125,NR-AR-LBD,254,170,0.014335185289382935,2
seed_125,NR-AR-LBD,253,171,0.013931949622929096,1
seed_125,NR-AR-LBD,243,172,0.013886948116123676,2
seed_125,NR-AR-LBD,201,173,0.013665386475622654,4
seed_125,NR-AR-LBD,9,174,0.013591360300779343,3
seed_125,NR-AR-LBD,214,175,0.013424123637378216,2
seed_125,NR-AR-LBD,61,176,0.013234853744506836,6
seed_125,NR-AR-LBD,169,177,0.013207212090492249,8
seed_125,NR-AR-LBD,45,178,0.01302245445549488,8
seed_125,NR-AR-LBD,97,179,0.012892010621726513,2
seed_125,NR-AR-LBD,48,180,0.01280269492417574,7
seed_125,NR-AR-LBD,260,181,0.012553500011563301,5
seed_125,NR-AR-LBD,28,182,0.012387290596961975,7
seed_125,NR-AR-LBD,192,183,0.012367011047899723,3
seed_125,NR-AR-LBD,273,184,0.012291318736970425,2
seed_125,NR-AR-LBD,187,185,0.012290572747588158,3
seed_125,NR-AR-LBD,165,186,0.012026739306747913,4
seed_125,NR-AR-LBD,121,187,0.011866498738527298,7
seed_125,NR-AR-LBD,173,188,0.011802485212683678,4
seed_125,NR-AR-LBD,258,189,0.011505051515996456,3
seed_125,NR-AR-LBD,152,190,0.011307155713438988,3
seed_125,NR-AR-LBD,87,191,0.011266900226473808,4
seed_125,NR-AR-LBD,90,192,0.011253537610173225,6
seed_125,NR-AR-LBD,100,193,0.011225906200706959,3
seed_125,NR-AR-LBD,249,194,0.01118274312466383,3
seed_125,NR-AR-LBD,241,195,0.011135948821902275,3
seed_125,NR-AR-LBD,218,196,0.011086192913353443,3
seed_125,NR-AR-LBD,224,197,0.011080551892518997,2
seed_125,NR-AR-LBD,215,198,0.01082373782992363,4
seed_125,NR-AR-LBD,198,199,0.010802009142935276,3
seed_125,NR-AR-LBD,19,200,0.010781689547002316,4
seed_125,NR-AR-LBD,286,201,0.010742021724581718,2
seed_125,NR-AR-LBD,194,202,0.010411394760012627,3
seed_125,NR-AR-LBD,17,203,0.01019322220236063,5
seed_125,NR-AR-LBD,47,204,0.009875101037323475,4
seed_125,NR-AR-LBD,60,205,0.009500539861619473,3
seed_125,NR-AR-LBD,53,206,0.009331079199910164,6
seed_125,NR-AR-LBD,274,207,0.009134882129728794,2
seed_125,NR-AR-LBD,50,208,0.008614711463451385,3
seed_125,NR-AR-LBD,155,209,0.008556229993700981,3
seed_125,NR-AR-LBD,262,210,0.008421152830123901,3
seed_125,NR-AR-LBD,149,211,0.008398297242820263,2
seed_125,NR-AR-LBD,237,212,0.008122890256345272,2
seed_125,NR-AR-LBD,105,213,0.00802374817430973,3
seed_125,NR-AR-LBD,205,214,0.007901906967163086,3
seed_125,NR-AR-LBD,85,215,0.007840337231755257,3
seed_125,NR-AR-LBD,255,216,0.007588281761854887,2
seed_125,NR-AR-LBD,230,217,0.007581034675240517,3
seed_125,NR-AR-LBD,118,218,0.0073815337382256985,4
seed_125,NR-AR-LBD,179,219,0.007121026050299406,3
seed_125,NR-AR-LBD,96,220,0.006851541344076395,5
seed_125,NR-AR-LBD,116,221,0.00675005279481411,3
seed_125,NR-AR-LBD,101,222,0.006454800721257925,3
seed_125,NR-AR-LBD,186,223,0.006412569433450699,3
seed_125,NR-AR-LBD,171,224,0.006375447381287813,2
seed_125,NR-AR-LBD,131,225,0.00625990005210042,2
seed_125,NR-AR-LBD,5,226,0.006257813889533281,4
seed_125,NR-AR-LBD,35,227,0.006211422849446535,4
seed_125,NR-AR-LBD,44,228,0.006203013472259045,3
seed_125,NR-AR-LBD,227,229,0.0061217425391077995,3
seed_125,NR-AR-LBD,203,230,0.005869343411177397,4
seed_125,NR-AR-LBD,41,231,0.005859186872839928,2
seed_125,NR-AR-LBD,68,232,0.005820584483444691,2
seed_125,NR-AR-LBD,161,233,0.005757593549787998,2
seed_125,NR-AR-LBD,133,234,0.005728937219828367,6
seed_125,NR-AR-LBD,288,235,0.00559882540255785,2
seed_125,NR-AR-LBD,234,236,0.005358983762562275,2
seed_125,NR-AR-LBD,26,237,0.005358362104743719,4
seed_125,NR-AR-LBD,30,238,0.005337504670023918,5
seed_125,NR-AR-LBD,206,239,0.005324660800397396,4
seed_125,NR-AR-LBD,8,240,0.0052506402134895325,6
seed_125,NR-AR-LBD,95,241,0.005117007065564394,4
seed_125,NR-AR-LBD,11,242,0.005037645809352398,2
seed_125,NR-AR-LBD,181,243,0.004993730690330267,4
seed_125,NR-AR-LBD,210,244,0.004970727488398552,6
seed_125,NR-AR-LBD,261,245,0.004895849619060755,3
seed_125,NR-AR-LBD,18,246,0.00479070795699954,4
seed_125,NR-AR-LBD,236,247,0.004678579047322273,3
seed_125,NR-AR-LBD,291,248,0.004600899294018745,2
seed_125,NR-AR-LBD,158,249,0.004555732477456331,3
seed_125,NR-AR-LBD,151,250,0.004096673335880041,2
seed_125,NR-AR-LBD,178,251,0.0040895575657486916,2
seed_125,NR-AR-LBD,232,252,0.003928011283278465,2
seed_125,NR-AR-LBD,191,253,0.0039075519889593124,2
seed_125,NR-AR-LBD,256,254,0.003681713016703725,2
seed_125,NR-AR-LBD,284,255,0.0036711241118609905,2
seed_125,NR-AR-LBD,279,256,0.00322607415728271,2
seed_125,NR-AR-LBD,98,257,0.00321371597237885,2
seed_125,NR-AR-LBD,297,258,0.003124895505607128,1
seed_125,NR-AR-LBD,54,259,0.003042928408831358,5
seed_125,NR-AR-LBD,282,260,0.002925134263932705,3
seed_125,NR-AR-LBD,188,261,0.002856927691027522,2
seed_125,NR-AR-LBD,94,262,0.0027392397169023752,2
seed_125,NR-AR-LBD,228,263,0.00271463836543262,4
seed_125,NR-AR-LBD,137,264,0.0026692086830735207,2
seed_125,NR-AR-LBD,240,265,0.0026048568543046713,1
seed_125,NR-AR-LBD,132,266,0.0025474634021520615,2
seed_125,NR-AR-LBD,295,267,0.0025271002668887377,2
seed_125,NR-AR-LBD,141,268,0.0024577612057328224,2
seed_125,NR-AR-LBD,202,269,0.0023044701665639877,3
seed_125,NR-AR-LBD,174,270,0.0022813507821410894,2
seed_125,NR-AR-LBD,65,271,0.002214431297034025,3
seed_125,NR-AR-LBD,275,272,0.0020197127014398575,2
seed_125,NR-AR-LBD,208,273,0.0019487271783873439,3
seed_125,NR-AR-LBD,163,274,0.0019291099160909653,3
seed_125,NR-AR-LBD,283,275,0.0017204160103574395,2
seed_125,NR-AR-LBD,125,276,0.0016581002855673432,3
seed_125,NR-AR-LBD,278,277,0.0015998744638636708,2
seed_125,NR-AR-LBD,259,278,0.0015947857173159719,2
seed_125,NR-AR-LBD,177,279,0.0015552330296486616,4
seed_125,NR-AR-LBD,157,280,0.0015497434651479125,2
seed_125,NR-AR-LBD,223,281,0.0015121448086574674,2
seed_125,NR-AR-LBD,119,282,0.0014645997434854507,2
seed_125,NR-AR-LBD,267,283,0.001226718188263476,2
seed_125,NR-AR-LBD,281,284,0.0012150750262662768,1
seed_125,NR-AR-LBD,294,285,0.0009857254335656762,2
seed_125,NR-AR-LBD,216,286,0.0008435148629359901,2
seed_125,NR-AR-LBD,238,287,0.0007847669185139239,1
seed_125,NR-AR-LBD,226,288,0.0006216917536221445,2
seed_125,NR-AR-LBD,265,289,0.0005173369427211583,1
seed_125,NR-AR-LBD,76,290,0.0005140882567502558,2
seed_125,NR-AR-LBD,156,291,0.0003966859367210418,2
seed_125,NR-AR-LBD,164,292,0.0003143051580991596,2
seed_125,NR-AR-LBD,159,293,0.00029264597105793655,2
seed_125,NR-AR-LBD,285,294,0.00025476646260358393,1
seed_125,NR-AR-LBD,266,295,0.0,1
seed_125,NR-AR-LBD,199,296,0.0,2
seed_125,NR-AR-LBD,244,297,0.0,1
seed_125,NR-AR-LBD,277,298,0.0,1
seed_125,NR-AR-LBD,272,299,0.0,1
seed_125,NR-ER,70,0,4.791877746582031,27
seed_125,NR-ER,168,1,2.9920005798339844,79
seed_125,NR-ER,72,2,2.661010503768921,15
seed_125,NR-ER,7,3,1.854941964149475,33
seed_125,NR-ER,62,4,1.5906850099563599,24
seed_125,NR-ER,128,5,1.5278483629226685,42
seed_125,NR-ER,52,6,1.174123764038086,16
seed_125,NR-ER,139,7,1.1548922061920166,12
seed_125,NR-ER,63,8,1.0516977310180664,51
seed_125,NR-ER,10,9,0.9493093490600586,17
seed_125,NR-ER,29,10,0.9261634945869446,39
seed_125,NR-ER,74,11,0.8580055236816406,19
seed_125,NR-ER,84,12,0.8387022614479065,15
seed_125,NR-ER,73,13,0.7967497110366821,16
seed_125,NR-ER,0,14,0.7559494376182556,20
seed_125,NR-ER,110,15,0.7194646000862122,20
seed_125,NR-ER,24,16,0.6505231857299805,21
seed_125,NR-ER,231,17,0.6027395725250244,8
seed_125,NR-ER,58,18,0.582395613193512,10
seed_125,NR-ER,189,19,0.5696544647216797,9
seed_125,NR-ER,22,20,0.5521270632743835,13
seed_125,NR-ER,252,21,0.5191109776496887,4
seed_125,NR-ER,23,22,0.5141141414642334,30
seed_125,NR-ER,25,23,0.49404653906822205,8
seed_125,NR-ER,6,24,0.4876551330089569,18
seed_125,NR-ER,46,25,0.4719083905220032,13
seed_125,NR-ER,49,26,0.46483832597732544,17
seed_125,NR-ER,71,27,0.45527032017707825,11
seed_125,NR-ER,57,28,0.4456535875797272,9
seed_125,NR-ER,245,29,0.4435584843158722,15
seed_125,NR-ER,56,30,0.4434106647968292,17
seed_125,NR-ER,15,31,0.4327104687690735,26
seed_125,NR-ER,287,32,0.4160948097705841,8
seed_125,NR-ER,175,33,0.39912348985671997,9
seed_125,NR-ER,160,34,0.3666028082370758,11
seed_125,NR-ER,219,35,0.36405980587005615,16
seed_125,NR-ER,33,36,0.35920920968055725,17
seed_125,NR-ER,145,37,0.3504043221473694,17
seed_125,NR-ER,195,38,0.3495669364929199,11
seed_125,NR-ER,140,39,0.3375290036201477,19
seed_125,NR-ER,2,40,0.3364517390727997,14
seed_125,NR-ER,31,41,0.331839919090271,20
seed_125,NR-ER,59,42,0.33176639676094055,8
seed_125,NR-ER,184,43,0.33009418845176697,7
seed_125,NR-ER,114,44,0.3287869393825531,7
seed_125,NR-ER,296,45,0.32581624388694763,10
seed_125,NR-ER,221,46,0.3156476318836212,6
seed_125,NR-ER,190,47,0.31378087401390076,13
seed_125,NR-ER,123,48,0.31329914927482605,11
seed_125,NR-ER,204,49,0.3129742741584778,7
seed_125,NR-ER,66,50,0.30154547095298767,13
seed_125,NR-ER,147,51,0.3011765480041504,16
seed_125,NR-ER,93,52,0.3002696931362152,16
seed_125,NR-ER,136,53,0.29517871141433716,18
seed_125,NR-ER,80,54,0.29249322414398193,8
seed_125,NR-ER,67,55,0.28780877590179443,16
seed_125,NR-ER,242,56,0.28654050827026367,6
seed_125,NR-ER,211,57,0.2788228392601013,13
seed_125,NR-ER,180,58,0.2663545608520508,5
seed_125,NR-ER,148,59,0.26240548491477966,14
seed_125,NR-ER,290,60,0.2597942054271698,10
seed_125,NR-ER,126,61,0.2481721043586731,10
seed_125,NR-ER,37,62,0.24618719518184662,7
seed_125,NR-ER,111,63,0.2454317808151245,5
seed_125,NR-ER,42,64,0.24236640334129333,5
seed_125,NR-ER,21,65,0.24125321209430695,13
seed_125,NR-ER,81,66,0.23349641263484955,19
seed_125,NR-ER,39,67,0.23277761042118073,9
seed_125,NR-ER,222,68,0.23069272935390472,4
seed_125,NR-ER,193,69,0.22764819860458374,9
seed_125,NR-ER,92,70,0.2269708812236786,21
seed_125,NR-ER,12,71,0.21437732875347137,6
seed_125,NR-ER,130,72,0.2088162899017334,4
seed_125,NR-ER,263,73,0.2087513953447342,6
seed_125,NR-ER,99,74,0.20295454561710358,7
seed_125,NR-ER,154,75,0.1981809139251709,5
seed_125,NR-ER,269,76,0.19723361730575562,4
seed_125,NR-ER,86,77,0.19645367562770844,9
seed_125,NR-ER,108,78,0.19628356397151947,14
seed_125,NR-ER,75,79,0.19129063189029694,13
seed_125,NR-ER,40,80,0.19061671197414398,6
seed_125,NR-ER,166,81,0.18892045319080353,6
seed_125,NR-ER,83,82,0.18720002472400665,9
seed_125,NR-ER,79,83,0.17981432378292084,9
seed_125,NR-ER,143,84,0.17662596702575684,5
seed_125,NR-ER,135,85,0.17593732476234436,9
seed_125,NR-ER,247,86,0.17573639750480652,4
seed_125,NR-ER,225,87,0.17143407464027405,6
seed_125,NR-ER,117,88,0.17113858461380005,7
seed_125,NR-ER,112,89,0.16854490339756012,10
seed_125,NR-ER,64,90,0.16586196422576904,7
seed_125,NR-ER,45,91,0.16180674731731415,8
seed_125,NR-ER,1,92,0.16155891120433807,6
seed_125,NR-ER,149,93,0.15802285075187683,2
seed_125,NR-ER,167,94,0.15465664863586426,6
seed_125,NR-ER,32,95,0.14994540810585022,8
seed_125,NR-ER,43,96,0.1423688381910324,9
seed_125,NR-ER,61,97,0.14176110923290253,6
seed_125,NR-ER,170,98,0.14169082045555115,6
seed_125,NR-ER,50,99,0.13128605484962463,3
seed_125,NR-ER,129,100,0.13082994520664215,9
seed_125,NR-ER,299,101,0.12861011922359467,7
seed_125,NR-ER,35,102,0.1259525865316391,4
seed_125,NR-ER,122,103,0.12477768212556839,6
seed_125,NR-ER,233,104,0.1240742951631546,6
seed_125,NR-ER,209,105,0.12233026325702667,7
seed_125,NR-ER,270,106,0.12116976082324982,4
seed_125,NR-ER,109,107,0.11947263777256012,7
seed_125,NR-ER,120,108,0.11904717236757278,5
seed_125,NR-ER,239,109,0.11886105686426163,3
seed_125,NR-ER,55,110,0.11793188750743866,6
seed_125,NR-ER,183,111,0.11737625300884247,7
seed_125,NR-ER,36,112,0.11664045602083206,7
seed_125,NR-ER,144,113,0.11335241794586182,7
seed_125,NR-ER,107,114,0.11264701187610626,6
seed_125,NR-ER,207,115,0.10897114872932434,2
seed_125,NR-ER,200,116,0.10774815827608109,8
seed_125,NR-ER,82,117,0.10507217794656754,4
seed_125,NR-ER,235,118,0.10456037521362305,5
seed_125,NR-ER,91,119,0.10257187485694885,6
seed_125,NR-ER,162,120,0.10034751147031784,3
seed_125,NR-ER,88,121,0.10028966516256332,4
seed_125,NR-ER,163,122,0.09976471960544586,3
seed_125,NR-ER,212,123,0.09918756783008575,7
seed_125,NR-ER,51,124,0.09816964715719223,10
seed_125,NR-ER,104,125,0.09644856303930283,4
seed_125,NR-ER,176,126,0.0961335301399231,5
seed_125,NR-ER,13,127,0.09277161955833435,6
seed_125,NR-ER,28,128,0.09165237843990326,7
seed_125,NR-ER,257,129,0.08908756077289581,8
seed_125,NR-ER,127,130,0.08901175111532211,4
seed_125,NR-ER,250,131,0.08686921745538712,4
seed_125,NR-ER,44,132,0.08640415966510773,3
seed_125,NR-ER,217,133,0.0847412720322609,4
seed_125,NR-ER,134,134,0.08425438404083252,3
seed_125,NR-ER,229,135,0.08316244184970856,7
seed_125,NR-ER,152,136,0.08253277093172073,3
seed_125,NR-ER,206,137,0.08094330132007599,4
seed_125,NR-ER,172,138,0.07896651327610016,4
seed_125,NR-ER,27,139,0.07820811867713928,8
seed_125,NR-ER,106,140,0.077217236161232,4
seed_125,NR-ER,218,141,0.07626361399888992,3
seed_125,NR-ER,4,142,0.07503189146518707,9
seed_125,NR-ER,201,143,0.07400186359882355,4
seed_125,NR-ER,38,144,0.0736907348036766,4
seed_125,NR-ER,276,145,0.06690044701099396,8
seed_125,NR-ER,198,146,0.06534997373819351,3
seed_125,NR-ER,165,147,0.06487994641065598,4
seed_125,NR-ER,260,148,0.06436491012573242,5
seed_125,NR-ER,138,149,0.0638250932097435,3
seed_125,NR-ER,54,150,0.06358057260513306,5
seed_125,NR-ER,69,151,0.06225709617137909,8
seed_125,NR-ER,248,152,0.06167622655630112,2
seed_125,NR-ER,102,153,0.061334386467933655,6
seed_125,NR-ER,293,154,0.06099865585565567,3
seed_125,NR-ER,48,155,0.060057710856199265,7
seed_125,NR-ER,78,156,0.05916290730237961,5
seed_125,NR-ER,203,157,0.05905047804117203,4
seed_125,NR-ER,254,158,0.058120571076869965,2
seed_125,NR-ER,298,159,0.058026161044836044,4
seed_125,NR-ER,113,160,0.05750921368598938,13
seed_125,NR-ER,286,161,0.05568305402994156,2
seed_125,NR-ER,295,162,0.05429811775684357,2
seed_125,NR-ER,210,163,0.05282629653811455,6
seed_125,NR-ER,142,164,0.052597399801015854,3
seed_125,NR-ER,96,165,0.05234990641474724,5
seed_125,NR-ER,115,166,0.050600193440914154,4
seed_125,NR-ER,19,167,0.049760039895772934,4
seed_125,NR-ER,171,168,0.049734439700841904,2
seed_125,NR-ER,251,169,0.0475446917116642,3
seed_125,NR-ER,246,170,0.0473443903028965,3
seed_125,NR-ER,3,171,0.04633236303925514,6
seed_125,NR-ER,179,172,0.045952100306749344,3
seed_125,NR-ER,186,173,0.042846642434597015,3
seed_125,NR-ER,264,174,0.04227340221405029,3
seed_125,NR-ER,194,175,0.04135586693882942,3
seed_125,NR-ER,173,176,0.04131876677274704,4
seed_125,NR-ER,124,177,0.04103218391537666,4
seed_125,NR-ER,34,178,0.040728744119405746,5
seed_125,NR-ER,258,179,0.040648434311151505,3
seed_125,NR-ER,14,180,0.040583521127700806,5
seed_125,NR-ER,255,181,0.03988835960626602,2
seed_125,NR-ER,65,182,0.03985028341412544,3
seed_125,NR-ER,169,183,0.03909441456198692,8
seed_125,NR-ER,181,184,0.038828153163194656,4
seed_125,NR-ER,161,185,0.03826496750116348,2
seed_125,NR-ER,213,186,0.03769979625940323,4
seed_125,NR-ER,20,187,0.03730354085564613,4
seed_125,NR-ER,292,188,0.03708555921912193,3
seed_125,NR-ER,208,189,0.03689051792025566,3
seed_125,NR-ER,288,190,0.036648984998464584,2
seed_125,NR-ER,253,191,0.03655314818024635,1
seed_125,NR-ER,85,192,0.03647863492369652,3
seed_125,NR-ER,196,193,0.035893622785806656,4
seed_125,NR-ER,202,194,0.0347154438495636,3
seed_125,NR-ER,87,195,0.034503642469644547,4
seed_125,NR-ER,232,196,0.03220620006322861,2
seed_125,NR-ER,89,197,0.03161938488483429,3
seed_125,NR-ER,237,198,0.031126700341701508,2
seed_125,NR-ER,133,199,0.030616069212555885,6
seed_125,NR-ER,101,200,0.03061448037624359,3
seed_125,NR-ER,197,201,0.030493296682834625,3
seed_125,NR-ER,227,202,0.030220946297049522,3
seed_125,NR-ER,8,203,0.030066516250371933,6
seed_125,NR-ER,153,204,0.030028050765395164,2
seed_125,NR-ER,188,205,0.029885411262512207,2
seed_125,NR-ER,243,206,0.029313186183571815,2
seed_125,NR-ER,291,207,0.02897905372083187,2
seed_125,NR-ER,177,208,0.02888701856136322,4
seed_125,NR-ER,90,209,0.028650693595409393,6
seed_125,NR-ER,18,210,0.028186406940221786,4
seed_125,NR-ER,105,211,0.02816438302397728,3
seed_125,NR-ER,121,212,0.02732570469379425,7
seed_125,NR-ER,131,213,0.02712739259004593,2
seed_125,NR-ER,234,214,0.026482509449124336,2
seed_125,NR-ER,47,215,0.0263908002525568,4
seed_125,NR-ER,116,216,0.02616104856133461,3
seed_125,NR-ER,230,217,0.025906667113304138,3
seed_125,NR-ER,68,218,0.025882992893457413,2
seed_125,NR-ER,241,219,0.02532024495303631,3
seed_125,NR-ER,182,220,0.023633666336536407,2
seed_125,NR-ER,77,221,0.02291885018348694,5
seed_125,NR-ER,240,222,0.022499898448586464,1
seed_125,NR-ER,118,223,0.022374091669917107,4
seed_125,NR-ER,76,224,0.022337621077895164,2
seed_125,NR-ER,228,225,0.02233564667403698,4
seed_125,NR-ER,268,226,0.021616989746689796,4
seed_125,NR-ER,205,227,0.02059745416045189,3
seed_125,NR-ER,220,228,0.01895463466644287,2
seed_125,NR-ER,262,229,0.018927374854683876,3
seed_125,NR-ER,271,230,0.01884574256837368,3
seed_125,NR-ER,155,231,0.01872827671468258,3
seed_125,NR-ER,224,232,0.01867324858903885,2
seed_125,NR-ER,16,233,0.018468452617526054,4
seed_125,NR-ER,284,234,0.018370339646935463,2
seed_125,NR-ER,274,235,0.01827840507030487,2
seed_125,NR-ER,9,236,0.018070882186293602,3
seed_125,NR-ER,289,237,0.017301468178629875,2
seed_125,NR-ER,146,238,0.017028916627168655,5
seed_125,NR-ER,185,239,0.01661222241818905,3
seed_125,NR-ER,17,240,0.016266167163848877,5
seed_125,NR-ER,5,241,0.016100777313113213,4
seed_125,NR-ER,191,242,0.016092946752905846,2
seed_125,NR-ER,97,243,0.015606720931828022,2
seed_125,NR-ER,159,244,0.014893028885126114,2
seed_125,NR-ER,214,245,0.014134823344647884,2
seed_125,NR-ER,215,246,0.013660757802426815,4
seed_125,NR-ER,249,247,0.013535032980144024,3
seed_125,NR-ER,95,248,0.013410132378339767,4
seed_125,NR-ER,30,249,0.012789119966328144,5
seed_125,NR-ER,103,250,0.012653116136789322,3
seed_125,NR-ER,119,251,0.012540815398097038,2
seed_125,NR-ER,236,252,0.0120688546448946,3
seed_125,NR-ER,53,253,0.011987539939582348,6
seed_125,NR-ER,100,254,0.011856470257043839,3
seed_125,NR-ER,273,255,0.011824356392025948,2
seed_125,NR-ER,275,256,0.011199761182069778,2
seed_125,NR-ER,164,257,0.011007573455572128,2
seed_125,NR-ER,192,258,0.010331380181014538,3
seed_125,NR-ER,141,259,0.010112560354173183,2
seed_125,NR-ER,285,260,0.00993017666041851,1
seed_125,NR-ER,279,261,0.009791255928575993,2
seed_125,NR-ER,132,262,0.008982320316135883,2
seed_125,NR-ER,60,263,0.008693481795489788,3
seed_125,NR-ER,280,264,0.008431259542703629,3
seed_125,NR-ER,187,265,0.008397513069212437,3
seed_125,NR-ER,256,266,0.00828372873365879,2
seed_125,NR-ER,174,267,0.008149308152496815,2
seed_125,NR-ER,259,268,0.00771583104506135,2
seed_125,NR-ER,261,269,0.007485307287424803,3
seed_125,NR-ER,41,270,0.0074728974141180515,2
seed_125,NR-ER,294,271,0.0068647852167487144,2
seed_125,NR-ER,158,272,0.006525328848510981,3
seed_125,NR-ER,150,273,0.006398342549800873,3
seed_125,NR-ER,265,274,0.006237091962248087,1
seed_125,NR-ER,125,275,0.004994971211999655,3
seed_125,NR-ER,98,276,0.004992168862372637,2
seed_125,NR-ER,226,277,0.004916917532682419,2
seed_125,NR-ER,282,278,0.004867236595600843,3
seed_125,NR-ER,238,279,0.004615792538970709,1
seed_125,NR-ER,267,280,0.003837043885141611,2
seed_125,NR-ER,94,281,0.0034857052378356457,2
seed_125,NR-ER,151,282,0.0033904938027262688,2
seed_125,NR-ER,156,283,0.003340906696394086,2
seed_125,NR-ER,297,284,0.003143290290609002,1
seed_125,NR-ER,26,285,0.0029783891513943672,4
seed_125,NR-ER,223,286,0.0029012951999902725,2
seed_125,NR-ER,178,287,0.0028544769156724215,2
seed_125,NR-ER,137,288,0.00281916675157845,2
seed_125,NR-ER,283,289,0.0027021956630051136,2
seed_125,NR-ER,157,290,0.0026133304927498102,2
seed_125,NR-ER,11,291,0.002273265738040209,2
seed_125,NR-ER,216,292,0.001417851191945374,2
seed_125,NR-ER,278,293,0.0008693714626133442,2
seed_125,NR-ER,281,294,0.0005795219913125038,1
seed_125,NR-ER,244,295,0.0,1
seed_125,NR-ER,199,296,0.0,2
seed_125,NR-ER,277,297,0.0,1
seed_125,NR-ER,266,298,0.0,1
seed_125,NR-ER,272,299,0.0,1
seed_125,SR-ARE,70,0,5.2441301345825195,27
seed_125,SR-ARE,168,1,3.5640504360198975,79
seed_125,SR-ARE,72,2,2.41855788230896,15
seed_125,SR-ARE,128,3,1.7672083377838135,42
seed_125,SR-ARE,139,4,1.6614630222320557,12
seed_125,SR-ARE,7,5,1.3001912832260132,33
seed_125,SR-ARE,110,6,1.2452995777130127,20
seed_125,SR-ARE,62,7,1.1883602142333984,24
seed_125,SR-ARE,0,8,1.0478229522705078,20
seed_125,SR-ARE,63,9,1.029449224472046,51
seed_125,SR-ARE,6,10,0.9660710096359253,18
seed_125,SR-ARE,29,11,0.964448094367981,39
seed_125,SR-ARE,10,12,0.953828752040863,17
seed_125,SR-ARE,74,13,0.9084262847900391,19
seed_125,SR-ARE,52,14,0.8605639934539795,16
seed_125,SR-ARE,73,15,0.7981676459312439,16
seed_125,SR-ARE,58,16,0.7403905391693115,10
seed_125,SR-ARE,24,17,0.6912811398506165,21
seed_125,SR-ARE,22,18,0.6705966591835022,13
seed_125,SR-ARE,189,19,0.6446146368980408,9
seed_125,SR-ARE,287,20,0.5632453560829163,8
seed_125,SR-ARE,219,21,0.5493418574333191,16
seed_125,SR-ARE,84,22,0.5343030095100403,15
seed_125,SR-ARE,66,23,0.4973525106906891,13
seed_125,SR-ARE,15,24,0.4484388828277588,26
seed_125,SR-ARE,23,25,0.41968318819999695,30
seed_125,SR-ARE,57,26,0.419436514377594,9
seed_125,SR-ARE,160,27,0.41734564304351807,11
seed_125,SR-ARE,231,28,0.4070070683956146,8
seed_125,SR-ARE,49,29,0.4038132429122925,17
seed_125,SR-ARE,33,30,0.3866559565067291,17
seed_125,SR-ARE,93,31,0.36547353863716125,16
seed_125,SR-ARE,2,32,0.35969236493110657,14
seed_125,SR-ARE,71,33,0.3511117100715637,11
seed_125,SR-ARE,56,34,0.34857311844825745,17
seed_125,SR-ARE,221,35,0.3427366316318512,6
seed_125,SR-ARE,263,36,0.3407169580459595,6
seed_125,SR-ARE,136,37,0.33713433146476746,18
seed_125,SR-ARE,190,38,0.32201194763183594,13
seed_125,SR-ARE,175,39,0.31479084491729736,9
seed_125,SR-ARE,245,40,0.29759329557418823,15
seed_125,SR-ARE,296,41,0.28309565782546997,10
seed_125,SR-ARE,12,42,0.28070932626724243,6
seed_125,SR-ARE,222,43,0.276356041431427,4
seed_125,SR-ARE,299,44,0.272224485874176,7
seed_125,SR-ARE,67,45,0.26970162987709045,16
seed_125,SR-ARE,80,46,0.2684707045555115,8
seed_125,SR-ARE,209,47,0.2579253017902374,7
seed_125,SR-ARE,21,48,0.2557006776332855,13
seed_125,SR-ARE,46,49,0.25355637073516846,13
seed_125,SR-ARE,25,50,0.2494625598192215,8
seed_125,SR-ARE,31,51,0.24929122626781464,20
seed_125,SR-ARE,59,52,0.24367228150367737,8
seed_125,SR-ARE,40,53,0.2407124787569046,6
seed_125,SR-ARE,43,54,0.23914523422718048,9
seed_125,SR-ARE,92,55,0.23789305984973907,21
seed_125,SR-ARE,147,56,0.23553618788719177,16
seed_125,SR-ARE,148,57,0.23443304002285004,14
seed_125,SR-ARE,140,58,0.2271191030740738,19
seed_125,SR-ARE,257,59,0.21543656289577484,8
seed_125,SR-ARE,270,60,0.2152423858642578,4
seed_125,SR-ARE,81,61,0.2088087946176529,19
seed_125,SR-ARE,217,62,0.2076367884874344,4
seed_125,SR-ARE,145,63,0.20758230984210968,17
seed_125,SR-ARE,211,64,0.20630483329296112,13
seed_125,SR-ARE,242,65,0.20244890451431274,6
seed_125,SR-ARE,86,66,0.20096953213214874,9
seed_125,SR-ARE,64,67,0.19288817048072815,7
seed_125,SR-ARE,170,68,0.18692921102046967,6
seed_125,SR-ARE,36,69,0.18509583175182343,7
seed_125,SR-ARE,143,70,0.1804082989692688,5
seed_125,SR-ARE,79,71,0.17748674750328064,9
seed_125,SR-ARE,37,72,0.1720162034034729,7
seed_125,SR-ARE,112,73,0.16786347329616547,10
seed_125,SR-ARE,180,74,0.1670769900083542,5
seed_125,SR-ARE,107,75,0.16686230897903442,6
seed_125,SR-ARE,290,76,0.1654960662126541,10
seed_125,SR-ARE,1,77,0.16311334073543549,6
seed_125,SR-ARE,250,78,0.15787383913993835,4
seed_125,SR-ARE,126,79,0.1567404419183731,10
seed_125,SR-ARE,252,80,0.1566678136587143,4
seed_125,SR-ARE,129,81,0.15602822601795197,9
seed_125,SR-ARE,193,82,0.15585243701934814,9
seed_125,SR-ARE,127,83,0.15162456035614014,4
seed_125,SR-ARE,113,84,0.1505582183599472,13
seed_125,SR-ARE,39,85,0.1462094485759735,9
seed_125,SR-ARE,130,86,0.1458948403596878,4
seed_125,SR-ARE,195,87,0.1447141319513321,11
seed_125,SR-ARE,111,88,0.14166662096977234,5
seed_125,SR-ARE,176,89,0.14074985682964325,5
seed_125,SR-ARE,142,90,0.13812150061130524,3
seed_125,SR-ARE,135,91,0.1374705582857132,9
seed_125,SR-ARE,154,92,0.13724714517593384,5
seed_125,SR-ARE,184,93,0.1366821676492691,7
seed_125,SR-ARE,269,94,0.13600632548332214,4
seed_125,SR-ARE,83,95,0.13527880609035492,9
seed_125,SR-ARE,166,96,0.1341102421283722,6
seed_125,SR-ARE,225,97,0.13277983665466309,6
seed_125,SR-ARE,75,98,0.13023421168327332,13
seed_125,SR-ARE,99,99,0.1284320205450058,7
seed_125,SR-ARE,123,100,0.12380707263946533,11
seed_125,SR-ARE,28,101,0.12364431470632553,7
seed_125,SR-ARE,114,102,0.11969277262687683,7
seed_125,SR-ARE,42,103,0.11935534328222275,5
seed_125,SR-ARE,280,104,0.1157602071762085,3
seed_125,SR-ARE,91,105,0.1147201731801033,6
seed_125,SR-ARE,109,106,0.11367984116077423,7
seed_125,SR-ARE,13,107,0.1095476970076561,6
seed_125,SR-ARE,182,108,0.10931964218616486,2
seed_125,SR-ARE,207,109,0.105638787150383,2
seed_125,SR-ARE,173,110,0.10499744862318039,4
seed_125,SR-ARE,200,111,0.10396141558885574,8
seed_125,SR-ARE,20,112,0.10108432173728943,4
seed_125,SR-ARE,167,113,0.10005040466785431,6
seed_125,SR-ARE,115,114,0.10003244876861572,4
seed_125,SR-ARE,291,115,0.09801817685365677,2
seed_125,SR-ARE,233,116,0.09768848121166229,6
seed_125,SR-ARE,45,117,0.09594492614269257,8
seed_125,SR-ARE,120,118,0.09412930905818939,5
seed_125,SR-ARE,144,119,0.0934586301445961,7
seed_125,SR-ARE,172,120,0.09287068247795105,4
seed_125,SR-ARE,251,121,0.09039098024368286,3
seed_125,SR-ARE,247,122,0.0887615978717804,4
seed_125,SR-ARE,78,123,0.0874924436211586,5
seed_125,SR-ARE,88,124,0.08638254553079605,4
seed_125,SR-ARE,214,125,0.08496663719415665,2
seed_125,SR-ARE,55,126,0.08200465142726898,6
seed_125,SR-ARE,204,127,0.08160286396741867,7
seed_125,SR-ARE,186,128,0.0803762823343277,3
seed_125,SR-ARE,108,129,0.08018562942743301,14
seed_125,SR-ARE,106,130,0.0789448469877243,4
seed_125,SR-ARE,50,131,0.07863011211156845,3
seed_125,SR-ARE,117,132,0.07834482938051224,7
seed_125,SR-ARE,218,133,0.07834082841873169,3
seed_125,SR-ARE,249,134,0.07763068377971649,3
seed_125,SR-ARE,4,135,0.0720207542181015,9
seed_125,SR-ARE,32,136,0.07198546826839447,8
seed_125,SR-ARE,264,137,0.07181424647569656,3
seed_125,SR-ARE,254,138,0.07152320444583893,2
seed_125,SR-ARE,122,139,0.07116276025772095,6
seed_125,SR-ARE,213,140,0.06811714172363281,4
seed_125,SR-ARE,103,141,0.0677320808172226,3
seed_125,SR-ARE,235,142,0.06746143847703934,5
seed_125,SR-ARE,212,143,0.0667751207947731,7
seed_125,SR-ARE,298,144,0.06598391383886337,4
seed_125,SR-ARE,181,145,0.06288524717092514,4
seed_125,SR-ARE,162,146,0.06287194043397903,3
seed_125,SR-ARE,138,147,0.06151452660560608,3
seed_125,SR-ARE,276,148,0.0605819933116436,8
seed_125,SR-ARE,239,149,0.06001604348421097,3
seed_125,SR-ARE,90,150,0.05777594819664955,6
seed_125,SR-ARE,236,151,0.055753402411937714,3
seed_125,SR-ARE,3,152,0.05570051819086075,6
seed_125,SR-ARE,196,153,0.05448078364133835,4
seed_125,SR-ARE,121,154,0.05246961489319801,7
seed_125,SR-ARE,183,155,0.05210045352578163,7
seed_125,SR-ARE,262,156,0.052088528871536255,3
seed_125,SR-ARE,149,157,0.05100652202963829,2
seed_125,SR-ARE,241,158,0.050645604729652405,3
seed_125,SR-ARE,220,159,0.050468944013118744,2
seed_125,SR-ARE,51,160,0.05022718384861946,10
seed_125,SR-ARE,243,161,0.04942787066102028,2
seed_125,SR-ARE,8,162,0.048654455691576004,6
seed_125,SR-ARE,271,163,0.048506345599889755,3
seed_125,SR-ARE,27,164,0.04839232191443443,8
seed_125,SR-ARE,295,165,0.04787013679742813,2
seed_125,SR-ARE,248,166,0.04626846686005592,2
seed_125,SR-ARE,17,167,0.046261489391326904,5
seed_125,SR-ARE,205,168,0.04584292694926262,3
seed_125,SR-ARE,206,169,0.044157981872558594,4
seed_125,SR-ARE,163,170,0.04413175955414772,3
seed_125,SR-ARE,185,171,0.043798353523015976,3
seed_125,SR-ARE,35,172,0.04117989540100098,4
seed_125,SR-ARE,150,173,0.040847185999155045,3
seed_125,SR-ARE,89,174,0.040825217962265015,3
seed_125,SR-ARE,288,175,0.039631105959415436,2
seed_125,SR-ARE,198,176,0.039623744785785675,3
seed_125,SR-ARE,34,177,0.03853600099682808,5
seed_125,SR-ARE,102,178,0.03791008144617081,6
seed_125,SR-ARE,77,179,0.037810586392879486,5
seed_125,SR-ARE,30,180,0.03745342791080475,5
seed_125,SR-ARE,255,181,0.03722665086388588,2
seed_125,SR-ARE,237,182,0.03606220334768295,2
seed_125,SR-ARE,38,183,0.035802386701107025,4
seed_125,SR-ARE,104,184,0.03570382297039032,4
seed_125,SR-ARE,201,185,0.03536703437566757,4
seed_125,SR-ARE,133,186,0.03410736471414566,6
seed_125,SR-ARE,146,187,0.033984217792749405,5
seed_125,SR-ARE,268,188,0.03344830125570297,4
seed_125,SR-ARE,260,189,0.033293142914772034,5
seed_125,SR-ARE,82,190,0.032927464693784714,4
seed_125,SR-ARE,165,191,0.03277509659528732,4
seed_125,SR-ARE,132,192,0.03200323507189751,2
seed_125,SR-ARE,202,193,0.03099953383207321,3
seed_125,SR-ARE,169,194,0.030289500951766968,8
seed_125,SR-ARE,44,195,0.029478106647729874,3
seed_125,SR-ARE,292,196,0.029402824118733406,3
seed_125,SR-ARE,14,197,0.02939709648489952,5
seed_125,SR-ARE,152,198,0.029353763908147812,3
seed_125,SR-ARE,232,199,0.029209446161985397,2
seed_125,SR-ARE,76,200,0.02920888550579548,2
seed_125,SR-ARE,155,201,0.02873406931757927,3
seed_125,SR-ARE,246,202,0.028339285403490067,3
seed_125,SR-ARE,16,203,0.027880525216460228,4
seed_125,SR-ARE,289,204,0.02730485610663891,2
seed_125,SR-ARE,177,205,0.026919296011328697,4
seed_125,SR-ARE,194,206,0.02684740535914898,3
seed_125,SR-ARE,124,207,0.026418840512633324,4
seed_125,SR-ARE,18,208,0.026117481291294098,4
seed_125,SR-ARE,105,209,0.02593420073390007,3
seed_125,SR-ARE,85,210,0.025852853432297707,3
seed_125,SR-ARE,131,211,0.025711694732308388,2
seed_125,SR-ARE,53,212,0.0256958045065403,6
seed_125,SR-ARE,159,213,0.02463953010737896,2
seed_125,SR-ARE,215,214,0.024636540561914444,4
seed_125,SR-ARE,118,215,0.02458416111767292,4
seed_125,SR-ARE,153,216,0.02414320968091488,2
seed_125,SR-ARE,134,217,0.02366805635392666,3
seed_125,SR-ARE,208,218,0.023536495864391327,3
seed_125,SR-ARE,161,219,0.023492271080613136,2
seed_125,SR-ARE,97,220,0.023193201050162315,2
seed_125,SR-ARE,87,221,0.023159833624958992,4
seed_125,SR-ARE,293,222,0.022958144545555115,3
seed_125,SR-ARE,19,223,0.022955380380153656,4
seed_125,SR-ARE,69,224,0.02272097021341324,8
seed_125,SR-ARE,179,225,0.02188311144709587,3
seed_125,SR-ARE,61,226,0.021817522123456,6
seed_125,SR-ARE,100,227,0.02124185487627983,3
seed_125,SR-ARE,234,228,0.02085009776055813,2
seed_125,SR-ARE,48,229,0.020700711756944656,7
seed_125,SR-ARE,187,230,0.020579595118761063,3
seed_125,SR-ARE,95,231,0.020254837349057198,4
seed_125,SR-ARE,267,232,0.019757308065891266,2
seed_125,SR-ARE,229,233,0.019526228308677673,7
seed_125,SR-ARE,54,234,0.019379079341888428,5
seed_125,SR-ARE,65,235,0.019355352967977524,3
seed_125,SR-ARE,68,236,0.018768852576613426,2
seed_125,SR-ARE,96,237,0.017714733257889748,5
seed_125,SR-ARE,197,238,0.017567623406648636,3
seed_125,SR-ARE,47,239,0.017558664083480835,4
seed_125,SR-ARE,5,240,0.01753973215818405,4
seed_125,SR-ARE,226,241,0.017393911257386208,2
seed_125,SR-ARE,203,242,0.01678008772432804,4
seed_125,SR-ARE,101,243,0.01621788740158081,3
seed_125,SR-ARE,227,244,0.01607712358236313,3
seed_125,SR-ARE,210,245,0.016009246930480003,6
seed_125,SR-ARE,274,246,0.015803294256329536,2
seed_125,SR-ARE,94,247,0.014493681490421295,2
seed_125,SR-ARE,228,248,0.014344170689582825,4
seed_125,SR-ARE,41,249,0.014292231760919094,2
seed_125,SR-ARE,275,250,0.014215807430446148,2
seed_125,SR-ARE,119,251,0.013411160558462143,2
seed_125,SR-ARE,98,252,0.013285856693983078,2
seed_125,SR-ARE,230,253,0.012910342775285244,3
seed_125,SR-ARE,240,254,0.010872693732380867,1
seed_125,SR-ARE,286,255,0.010858753696084023,2
seed_125,SR-ARE,9,256,0.010807327926158905,3
seed_125,SR-ARE,158,257,0.010788431391119957,3
seed_125,SR-ARE,171,258,0.01073803286999464,2
seed_125,SR-ARE,279,259,0.010657088831067085,2
seed_125,SR-ARE,224,260,0.01040250901132822,2
seed_125,SR-ARE,188,261,0.010307978838682175,2
seed_125,SR-ARE,258,262,0.010007727891206741,3
seed_125,SR-ARE,26,263,0.009526867419481277,4
seed_125,SR-ARE,261,264,0.008044315502047539,3
seed_125,SR-ARE,116,265,0.007953322492539883,3
seed_125,SR-ARE,192,266,0.00788645725697279,3
seed_125,SR-ARE,284,267,0.007855710573494434,2
seed_125,SR-ARE,125,268,0.007135202642530203,3
seed_125,SR-ARE,151,269,0.006897170562297106,2
seed_125,SR-ARE,141,270,0.006839027162641287,2
seed_125,SR-ARE,164,271,0.0065005687065422535,2
seed_125,SR-ARE,256,272,0.0056267897598445415,2
seed_125,SR-ARE,273,273,0.005496735218912363,2
seed_125,SR-ARE,223,274,0.005475772079080343,2
seed_125,SR-ARE,174,275,0.005367144476622343,2
seed_125,SR-ARE,60,276,0.004930461756885052,3
seed_125,SR-ARE,137,277,0.00470252288505435,2
seed_125,SR-ARE,191,278,0.003986315336078405,2
seed_125,SR-ARE,265,279,0.003933069296181202,1
seed_125,SR-ARE,259,280,0.0037144431844353676,2
seed_125,SR-ARE,285,281,0.0036994197871536016,1
seed_125,SR-ARE,238,282,0.0036412698682397604,1
seed_125,SR-ARE,156,283,0.003592034103348851,2
seed_125,SR-ARE,278,284,0.0033548709470778704,2
seed_125,SR-ARE,157,285,0.003213742282241583,2
seed_125,SR-ARE,216,286,0.003159110201522708,2
seed_125,SR-ARE,11,287,0.003147925017401576,2
seed_125,SR-ARE,178,288,0.0029269373044371605,2
seed_125,SR-ARE,297,289,0.0027829469181597233,1
seed_125,SR-ARE,253,290,0.002583007328212261,1
seed_125,SR-ARE,282,291,0.002387303626164794,3
seed_125,SR-ARE,283,292,0.0011495723156258464,2
seed_125,SR-ARE,281,293,0.0006930697127245367,1
seed_125,SR-ARE,294,294,8.832618914311752e-05,2
seed_125,SR-ARE,272,295,0.0,1
seed_125,SR-ARE,244,296,0.0,1
seed_125,SR-ARE,277,297,0.0,1
seed_125,SR-ARE,266,298,0.0,1
seed_125,SR-ARE,199,299,0.0,2
seed_125,SR-MMP,70,0,6.585926532745361,27
seed_125,SR-MMP,168,1,4.593414783477783,79
seed_125,SR-MMP,72,2,3.7362372875213623,15
seed_125,SR-MMP,7,3,3.0475051403045654,33
seed_125,SR-MMP,128,4,2.631808042526245,42
seed_125,SR-MMP,139,5,2.2908618450164795,12
seed_125,SR-MMP,74,6,2.2532424926757812,19
seed_125,SR-MMP,62,7,1.6656478643417358,24
seed_125,SR-MMP,73,8,1.5688446760177612,16
seed_125,SR-MMP,52,9,1.5673468112945557,16
seed_125,SR-MMP,29,10,1.3399994373321533,39
seed_125,SR-MMP,63,11,1.2851728200912476,51
seed_125,SR-MMP,0,12,1.2783808708190918,20
seed_125,SR-MMP,58,13,1.208438515663147,10
seed_125,SR-MMP,10,14,1.163935661315918,17
seed_125,SR-MMP,110,15,1.1300201416015625,20
seed_125,SR-MMP,287,16,1.0562893152236938,8
seed_125,SR-MMP,6,17,1.0375590324401855,18
seed_125,SR-MMP,56,18,1.0101827383041382,17
seed_125,SR-MMP,25,19,0.941594123840332,8
seed_125,SR-MMP,175,20,0.81728196144104,9
seed_125,SR-MMP,160,21,0.7277478575706482,11
seed_125,SR-MMP,57,22,0.7215684652328491,9
seed_125,SR-MMP,33,23,0.703726589679718,17
seed_125,SR-MMP,296,24,0.7031586170196533,10
seed_125,SR-MMP,2,25,0.6957558989524841,14
seed_125,SR-MMP,24,26,0.6600085496902466,21
seed_125,SR-MMP,136,27,0.5988864302635193,18
seed_125,SR-MMP,15,28,0.5960803627967834,26
seed_125,SR-MMP,245,29,0.5920823216438293,15
seed_125,SR-MMP,67,30,0.5712704062461853,16
seed_125,SR-MMP,46,31,0.5465480089187622,13
seed_125,SR-MMP,23,32,0.5334479212760925,30
seed_125,SR-MMP,184,33,0.5288578271865845,7
seed_125,SR-MMP,217,34,0.5269198417663574,4
seed_125,SR-MMP,49,35,0.5264488458633423,17
seed_125,SR-MMP,189,36,0.5261465907096863,9
seed_125,SR-MMP,123,37,0.5105471611022949,11
seed_125,SR-MMP,84,38,0.5043576955795288,15
seed_125,SR-MMP,66,39,0.4936412572860718,13
seed_125,SR-MMP,71,40,0.4922860562801361,11
seed_125,SR-MMP,219,41,0.4833884537220001,16
seed_125,SR-MMP,147,42,0.4723009467124939,16
seed_125,SR-MMP,92,43,0.46054553985595703,21
seed_125,SR-MMP,135,44,0.44677817821502686,9
seed_125,SR-MMP,22,45,0.43453890085220337,13
seed_125,SR-MMP,190,46,0.4133914113044739,13
seed_125,SR-MMP,222,47,0.4119861125946045,4
seed_125,SR-MMP,31,48,0.39205023646354675,20
seed_125,SR-MMP,93,49,0.3839187026023865,16
seed_125,SR-MMP,140,50,0.38122430443763733,19
seed_125,SR-MMP,126,51,0.3810758590698242,10
seed_125,SR-MMP,231,52,0.3764038383960724,8
seed_125,SR-MMP,112,53,0.37195879220962524,10
seed_125,SR-MMP,170,54,0.3538154363632202,6
seed_125,SR-MMP,21,55,0.35196322202682495,13
seed_125,SR-MMP,79,56,0.34088677167892456,9
seed_125,SR-MMP,114,57,0.3323972225189209,7
seed_125,SR-MMP,83,58,0.3292108178138733,9
seed_125,SR-MMP,39,59,0.3281334340572357,9
seed_125,SR-MMP,12,60,0.31863731145858765,6
seed_125,SR-MMP,263,61,0.31280088424682617,6
seed_125,SR-MMP,80,62,0.3065301477909088,8
seed_125,SR-MMP,129,63,0.30130818486213684,9
seed_125,SR-MMP,252,64,0.30084195733070374,4
seed_125,SR-MMP,211,65,0.2982911765575409,13
seed_125,SR-MMP,145,66,0.29740187525749207,17
seed_125,SR-MMP,64,67,0.2934631109237671,7
seed_125,SR-MMP,108,68,0.2930150330066681,14
seed_125,SR-MMP,36,69,0.2889932692050934,7
seed_125,SR-MMP,111,70,0.2821071743965149,5
seed_125,SR-MMP,81,71,0.2820383608341217,19
seed_125,SR-MMP,59,72,0.2815091907978058,8
seed_125,SR-MMP,242,73,0.2814106345176697,6
seed_125,SR-MMP,193,74,0.2767394781112671,9
seed_125,SR-MMP,117,75,0.27572476863861084,7
seed_125,SR-MMP,270,76,0.274053692817688,4
seed_125,SR-MMP,195,77,0.27317681908607483,11
seed_125,SR-MMP,86,78,0.26596614718437195,9
seed_125,SR-MMP,221,79,0.2576703429222107,6
seed_125,SR-MMP,99,80,0.2521645426750183,7
seed_125,SR-MMP,91,81,0.24992915987968445,6
seed_125,SR-MMP,290,82,0.24551783502101898,10
seed_125,SR-MMP,51,83,0.2431362122297287,10
seed_125,SR-MMP,148,84,0.24281945824623108,14
seed_125,SR-MMP,257,85,0.24224667251110077,8
seed_125,SR-MMP,209,86,0.24117426574230194,7
seed_125,SR-MMP,180,87,0.23693247139453888,5
seed_125,SR-MMP,37,88,0.23144887387752533,7
seed_125,SR-MMP,75,89,0.2275639921426773,13
seed_125,SR-MMP,225,90,0.2210264652967453,6
seed_125,SR-MMP,45,91,0.21797819435596466,8
seed_125,SR-MMP,299,92,0.21340472996234894,7
seed_125,SR-MMP,107,93,0.20738545060157776,6
seed_125,SR-MMP,109,94,0.1948884129524231,7
seed_125,SR-MMP,1,95,0.18581809103488922,6
seed_125,SR-MMP,218,96,0.1819511353969574,3
seed_125,SR-MMP,172,97,0.1731683313846588,4
seed_125,SR-MMP,130,98,0.17295649647712708,4
seed_125,SR-MMP,167,99,0.17240658402442932,6
seed_125,SR-MMP,127,100,0.16386400163173676,4
seed_125,SR-MMP,43,101,0.16125337779521942,9
seed_125,SR-MMP,28,102,0.161035418510437,7
seed_125,SR-MMP,142,103,0.15328776836395264,3
seed_125,SR-MMP,104,104,0.15276770293712616,4
seed_125,SR-MMP,255,105,0.15159094333648682,2
seed_125,SR-MMP,32,106,0.1490967571735382,8
seed_125,SR-MMP,173,107,0.14501777291297913,4
seed_125,SR-MMP,20,108,0.14354126155376434,4
seed_125,SR-MMP,120,109,0.14143578708171844,5
seed_125,SR-MMP,40,110,0.14094676077365875,6
seed_125,SR-MMP,4,111,0.13782712817192078,9
seed_125,SR-MMP,78,112,0.1359878033399582,5
seed_125,SR-MMP,176,113,0.13484711945056915,5
seed_125,SR-MMP,50,114,0.13442133367061615,3
seed_125,SR-MMP,204,115,0.1320439726114273,7
seed_125,SR-MMP,247,116,0.12620535492897034,4
seed_125,SR-MMP,122,117,0.12577764689922333,6
seed_125,SR-MMP,3,118,0.12278077006340027,6
seed_125,SR-MMP,143,119,0.12134238332509995,5
seed_125,SR-MMP,202,120,0.12094200402498245,3
seed_125,SR-MMP,144,121,0.12069692462682724,7
seed_125,SR-MMP,235,122,0.11890265345573425,5
seed_125,SR-MMP,113,123,0.11849413812160492,13
seed_125,SR-MMP,166,124,0.11708077043294907,6
seed_125,SR-MMP,35,125,0.1162768080830574,4
seed_125,SR-MMP,102,126,0.114453986287117,6
seed_125,SR-MMP,138,127,0.11049370467662811,3
seed_125,SR-MMP,268,128,0.1104721799492836,4
seed_125,SR-MMP,165,129,0.10845313221216202,4
seed_125,SR-MMP,162,130,0.10758013278245926,3
seed_125,SR-MMP,276,131,0.10718625038862228,8
seed_125,SR-MMP,250,132,0.10050096362829208,4
seed_125,SR-MMP,293,133,0.09922297298908234,3
seed_125,SR-MMP,183,134,0.09789155423641205,7
seed_125,SR-MMP,48,135,0.09619056433439255,7
seed_125,SR-MMP,27,136,0.09608063101768494,8
seed_125,SR-MMP,124,137,0.09591039270162582,4
seed_125,SR-MMP,239,138,0.09540244936943054,3
seed_125,SR-MMP,44,139,0.09516437351703644,3
seed_125,SR-MMP,55,140,0.09409777820110321,6
seed_125,SR-MMP,17,141,0.09030918776988983,5
seed_125,SR-MMP,132,142,0.0886378139257431,2
seed_125,SR-MMP,233,143,0.08827328681945801,6
seed_125,SR-MMP,215,144,0.0879373624920845,4
seed_125,SR-MMP,200,145,0.08777512609958649,8
seed_125,SR-MMP,286,146,0.08771058917045593,2
seed_125,SR-MMP,212,147,0.08741883933544159,7
seed_125,SR-MMP,292,148,0.08738155663013458,3
seed_125,SR-MMP,210,149,0.0860760286450386,6
seed_125,SR-MMP,115,150,0.08412860333919525,4
seed_125,SR-MMP,186,151,0.08274512737989426,3
seed_125,SR-MMP,38,152,0.080103300511837,4
seed_125,SR-MMP,88,153,0.07947275787591934,4
seed_125,SR-MMP,269,154,0.0789235457777977,4
seed_125,SR-MMP,14,155,0.07877236604690552,5
seed_125,SR-MMP,169,156,0.07718279957771301,8
seed_125,SR-MMP,280,157,0.07565795630216599,3
seed_125,SR-MMP,161,158,0.07481849938631058,2
seed_125,SR-MMP,154,159,0.07453394681215286,5
seed_125,SR-MMP,106,160,0.07415343821048737,4
seed_125,SR-MMP,198,161,0.07377107441425323,3
seed_125,SR-MMP,5,162,0.07350680232048035,4
seed_125,SR-MMP,254,163,0.07348578423261642,2
seed_125,SR-MMP,34,164,0.07309567928314209,5
seed_125,SR-MMP,246,165,0.07256809622049332,3
seed_125,SR-MMP,182,166,0.07155520468950272,2
seed_125,SR-MMP,150,167,0.07152087986469269,3
seed_125,SR-MMP,237,168,0.07106027752161026,2
seed_125,SR-MMP,87,169,0.07095782458782196,4
seed_125,SR-MMP,241,170,0.07081722468137741,3
seed_125,SR-MMP,232,171,0.07036319375038147,2
seed_125,SR-MMP,248,172,0.0699320137500763,2
seed_125,SR-MMP,213,173,0.06984780728816986,4
seed_125,SR-MMP,251,174,0.06930842250585556,3
seed_125,SR-MMP,13,175,0.06732736527919769,6
seed_125,SR-MMP,291,176,0.06660884618759155,2
seed_125,SR-MMP,230,177,0.0663241595029831,3
seed_125,SR-MMP,69,178,0.0663149282336235,8
seed_125,SR-MMP,298,179,0.06626926362514496,4
seed_125,SR-MMP,42,180,0.06578382849693298,5
seed_125,SR-MMP,185,181,0.06575457751750946,3
seed_125,SR-MMP,181,182,0.062369540333747864,4
seed_125,SR-MMP,220,183,0.06231237202882767,2
seed_125,SR-MMP,95,184,0.060105059295892715,4
seed_125,SR-MMP,194,185,0.05944644287228584,3
seed_125,SR-MMP,146,186,0.05740327015519142,5
seed_125,SR-MMP,134,187,0.057354096323251724,3
seed_125,SR-MMP,61,188,0.057061802595853806,6
seed_125,SR-MMP,206,189,0.05681038647890091,4
seed_125,SR-MMP,260,190,0.056304074823856354,5
seed_125,SR-MMP,8,191,0.05459087714552879,6
seed_125,SR-MMP,262,192,0.05435475334525108,3
seed_125,SR-MMP,234,193,0.05281195789575577,2
seed_125,SR-MMP,201,194,0.05250447988510132,4
seed_125,SR-MMP,227,195,0.051261402666568756,3
seed_125,SR-MMP,149,196,0.04814503341913223,2
seed_125,SR-MMP,177,197,0.046701304614543915,4
seed_125,SR-MMP,153,198,0.04597589373588562,2
seed_125,SR-MMP,85,199,0.045722126960754395,3
seed_125,SR-MMP,90,200,0.045147065073251724,6
seed_125,SR-MMP,249,201,0.04411046952009201,3
seed_125,SR-MMP,229,202,0.04374683275818825,7
seed_125,SR-MMP,205,203,0.043671123683452606,3
seed_125,SR-MMP,274,204,0.04287884756922722,2
seed_125,SR-MMP,18,205,0.042665157467126846,4
seed_125,SR-MMP,295,206,0.041069336235523224,2
seed_125,SR-MMP,253,207,0.040906764566898346,1
seed_125,SR-MMP,118,208,0.03999067097902298,4
seed_125,SR-MMP,76,209,0.039895739406347275,2
seed_125,SR-MMP,82,210,0.03982828930020332,4
seed_125,SR-MMP,97,211,0.03793836757540703,2
seed_125,SR-MMP,16,212,0.03747138753533363,4
seed_125,SR-MMP,53,213,0.03743138536810875,6
seed_125,SR-MMP,243,214,0.03703197091817856,2
seed_125,SR-MMP,187,215,0.035917978733778,3
seed_125,SR-MMP,133,216,0.035350553691387177,6
seed_125,SR-MMP,121,217,0.03392370045185089,7
seed_125,SR-MMP,152,218,0.03367526829242706,3
seed_125,SR-MMP,77,219,0.03293674439191818,5
seed_125,SR-MMP,188,220,0.032469041645526886,2
seed_125,SR-MMP,224,221,0.03217475116252899,2
seed_125,SR-MMP,163,222,0.030863262712955475,3
seed_125,SR-MMP,98,223,0.030834628269076347,2
seed_125,SR-MMP,30,224,0.030632074922323227,5
seed_125,SR-MMP,9,225,0.030447442084550858,3
seed_125,SR-MMP,208,226,0.029732609167695045,3
seed_125,SR-MMP,192,227,0.02931307628750801,3
seed_125,SR-MMP,105,228,0.028872037306427956,3
seed_125,SR-MMP,207,229,0.028234975412487984,2
seed_125,SR-MMP,197,230,0.026967819780111313,3
seed_125,SR-MMP,196,231,0.026334481313824654,4
seed_125,SR-MMP,54,232,0.02625327557325363,5
seed_125,SR-MMP,96,233,0.02596176415681839,5
seed_125,SR-MMP,19,234,0.025014935061335564,4
seed_125,SR-MMP,279,235,0.02451818250119686,2
seed_125,SR-MMP,256,236,0.022763608023524284,2
seed_125,SR-MMP,179,237,0.022494908422231674,3
seed_125,SR-MMP,271,238,0.02098029851913452,3
seed_125,SR-MMP,68,239,0.020905321463942528,2
seed_125,SR-MMP,89,240,0.02075699344277382,3
seed_125,SR-MMP,289,241,0.020355762913823128,2
seed_125,SR-MMP,267,242,0.020266573876142502,2
seed_125,SR-MMP,273,243,0.019485941156744957,2
seed_125,SR-MMP,258,244,0.019076114520430565,3
seed_125,SR-MMP,164,245,0.018930580466985703,2
seed_125,SR-MMP,155,246,0.018109144642949104,3
seed_125,SR-MMP,65,247,0.017716292291879654,3
seed_125,SR-MMP,116,248,0.01740553230047226,3
seed_125,SR-MMP,228,249,0.016387425363063812,4
seed_125,SR-MMP,236,250,0.016224881634116173,3
seed_125,SR-MMP,94,251,0.015737129375338554,2
seed_125,SR-MMP,11,252,0.015662329271435738,2
seed_125,SR-MMP,264,253,0.015596580691635609,3
seed_125,SR-MMP,203,254,0.015004327520728111,4
seed_125,SR-MMP,288,255,0.014990252442657948,2
seed_125,SR-MMP,214,256,0.014781625010073185,2
seed_125,SR-MMP,171,257,0.013963931240141392,2
seed_125,SR-MMP,103,258,0.013837500475347042,3
seed_125,SR-MMP,101,259,0.013578350655734539,3
seed_125,SR-MMP,158,260,0.013344761915504932,3
seed_125,SR-MMP,174,261,0.012593308463692665,2
seed_125,SR-MMP,119,262,0.012587022967636585,2
seed_125,SR-MMP,151,263,0.012472335249185562,2
seed_125,SR-MMP,178,264,0.011291524395346642,2
seed_125,SR-MMP,100,265,0.010658342391252518,3
seed_125,SR-MMP,297,266,0.01044910866767168,1
seed_125,SR-MMP,216,267,0.010333936661481857,2
seed_125,SR-MMP,275,268,0.010175742208957672,2
seed_125,SR-MMP,226,269,0.010023249313235283,2
seed_125,SR-MMP,259,270,0.009928194805979729,2
seed_125,SR-MMP,131,271,0.008468983694911003,2
seed_125,SR-MMP,282,272,0.008266632445156574,3
seed_125,SR-MMP,159,273,0.008209493942558765,2
seed_125,SR-MMP,261,274,0.0077199810184538364,3
seed_125,SR-MMP,191,275,0.007380052004009485,2
seed_125,SR-MMP,265,276,0.007231547497212887,1
seed_125,SR-MMP,60,277,0.007205849979072809,3
seed_125,SR-MMP,238,278,0.006982035469263792,1
seed_125,SR-MMP,141,279,0.006760469637811184,2
seed_125,SR-MMP,278,280,0.006755893584340811,2
seed_125,SR-MMP,26,281,0.0050461855717003345,4
seed_125,SR-MMP,284,282,0.004663779400289059,2
seed_125,SR-MMP,47,283,0.0045602088794112206,4
seed_125,SR-MMP,281,284,0.004063087049871683,1
seed_125,SR-MMP,283,285,0.0038340315222740173,2
seed_125,SR-MMP,157,286,0.0032681741286069155,2
seed_125,SR-MMP,41,287,0.003205128712579608,2
seed_125,SR-MMP,240,288,0.0031910401303321123,1
seed_125,SR-MMP,156,289,0.0031154837924987078,2
seed_125,SR-MMP,285,290,0.0024505157489329576,1
seed_125,SR-MMP,223,291,0.0021701008081436157,2
seed_125,SR-MMP,294,292,0.0014914532657712698,2
seed_125,SR-MMP,125,293,0.0011495004873722792,3
seed_125,SR-MMP,137,294,0.0008066976442933083,2
seed_125,SR-MMP,272,295,0.0,1
seed_125,SR-MMP,266,296,0.0,1
seed_125,SR-MMP,244,297,0.0,1
seed_125,SR-MMP,277,298,0.0,1
seed_125,SR-MMP,199,299,0.0,2
seed_125,NR-AhR,72,0,5.381363868713379,15
seed_125,NR-AhR,70,1,5.374208450317383,27
seed_125,NR-AhR,168,2,2.684579372406006,79
seed_125,NR-AhR,139,3,1.6714143753051758,12
seed_125,NR-AhR,62,4,1.5405298471450806,24
seed_125,NR-AhR,63,5,1.4308578968048096,51
seed_125,NR-AhR,128,6,1.3140721321105957,42
seed_125,NR-AhR,58,7,1.2697285413742065,10
seed_125,NR-AhR,73,8,1.2181763648986816,16
seed_125,NR-AhR,7,9,1.2044353485107422,33
seed_125,NR-AhR,6,10,1.0742217302322388,18
seed_125,NR-AhR,74,11,0.9770740866661072,19
seed_125,NR-AhR,10,12,0.9517133235931396,17
seed_125,NR-AhR,287,13,0.9037395715713501,8
seed_125,NR-AhR,29,14,0.8305661678314209,39
seed_125,NR-AhR,0,15,0.7809938192367554,20
seed_125,NR-AhR,52,16,0.7442570328712463,16
seed_125,NR-AhR,110,17,0.7222008109092712,20
seed_125,NR-AhR,84,18,0.7142791748046875,15
seed_125,NR-AhR,189,19,0.6796806454658508,9
seed_125,NR-AhR,24,20,0.671920120716095,21
seed_125,NR-AhR,2,21,0.6168400049209595,14
seed_125,NR-AhR,15,22,0.5956493020057678,26
seed_125,NR-AhR,57,23,0.5727370381355286,9
seed_125,NR-AhR,66,24,0.5727202892303467,13
seed_125,NR-AhR,23,25,0.5068750381469727,30
seed_125,NR-AhR,184,26,0.47217580676078796,7
seed_125,NR-AhR,22,27,0.4644371569156647,13
seed_125,NR-AhR,56,28,0.4621277153491974,17
seed_125,NR-AhR,296,29,0.45141610503196716,10
seed_125,NR-AhR,175,30,0.43804460763931274,9
seed_125,NR-AhR,160,31,0.41976863145828247,11
seed_125,NR-AhR,136,32,0.40298283100128174,18
seed_125,NR-AhR,190,33,0.3989599049091339,13
seed_125,NR-AhR,67,34,0.38545486330986023,16
seed_125,NR-AhR,245,35,0.378841757774353,15
seed_125,NR-AhR,140,36,0.37384721636772156,19
seed_125,NR-AhR,25,37,0.37074628472328186,8
seed_125,NR-AhR,46,38,0.36909201741218567,13
seed_125,NR-AhR,112,39,0.36714935302734375,10
seed_125,NR-AhR,209,40,0.35883572697639465,7
seed_125,NR-AhR,21,41,0.3565940856933594,13
seed_125,NR-AhR,33,42,0.3418358862400055,17
seed_125,NR-AhR,43,43,0.3417294919490814,9
seed_125,NR-AhR,92,44,0.3229374587535858,21
seed_125,NR-AhR,219,45,0.31557148694992065,16
seed_125,NR-AhR,123,46,0.31216591596603394,11
seed_125,NR-AhR,59,47,0.30067628622055054,8
seed_125,NR-AhR,147,48,0.2980215549468994,16
seed_125,NR-AhR,145,49,0.2963196337223053,17
seed_125,NR-AhR,211,50,0.2811617851257324,13
seed_125,NR-AhR,114,51,0.28001102805137634,7
seed_125,NR-AhR,204,52,0.27924004197120667,7
seed_125,NR-AhR,193,53,0.2645224332809448,9
seed_125,NR-AhR,221,54,0.24842070043087006,6
seed_125,NR-AhR,257,55,0.24718262255191803,8
seed_125,NR-AhR,129,56,0.24419298768043518,9
seed_125,NR-AhR,71,57,0.24265584349632263,11
seed_125,NR-AhR,99,58,0.2355683147907257,7
seed_125,NR-AhR,222,59,0.2340807318687439,4
seed_125,NR-AhR,31,60,0.23355834186077118,20
seed_125,NR-AhR,83,61,0.23338204622268677,9
seed_125,NR-AhR,263,62,0.22757947444915771,6
seed_125,NR-AhR,39,63,0.2249331921339035,9
seed_125,NR-AhR,93,64,0.22014115750789642,16
seed_125,NR-AhR,231,65,0.21428509056568146,8
seed_125,NR-AhR,148,66,0.21287357807159424,14
seed_125,NR-AhR,49,67,0.21255025267601013,17
seed_125,NR-AhR,80,68,0.20805640518665314,8
seed_125,NR-AhR,75,69,0.20338954031467438,13
seed_125,NR-AhR,36,70,0.1831441968679428,7
seed_125,NR-AhR,81,71,0.18248337507247925,19
seed_125,NR-AhR,170,72,0.18022820353507996,6
seed_125,NR-AhR,35,73,0.17937003076076508,4
seed_125,NR-AhR,126,74,0.1791636347770691,10
seed_125,NR-AhR,79,75,0.1765260547399521,9
seed_125,NR-AhR,40,76,0.17346900701522827,6
seed_125,NR-AhR,154,77,0.16894635558128357,5
seed_125,NR-AhR,242,78,0.16763578355312347,6
seed_125,NR-AhR,217,79,0.1670549213886261,4
seed_125,NR-AhR,45,80,0.159325510263443,8
seed_125,NR-AhR,12,81,0.15556342899799347,6
seed_125,NR-AhR,91,82,0.15391170978546143,6
seed_125,NR-AhR,248,83,0.14907866716384888,2
seed_125,NR-AhR,166,84,0.1467258483171463,6
seed_125,NR-AhR,252,85,0.14612434804439545,4
seed_125,NR-AhR,108,86,0.14560043811798096,14
seed_125,NR-AhR,180,87,0.14021344482898712,5
seed_125,NR-AhR,64,88,0.13872084021568298,7
seed_125,NR-AhR,117,89,0.1382182538509369,7
seed_125,NR-AhR,130,90,0.13731680810451508,4
seed_125,NR-AhR,135,91,0.1366865634918213,9
seed_125,NR-AhR,106,92,0.13434019684791565,4
seed_125,NR-AhR,290,93,0.13244451582431793,10
seed_125,NR-AhR,107,94,0.13223479688167572,6
seed_125,NR-AhR,1,95,0.1315421462059021,6
seed_125,NR-AhR,269,96,0.12909233570098877,4
seed_125,NR-AhR,200,97,0.12431559711694717,8
seed_125,NR-AhR,37,98,0.12054417282342911,7
seed_125,NR-AhR,51,99,0.11738260835409164,10
seed_125,NR-AhR,86,100,0.11652417480945587,9
seed_125,NR-AhR,201,101,0.11606334149837494,4
seed_125,NR-AhR,127,102,0.1159040778875351,4
seed_125,NR-AhR,225,103,0.11518174409866333,6
seed_125,NR-AhR,195,104,0.11312288790941238,11
seed_125,NR-AhR,138,105,0.11018005013465881,3
seed_125,NR-AhR,78,106,0.1055183932185173,5
seed_125,NR-AhR,104,107,0.10271626710891724,4
seed_125,NR-AhR,42,108,0.09663672745227814,5
seed_125,NR-AhR,276,109,0.09633764624595642,8
seed_125,NR-AhR,32,110,0.09201228618621826,8
seed_125,NR-AhR,55,111,0.09138550609350204,6
seed_125,NR-AhR,212,112,0.08865870535373688,7
seed_125,NR-AhR,270,113,0.08619532734155655,4
seed_125,NR-AhR,102,114,0.08186642080545425,6
seed_125,NR-AhR,109,115,0.08130132406949997,7
seed_125,NR-AhR,88,116,0.0810297355055809,4
seed_125,NR-AhR,176,117,0.08035709708929062,5
seed_125,NR-AhR,13,118,0.07927746325731277,6
seed_125,NR-AhR,171,119,0.07885124534368515,2
seed_125,NR-AhR,111,120,0.07856391370296478,5
seed_125,NR-AhR,14,121,0.07771851122379303,5
seed_125,NR-AhR,61,122,0.07445278018712997,6
seed_125,NR-AhR,172,123,0.07382102310657501,4
seed_125,NR-AhR,218,124,0.07179242372512817,3
seed_125,NR-AhR,247,125,0.0706850066781044,4
seed_125,NR-AhR,243,126,0.07044913619756699,2
seed_125,NR-AhR,291,127,0.07041487097740173,2
seed_125,NR-AhR,293,128,0.0698116272687912,3
seed_125,NR-AhR,142,129,0.06939659267663956,3
seed_125,NR-AhR,299,130,0.06939418613910675,7
seed_125,NR-AhR,113,131,0.06917373090982437,13
seed_125,NR-AhR,4,132,0.06824324280023575,9
seed_125,NR-AhR,69,133,0.06648271530866623,8
seed_125,NR-AhR,237,134,0.06594467163085938,2
seed_125,NR-AhR,20,135,0.06489291787147522,4
seed_125,NR-AhR,54,136,0.06337562203407288,5
seed_125,NR-AhR,250,137,0.06259357929229736,4
seed_125,NR-AhR,144,138,0.06249955669045448,7
seed_125,NR-AhR,38,139,0.06167671084403992,4
seed_125,NR-AhR,239,140,0.059410784393548965,3
seed_125,NR-AhR,162,141,0.05925865098834038,3
seed_125,NR-AhR,34,142,0.05854141339659691,5
seed_125,NR-AhR,241,143,0.05837196856737137,3
seed_125,NR-AhR,169,144,0.05764021351933479,8
seed_125,NR-AhR,264,145,0.05617590621113777,3
seed_125,NR-AhR,167,146,0.055846720933914185,6
seed_125,NR-AhR,183,147,0.055490221828222275,7
seed_125,NR-AhR,163,148,0.05538472160696983,3
seed_125,NR-AhR,65,149,0.054917559027671814,3
seed_125,NR-AhR,229,150,0.05486169829964638,7
seed_125,NR-AhR,134,151,0.054838765412569046,3
seed_125,NR-AhR,254,152,0.05379073694348335,2
seed_125,NR-AhR,220,153,0.05326113477349281,2
seed_125,NR-AhR,122,154,0.0530305840075016,6
seed_125,NR-AhR,185,155,0.052550531923770905,3
seed_125,NR-AhR,143,156,0.05070699751377106,5
seed_125,NR-AhR,208,157,0.050314951688051224,3
seed_125,NR-AhR,235,158,0.050303418189287186,5
seed_125,NR-AhR,182,159,0.04969367757439613,2
seed_125,NR-AhR,44,160,0.047992825508117676,3
seed_125,NR-AhR,150,161,0.04766728729009628,3
seed_125,NR-AhR,131,162,0.04740232974290848,2
seed_125,NR-AhR,233,163,0.047197144478559494,6
seed_125,NR-AhR,246,164,0.04718633368611336,3
seed_125,NR-AhR,197,165,0.04673885926604271,3
seed_125,NR-AhR,215,166,0.0463477186858654,4
seed_125,NR-AhR,120,167,0.0462794303894043,5
seed_125,NR-AhR,3,168,0.04611268267035484,6
seed_125,NR-AhR,27,169,0.04515122249722481,8
seed_125,NR-AhR,28,170,0.04498351737856865,7
seed_125,NR-AhR,9,171,0.044219136238098145,3
seed_125,NR-AhR,48,172,0.04416196048259735,7
seed_125,NR-AhR,173,173,0.04386819526553154,4
seed_125,NR-AhR,298,174,0.04302889108657837,4
seed_125,NR-AhR,152,175,0.04260028526186943,3
seed_125,NR-AhR,146,176,0.042351190000772476,5
seed_125,NR-AhR,158,177,0.04222560673952103,3
seed_125,NR-AhR,17,178,0.04189072176814079,5
seed_125,NR-AhR,280,179,0.04178081452846527,3
seed_125,NR-AhR,161,180,0.041245993226766586,2
seed_125,NR-AhR,295,181,0.04124259948730469,2
seed_125,NR-AhR,236,182,0.04104936495423317,3
seed_125,NR-AhR,213,183,0.0407070592045784,4
seed_125,NR-AhR,165,184,0.04055730253458023,4
seed_125,NR-AhR,87,185,0.04049433395266533,4
seed_125,NR-AhR,50,186,0.04041048511862755,3
seed_125,NR-AhR,288,187,0.04040186107158661,2
seed_125,NR-AhR,103,188,0.0401231124997139,3
seed_125,NR-AhR,153,189,0.039916638284921646,2
seed_125,NR-AhR,181,190,0.03938167542219162,4
seed_125,NR-AhR,207,191,0.03936653956770897,2
seed_125,NR-AhR,260,192,0.03858597204089165,5
seed_125,NR-AhR,186,193,0.03803960606455803,3
seed_125,NR-AhR,268,194,0.037680238485336304,4
seed_125,NR-AhR,234,195,0.037024326622486115,2
seed_125,NR-AhR,124,196,0.03665610030293465,4
seed_125,NR-AhR,251,197,0.0363173671066761,3
seed_125,NR-AhR,271,198,0.03631366044282913,3
seed_125,NR-AhR,30,199,0.036280203610658646,5
seed_125,NR-AhR,205,200,0.03500831872224808,3
seed_125,NR-AhR,89,201,0.03429172560572624,3
seed_125,NR-AhR,179,202,0.03408515080809593,3
seed_125,NR-AhR,206,203,0.03408409282565117,4
seed_125,NR-AhR,77,204,0.0337044894695282,5
seed_125,NR-AhR,262,205,0.03296913579106331,3
seed_125,NR-AhR,192,206,0.03227352350950241,3
seed_125,NR-AhR,8,207,0.03184477239847183,6
seed_125,NR-AhR,121,208,0.03156884014606476,7
seed_125,NR-AhR,100,209,0.03033636137843132,3
seed_125,NR-AhR,258,210,0.02962757833302021,3
seed_125,NR-AhR,53,211,0.02951391600072384,6
seed_125,NR-AhR,232,212,0.02911260351538658,2
seed_125,NR-AhR,105,213,0.029015332460403442,3
seed_125,NR-AhR,118,214,0.027695072814822197,4
seed_125,NR-AhR,255,215,0.027461569756269455,2
seed_125,NR-AhR,47,216,0.02736811898648739,4
seed_125,NR-AhR,292,217,0.027171654626727104,3
seed_125,NR-AhR,214,218,0.026176832616329193,2
seed_125,NR-AhR,82,219,0.02587270736694336,4
seed_125,NR-AhR,196,220,0.02573712356388569,4
seed_125,NR-AhR,101,221,0.025432700291275978,3
seed_125,NR-AhR,149,222,0.025160325691103935,2
seed_125,NR-AhR,155,223,0.023475654423236847,3
seed_125,NR-AhR,228,224,0.023440491408109665,4
seed_125,NR-AhR,202,225,0.023415056988596916,3
seed_125,NR-AhR,274,226,0.022418323904275894,2
seed_125,NR-AhR,90,227,0.021832559257745743,6
seed_125,NR-AhR,198,228,0.021425927057862282,3
seed_125,NR-AhR,115,229,0.02136189118027687,4
seed_125,NR-AhR,95,230,0.021185334771871567,4
seed_125,NR-AhR,188,231,0.020693084225058556,2
seed_125,NR-AhR,11,232,0.020521298050880432,2
seed_125,NR-AhR,18,233,0.019638435915112495,4
seed_125,NR-AhR,249,234,0.01947885937988758,3
seed_125,NR-AhR,133,235,0.018533358350396156,6
seed_125,NR-AhR,85,236,0.018429752439260483,3
seed_125,NR-AhR,19,237,0.01827593520283699,4
seed_125,NR-AhR,68,238,0.017737342044711113,2
seed_125,NR-AhR,16,239,0.017548006027936935,4
seed_125,NR-AhR,230,240,0.01752733625471592,3
seed_125,NR-AhR,187,241,0.016873536631464958,3
seed_125,NR-AhR,289,242,0.01563866250216961,2
seed_125,NR-AhR,96,243,0.015577566809952259,5
seed_125,NR-AhR,275,244,0.01555490493774414,2
seed_125,NR-AhR,94,245,0.014965510927140713,2
seed_125,NR-AhR,159,246,0.01466170884668827,2
seed_125,NR-AhR,194,247,0.014613012783229351,3
seed_125,NR-AhR,210,248,0.014511439017951488,6
seed_125,NR-AhR,224,249,0.014403140172362328,2
seed_125,NR-AhR,119,250,0.013998080976307392,2
seed_125,NR-AhR,286,251,0.01385459117591381,2
seed_125,NR-AhR,76,252,0.013380390591919422,2
seed_125,NR-AhR,174,253,0.012845574878156185,2
seed_125,NR-AhR,273,254,0.012053712271153927,2
seed_125,NR-AhR,227,255,0.010320859029889107,3
seed_125,NR-AhR,141,256,0.010010819882154465,2
seed_125,NR-AhR,284,257,0.00988442450761795,2
seed_125,NR-AhR,164,258,0.008997200056910515,2
seed_125,NR-AhR,132,259,0.008922784589231014,2
seed_125,NR-AhR,116,260,0.008651399984955788,3
seed_125,NR-AhR,267,261,0.008000778965651989,2
seed_125,NR-AhR,294,262,0.007895619608461857,2
seed_125,NR-AhR,151,263,0.007528576999902725,2
seed_125,NR-AhR,285,264,0.007204926107078791,1
seed_125,NR-AhR,177,265,0.007012447342276573,4
seed_125,NR-AhR,282,266,0.006845089141279459,3
seed_125,NR-AhR,256,267,0.006740062963217497,2
seed_125,NR-AhR,279,268,0.006707156077027321,2
seed_125,NR-AhR,156,269,0.006581292953342199,2
seed_125,NR-AhR,60,270,0.0065033044666051865,3
seed_125,NR-AhR,283,271,0.006070245523005724,2
seed_125,NR-AhR,203,272,0.005423813592642546,4
seed_125,NR-AhR,216,273,0.005100074224174023,2
seed_125,NR-AhR,191,274,0.005065625067800283,2
seed_125,NR-AhR,253,275,0.004774558823555708,1
seed_125,NR-AhR,259,276,0.004695800598710775,2
seed_125,NR-AhR,5,277,0.0046701328828930855,4
seed_125,NR-AhR,137,278,0.004533520899713039,2
seed_125,NR-AhR,41,279,0.004170376807451248,2
seed_125,NR-AhR,97,280,0.0033308188430964947,2
seed_125,NR-AhR,278,281,0.00275087240152061,2
seed_125,NR-AhR,261,282,0.002646093489602208,3
seed_125,NR-AhR,26,283,0.0024710672441869974,4
seed_125,NR-AhR,240,284,0.001998521853238344,1
seed_125,NR-AhR,226,285,0.0018721900414675474,2
seed_125,NR-AhR,98,286,0.0017674692207947373,2
seed_125,NR-AhR,281,287,0.0016230664914473891,1
seed_125,NR-AhR,178,288,0.0013341928133741021,2
seed_125,NR-AhR,238,289,0.0010928985429927707,1
seed_125,NR-AhR,125,290,0.0008982618455775082,3
seed_125,NR-AhR,297,291,0.0005168271018192172,1
seed_125,NR-AhR,223,292,0.0003889368672389537,2
seed_125,NR-AhR,265,293,0.00028024203493259847,1
seed_125,NR-AhR,157,294,0.00027873474755324423,2
seed_125,NR-AhR,244,295,0.0,1
seed_125,NR-AhR,277,296,0.0,1
seed_125,NR-AhR,272,297,0.0,1
seed_125,NR-AhR,266,298,0.0,1
seed_125,NR-AhR,199,299,0.0,2
seed_125,NR-ER-LBD,70,0,5.44312858581543,27
seed_125,NR-ER-LBD,168,1,4.737942218780518,79
seed_125,NR-ER-LBD,72,2,3.3618526458740234,15
seed_125,NR-ER-LBD,128,3,2.3996851444244385,42
seed_125,NR-ER-LBD,7,4,2.104707956314087,33
seed_125,NR-ER-LBD,139,5,1.9809054136276245,12
seed_125,NR-ER-LBD,74,6,1.5143169164657593,19
seed_125,NR-ER-LBD,6,7,1.437541127204895,18
seed_125,NR-ER-LBD,63,8,1.2959009408950806,51
seed_125,NR-ER-LBD,110,9,1.2050211429595947,20
seed_125,NR-ER-LBD,0,10,1.1161550283432007,20
seed_125,NR-ER-LBD,29,11,1.0878454446792603,39
seed_125,NR-ER-LBD,62,12,0.9430363774299622,24
seed_125,NR-ER-LBD,52,13,0.8337686657905579,16
seed_125,NR-ER-LBD,24,14,0.7905792593955994,21
seed_125,NR-ER-LBD,189,15,0.7738759517669678,9
seed_125,NR-ER-LBD,10,16,0.7632603645324707,17
seed_125,NR-ER-LBD,252,17,0.721804141998291,4
seed_125,NR-ER-LBD,46,18,0.6513450741767883,13
seed_125,NR-ER-LBD,73,19,0.6305193305015564,16
seed_125,NR-ER-LBD,66,20,0.6145139932632446,13
seed_125,NR-ER-LBD,57,21,0.5521257519721985,9
seed_125,NR-ER-LBD,56,22,0.5499402284622192,17
seed_125,NR-ER-LBD,175,23,0.5364283323287964,9
seed_125,NR-ER-LBD,23,24,0.5352141261100769,30
seed_125,NR-ER-LBD,58,25,0.5272544622421265,10
seed_125,NR-ER-LBD,22,26,0.5252936482429504,13
seed_125,NR-ER-LBD,31,27,0.5078995823860168,20
seed_125,NR-ER-LBD,287,28,0.48908138275146484,8
seed_125,NR-ER-LBD,190,29,0.47796231508255005,13
seed_125,NR-ER-LBD,231,30,0.4758712947368622,8
seed_125,NR-ER-LBD,15,31,0.4684086740016937,26
seed_125,NR-ER-LBD,170,32,0.46184417605400085,6
seed_125,NR-ER-LBD,84,33,0.46069905161857605,15
seed_125,NR-ER-LBD,25,34,0.4542502760887146,8
seed_125,NR-ER-LBD,145,35,0.4525555372238159,17
seed_125,NR-ER-LBD,2,36,0.444740891456604,14
seed_125,NR-ER-LBD,160,37,0.41487085819244385,11
seed_125,NR-ER-LBD,126,38,0.36873507499694824,10
seed_125,NR-ER-LBD,140,39,0.36603406071662903,19
seed_125,NR-ER-LBD,33,40,0.36429452896118164,17
seed_125,NR-ER-LBD,12,41,0.36330127716064453,6
seed_125,NR-ER-LBD,221,42,0.3618733584880829,6
seed_125,NR-ER-LBD,49,43,0.35762783885002136,17
seed_125,NR-ER-LBD,211,44,0.35487884283065796,13
seed_125,NR-ER-LBD,245,45,0.3401238024234772,15
seed_125,NR-ER-LBD,296,46,0.33895960450172424,10
seed_125,NR-ER-LBD,123,47,0.3355518877506256,11
seed_125,NR-ER-LBD,209,48,0.33403822779655457,7
seed_125,NR-ER-LBD,136,49,0.33219870924949646,18
seed_125,NR-ER-LBD,114,50,0.33172112703323364,7
seed_125,NR-ER-LBD,263,51,0.3293181359767914,6
seed_125,NR-ER-LBD,217,52,0.32085514068603516,4
seed_125,NR-ER-LBD,43,53,0.3025864362716675,9
seed_125,NR-ER-LBD,93,54,0.29567745327949524,16
seed_125,NR-ER-LBD,219,55,0.2932235896587372,16
seed_125,NR-ER-LBD,184,56,0.2915797531604767,7
seed_125,NR-ER-LBD,269,57,0.2840297520160675,4
seed_125,NR-ER-LBD,135,58,0.27784794569015503,9
seed_125,NR-ER-LBD,64,59,0.27661263942718506,7
seed_125,NR-ER-LBD,59,60,0.2729164659976959,8
seed_125,NR-ER-LBD,71,61,0.269058495759964,11
seed_125,NR-ER-LBD,67,62,0.2575880289077759,16
seed_125,NR-ER-LBD,86,63,0.25729885697364807,9
seed_125,NR-ER-LBD,40,64,0.25388145446777344,6
seed_125,NR-ER-LBD,36,65,0.253326952457428,7
seed_125,NR-ER-LBD,193,66,0.24964363873004913,9
seed_125,NR-ER-LBD,1,67,0.2470986545085907,6
seed_125,NR-ER-LBD,250,68,0.24640575051307678,4
seed_125,NR-ER-LBD,81,69,0.24419812858104706,19
seed_125,NR-ER-LBD,79,70,0.24353818595409393,9
seed_125,NR-ER-LBD,42,71,0.24270878732204437,5
seed_125,NR-ER-LBD,147,72,0.24110350012779236,16
seed_125,NR-ER-LBD,195,73,0.21899761259555817,11
seed_125,NR-ER-LBD,242,74,0.21822279691696167,6
seed_125,NR-ER-LBD,166,75,0.21655215322971344,6
seed_125,NR-ER-LBD,290,76,0.2130768597126007,10
seed_125,NR-ER-LBD,200,77,0.21201953291893005,8
seed_125,NR-ER-LBD,270,78,0.20690740644931793,4
seed_125,NR-ER-LBD,148,79,0.20474903285503387,14
seed_125,NR-ER-LBD,204,80,0.20082300901412964,7
seed_125,NR-ER-LBD,37,81,0.1982623189687729,7
seed_125,NR-ER-LBD,108,82,0.19698452949523926,14
seed_125,NR-ER-LBD,80,83,0.1945187896490097,8
seed_125,NR-ER-LBD,21,84,0.19286401569843292,13
seed_125,NR-ER-LBD,51,85,0.18700091540813446,10
seed_125,NR-ER-LBD,167,86,0.18429447710514069,6
seed_125,NR-ER-LBD,134,87,0.1841960996389389,3
seed_125,NR-ER-LBD,154,88,0.18213656544685364,5
seed_125,NR-ER-LBD,172,89,0.172249898314476,4
seed_125,NR-ER-LBD,92,90,0.17171964049339294,21
seed_125,NR-ER-LBD,99,91,0.1707402914762497,7
seed_125,NR-ER-LBD,117,92,0.16901826858520508,7
seed_125,NR-ER-LBD,257,93,0.1642288714647293,8
seed_125,NR-ER-LBD,129,94,0.1632619947195053,9
seed_125,NR-ER-LBD,75,95,0.1629868447780609,13
seed_125,NR-ER-LBD,180,96,0.16185565292835236,5
seed_125,NR-ER-LBD,176,97,0.15365740656852722,5
seed_125,NR-ER-LBD,112,98,0.15233002603054047,10
seed_125,NR-ER-LBD,83,99,0.149795800447464,9
seed_125,NR-ER-LBD,225,100,0.14950363337993622,6
seed_125,NR-ER-LBD,107,101,0.1483699232339859,6
seed_125,NR-ER-LBD,109,102,0.14460676908493042,7
seed_125,NR-ER-LBD,39,103,0.14426472783088684,9
seed_125,NR-ER-LBD,299,104,0.13483038544654846,7
seed_125,NR-ER-LBD,55,105,0.134419783949852,6
seed_125,NR-ER-LBD,239,106,0.12438388168811798,3
seed_125,NR-ER-LBD,127,107,0.12342671304941177,4
seed_125,NR-ER-LBD,222,108,0.12247999012470245,4
seed_125,NR-ER-LBD,106,109,0.12006807327270508,4
seed_125,NR-ER-LBD,111,110,0.11748359352350235,5
seed_125,NR-ER-LBD,186,111,0.1160348653793335,3
seed_125,NR-ER-LBD,122,112,0.11533048748970032,6
seed_125,NR-ER-LBD,4,113,0.10937429964542389,9
seed_125,NR-ER-LBD,247,114,0.10904543846845627,4
seed_125,NR-ER-LBD,162,115,0.10785210132598877,3
seed_125,NR-ER-LBD,100,116,0.1069042980670929,3
seed_125,NR-ER-LBD,3,117,0.10402202606201172,6
seed_125,NR-ER-LBD,181,118,0.09866493940353394,4
seed_125,NR-ER-LBD,161,119,0.09597274661064148,2
seed_125,NR-ER-LBD,50,120,0.09487776458263397,3
seed_125,NR-ER-LBD,115,121,0.09239747375249863,4
seed_125,NR-ER-LBD,130,122,0.09192244708538055,4
seed_125,NR-ER-LBD,260,123,0.09019368886947632,5
seed_125,NR-ER-LBD,233,124,0.08943013101816177,6
seed_125,NR-ER-LBD,173,125,0.08729365468025208,4
seed_125,NR-ER-LBD,14,126,0.08228348940610886,5
seed_125,NR-ER-LBD,215,127,0.08011259883642197,4
seed_125,NR-ER-LBD,113,128,0.07999356091022491,13
seed_125,NR-ER-LBD,96,129,0.07931588590145111,5
seed_125,NR-ER-LBD,208,130,0.07918013632297516,3
seed_125,NR-ER-LBD,32,131,0.07838521152734756,8
seed_125,NR-ER-LBD,120,132,0.07798808813095093,5
seed_125,NR-ER-LBD,196,133,0.07737508416175842,4
seed_125,NR-ER-LBD,201,134,0.07523579150438309,4
seed_125,NR-ER-LBD,35,135,0.0741119310259819,4
seed_125,NR-ER-LBD,218,136,0.07336470484733582,3
seed_125,NR-ER-LBD,13,137,0.07285759598016739,6
seed_125,NR-ER-LBD,188,138,0.0723453089594841,2
seed_125,NR-ER-LBD,88,139,0.07201281934976578,4
seed_125,NR-ER-LBD,69,140,0.07048451900482178,8
seed_125,NR-ER-LBD,183,141,0.06973078846931458,7
seed_125,NR-ER-LBD,27,142,0.06875399500131607,8
seed_125,NR-ER-LBD,212,143,0.06817419826984406,7
seed_125,NR-ER-LBD,142,144,0.06705109030008316,3
seed_125,NR-ER-LBD,45,145,0.0654214397072792,8
seed_125,NR-ER-LBD,246,146,0.06531649827957153,3
seed_125,NR-ER-LBD,34,147,0.06359585374593735,5
seed_125,NR-ER-LBD,213,148,0.062233567237854004,4
seed_125,NR-ER-LBD,133,149,0.06164023280143738,6
seed_125,NR-ER-LBD,9,150,0.061080556362867355,3
seed_125,NR-ER-LBD,143,151,0.06061581149697304,5
seed_125,NR-ER-LBD,121,152,0.0597543939948082,7
seed_125,NR-ER-LBD,194,153,0.05919063463807106,3
seed_125,NR-ER-LBD,138,154,0.058577947318553925,3
seed_125,NR-ER-LBD,103,155,0.05849308893084526,3
seed_125,NR-ER-LBD,78,156,0.05736635625362396,5
seed_125,NR-ER-LBD,87,157,0.057022180408239365,4
seed_125,NR-ER-LBD,85,158,0.05692216753959656,3
seed_125,NR-ER-LBD,20,159,0.0562160424888134,4
seed_125,NR-ER-LBD,28,160,0.05560822784900665,7
seed_125,NR-ER-LBD,91,161,0.054547082632780075,6
seed_125,NR-ER-LBD,144,162,0.05444812774658203,7
seed_125,NR-ER-LBD,61,163,0.05325156822800636,6
seed_125,NR-ER-LBD,198,164,0.052852556109428406,3
seed_125,NR-ER-LBD,251,165,0.05230678245425224,3
seed_125,NR-ER-LBD,169,166,0.051979318261146545,8
seed_125,NR-ER-LBD,280,167,0.05153653770685196,3
seed_125,NR-ER-LBD,274,168,0.050819434225559235,2
seed_125,NR-ER-LBD,153,169,0.05021878331899643,2
seed_125,NR-ER-LBD,203,170,0.050091452896595,4
seed_125,NR-ER-LBD,205,171,0.049890484660863876,3
seed_125,NR-ER-LBD,229,172,0.04922328516840935,7
seed_125,NR-ER-LBD,236,173,0.047141365706920624,3
seed_125,NR-ER-LBD,97,174,0.04682280868291855,2
seed_125,NR-ER-LBD,48,175,0.04637032374739647,7
seed_125,NR-ER-LBD,210,176,0.04594693332910538,6
seed_125,NR-ER-LBD,8,177,0.045164525508880615,6
seed_125,NR-ER-LBD,248,178,0.044463809579610825,2
seed_125,NR-ER-LBD,214,179,0.04402759298682213,2
seed_125,NR-ER-LBD,207,180,0.0424187071621418,2
seed_125,NR-ER-LBD,102,181,0.042353544384241104,6
seed_125,NR-ER-LBD,268,182,0.04150756448507309,4
seed_125,NR-ER-LBD,187,183,0.04046277701854706,3
seed_125,NR-ER-LBD,146,184,0.03989088162779808,5
seed_125,NR-ER-LBD,104,185,0.03874965012073517,4
seed_125,NR-ER-LBD,293,186,0.038612376898527145,3
seed_125,NR-ER-LBD,235,187,0.03766961395740509,5
seed_125,NR-ER-LBD,289,188,0.03642091900110245,2
seed_125,NR-ER-LBD,258,189,0.03635406121611595,3
seed_125,NR-ER-LBD,5,190,0.036226943135261536,4
seed_125,NR-ER-LBD,152,191,0.03466949239373207,3
seed_125,NR-ER-LBD,234,192,0.03417794033885002,2
seed_125,NR-ER-LBD,276,193,0.03399761766195297,8
seed_125,NR-ER-LBD,237,194,0.03353482857346535,2
seed_125,NR-ER-LBD,295,195,0.03325347974896431,2
seed_125,NR-ER-LBD,131,196,0.033172398805618286,2
seed_125,NR-ER-LBD,227,197,0.03251134231686592,3
seed_125,NR-ER-LBD,53,198,0.03247079998254776,6
seed_125,NR-ER-LBD,82,199,0.031776249408721924,4
seed_125,NR-ER-LBD,65,200,0.03170410171151161,3
seed_125,NR-ER-LBD,149,201,0.03168170899152756,2
seed_125,NR-ER-LBD,165,202,0.03164667636156082,4
seed_125,NR-ER-LBD,292,203,0.03129351884126663,3
seed_125,NR-ER-LBD,275,204,0.030938435345888138,2
seed_125,NR-ER-LBD,124,205,0.03046288527548313,4
seed_125,NR-ER-LBD,38,206,0.030424615368247032,4
seed_125,NR-ER-LBD,206,207,0.03006996028125286,4
seed_125,NR-ER-LBD,16,208,0.02982478030025959,4
seed_125,NR-ER-LBD,89,209,0.02885059267282486,3
seed_125,NR-ER-LBD,132,210,0.02862367406487465,2
seed_125,NR-ER-LBD,286,211,0.02761419303715229,2
seed_125,NR-ER-LBD,177,212,0.026620684191584587,4
seed_125,NR-ER-LBD,224,213,0.0265851691365242,2
seed_125,NR-ER-LBD,241,214,0.02628675475716591,3
seed_125,NR-ER-LBD,60,215,0.026170240715146065,3
seed_125,NR-ER-LBD,232,216,0.026037350296974182,2
seed_125,NR-ER-LBD,17,217,0.025822116062045097,5
seed_125,NR-ER-LBD,171,218,0.025015031918883324,2
seed_125,NR-ER-LBD,179,219,0.02494475059211254,3
seed_125,NR-ER-LBD,182,220,0.024934196844697,2
seed_125,NR-ER-LBD,94,221,0.024457015097141266,2
seed_125,NR-ER-LBD,220,222,0.024376967921853065,2
seed_125,NR-ER-LBD,264,223,0.02413875423371792,3
seed_125,NR-ER-LBD,185,224,0.02351933717727661,3
seed_125,NR-ER-LBD,90,225,0.02323933131992817,6
seed_125,NR-ER-LBD,44,226,0.022668860852718353,3
seed_125,NR-ER-LBD,98,227,0.02265484817326069,2
seed_125,NR-ER-LBD,174,228,0.022471167147159576,2
seed_125,NR-ER-LBD,30,229,0.022418566048145294,5
seed_125,NR-ER-LBD,118,230,0.021688448265194893,4
seed_125,NR-ER-LBD,197,231,0.02102293260395527,3
seed_125,NR-ER-LBD,18,232,0.02069120854139328,4
seed_125,NR-ER-LBD,254,233,0.020594095811247826,2
seed_125,NR-ER-LBD,298,234,0.01980532333254814,4
seed_125,NR-ER-LBD,95,235,0.019282881170511246,4
seed_125,NR-ER-LBD,105,236,0.019261347129940987,3
seed_125,NR-ER-LBD,159,237,0.019261164590716362,2
seed_125,NR-ER-LBD,202,238,0.019108770415186882,3
seed_125,NR-ER-LBD,77,239,0.018401991575956345,5
seed_125,NR-ER-LBD,230,240,0.018175849691033363,3
seed_125,NR-ER-LBD,279,241,0.01812984049320221,2
seed_125,NR-ER-LBD,291,242,0.017970843240618706,2
seed_125,NR-ER-LBD,68,243,0.017571663483977318,2
seed_125,NR-ER-LBD,262,244,0.017427509650588036,3
seed_125,NR-ER-LBD,141,245,0.017278477549552917,2
seed_125,NR-ER-LBD,26,246,0.017210591584444046,4
seed_125,NR-ER-LBD,41,247,0.01656247489154339,2
seed_125,NR-ER-LBD,47,248,0.016264166682958603,4
seed_125,NR-ER-LBD,163,249,0.015571307390928268,3
seed_125,NR-ER-LBD,253,250,0.014891231432557106,1
seed_125,NR-ER-LBD,282,251,0.01482140552252531,3
seed_125,NR-ER-LBD,288,252,0.013479617424309254,2
seed_125,NR-ER-LBD,249,253,0.01272612065076828,3
seed_125,NR-ER-LBD,155,254,0.01249607466161251,3
seed_125,NR-ER-LBD,265,255,0.012165355496108532,1
seed_125,NR-ER-LBD,119,256,0.011971898376941681,2
seed_125,NR-ER-LBD,19,257,0.011916307732462883,4
seed_125,NR-ER-LBD,259,258,0.01126056257635355,2
seed_125,NR-ER-LBD,228,259,0.011226735077798367,4
seed_125,NR-ER-LBD,255,260,0.01111794076859951,2
seed_125,NR-ER-LBD,158,261,0.01108455192297697,3
seed_125,NR-ER-LBD,11,262,0.010884351097047329,2
seed_125,NR-ER-LBD,150,263,0.010855443775653839,3
seed_125,NR-ER-LBD,267,264,0.00996466726064682,2
seed_125,NR-ER-LBD,273,265,0.009449459612369537,2
seed_125,NR-ER-LBD,284,266,0.009131208062171936,2
seed_125,NR-ER-LBD,271,267,0.009102960117161274,3
seed_125,NR-ER-LBD,101,268,0.007399079389870167,3
seed_125,NR-ER-LBD,192,269,0.007128286641091108,3
seed_125,NR-ER-LBD,261,270,0.006849534343928099,3
seed_125,NR-ER-LBD,76,271,0.006670118309557438,2
seed_125,NR-ER-LBD,116,272,0.006631411612033844,3
seed_125,NR-ER-LBD,164,273,0.006436634808778763,2
seed_125,NR-ER-LBD,256,274,0.006044820416718721,2
seed_125,NR-ER-LBD,294,275,0.005884586367756128,2
seed_125,NR-ER-LBD,137,276,0.005769229028373957,2
seed_125,NR-ER-LBD,243,277,0.005762606859207153,2
seed_125,NR-ER-LBD,54,278,0.005743245594203472,5
seed_125,NR-ER-LBD,178,279,0.005476272664964199,2
seed_125,NR-ER-LBD,216,280,0.005365045741200447,2
seed_125,NR-ER-LBD,238,281,0.004970912355929613,1
seed_125,NR-ER-LBD,297,282,0.004633352160453796,1
seed_125,NR-ER-LBD,223,283,0.004376966506242752,2
seed_125,NR-ER-LBD,151,284,0.004330025520175695,2
seed_125,NR-ER-LBD,278,285,0.004016069695353508,2
seed_125,NR-ER-LBD,281,286,0.003734301310032606,1
seed_125,NR-ER-LBD,240,287,0.0036157602444291115,1
seed_125,NR-ER-LBD,191,288,0.0027417975943535566,2
seed_125,NR-ER-LBD,156,289,0.002647894201800227,2
seed_125,NR-ER-LBD,285,290,0.00248412461951375,1
seed_125,NR-ER-LBD,125,291,0.0022620789241045713,3
seed_125,NR-ER-LBD,226,292,0.0020316923037171364,2
seed_125,NR-ER-LBD,283,293,0.0012986602960154414,2
seed_125,NR-ER-LBD,157,294,0.0009622907964512706,2
seed_125,NR-ER-LBD,266,295,0.0,1
seed_125,NR-ER-LBD,277,296,0.0,1
seed_125,NR-ER-LBD,199,297,0.0,2
seed_125,NR-ER-LBD,244,298,0.0,1
seed_125,NR-ER-LBD,272,299,0.0,1
seed_125,SR-ATAD5,70,0,7.5926313400268555,27
seed_125,SR-ATAD5,72,1,4.424526214599609,15
seed_125,SR-ATAD5,168,2,4.165356159210205,79
seed_125,SR-ATAD5,128,3,3.2434935569763184,42
seed_125,SR-ATAD5,62,4,2.7666358947753906,24
seed_125,SR-ATAD5,139,5,2.473109722137451,12
seed_125,SR-ATAD5,110,6,2.3113510608673096,20
seed_125,SR-ATAD5,63,7,1.8240656852722168,51
seed_125,SR-ATAD5,7,8,1.6217771768569946,33
seed_125,SR-ATAD5,0,9,1.5098365545272827,20
seed_125,SR-ATAD5,10,10,1.47748601436615,17
seed_125,SR-ATAD5,58,11,1.4683417081832886,10
seed_125,SR-ATAD5,57,12,1.0332071781158447,9
seed_125,SR-ATAD5,24,13,1.0172605514526367,21
seed_125,SR-ATAD5,52,14,0.9910122156143188,16
seed_125,SR-ATAD5,74,15,0.9838802814483643,19
seed_125,SR-ATAD5,29,16,0.9428897500038147,39
seed_125,SR-ATAD5,25,17,0.9297744631767273,8
seed_125,SR-ATAD5,287,18,0.912251889705658,8
seed_125,SR-ATAD5,73,19,0.8114970922470093,16
seed_125,SR-ATAD5,23,20,0.7671063542366028,30
seed_125,SR-ATAD5,66,21,0.7172260880470276,13
seed_125,SR-ATAD5,22,22,0.6963606476783752,13
seed_125,SR-ATAD5,84,23,0.6487671136856079,15
seed_125,SR-ATAD5,252,24,0.6381290555000305,4
seed_125,SR-ATAD5,6,25,0.6065510511398315,18
seed_125,SR-ATAD5,15,26,0.5832780599594116,26
seed_125,SR-ATAD5,160,27,0.5789234042167664,11
seed_125,SR-ATAD5,2,28,0.5699753165245056,14
seed_125,SR-ATAD5,189,29,0.5470777750015259,9
seed_125,SR-ATAD5,33,30,0.5467209219932556,17
seed_125,SR-ATAD5,219,31,0.5261187553405762,16
seed_125,SR-ATAD5,184,32,0.5228129029273987,7
seed_125,SR-ATAD5,221,33,0.4950256049633026,6
seed_125,SR-ATAD5,270,34,0.4738312363624573,4
seed_125,SR-ATAD5,296,35,0.45920854806900024,10
seed_125,SR-ATAD5,263,36,0.4422391355037689,6
seed_125,SR-ATAD5,140,37,0.440962553024292,19
seed_125,SR-ATAD5,190,38,0.4382385313510895,13
seed_125,SR-ATAD5,175,39,0.4376027584075928,9
seed_125,SR-ATAD5,290,40,0.43697428703308105,10
seed_125,SR-ATAD5,79,41,0.4337872564792633,9
seed_125,SR-ATAD5,49,42,0.4034005105495453,17
seed_125,SR-ATAD5,40,43,0.38019871711730957,6
seed_125,SR-ATAD5,145,44,0.3798505365848541,17
seed_125,SR-ATAD5,136,45,0.37601539492607117,18
seed_125,SR-ATAD5,176,46,0.3753173053264618,5
seed_125,SR-ATAD5,180,47,0.3725554347038269,5
seed_125,SR-ATAD5,92,48,0.3669251799583435,21
seed_125,SR-ATAD5,71,49,0.36209288239479065,11
seed_125,SR-ATAD5,245,50,0.35396844148635864,15
seed_125,SR-ATAD5,31,51,0.3511195182800293,20
seed_125,SR-ATAD5,59,52,0.33500608801841736,8
seed_125,SR-ATAD5,123,53,0.3286258280277252,11
seed_125,SR-ATAD5,67,54,0.32686737179756165,16
seed_125,SR-ATAD5,93,55,0.3173840641975403,16
seed_125,SR-ATAD5,46,56,0.31483468413352966,13
seed_125,SR-ATAD5,80,57,0.312481164932251,8
seed_125,SR-ATAD5,170,58,0.31236881017684937,6
seed_125,SR-ATAD5,231,59,0.3107858896255493,8
seed_125,SR-ATAD5,42,60,0.30969053506851196,5
seed_125,SR-ATAD5,135,61,0.29832059144973755,9
seed_125,SR-ATAD5,217,62,0.2947412133216858,4
seed_125,SR-ATAD5,56,63,0.29095304012298584,17
seed_125,SR-ATAD5,43,64,0.2901817262172699,9
seed_125,SR-ATAD5,75,65,0.283020555973053,13
seed_125,SR-ATAD5,114,66,0.2807271182537079,7
seed_125,SR-ATAD5,148,67,0.2666507661342621,14
seed_125,SR-ATAD5,12,68,0.2628358006477356,6
seed_125,SR-ATAD5,257,69,0.2530211806297302,8
seed_125,SR-ATAD5,147,70,0.25081667304039,16
seed_125,SR-ATAD5,86,71,0.24094951152801514,9
seed_125,SR-ATAD5,107,72,0.23303423821926117,6
seed_125,SR-ATAD5,113,73,0.23260553181171417,13
seed_125,SR-ATAD5,154,74,0.22374646365642548,5
seed_125,SR-ATAD5,211,75,0.22279047966003418,13
seed_125,SR-ATAD5,142,76,0.20578144490718842,3
seed_125,SR-ATAD5,81,77,0.20366621017456055,19
seed_125,SR-ATAD5,39,78,0.20058666169643402,9
seed_125,SR-ATAD5,233,79,0.19992467761039734,6
seed_125,SR-ATAD5,299,80,0.1974397599697113,7
seed_125,SR-ATAD5,21,81,0.19440923631191254,13
seed_125,SR-ATAD5,209,82,0.19305060803890228,7
seed_125,SR-ATAD5,36,83,0.18974092602729797,7
seed_125,SR-ATAD5,117,84,0.18085168302059174,7
seed_125,SR-ATAD5,193,85,0.17981520295143127,9
seed_125,SR-ATAD5,247,86,0.17565757036209106,4
seed_125,SR-ATAD5,242,87,0.1734980344772339,6
seed_125,SR-ATAD5,126,88,0.171685129404068,10
seed_125,SR-ATAD5,108,89,0.1661890149116516,14
seed_125,SR-ATAD5,166,90,0.16511794924736023,6
seed_125,SR-ATAD5,37,91,0.1635301411151886,7
seed_125,SR-ATAD5,109,92,0.15529589354991913,7
seed_125,SR-ATAD5,1,93,0.1550433337688446,6
seed_125,SR-ATAD5,111,94,0.15342561900615692,5
seed_125,SR-ATAD5,268,95,0.15151450037956238,4
seed_125,SR-ATAD5,115,96,0.1506299376487732,4
seed_125,SR-ATAD5,222,97,0.14860989153385162,4
seed_125,SR-ATAD5,99,98,0.14671894907951355,7
seed_125,SR-ATAD5,64,99,0.14271409809589386,7
seed_125,SR-ATAD5,218,100,0.14258970320224762,3
seed_125,SR-ATAD5,167,101,0.13512659072875977,6
seed_125,SR-ATAD5,200,102,0.13254913687705994,8
seed_125,SR-ATAD5,204,103,0.13016091287136078,7
seed_125,SR-ATAD5,32,104,0.1290399432182312,8
seed_125,SR-ATAD5,89,105,0.12512780725955963,3
seed_125,SR-ATAD5,269,106,0.12506447732448578,4
seed_125,SR-ATAD5,152,107,0.12354648113250732,3
seed_125,SR-ATAD5,212,108,0.12143699824810028,7
seed_125,SR-ATAD5,183,109,0.11909892410039902,7
seed_125,SR-ATAD5,106,110,0.11727070808410645,4
seed_125,SR-ATAD5,55,111,0.11677625775337219,6
seed_125,SR-ATAD5,172,112,0.11642201989889145,4
seed_125,SR-ATAD5,291,113,0.1162213534116745,2
seed_125,SR-ATAD5,104,114,0.11592185497283936,4
seed_125,SR-ATAD5,4,115,0.11584856361150742,9
seed_125,SR-ATAD5,83,116,0.11406829208135605,9
seed_125,SR-ATAD5,88,117,0.11339610815048218,4
seed_125,SR-ATAD5,13,118,0.11068015545606613,6
seed_125,SR-ATAD5,129,119,0.11008128523826599,9
seed_125,SR-ATAD5,45,120,0.10826483368873596,8
seed_125,SR-ATAD5,195,121,0.10473685711622238,11
seed_125,SR-ATAD5,143,122,0.10453905165195465,5
seed_125,SR-ATAD5,112,123,0.10185697674751282,10
seed_125,SR-ATAD5,95,124,0.09944123774766922,4
seed_125,SR-ATAD5,171,125,0.09913556277751923,2
seed_125,SR-ATAD5,127,126,0.09648925065994263,4
seed_125,SR-ATAD5,144,127,0.09633534401655197,7
seed_125,SR-ATAD5,254,128,0.09397505968809128,2
seed_125,SR-ATAD5,213,129,0.09392433613538742,4
seed_125,SR-ATAD5,229,130,0.0938434824347496,7
seed_125,SR-ATAD5,44,131,0.09309719502925873,3
seed_125,SR-ATAD5,138,132,0.09246474504470825,3
seed_125,SR-ATAD5,78,133,0.0879567340016365,5
seed_125,SR-ATAD5,48,134,0.08740510046482086,7
seed_125,SR-ATAD5,28,135,0.08502748608589172,7
seed_125,SR-ATAD5,243,136,0.08278172463178635,2
seed_125,SR-ATAD5,182,137,0.08213520795106888,2
seed_125,SR-ATAD5,91,138,0.08144860714673996,6
seed_125,SR-ATAD5,162,139,0.0800313726067543,3
seed_125,SR-ATAD5,248,140,0.07938763499259949,2
seed_125,SR-ATAD5,51,141,0.07871340215206146,10
seed_125,SR-ATAD5,120,142,0.07832667231559753,5
seed_125,SR-ATAD5,181,143,0.07826738059520721,4
seed_125,SR-ATAD5,186,144,0.07820657640695572,3
seed_125,SR-ATAD5,27,145,0.07668447494506836,8
seed_125,SR-ATAD5,77,146,0.07643096894025803,5
seed_125,SR-ATAD5,35,147,0.0751522108912468,4
seed_125,SR-ATAD5,225,148,0.0747772827744484,6
seed_125,SR-ATAD5,61,149,0.07265821844339371,6
seed_125,SR-ATAD5,196,150,0.07160724699497223,4
seed_125,SR-ATAD5,239,151,0.0699504166841507,3
seed_125,SR-ATAD5,205,152,0.0689392164349556,3
seed_125,SR-ATAD5,146,153,0.06847406178712845,5
seed_125,SR-ATAD5,47,154,0.06817246228456497,4
seed_125,SR-ATAD5,208,155,0.06675398349761963,3
seed_125,SR-ATAD5,122,156,0.06448535621166229,6
seed_125,SR-ATAD5,179,157,0.06197074055671692,3
seed_125,SR-ATAD5,20,158,0.06187206506729126,4
seed_125,SR-ATAD5,271,159,0.061855003237724304,3
seed_125,SR-ATAD5,274,160,0.061446912586688995,2
seed_125,SR-ATAD5,251,161,0.06114332005381584,3
seed_125,SR-ATAD5,130,162,0.06098388135433197,4
seed_125,SR-ATAD5,188,163,0.060349252074956894,2
seed_125,SR-ATAD5,173,164,0.060168564319610596,4
seed_125,SR-ATAD5,16,165,0.05994593724608421,4
seed_125,SR-ATAD5,246,166,0.05932937562465668,3
seed_125,SR-ATAD5,163,167,0.05925628915429115,3
seed_125,SR-ATAD5,250,168,0.058815933763980865,4
seed_125,SR-ATAD5,69,169,0.058468569070100784,8
seed_125,SR-ATAD5,276,170,0.05836385861039162,8
seed_125,SR-ATAD5,102,171,0.05817430838942528,6
seed_125,SR-ATAD5,134,172,0.057866718620061874,3
seed_125,SR-ATAD5,3,173,0.057324498891830444,6
seed_125,SR-ATAD5,169,174,0.05643631890416145,8
seed_125,SR-ATAD5,50,175,0.055960457772016525,3
seed_125,SR-ATAD5,201,176,0.0511917844414711,4
seed_125,SR-ATAD5,158,177,0.05038956552743912,3
seed_125,SR-ATAD5,121,178,0.04909038543701172,7
seed_125,SR-ATAD5,235,179,0.049085892736911774,5
seed_125,SR-ATAD5,14,180,0.04897122457623482,5
seed_125,SR-ATAD5,17,181,0.047610245645046234,5
seed_125,SR-ATAD5,292,182,0.047442272305488586,3
seed_125,SR-ATAD5,124,183,0.04695374518632889,4
seed_125,SR-ATAD5,90,184,0.04657340794801712,6
seed_125,SR-ATAD5,224,185,0.04600945860147476,2
seed_125,SR-ATAD5,234,186,0.044851358979940414,2
seed_125,SR-ATAD5,87,187,0.04473134130239487,4
seed_125,SR-ATAD5,9,188,0.040638912469148636,3
seed_125,SR-ATAD5,96,189,0.03889879956841469,5
seed_125,SR-ATAD5,293,190,0.036836765706539154,3
seed_125,SR-ATAD5,258,191,0.03626568987965584,3
seed_125,SR-ATAD5,197,192,0.03581651300191879,3
seed_125,SR-ATAD5,38,193,0.035300806164741516,4
seed_125,SR-ATAD5,280,194,0.03496763855218887,3
seed_125,SR-ATAD5,289,195,0.0348900742828846,2
seed_125,SR-ATAD5,214,196,0.03414018079638481,2
seed_125,SR-ATAD5,288,197,0.03303591534495354,2
seed_125,SR-ATAD5,165,198,0.03297505900263786,4
seed_125,SR-ATAD5,8,199,0.03256465867161751,6
seed_125,SR-ATAD5,230,200,0.03237687051296234,3
seed_125,SR-ATAD5,65,201,0.03202107176184654,3
seed_125,SR-ATAD5,34,202,0.0315544418990612,5
seed_125,SR-ATAD5,273,203,0.031512245535850525,2
seed_125,SR-ATAD5,262,204,0.03123483620584011,3
seed_125,SR-ATAD5,155,205,0.0308022890239954,3
seed_125,SR-ATAD5,161,206,0.030410608276724815,2
seed_125,SR-ATAD5,68,207,0.030234597623348236,2
seed_125,SR-ATAD5,159,208,0.030223127454519272,2
seed_125,SR-ATAD5,19,209,0.030080735683441162,4
seed_125,SR-ATAD5,203,210,0.029917597770690918,4
seed_125,SR-ATAD5,264,211,0.028658870607614517,3
seed_125,SR-ATAD5,153,212,0.028305962681770325,2
seed_125,SR-ATAD5,206,213,0.02808212675154209,4
seed_125,SR-ATAD5,202,214,0.02787725254893303,3
seed_125,SR-ATAD5,237,215,0.027858801186084747,2
seed_125,SR-ATAD5,132,216,0.027082476764917374,2
seed_125,SR-ATAD5,133,217,0.027027377858757973,6
seed_125,SR-ATAD5,53,218,0.027012350037693977,6
seed_125,SR-ATAD5,228,219,0.026997234672307968,4
seed_125,SR-ATAD5,215,220,0.02632594108581543,4
seed_125,SR-ATAD5,241,221,0.025329897180199623,3
seed_125,SR-ATAD5,207,222,0.02516448311507702,2
seed_125,SR-ATAD5,85,223,0.025155382230877876,3
seed_125,SR-ATAD5,210,224,0.024531768634915352,6
seed_125,SR-ATAD5,198,225,0.0244747381657362,3
seed_125,SR-ATAD5,275,226,0.02442813478410244,2
seed_125,SR-ATAD5,256,227,0.023924529552459717,2
seed_125,SR-ATAD5,5,228,0.02342321164906025,4
seed_125,SR-ATAD5,192,229,0.02340579405426979,3
seed_125,SR-ATAD5,98,230,0.023327166214585304,2
seed_125,SR-ATAD5,103,231,0.02329135499894619,3
seed_125,SR-ATAD5,255,232,0.022205861285328865,2
seed_125,SR-ATAD5,131,233,0.022057272493839264,2
seed_125,SR-ATAD5,236,234,0.021816818043589592,3
seed_125,SR-ATAD5,191,235,0.02134673483669758,2
seed_125,SR-ATAD5,220,236,0.021330837160348892,2
seed_125,SR-ATAD5,30,237,0.021260276436805725,5
seed_125,SR-ATAD5,260,238,0.021029917523264885,5
seed_125,SR-ATAD5,185,239,0.020902417600154877,3
seed_125,SR-ATAD5,105,240,0.0207764133810997,3
seed_125,SR-ATAD5,100,241,0.020735550671815872,3
seed_125,SR-ATAD5,76,242,0.019604582339525223,2
seed_125,SR-ATAD5,174,243,0.018506361171603203,2
seed_125,SR-ATAD5,282,244,0.018196187913417816,3
seed_125,SR-ATAD5,26,245,0.017935004085302353,4
seed_125,SR-ATAD5,82,246,0.017911596223711967,4
seed_125,SR-ATAD5,232,247,0.017638366669416428,2
seed_125,SR-ATAD5,249,248,0.017284540459513664,3
seed_125,SR-ATAD5,286,249,0.01681109517812729,2
seed_125,SR-ATAD5,177,250,0.01649930328130722,4
seed_125,SR-ATAD5,94,251,0.01600143127143383,2
seed_125,SR-ATAD5,298,252,0.0156963299959898,4
seed_125,SR-ATAD5,118,253,0.015590429306030273,4
seed_125,SR-ATAD5,227,254,0.01554536260664463,3
seed_125,SR-ATAD5,267,255,0.012522321194410324,2
seed_125,SR-ATAD5,119,256,0.012308599427342415,2
seed_125,SR-ATAD5,149,257,0.011512120254337788,2
seed_125,SR-ATAD5,97,258,0.011457687243819237,2
seed_125,SR-ATAD5,116,259,0.01126255001872778,3
seed_125,SR-ATAD5,194,260,0.011031472124159336,3
seed_125,SR-ATAD5,150,261,0.010306505486369133,3
seed_125,SR-ATAD5,187,262,0.010288039222359657,3
seed_125,SR-ATAD5,223,263,0.01018519513309002,2
seed_125,SR-ATAD5,101,264,0.009530209936201572,3
seed_125,SR-ATAD5,164,265,0.008706037886440754,2
seed_125,SR-ATAD5,295,266,0.0074307615868747234,2
seed_125,SR-ATAD5,60,267,0.007216784171760082,3
seed_125,SR-ATAD5,41,268,0.007076217792928219,2
seed_125,SR-ATAD5,226,269,0.007009783294051886,2
seed_125,SR-ATAD5,259,270,0.0069982437416911125,2
seed_125,SR-ATAD5,18,271,0.006446894723922014,4
seed_125,SR-ATAD5,54,272,0.006246402394026518,5
seed_125,SR-ATAD5,156,273,0.0061800479888916016,2
seed_125,SR-ATAD5,279,274,0.005959074012935162,2
seed_125,SR-ATAD5,137,275,0.005805446766316891,2
seed_125,SR-ATAD5,151,276,0.005474866833537817,2
seed_125,SR-ATAD5,265,277,0.004931958857923746,1
seed_125,SR-ATAD5,261,278,0.0048221140168607235,3
seed_125,SR-ATAD5,297,279,0.004110818728804588,1
seed_125,SR-ATAD5,141,280,0.00405822554603219,2
seed_125,SR-ATAD5,238,281,0.003785880981013179,1
seed_125,SR-ATAD5,253,282,0.0035629544872790575,1
seed_125,SR-ATAD5,11,283,0.00349211017601192,2
seed_125,SR-ATAD5,216,284,0.002624242566525936,2
seed_125,SR-ATAD5,284,285,0.0019520025234669447,2
seed_125,SR-ATAD5,157,286,0.001794801326468587,2
seed_125,SR-ATAD5,178,287,0.0014809411950409412,2
seed_125,SR-ATAD5,294,288,0.001397215062752366,2
seed_125,SR-ATAD5,283,289,0.0009371929336339235,2
seed_125,SR-ATAD5,285,290,0.0008579468121752143,1
seed_125,SR-ATAD5,125,291,0.0004221065901219845,3
seed_125,SR-ATAD5,240,292,0.0004121510137338191,1
seed_125,SR-ATAD5,278,293,0.00029871799051761627,2
seed_125,SR-ATAD5,281,294,5.495728328241967e-05,1
seed_125,SR-ATAD5,244,295,0.0,1
seed_125,SR-ATAD5,277,296,0.0,1
seed_125,SR-ATAD5,272,297,0.0,1
seed_125,SR-ATAD5,199,298,0.0,2
seed_125,SR-ATAD5,266,299,0.0,1
seed_125,SR-p53,70,0,4.2804856300354,27
seed_125,SR-p53,168,1,3.49105167388916,79
seed_125,SR-p53,72,2,2.7156407833099365,15
seed_125,SR-p53,7,3,1.683522343635559,33
seed_125,SR-p53,128,4,1.4979476928710938,42
seed_125,SR-p53,139,5,1.2644219398498535,12
seed_125,SR-p53,63,6,1.1375526189804077,51
seed_125,SR-p53,0,7,1.0495173931121826,20
seed_125,SR-p53,62,8,1.0029847621917725,24
seed_125,SR-p53,10,9,0.9393290281295776,17
seed_125,SR-p53,189,10,0.9118214249610901,9
seed_125,SR-p53,52,11,0.8426013588905334,16
seed_125,SR-p53,74,12,0.8370804190635681,19
seed_125,SR-p53,24,13,0.8341650366783142,21
seed_125,SR-p53,29,14,0.8257156014442444,39
seed_125,SR-p53,58,15,0.7822523713111877,10
seed_125,SR-p53,73,16,0.6563371419906616,16
seed_125,SR-p53,110,17,0.5682188868522644,20
seed_125,SR-p53,6,18,0.5651306509971619,18
seed_125,SR-p53,25,19,0.5517446994781494,8
seed_125,SR-p53,57,20,0.5470201969146729,9
seed_125,SR-p53,33,21,0.5138854384422302,17
seed_125,SR-p53,23,22,0.47254127264022827,30
seed_125,SR-p53,231,23,0.46146172285079956,8
seed_125,SR-p53,114,24,0.4503158628940582,7
seed_125,SR-p53,175,25,0.42122554779052734,9
seed_125,SR-p53,263,26,0.4161645472049713,6
seed_125,SR-p53,245,27,0.38455212116241455,15
seed_125,SR-p53,2,28,0.38291147351264954,14
seed_125,SR-p53,219,29,0.3675265908241272,16
seed_125,SR-p53,84,30,0.3644249439239502,15
seed_125,SR-p53,66,31,0.35755565762519836,13
seed_125,SR-p53,290,32,0.3557620346546173,10
seed_125,SR-p53,287,33,0.3478313982486725,8
seed_125,SR-p53,15,34,0.33091500401496887,26
seed_125,SR-p53,184,35,0.3269670307636261,7
seed_125,SR-p53,22,36,0.32274457812309265,13
seed_125,SR-p53,56,37,0.3198777437210083,17
seed_125,SR-p53,221,38,0.3191002905368805,6
seed_125,SR-p53,190,39,0.307460218667984,13
seed_125,SR-p53,46,40,0.3030611574649811,13
seed_125,SR-p53,49,41,0.296759694814682,17
seed_125,SR-p53,160,42,0.2961080074310303,11
seed_125,SR-p53,43,43,0.2945784330368042,9
seed_125,SR-p53,12,44,0.29006227850914,6
seed_125,SR-p53,21,45,0.2801958918571472,13
seed_125,SR-p53,123,46,0.27986934781074524,11
seed_125,SR-p53,83,47,0.27674761414527893,9
seed_125,SR-p53,136,48,0.2698257267475128,18
seed_125,SR-p53,135,49,0.2547447085380554,9
seed_125,SR-p53,242,50,0.25032445788383484,6
seed_125,SR-p53,99,51,0.24341635406017303,7
seed_125,SR-p53,193,52,0.2421933263540268,9
seed_125,SR-p53,147,53,0.23152440786361694,16
seed_125,SR-p53,217,54,0.2228916585445404,4
seed_125,SR-p53,252,55,0.22006110846996307,4
seed_125,SR-p53,148,56,0.2104843407869339,14
seed_125,SR-p53,180,57,0.20973557233810425,5
seed_125,SR-p53,80,58,0.20821966230869293,8
seed_125,SR-p53,195,59,0.20649205148220062,11
seed_125,SR-p53,40,60,0.20629693567752838,6
seed_125,SR-p53,79,61,0.20521825551986694,9
seed_125,SR-p53,71,62,0.20169015228748322,11
seed_125,SR-p53,112,63,0.20105400681495667,10
seed_125,SR-p53,59,64,0.19909675419330597,8
seed_125,SR-p53,31,65,0.1965741217136383,20
seed_125,SR-p53,93,66,0.19620832800865173,16
seed_125,SR-p53,211,67,0.19573988020420074,13
seed_125,SR-p53,209,68,0.19561228156089783,7
seed_125,SR-p53,108,69,0.18904361128807068,14
seed_125,SR-p53,67,70,0.1748599410057068,16
seed_125,SR-p53,39,71,0.1742725372314453,9
seed_125,SR-p53,111,72,0.1695220023393631,5
seed_125,SR-p53,92,73,0.16709266602993011,21
seed_125,SR-p53,170,74,0.16427208483219147,6
seed_125,SR-p53,45,75,0.1621229648590088,8
seed_125,SR-p53,299,76,0.1621151715517044,7
seed_125,SR-p53,154,77,0.15963467955589294,5
seed_125,SR-p53,140,78,0.15887394547462463,19
seed_125,SR-p53,126,79,0.1574682593345642,10
seed_125,SR-p53,145,80,0.15593479573726654,17
seed_125,SR-p53,36,81,0.155193030834198,7
seed_125,SR-p53,42,82,0.15264149010181427,5
seed_125,SR-p53,296,83,0.15180820226669312,10
seed_125,SR-p53,117,84,0.15133315324783325,7
seed_125,SR-p53,120,85,0.14780163764953613,5
seed_125,SR-p53,183,86,0.14718209207057953,7
seed_125,SR-p53,225,87,0.14556564390659332,6
seed_125,SR-p53,130,88,0.1434541642665863,4
seed_125,SR-p53,166,89,0.1419113129377365,6
seed_125,SR-p53,235,90,0.13334088027477264,5
seed_125,SR-p53,257,91,0.1304933875799179,8
seed_125,SR-p53,143,92,0.1298726201057434,5
seed_125,SR-p53,176,93,0.12774211168289185,5
seed_125,SR-p53,91,94,0.12671028077602386,6
seed_125,SR-p53,51,95,0.121982142329216,10
seed_125,SR-p53,37,96,0.11882679909467697,7
seed_125,SR-p53,247,97,0.1187143623828888,4
seed_125,SR-p53,86,98,0.11562595516443253,9
seed_125,SR-p53,167,99,0.11200617253780365,6
seed_125,SR-p53,204,100,0.11108145862817764,7
seed_125,SR-p53,81,101,0.1084781363606453,19
seed_125,SR-p53,270,102,0.10481715202331543,4
seed_125,SR-p53,1,103,0.10212252289056778,6
seed_125,SR-p53,200,104,0.09844055026769638,8
seed_125,SR-p53,4,105,0.09796462208032608,9
seed_125,SR-p53,222,106,0.09696776419878006,4
seed_125,SR-p53,88,107,0.09693498909473419,4
seed_125,SR-p53,64,108,0.09665706753730774,7
seed_125,SR-p53,89,109,0.09612557291984558,3
seed_125,SR-p53,35,110,0.095684714615345,4
seed_125,SR-p53,32,111,0.09156590700149536,8
seed_125,SR-p53,107,112,0.09075113385915756,6
seed_125,SR-p53,250,113,0.0876772403717041,4
seed_125,SR-p53,129,114,0.08757273107767105,9
seed_125,SR-p53,109,115,0.08606904000043869,7
seed_125,SR-p53,212,116,0.08523328602313995,7
seed_125,SR-p53,149,117,0.08297780156135559,2
seed_125,SR-p53,218,118,0.08157028257846832,3
seed_125,SR-p53,113,119,0.07898590713739395,13
seed_125,SR-p53,269,120,0.07870374619960785,4
seed_125,SR-p53,78,121,0.07541599869728088,5
seed_125,SR-p53,127,122,0.07509900629520416,4
seed_125,SR-p53,233,123,0.07447966188192368,6
seed_125,SR-p53,142,124,0.07225740700960159,3
seed_125,SR-p53,28,125,0.06565314531326294,7
seed_125,SR-p53,13,126,0.06493736803531647,6
seed_125,SR-p53,14,127,0.06421767175197601,5
seed_125,SR-p53,55,128,0.0640072375535965,6
seed_125,SR-p53,213,129,0.06396467983722687,4
seed_125,SR-p53,87,130,0.0631750300526619,4
seed_125,SR-p53,251,131,0.06170570105314255,3
seed_125,SR-p53,95,132,0.06093602627515793,4
seed_125,SR-p53,237,133,0.05679484084248543,2
seed_125,SR-p53,75,134,0.05652609094977379,13
seed_125,SR-p53,276,135,0.05643885210156441,8
seed_125,SR-p53,144,136,0.05603182315826416,7
seed_125,SR-p53,106,137,0.055481985211372375,4
seed_125,SR-p53,69,138,0.055034931749105453,8
seed_125,SR-p53,85,139,0.05467197299003601,3
seed_125,SR-p53,48,140,0.054029691964387894,7
seed_125,SR-p53,248,141,0.05186587572097778,2
seed_125,SR-p53,264,142,0.051034387201070786,3
seed_125,SR-p53,38,143,0.05023597925901413,4
seed_125,SR-p53,17,144,0.049951665103435516,5
seed_125,SR-p53,254,145,0.04862544313073158,2
seed_125,SR-p53,77,146,0.0479496531188488,5
seed_125,SR-p53,292,147,0.046308133751153946,3
seed_125,SR-p53,215,148,0.04583178088068962,4
seed_125,SR-p53,20,149,0.04563163220882416,4
seed_125,SR-p53,172,150,0.04507581889629364,4
seed_125,SR-p53,239,151,0.04455232620239258,3
seed_125,SR-p53,194,152,0.043499212712049484,3
seed_125,SR-p53,185,153,0.043274760246276855,3
seed_125,SR-p53,201,154,0.042770251631736755,4
seed_125,SR-p53,138,155,0.04269962012767792,3
seed_125,SR-p53,54,156,0.040487486869096756,5
seed_125,SR-p53,115,157,0.0395052395761013,4
seed_125,SR-p53,165,158,0.03915437310934067,4
seed_125,SR-p53,61,159,0.03839743137359619,6
seed_125,SR-p53,27,160,0.038104135543107986,8
seed_125,SR-p53,3,161,0.03805927932262421,6
seed_125,SR-p53,214,162,0.0374746210873127,2
seed_125,SR-p53,196,163,0.03735695406794548,4
seed_125,SR-p53,122,164,0.03675178810954094,6
seed_125,SR-p53,186,165,0.03626439347863197,3
seed_125,SR-p53,260,166,0.03569409251213074,5
seed_125,SR-p53,280,167,0.035399891436100006,3
seed_125,SR-p53,246,168,0.0351041741669178,3
seed_125,SR-p53,202,169,0.0350819006562233,3
seed_125,SR-p53,90,170,0.0348423607647419,6
seed_125,SR-p53,181,171,0.03450006991624832,4
seed_125,SR-p53,103,172,0.03401460126042366,3
seed_125,SR-p53,104,173,0.03368060290813446,4
seed_125,SR-p53,243,174,0.033493608236312866,2
seed_125,SR-p53,68,175,0.033352479338645935,2
seed_125,SR-p53,169,176,0.03330327570438385,8
seed_125,SR-p53,163,177,0.03328775614500046,3
seed_125,SR-p53,76,178,0.033206090331077576,2
seed_125,SR-p53,30,179,0.032612644135951996,5
seed_125,SR-p53,229,180,0.03177331015467644,7
seed_125,SR-p53,162,181,0.03149286285042763,3
seed_125,SR-p53,207,182,0.031291354447603226,2
seed_125,SR-p53,50,183,0.031068436801433563,3
seed_125,SR-p53,133,184,0.030871497467160225,6
seed_125,SR-p53,158,185,0.030539866536855698,3
seed_125,SR-p53,179,186,0.029529720544815063,3
seed_125,SR-p53,289,187,0.028676427900791168,2
seed_125,SR-p53,82,188,0.028590429574251175,4
seed_125,SR-p53,227,189,0.028003092855215073,3
seed_125,SR-p53,298,190,0.027959976345300674,4
seed_125,SR-p53,34,191,0.027795515954494476,5
seed_125,SR-p53,249,192,0.026511218398809433,3
seed_125,SR-p53,210,193,0.025979097932577133,6
seed_125,SR-p53,293,194,0.02583957277238369,3
seed_125,SR-p53,44,195,0.025678591802716255,3
seed_125,SR-p53,96,196,0.02556893788278103,5
seed_125,SR-p53,19,197,0.025540510192513466,4
seed_125,SR-p53,174,198,0.024731284007430077,2
seed_125,SR-p53,286,199,0.024648182094097137,2
seed_125,SR-p53,16,200,0.024520646780729294,4
seed_125,SR-p53,288,201,0.024183588102459908,2
seed_125,SR-p53,153,202,0.023794377222657204,2
seed_125,SR-p53,198,203,0.023355191573500633,3
seed_125,SR-p53,102,204,0.023085912689566612,6
seed_125,SR-p53,177,205,0.02292432077229023,4
seed_125,SR-p53,124,206,0.02262612245976925,4
seed_125,SR-p53,258,207,0.02146132104098797,3
seed_125,SR-p53,230,208,0.02142755314707756,3
seed_125,SR-p53,224,209,0.021358951926231384,2
seed_125,SR-p53,146,210,0.021254554390907288,5
seed_125,SR-p53,284,211,0.021080181002616882,2
seed_125,SR-p53,171,212,0.02083520032465458,2
seed_125,SR-p53,5,213,0.020342443138360977,4
seed_125,SR-p53,206,214,0.02033296413719654,4
seed_125,SR-p53,173,215,0.020164867863059044,4
seed_125,SR-p53,155,216,0.01961066760122776,3
seed_125,SR-p53,234,217,0.01873033493757248,2
seed_125,SR-p53,268,218,0.01814369671046734,4
seed_125,SR-p53,118,219,0.01777525804936886,4
seed_125,SR-p53,152,220,0.017461948096752167,3
seed_125,SR-p53,101,221,0.01728641241788864,3
seed_125,SR-p53,273,222,0.017198769375681877,2
seed_125,SR-p53,205,223,0.01715431921184063,3
seed_125,SR-p53,150,224,0.0168413445353508,3
seed_125,SR-p53,208,225,0.016533562913537025,3
seed_125,SR-p53,131,226,0.01647881232202053,2
seed_125,SR-p53,192,227,0.01631424017250538,3
seed_125,SR-p53,267,228,0.015950005501508713,2
seed_125,SR-p53,8,229,0.015380880795419216,6
seed_125,SR-p53,187,230,0.014978236518800259,3
seed_125,SR-p53,53,231,0.01496331486850977,6
seed_125,SR-p53,228,232,0.014817772433161736,4
seed_125,SR-p53,291,233,0.01480548083782196,2
seed_125,SR-p53,236,234,0.014476404525339603,3
seed_125,SR-p53,116,235,0.014149411581456661,3
seed_125,SR-p53,271,236,0.013888781890273094,3
seed_125,SR-p53,253,237,0.013430836610496044,1
seed_125,SR-p53,274,238,0.012598829343914986,2
seed_125,SR-p53,240,239,0.012305925600230694,1
seed_125,SR-p53,275,240,0.01161386538296938,2
seed_125,SR-p53,47,241,0.01147392950952053,4
seed_125,SR-p53,238,242,0.011059676297008991,1
seed_125,SR-p53,94,243,0.010986946523189545,2
seed_125,SR-p53,203,244,0.01092173159122467,4
seed_125,SR-p53,262,245,0.010675827972590923,3
seed_125,SR-p53,164,246,0.010462903417646885,2
seed_125,SR-p53,134,247,0.00980035588145256,3
seed_125,SR-p53,9,248,0.009622353129088879,3
seed_125,SR-p53,121,249,0.009162317961454391,7
seed_125,SR-p53,197,250,0.008934101089835167,3
seed_125,SR-p53,105,251,0.00884952861815691,3
seed_125,SR-p53,137,252,0.008805540390312672,2
seed_125,SR-p53,182,253,0.008791938424110413,2
seed_125,SR-p53,11,254,0.008629923686385155,2
seed_125,SR-p53,295,255,0.008604689501225948,2
seed_125,SR-p53,132,256,0.008429545909166336,2
seed_125,SR-p53,161,257,0.00837791245430708,2
seed_125,SR-p53,178,258,0.008331206627190113,2
seed_125,SR-p53,232,259,0.008051269687712193,2
seed_125,SR-p53,188,260,0.007817388512194157,2
seed_125,SR-p53,220,261,0.007806510664522648,2
seed_125,SR-p53,241,262,0.007615624461323023,3
seed_125,SR-p53,282,263,0.007346617057919502,3
seed_125,SR-p53,255,264,0.007314261514693499,2
seed_125,SR-p53,294,265,0.007137879263609648,2
seed_125,SR-p53,191,266,0.00685231015086174,2
seed_125,SR-p53,141,267,0.00561482785269618,2
seed_125,SR-p53,18,268,0.005576415453106165,4
seed_125,SR-p53,157,269,0.005525150801986456,2
seed_125,SR-p53,100,270,0.005327293649315834,3
seed_125,SR-p53,26,271,0.005281465128064156,4
seed_125,SR-p53,261,272,0.004829470533877611,3
seed_125,SR-p53,226,273,0.0048137083649635315,2
seed_125,SR-p53,265,274,0.004181318916380405,1
seed_125,SR-p53,65,275,0.004007304087281227,3
seed_125,SR-p53,285,276,0.003759864019230008,1
seed_125,SR-p53,60,277,0.0037445570342242718,3
seed_125,SR-p53,156,278,0.003710442455485463,2
seed_125,SR-p53,256,279,0.0035639042034745216,2
seed_125,SR-p53,119,280,0.0034586782567203045,2
seed_125,SR-p53,279,281,0.003168946597725153,2
seed_125,SR-p53,283,282,0.0030334903858602047,2
seed_125,SR-p53,41,283,0.003013554960489273,2
seed_125,SR-p53,297,284,0.0029572255443781614,1
seed_125,SR-p53,278,285,0.00283490726724267,2
seed_125,SR-p53,97,286,0.0024177979212254286,2
seed_125,SR-p53,223,287,0.0023396166507154703,2
seed_125,SR-p53,281,288,0.0017206687480211258,1
seed_125,SR-p53,159,289,0.0012782696867361665,2
seed_125,SR-p53,259,290,0.0012672793818637729,2
seed_125,SR-p53,98,291,0.0009444966563023627,2
seed_125,SR-p53,151,292,0.00045300781494006515,2
seed_125,SR-p53,125,293,0.00015631431597284973,3
seed_125,SR-p53,216,294,0.00013307885092217475,2
seed_125,SR-p53,272,295,0.0,1
seed_125,SR-p53,277,296,0.0,1
seed_125,SR-p53,266,297,0.0,1
seed_125,SR-p53,199,298,0.0,2
seed_125,SR-p53,244,299,0.0,1
seed_126,NR-AR,70,0,5.081627368927002,27
seed_126,NR-AR,168,1,2.7522284984588623,79
seed_126,NR-AR,7,2,1.5984365940093994,33
seed_126,NR-AR,72,3,1.5812047719955444,15
seed_126,NR-AR,128,4,1.554611325263977,42
seed_126,NR-AR,139,5,1.462587833404541,12
seed_126,NR-AR,0,6,1.0050544738769531,20
seed_126,NR-AR,63,7,0.9824422597885132,51
seed_126,NR-AR,74,8,0.777703046798706,19
seed_126,NR-AR,62,9,0.7201023101806641,24
seed_126,NR-AR,29,10,0.7108625173568726,39
seed_126,NR-AR,52,11,0.6456058025360107,16
seed_126,NR-AR,24,12,0.631825864315033,21
seed_126,NR-AR,110,13,0.6278370022773743,20
seed_126,NR-AR,73,14,0.6274337768554688,16
seed_126,NR-AR,10,15,0.6204909682273865,17
seed_126,NR-AR,84,16,0.5833662748336792,15
seed_126,NR-AR,189,17,0.5829513072967529,9
seed_126,NR-AR,287,18,0.4493590295314789,8
seed_126,NR-AR,57,19,0.4456394910812378,9
seed_126,NR-AR,15,20,0.44433340430259705,26
seed_126,NR-AR,6,21,0.4207485318183899,18
seed_126,NR-AR,184,22,0.41647008061408997,7
seed_126,NR-AR,114,23,0.3883677124977112,7
seed_126,NR-AR,245,24,0.3723723590373993,15
seed_126,NR-AR,66,25,0.37089231610298157,13
seed_126,NR-AR,175,26,0.3666786849498749,9
seed_126,NR-AR,93,27,0.33874067664146423,16
seed_126,NR-AR,2,28,0.3331049382686615,14
seed_126,NR-AR,71,29,0.3247348964214325,11
seed_126,NR-AR,190,30,0.3212023973464966,13
seed_126,NR-AR,23,31,0.3044750392436981,30
seed_126,NR-AR,296,32,0.28550252318382263,10
seed_126,NR-AR,58,33,0.2825755178928375,10
seed_126,NR-AR,231,34,0.2805543541908264,8
seed_126,NR-AR,25,35,0.27842506766319275,8
seed_126,NR-AR,59,36,0.27365604043006897,8
seed_126,NR-AR,49,37,0.26215001940727234,17
seed_126,NR-AR,22,38,0.2607252299785614,13
seed_126,NR-AR,33,39,0.2515040934085846,17
seed_126,NR-AR,67,40,0.2474316507577896,16
seed_126,NR-AR,252,41,0.24071717262268066,4
seed_126,NR-AR,248,42,0.22815407812595367,2
seed_126,NR-AR,136,43,0.2239198386669159,18
seed_126,NR-AR,80,44,0.2184130996465683,8
seed_126,NR-AR,92,45,0.21392928063869476,21
seed_126,NR-AR,46,46,0.21023033559322357,13
seed_126,NR-AR,40,47,0.19488738477230072,6
seed_126,NR-AR,79,48,0.19361411035060883,9
seed_126,NR-AR,211,49,0.1879301518201828,13
seed_126,NR-AR,82,50,0.18623477220535278,4
seed_126,NR-AR,140,51,0.18578796088695526,19
seed_126,NR-AR,56,52,0.18426242470741272,17
seed_126,NR-AR,145,53,0.18034838140010834,17
seed_126,NR-AR,81,54,0.18021957576274872,19
seed_126,NR-AR,160,55,0.1790054887533188,11
seed_126,NR-AR,21,56,0.17650537192821503,13
seed_126,NR-AR,147,57,0.17313933372497559,16
seed_126,NR-AR,36,58,0.17296022176742554,7
seed_126,NR-AR,204,59,0.17248159646987915,7
seed_126,NR-AR,31,60,0.17142094671726227,20
seed_126,NR-AR,257,61,0.16987168788909912,8
seed_126,NR-AR,75,62,0.16791214048862457,13
seed_126,NR-AR,86,63,0.16515323519706726,9
seed_126,NR-AR,217,64,0.16504016518592834,4
seed_126,NR-AR,123,65,0.1591556966304779,11
seed_126,NR-AR,222,66,0.1567927896976471,4
seed_126,NR-AR,148,67,0.1535751223564148,14
seed_126,NR-AR,209,68,0.15353593230247498,7
seed_126,NR-AR,135,69,0.15078848600387573,9
seed_126,NR-AR,12,70,0.14871038496494293,6
seed_126,NR-AR,221,71,0.14788532257080078,6
seed_126,NR-AR,108,72,0.14477716386318207,14
seed_126,NR-AR,263,73,0.14055845141410828,6
seed_126,NR-AR,219,74,0.1371145248413086,16
seed_126,NR-AR,83,75,0.1369413286447525,9
seed_126,NR-AR,126,76,0.13407820463180542,10
seed_126,NR-AR,112,77,0.13092535734176636,10
seed_126,NR-AR,39,78,0.13068267703056335,9
seed_126,NR-AR,233,79,0.13011404871940613,6
seed_126,NR-AR,129,80,0.12779013812541962,9
seed_126,NR-AR,111,81,0.1248701885342598,5
seed_126,NR-AR,64,82,0.12392430752515793,7
seed_126,NR-AR,99,83,0.12379515171051025,7
seed_126,NR-AR,299,84,0.12308425456285477,7
seed_126,NR-AR,290,85,0.12282636761665344,10
seed_126,NR-AR,195,86,0.11727851629257202,11
seed_126,NR-AR,269,87,0.11677473783493042,4
seed_126,NR-AR,170,88,0.112916961312294,6
seed_126,NR-AR,242,89,0.11183670908212662,6
seed_126,NR-AR,250,90,0.1092291921377182,4
seed_126,NR-AR,109,91,0.10885225236415863,7
seed_126,NR-AR,134,92,0.107672318816185,3
seed_126,NR-AR,130,93,0.1047973707318306,4
seed_126,NR-AR,193,94,0.10221545398235321,9
seed_126,NR-AR,43,95,0.09947799146175385,9
seed_126,NR-AR,180,96,0.09872261434793472,5
seed_126,NR-AR,104,97,0.09715554118156433,4
seed_126,NR-AR,154,98,0.09632009267807007,5
seed_126,NR-AR,4,99,0.09464769810438156,9
seed_126,NR-AR,37,100,0.09259921312332153,7
seed_126,NR-AR,243,101,0.08879324793815613,2
seed_126,NR-AR,45,102,0.08620256185531616,8
seed_126,NR-AR,200,103,0.0851222425699234,8
seed_126,NR-AR,117,104,0.08323846012353897,7
seed_126,NR-AR,42,105,0.0830753967165947,5
seed_126,NR-AR,55,106,0.0828874483704567,6
seed_126,NR-AR,270,107,0.08227178454399109,4
seed_126,NR-AR,138,108,0.08130193501710892,3
seed_126,NR-AR,35,109,0.08034909516572952,4
seed_126,NR-AR,166,110,0.07923654466867447,6
seed_126,NR-AR,113,111,0.07802493870258331,13
seed_126,NR-AR,20,112,0.07801682502031326,4
seed_126,NR-AR,295,113,0.07800818234682083,2
seed_126,NR-AR,38,114,0.07638805359601974,4
seed_126,NR-AR,50,115,0.07580000162124634,3
seed_126,NR-AR,32,116,0.07535463571548462,8
seed_126,NR-AR,268,117,0.0718691274523735,4
seed_126,NR-AR,167,118,0.0704103410243988,6
seed_126,NR-AR,241,119,0.07006493210792542,3
seed_126,NR-AR,201,120,0.06979868561029434,4
seed_126,NR-AR,107,121,0.06978754699230194,6
seed_126,NR-AR,264,122,0.06893094629049301,3
seed_126,NR-AR,91,123,0.06852097809314728,6
seed_126,NR-AR,247,124,0.06713912636041641,4
seed_126,NR-AR,207,125,0.06698720157146454,2
seed_126,NR-AR,88,126,0.06653833389282227,4
seed_126,NR-AR,1,127,0.06595667451620102,6
seed_126,NR-AR,144,128,0.06480995565652847,7
seed_126,NR-AR,127,129,0.0622660331428051,4
seed_126,NR-AR,225,130,0.059484437108039856,6
seed_126,NR-AR,176,131,0.05900397524237633,5
seed_126,NR-AR,224,132,0.05881888046860695,2
seed_126,NR-AR,28,133,0.05863979458808899,7
seed_126,NR-AR,172,134,0.05809151008725166,4
seed_126,NR-AR,3,135,0.056955691426992416,6
seed_126,NR-AR,13,136,0.0559682734310627,6
seed_126,NR-AR,120,137,0.05589409917593002,5
seed_126,NR-AR,213,138,0.05559004470705986,4
seed_126,NR-AR,163,139,0.05553342401981354,3
seed_126,NR-AR,122,140,0.05434213951230049,6
seed_126,NR-AR,51,141,0.052338577806949615,10
seed_126,NR-AR,169,142,0.051268864423036575,8
seed_126,NR-AR,78,143,0.05084940046072006,5
seed_126,NR-AR,293,144,0.05001089721918106,3
seed_126,NR-AR,210,145,0.04998347908258438,6
seed_126,NR-AR,44,146,0.04857812076807022,3
seed_126,NR-AR,246,147,0.04853735864162445,3
seed_126,NR-AR,142,148,0.048330873250961304,3
seed_126,NR-AR,198,149,0.0480562262237072,3
seed_126,NR-AR,143,150,0.04800228029489517,5
seed_126,NR-AR,95,151,0.04734288156032562,4
seed_126,NR-AR,249,152,0.046956032514572144,3
seed_126,NR-AR,298,153,0.04666980728507042,4
seed_126,NR-AR,212,154,0.04617190361022949,7
seed_126,NR-AR,106,155,0.04544336348772049,4
seed_126,NR-AR,69,156,0.045405786484479904,8
seed_126,NR-AR,9,157,0.045211512595415115,3
seed_126,NR-AR,102,158,0.043004631996154785,6
seed_126,NR-AR,239,159,0.042244866490364075,3
seed_126,NR-AR,237,160,0.041921403259038925,2
seed_126,NR-AR,77,161,0.04167092218995094,5
seed_126,NR-AR,251,162,0.04159194231033325,3
seed_126,NR-AR,34,163,0.041312236338853836,5
seed_126,NR-AR,54,164,0.04045693203806877,5
seed_126,NR-AR,276,165,0.03954305872321129,8
seed_126,NR-AR,133,166,0.03952125459909439,6
seed_126,NR-AR,291,167,0.03796538710594177,2
seed_126,NR-AR,149,168,0.03752380982041359,2
seed_126,NR-AR,27,169,0.03717813640832901,8
seed_126,NR-AR,181,170,0.03665866702795029,4
seed_126,NR-AR,274,171,0.036609310656785965,2
seed_126,NR-AR,202,172,0.0365947000682354,3
seed_126,NR-AR,171,173,0.03612075373530388,2
seed_126,NR-AR,197,174,0.035156331956386566,3
seed_126,NR-AR,48,175,0.0348488911986351,7
seed_126,NR-AR,183,176,0.03478897735476494,7
seed_126,NR-AR,229,177,0.034026745706796646,7
seed_126,NR-AR,260,178,0.033513735979795456,5
seed_126,NR-AR,235,179,0.032356563955545425,5
seed_126,NR-AR,206,180,0.03218425065279007,4
seed_126,NR-AR,152,181,0.03210831061005592,3
seed_126,NR-AR,85,182,0.03105834126472473,3
seed_126,NR-AR,30,183,0.030429907143115997,5
seed_126,NR-AR,215,184,0.030383912846446037,4
seed_126,NR-AR,192,185,0.03017396479845047,3
seed_126,NR-AR,115,186,0.029993120580911636,4
seed_126,NR-AR,103,187,0.0299235712736845,3
seed_126,NR-AR,153,188,0.02943156473338604,2
seed_126,NR-AR,186,189,0.029429476708173752,3
seed_126,NR-AR,47,190,0.029340870678424835,4
seed_126,NR-AR,17,191,0.027305802330374718,5
seed_126,NR-AR,61,192,0.027248507365584373,6
seed_126,NR-AR,289,193,0.026901859790086746,2
seed_126,NR-AR,194,194,0.02571713924407959,3
seed_126,NR-AR,96,195,0.025182101875543594,5
seed_126,NR-AR,288,196,0.02398720383644104,2
seed_126,NR-AR,173,197,0.023629900068044662,4
seed_126,NR-AR,255,198,0.0235763993114233,2
seed_126,NR-AR,187,199,0.023410150781273842,3
seed_126,NR-AR,271,200,0.02311566285789013,3
seed_126,NR-AR,177,201,0.022918570786714554,4
seed_126,NR-AR,16,202,0.02288658358156681,4
seed_126,NR-AR,131,203,0.022196341305971146,2
seed_126,NR-AR,185,204,0.022098613902926445,3
seed_126,NR-AR,228,205,0.02207183837890625,4
seed_126,NR-AR,286,206,0.021998904645442963,2
seed_126,NR-AR,97,207,0.021961871534585953,2
seed_126,NR-AR,100,208,0.02162652276456356,3
seed_126,NR-AR,124,209,0.021358855068683624,4
seed_126,NR-AR,230,210,0.021005557850003242,3
seed_126,NR-AR,162,211,0.02092253789305687,3
seed_126,NR-AR,280,212,0.020302152261137962,3
seed_126,NR-AR,155,213,0.019792351871728897,3
seed_126,NR-AR,121,214,0.01893465407192707,7
seed_126,NR-AR,165,215,0.018349962309002876,4
seed_126,NR-AR,218,216,0.01833494007587433,3
seed_126,NR-AR,196,217,0.017813213169574738,4
seed_126,NR-AR,179,218,0.0176344383507967,3
seed_126,NR-AR,220,219,0.01727978140115738,2
seed_126,NR-AR,90,220,0.017279552295804024,6
seed_126,NR-AR,101,221,0.017136208713054657,3
seed_126,NR-AR,146,222,0.017115268856287003,5
seed_126,NR-AR,203,223,0.016965966671705246,4
seed_126,NR-AR,284,224,0.016595710068941116,2
seed_126,NR-AR,76,225,0.016240064054727554,2
seed_126,NR-AR,205,226,0.015632759779691696,3
seed_126,NR-AR,234,227,0.015581369400024414,2
seed_126,NR-AR,158,228,0.015433472581207752,3
seed_126,NR-AR,5,229,0.015077690593898296,4
seed_126,NR-AR,53,230,0.014775455929338932,6
seed_126,NR-AR,89,231,0.01468694768846035,3
seed_126,NR-AR,87,232,0.014467171393334866,4
seed_126,NR-AR,68,233,0.014410293661057949,2
seed_126,NR-AR,267,234,0.014379660598933697,2
seed_126,NR-AR,150,235,0.013971611857414246,3
seed_126,NR-AR,159,236,0.013908394612371922,2
seed_126,NR-AR,254,237,0.013852482661604881,2
seed_126,NR-AR,253,238,0.013485200703144073,1
seed_126,NR-AR,262,239,0.013405809178948402,3
seed_126,NR-AR,8,240,0.013256771489977837,6
seed_126,NR-AR,116,241,0.012980573810636997,3
seed_126,NR-AR,14,242,0.012873915955424309,5
seed_126,NR-AR,174,243,0.012853213585913181,2
seed_126,NR-AR,105,244,0.012591425329446793,3
seed_126,NR-AR,273,245,0.012340300716459751,2
seed_126,NR-AR,232,246,0.011403190903365612,2
seed_126,NR-AR,19,247,0.01138226967304945,4
seed_126,NR-AR,188,248,0.011104701086878777,2
seed_126,NR-AR,208,249,0.011032444424927235,3
seed_126,NR-AR,256,250,0.010655738413333893,2
seed_126,NR-AR,132,251,0.010638546198606491,2
seed_126,NR-AR,191,252,0.010415488854050636,2
seed_126,NR-AR,227,253,0.010349786840379238,3
seed_126,NR-AR,258,254,0.01021556742489338,3
seed_126,NR-AR,279,255,0.010112183168530464,2
seed_126,NR-AR,292,256,0.009978123009204865,3
seed_126,NR-AR,161,257,0.009842143394052982,2
seed_126,NR-AR,236,258,0.009766601026058197,3
seed_126,NR-AR,18,259,0.009588283486664295,4
seed_126,NR-AR,118,260,0.009160967543721199,4
seed_126,NR-AR,275,261,0.008329975418746471,2
seed_126,NR-AR,26,262,0.00817645899951458,4
seed_126,NR-AR,141,263,0.007906509563326836,2
seed_126,NR-AR,214,264,0.007895619608461857,2
seed_126,NR-AR,238,265,0.007884999737143517,1
seed_126,NR-AR,182,266,0.007133955601602793,2
seed_126,NR-AR,265,267,0.006590896286070347,1
seed_126,NR-AR,259,268,0.006412192713469267,2
seed_126,NR-AR,65,269,0.004172750283032656,3
seed_126,NR-AR,164,270,0.003999453503638506,2
seed_126,NR-AR,282,271,0.0038451754953712225,3
seed_126,NR-AR,223,272,0.003803785191848874,2
seed_126,NR-AR,94,273,0.0035783543717116117,2
seed_126,NR-AR,281,274,0.0031805012840777636,1
seed_126,NR-AR,11,275,0.003101147711277008,2
seed_126,NR-AR,297,276,0.002732806606218219,1
seed_126,NR-AR,41,277,0.0022169905714690685,2
seed_126,NR-AR,125,278,0.0018913829699158669,3
seed_126,NR-AR,226,279,0.00177862960845232,2
seed_126,NR-AR,240,280,0.0017697808798402548,1
seed_126,NR-AR,98,281,0.00171863182913512,2
seed_126,NR-AR,178,282,0.0016528310952708125,2
seed_126,NR-AR,119,283,0.0013925484381616116,2
seed_126,NR-AR,285,284,0.0012718492653220892,1
seed_126,NR-AR,151,285,0.0012609687400981784,2
seed_126,NR-AR,156,286,0.0012321387184783816,2
seed_126,NR-AR,137,287,0.0011535354424268007,2
seed_126,NR-AR,216,288,0.001142603810876608,2
seed_126,NR-AR,60,289,0.0008586911135353148,3
seed_126,NR-AR,157,290,0.0008524165605194867,2
seed_126,NR-AR,278,291,0.0007628230378031731,2
seed_126,NR-AR,261,292,0.00039718617335893214,3
seed_126,NR-AR,283,293,0.0003525568463373929,2
seed_126,NR-AR,294,294,0.0002886508882511407,2
seed_126,NR-AR,244,295,0.0,1
seed_126,NR-AR,199,296,0.0,2
seed_126,NR-AR,266,297,0.0,1
seed_126,NR-AR,272,298,0.0,1
seed_126,NR-AR,277,299,0.0,1
seed_126,NR-Aromatase,70,0,7.143400192260742,27
seed_126,NR-Aromatase,72,1,4.201434135437012,15
seed_126,NR-Aromatase,168,2,3.8973445892333984,79
seed_126,NR-Aromatase,7,3,2.5605123043060303,33
seed_126,NR-Aromatase,139,4,2.0511341094970703,12
seed_126,NR-Aromatase,128,5,1.9706546068191528,42
seed_126,NR-Aromatase,110,6,1.9253257513046265,20
seed_126,NR-Aromatase,62,7,1.5005074739456177,24
seed_126,NR-Aromatase,52,8,1.4097872972488403,16
seed_126,NR-Aromatase,63,9,1.3375649452209473,51
seed_126,NR-Aromatase,58,10,1.1068296432495117,10
seed_126,NR-Aromatase,6,11,1.093358039855957,18
seed_126,NR-Aromatase,29,12,1.088505506515503,39
seed_126,NR-Aromatase,24,13,1.0039994716644287,21
seed_126,NR-Aromatase,84,14,0.995819628238678,15
seed_126,NR-Aromatase,287,15,0.9817318320274353,8
seed_126,NR-Aromatase,10,16,0.9745672941207886,17
seed_126,NR-Aromatase,0,17,0.9288885593414307,20
seed_126,NR-Aromatase,2,18,0.8028354644775391,14
seed_126,NR-Aromatase,33,19,0.7745528817176819,17
seed_126,NR-Aromatase,74,20,0.7623770236968994,19
seed_126,NR-Aromatase,57,21,0.7307533025741577,9
seed_126,NR-Aromatase,73,22,0.6952535510063171,16
seed_126,NR-Aromatase,93,23,0.6685004234313965,16
seed_126,NR-Aromatase,189,24,0.6075332164764404,9
seed_126,NR-Aromatase,66,25,0.5977481007575989,13
seed_126,NR-Aromatase,23,26,0.5960174202919006,30
seed_126,NR-Aromatase,231,27,0.5630511045455933,8
seed_126,NR-Aromatase,15,28,0.5592849850654602,26
seed_126,NR-Aromatase,190,29,0.5388918519020081,13
seed_126,NR-Aromatase,22,30,0.4957670271396637,13
seed_126,NR-Aromatase,43,31,0.4438426196575165,9
seed_126,NR-Aromatase,123,32,0.4431414306163788,11
seed_126,NR-Aromatase,296,33,0.4404850900173187,10
seed_126,NR-Aromatase,71,34,0.43905580043792725,11
seed_126,NR-Aromatase,25,35,0.43380916118621826,8
seed_126,NR-Aromatase,160,36,0.4325007200241089,11
seed_126,NR-Aromatase,209,37,0.4201333522796631,7
seed_126,NR-Aromatase,56,38,0.41941988468170166,17
seed_126,NR-Aromatase,263,39,0.4133625328540802,6
seed_126,NR-Aromatase,40,40,0.4094351530075073,6
seed_126,NR-Aromatase,211,41,0.40402987599372864,13
seed_126,NR-Aromatase,217,42,0.4002576470375061,4
seed_126,NR-Aromatase,107,43,0.3633797764778137,6
seed_126,NR-Aromatase,46,44,0.34961000084877014,13
seed_126,NR-Aromatase,222,45,0.34915441274642944,4
seed_126,NR-Aromatase,92,46,0.34715360403060913,21
seed_126,NR-Aromatase,290,47,0.34502920508384705,10
seed_126,NR-Aromatase,193,48,0.331309974193573,9
seed_126,NR-Aromatase,86,49,0.321929007768631,9
seed_126,NR-Aromatase,140,50,0.3205545246601105,19
seed_126,NR-Aromatase,39,51,0.31375619769096375,9
seed_126,NR-Aromatase,79,52,0.31087398529052734,9
seed_126,NR-Aromatase,114,53,0.3103339672088623,7
seed_126,NR-Aromatase,145,54,0.3053230345249176,17
seed_126,NR-Aromatase,135,55,0.30504560470581055,9
seed_126,NR-Aromatase,31,56,0.3031710088253021,20
seed_126,NR-Aromatase,245,57,0.3026295602321625,15
seed_126,NR-Aromatase,176,58,0.30262520909309387,5
seed_126,NR-Aromatase,136,59,0.3010825216770172,18
seed_126,NR-Aromatase,147,60,0.30003270506858826,16
seed_126,NR-Aromatase,170,61,0.296210378408432,6
seed_126,NR-Aromatase,175,62,0.27846306562423706,9
seed_126,NR-Aromatase,180,63,0.2777487337589264,5
seed_126,NR-Aromatase,184,64,0.2766892910003662,7
seed_126,NR-Aromatase,49,65,0.264213889837265,17
seed_126,NR-Aromatase,67,66,0.24263086915016174,16
seed_126,NR-Aromatase,219,67,0.24257339537143707,16
seed_126,NR-Aromatase,195,68,0.24061305820941925,11
seed_126,NR-Aromatase,83,69,0.23376156389713287,9
seed_126,NR-Aromatase,129,70,0.22994816303253174,9
seed_126,NR-Aromatase,166,71,0.2262374609708786,6
seed_126,NR-Aromatase,221,72,0.22436858713626862,6
seed_126,NR-Aromatase,91,73,0.2166731208562851,6
seed_126,NR-Aromatase,154,74,0.20996378362178802,5
seed_126,NR-Aromatase,75,75,0.2097151279449463,13
seed_126,NR-Aromatase,148,76,0.2058231085538864,14
seed_126,NR-Aromatase,80,77,0.20190845429897308,8
seed_126,NR-Aromatase,64,78,0.1998678296804428,7
seed_126,NR-Aromatase,21,79,0.19153769314289093,13
seed_126,NR-Aromatase,12,80,0.18849670886993408,6
seed_126,NR-Aromatase,183,81,0.18583260476589203,7
seed_126,NR-Aromatase,1,82,0.18397504091262817,6
seed_126,NR-Aromatase,112,83,0.18353024125099182,10
seed_126,NR-Aromatase,37,84,0.18182550370693207,7
seed_126,NR-Aromatase,117,85,0.17760597169399261,7
seed_126,NR-Aromatase,126,86,0.17292200028896332,10
seed_126,NR-Aromatase,42,87,0.16961482167243958,5
seed_126,NR-Aromatase,59,88,0.1584683209657669,8
seed_126,NR-Aromatase,257,89,0.15775246918201447,8
seed_126,NR-Aromatase,299,90,0.15687215328216553,7
seed_126,NR-Aromatase,200,91,0.15676729381084442,8
seed_126,NR-Aromatase,4,92,0.15654809772968292,9
seed_126,NR-Aromatase,204,93,0.15607215464115143,7
seed_126,NR-Aromatase,252,94,0.1547851413488388,4
seed_126,NR-Aromatase,13,95,0.15391093492507935,6
seed_126,NR-Aromatase,270,96,0.1487547904253006,4
seed_126,NR-Aromatase,108,97,0.14529022574424744,14
seed_126,NR-Aromatase,167,98,0.1421889364719391,6
seed_126,NR-Aromatase,269,99,0.14132444560527802,4
seed_126,NR-Aromatase,111,100,0.13878130912780762,5
seed_126,NR-Aromatase,81,101,0.13849091529846191,19
seed_126,NR-Aromatase,242,102,0.1346665471792221,6
seed_126,NR-Aromatase,268,103,0.13367459177970886,4
seed_126,NR-Aromatase,247,104,0.13270805776119232,4
seed_126,NR-Aromatase,142,105,0.13267342746257782,3
seed_126,NR-Aromatase,250,106,0.12284323573112488,4
seed_126,NR-Aromatase,32,107,0.12182819098234177,8
seed_126,NR-Aromatase,44,108,0.119204081594944,3
seed_126,NR-Aromatase,212,109,0.11692267656326294,7
seed_126,NR-Aromatase,3,110,0.11300590634346008,6
seed_126,NR-Aromatase,51,111,0.10805940628051758,10
seed_126,NR-Aromatase,28,112,0.10639326274394989,7
seed_126,NR-Aromatase,36,113,0.10510724782943726,7
seed_126,NR-Aromatase,20,114,0.10202018171548843,4
seed_126,NR-Aromatase,104,115,0.1019769236445427,4
seed_126,NR-Aromatase,248,116,0.10174629092216492,2
seed_126,NR-Aromatase,122,117,0.10143168270587921,6
seed_126,NR-Aromatase,143,118,0.09857075661420822,5
seed_126,NR-Aromatase,99,119,0.09723564982414246,7
seed_126,NR-Aromatase,233,120,0.09459397196769714,6
seed_126,NR-Aromatase,45,121,0.09330587834119797,8
seed_126,NR-Aromatase,237,122,0.09164164960384369,2
seed_126,NR-Aromatase,213,123,0.09053492546081543,4
seed_126,NR-Aromatase,130,124,0.08888357877731323,4
seed_126,NR-Aromatase,109,125,0.08777860552072525,7
seed_126,NR-Aromatase,280,126,0.0865514874458313,3
seed_126,NR-Aromatase,225,127,0.08617465198040009,6
seed_126,NR-Aromatase,69,128,0.08346904814243317,8
seed_126,NR-Aromatase,78,129,0.08186174929141998,5
seed_126,NR-Aromatase,89,130,0.07896438241004944,3
seed_126,NR-Aromatase,95,131,0.07846736162900925,4
seed_126,NR-Aromatase,113,132,0.07520461827516556,13
seed_126,NR-Aromatase,35,133,0.07455611228942871,4
seed_126,NR-Aromatase,201,134,0.07349066436290741,4
seed_126,NR-Aromatase,254,135,0.07037866860628128,2
seed_126,NR-Aromatase,220,136,0.06950762122869492,2
seed_126,NR-Aromatase,106,137,0.0695045068860054,4
seed_126,NR-Aromatase,138,138,0.06797760725021362,3
seed_126,NR-Aromatase,100,139,0.06657306104898453,3
seed_126,NR-Aromatase,90,140,0.0650087296962738,6
seed_126,NR-Aromatase,162,141,0.0647226870059967,3
seed_126,NR-Aromatase,127,142,0.06312421709299088,4
seed_126,NR-Aromatase,173,143,0.0624210387468338,4
seed_126,NR-Aromatase,165,144,0.062204282730817795,4
seed_126,NR-Aromatase,27,145,0.060521893203258514,8
seed_126,NR-Aromatase,205,146,0.06050446256995201,3
seed_126,NR-Aromatase,182,147,0.059912025928497314,2
seed_126,NR-Aromatase,96,148,0.05921388044953346,5
seed_126,NR-Aromatase,198,149,0.058404140174388885,3
seed_126,NR-Aromatase,14,150,0.05816822871565819,5
seed_126,NR-Aromatase,152,151,0.05804179608821869,3
seed_126,NR-Aromatase,276,152,0.05756828933954239,8
seed_126,NR-Aromatase,264,153,0.05719743296504021,3
seed_126,NR-Aromatase,230,154,0.05705488473176956,3
seed_126,NR-Aromatase,235,155,0.056335531175136566,5
seed_126,NR-Aromatase,253,156,0.0562720000743866,1
seed_126,NR-Aromatase,179,157,0.05589529126882553,3
seed_126,NR-Aromatase,251,158,0.05539753660559654,3
seed_126,NR-Aromatase,82,159,0.05346383899450302,4
seed_126,NR-Aromatase,208,160,0.05290127918124199,3
seed_126,NR-Aromatase,97,161,0.05140393227338791,2
seed_126,NR-Aromatase,150,162,0.04989032819867134,3
seed_126,NR-Aromatase,241,163,0.04980766773223877,3
seed_126,NR-Aromatase,53,164,0.049529485404491425,6
seed_126,NR-Aromatase,295,165,0.04905395209789276,2
seed_126,NR-Aromatase,196,166,0.04849010333418846,4
seed_126,NR-Aromatase,274,167,0.0477072149515152,2
seed_126,NR-Aromatase,5,168,0.04746502637863159,4
seed_126,NR-Aromatase,61,169,0.04632490500807762,6
seed_126,NR-Aromatase,298,170,0.04630297049880028,4
seed_126,NR-Aromatase,186,171,0.04595085605978966,3
seed_126,NR-Aromatase,124,172,0.04587980732321739,4
seed_126,NR-Aromatase,85,173,0.04574742540717125,3
seed_126,NR-Aromatase,55,174,0.0453350767493248,6
seed_126,NR-Aromatase,286,175,0.04523270204663277,2
seed_126,NR-Aromatase,293,176,0.04497133940458298,3
seed_126,NR-Aromatase,77,177,0.04481062665581703,5
seed_126,NR-Aromatase,260,178,0.04459311440587044,5
seed_126,NR-Aromatase,134,179,0.04452076181769371,3
seed_126,NR-Aromatase,16,180,0.04447713866829872,4
seed_126,NR-Aromatase,229,181,0.04436434432864189,7
seed_126,NR-Aromatase,87,182,0.044353365898132324,4
seed_126,NR-Aromatase,172,183,0.04352741315960884,4
seed_126,NR-Aromatase,8,184,0.04337622970342636,6
seed_126,NR-Aromatase,218,185,0.0430113710463047,3
seed_126,NR-Aromatase,144,186,0.04244713485240936,7
seed_126,NR-Aromatase,192,187,0.04214749112725258,3
seed_126,NR-Aromatase,102,188,0.041921716183423996,6
seed_126,NR-Aromatase,239,189,0.04179338738322258,3
seed_126,NR-Aromatase,48,190,0.04153645411133766,7
seed_126,NR-Aromatase,171,191,0.040636107325553894,2
seed_126,NR-Aromatase,169,192,0.04057963564991951,8
seed_126,NR-Aromatase,17,193,0.040430810302495956,5
seed_126,NR-Aromatase,9,194,0.03885486349463463,3
seed_126,NR-Aromatase,181,195,0.03784330561757088,4
seed_126,NR-Aromatase,258,196,0.03752436861395836,3
seed_126,NR-Aromatase,146,197,0.03637209162116051,5
seed_126,NR-Aromatase,54,198,0.03634309768676758,5
seed_126,NR-Aromatase,207,199,0.036313120275735855,2
seed_126,NR-Aromatase,115,200,0.03481104597449303,4
seed_126,NR-Aromatase,132,201,0.03451787307858467,2
seed_126,NR-Aromatase,289,202,0.0344681553542614,2
seed_126,NR-Aromatase,292,203,0.03430992737412453,3
seed_126,NR-Aromatase,271,204,0.033630456775426865,3
seed_126,NR-Aromatase,50,205,0.03352487459778786,3
seed_126,NR-Aromatase,120,206,0.03330677002668381,5
seed_126,NR-Aromatase,206,207,0.03276227414608002,4
seed_126,NR-Aromatase,194,208,0.03260861337184906,3
seed_126,NR-Aromatase,88,209,0.03248371556401253,4
seed_126,NR-Aromatase,30,210,0.031726960092782974,5
seed_126,NR-Aromatase,185,211,0.03143691271543503,3
seed_126,NR-Aromatase,188,212,0.03129420429468155,2
seed_126,NR-Aromatase,210,213,0.03129136562347412,6
seed_126,NR-Aromatase,262,214,0.029987897723913193,3
seed_126,NR-Aromatase,18,215,0.02966701239347458,4
seed_126,NR-Aromatase,236,216,0.028931690379977226,3
seed_126,NR-Aromatase,19,217,0.028225941583514214,4
seed_126,NR-Aromatase,68,218,0.027704762294888496,2
seed_126,NR-Aromatase,121,219,0.02721860632300377,7
seed_126,NR-Aromatase,249,220,0.027140125632286072,3
seed_126,NR-Aromatase,116,221,0.026828527450561523,3
seed_126,NR-Aromatase,34,222,0.026645833626389503,5
seed_126,NR-Aromatase,215,223,0.026089737191796303,4
seed_126,NR-Aromatase,197,224,0.025822512805461884,3
seed_126,NR-Aromatase,291,225,0.02404412254691124,2
seed_126,NR-Aromatase,153,226,0.023461176082491875,2
seed_126,NR-Aromatase,187,227,0.022907258942723274,3
seed_126,NR-Aromatase,174,228,0.022538581863045692,2
seed_126,NR-Aromatase,133,229,0.021874938160181046,6
seed_126,NR-Aromatase,288,230,0.02142457850277424,2
seed_126,NR-Aromatase,158,231,0.021338801831007004,3
seed_126,NR-Aromatase,103,232,0.020714828744530678,3
seed_126,NR-Aromatase,224,233,0.0206352099776268,2
seed_126,NR-Aromatase,255,234,0.02049749344587326,2
seed_126,NR-Aromatase,226,235,0.0195150189101696,2
seed_126,NR-Aromatase,98,236,0.01912865787744522,2
seed_126,NR-Aromatase,177,237,0.018646743148565292,4
seed_126,NR-Aromatase,118,238,0.01812582276761532,4
seed_126,NR-Aromatase,202,239,0.01808416098356247,3
seed_126,NR-Aromatase,214,240,0.01763203740119934,2
seed_126,NR-Aromatase,155,241,0.017452474683523178,3
seed_126,NR-Aromatase,163,242,0.01731722056865692,3
seed_126,NR-Aromatase,105,243,0.017187725752592087,3
seed_126,NR-Aromatase,275,244,0.01712881773710251,2
seed_126,NR-Aromatase,246,245,0.016797885298728943,3
seed_126,NR-Aromatase,238,246,0.01603158749639988,1
seed_126,NR-Aromatase,94,247,0.015000392682850361,2
seed_126,NR-Aromatase,273,248,0.013787138275802135,2
seed_126,NR-Aromatase,38,249,0.013293059542775154,4
seed_126,NR-Aromatase,297,250,0.012944822199642658,1
seed_126,NR-Aromatase,149,251,0.012880736030638218,2
seed_126,NR-Aromatase,76,252,0.012879149056971073,2
seed_126,NR-Aromatase,203,253,0.012328017503023148,4
seed_126,NR-Aromatase,228,254,0.012155257165431976,4
seed_126,NR-Aromatase,227,255,0.012134798802435398,3
seed_126,NR-Aromatase,282,256,0.011866799555718899,3
seed_126,NR-Aromatase,267,257,0.011006933636963367,2
seed_126,NR-Aromatase,234,258,0.010796627961099148,2
seed_126,NR-Aromatase,65,259,0.010158100165426731,3
seed_126,NR-Aromatase,161,260,0.009928467683494091,2
seed_126,NR-Aromatase,259,261,0.009807162918150425,2
seed_126,NR-Aromatase,119,262,0.009765236638486385,2
seed_126,NR-Aromatase,285,263,0.008813460357487202,1
seed_126,NR-Aromatase,11,264,0.00822349265217781,2
seed_126,NR-Aromatase,279,265,0.00781284924596548,2
seed_126,NR-Aromatase,232,266,0.0074712675996124744,2
seed_126,NR-Aromatase,223,267,0.007462466601282358,2
seed_126,NR-Aromatase,157,268,0.007349495775997639,2
seed_126,NR-Aromatase,131,269,0.007298274897038937,2
seed_126,NR-Aromatase,191,270,0.007255178410559893,2
seed_126,NR-Aromatase,159,271,0.00723751075565815,2
seed_126,NR-Aromatase,284,272,0.00652569392696023,2
seed_126,NR-Aromatase,243,273,0.00647374801337719,2
seed_126,NR-Aromatase,101,274,0.005950322840362787,3
seed_126,NR-Aromatase,261,275,0.005501947365701199,3
seed_126,NR-Aromatase,278,276,0.005459246691316366,2
seed_126,NR-Aromatase,294,277,0.0053818607702851295,2
seed_126,NR-Aromatase,256,278,0.005198877304792404,2
seed_126,NR-Aromatase,178,279,0.005151886492967606,2
seed_126,NR-Aromatase,60,280,0.004442119970917702,3
seed_126,NR-Aromatase,47,281,0.004310754593461752,4
seed_126,NR-Aromatase,156,282,0.004034712910652161,2
seed_126,NR-Aromatase,164,283,0.0036893768701702356,2
seed_126,NR-Aromatase,41,284,0.0031807366758584976,2
seed_126,NR-Aromatase,26,285,0.0031550992280244827,4
seed_126,NR-Aromatase,141,286,0.002674096031114459,2
seed_126,NR-Aromatase,137,287,0.002634515054523945,2
seed_126,NR-Aromatase,265,288,0.002234505722299218,1
seed_126,NR-Aromatase,216,289,0.0020625849720090628,2
seed_126,NR-Aromatase,240,290,0.001721822889521718,1
seed_126,NR-Aromatase,151,291,0.0014981436543166637,2
seed_126,NR-Aromatase,283,292,0.0014737015590071678,2
seed_126,NR-Aromatase,125,293,0.0014058533124625683,3
seed_126,NR-Aromatase,281,294,1.4714489225298166e-05,1
seed_126,NR-Aromatase,272,295,0.0,1
seed_126,NR-Aromatase,244,296,0.0,1
seed_126,NR-Aromatase,266,297,0.0,1
seed_126,NR-Aromatase,199,298,0.0,2
seed_126,NR-Aromatase,277,299,0.0,1
seed_126,NR-PPAR-gamma,70,0,3.0409252643585205,27
seed_126,NR-PPAR-gamma,168,1,2.2012500762939453,79
seed_126,NR-PPAR-gamma,139,2,1.6425224542617798,12
seed_126,NR-PPAR-gamma,72,3,1.5005967617034912,15
seed_126,NR-PPAR-gamma,0,4,1.087497591972351,20
seed_126,NR-PPAR-gamma,128,5,1.0289314985275269,42
seed_126,NR-PPAR-gamma,74,6,0.967102587223053,19
seed_126,NR-PPAR-gamma,7,7,0.9387884736061096,33
seed_126,NR-PPAR-gamma,110,8,0.7350980043411255,20
seed_126,NR-PPAR-gamma,63,9,0.7347341179847717,51
seed_126,NR-PPAR-gamma,52,10,0.7252422571182251,16
seed_126,NR-PPAR-gamma,58,11,0.6631751656532288,10
seed_126,NR-PPAR-gamma,62,12,0.6212678551673889,24
seed_126,NR-PPAR-gamma,10,13,0.6206132173538208,17
seed_126,NR-PPAR-gamma,287,14,0.5825082063674927,8
seed_126,NR-PPAR-gamma,73,15,0.5607808828353882,16
seed_126,NR-PPAR-gamma,6,16,0.5591436624526978,18
seed_126,NR-PPAR-gamma,29,17,0.5523742437362671,39
seed_126,NR-PPAR-gamma,189,18,0.5460027456283569,9
seed_126,NR-PPAR-gamma,24,19,0.48096463084220886,21
seed_126,NR-PPAR-gamma,57,20,0.45388513803482056,9
seed_126,NR-PPAR-gamma,2,21,0.41285350918769836,14
seed_126,NR-PPAR-gamma,93,22,0.4113800525665283,16
seed_126,NR-PPAR-gamma,59,23,0.3754033148288727,8
seed_126,NR-PPAR-gamma,22,24,0.374218612909317,13
seed_126,NR-PPAR-gamma,221,25,0.35610565543174744,6
seed_126,NR-PPAR-gamma,23,26,0.3442554473876953,30
seed_126,NR-PPAR-gamma,46,27,0.3359179198741913,13
seed_126,NR-PPAR-gamma,66,28,0.33121857047080994,13
seed_126,NR-PPAR-gamma,263,29,0.32580798864364624,6
seed_126,NR-PPAR-gamma,190,30,0.30642855167388916,13
seed_126,NR-PPAR-gamma,67,31,0.29249250888824463,16
seed_126,NR-PPAR-gamma,84,32,0.2863742411136627,15
seed_126,NR-PPAR-gamma,49,33,0.2772139310836792,17
seed_126,NR-PPAR-gamma,71,34,0.26079851388931274,11
seed_126,NR-PPAR-gamma,15,35,0.23521995544433594,26
seed_126,NR-PPAR-gamma,112,36,0.23479175567626953,10
seed_126,NR-PPAR-gamma,39,37,0.23439402878284454,9
seed_126,NR-PPAR-gamma,140,38,0.2341880351305008,19
seed_126,NR-PPAR-gamma,33,39,0.23165187239646912,17
seed_126,NR-PPAR-gamma,175,40,0.2304089516401291,9
seed_126,NR-PPAR-gamma,245,41,0.2286842316389084,15
seed_126,NR-PPAR-gamma,123,42,0.2257051169872284,11
seed_126,NR-PPAR-gamma,136,43,0.22515453398227692,18
seed_126,NR-PPAR-gamma,42,44,0.21548278629779816,5
seed_126,NR-PPAR-gamma,80,45,0.20469914376735687,8
seed_126,NR-PPAR-gamma,145,46,0.2045024037361145,17
seed_126,NR-PPAR-gamma,25,47,0.20045316219329834,8
seed_126,NR-PPAR-gamma,92,48,0.19799524545669556,21
seed_126,NR-PPAR-gamma,160,49,0.1949888914823532,11
seed_126,NR-PPAR-gamma,231,50,0.19351862370967865,8
seed_126,NR-PPAR-gamma,252,51,0.18605844676494598,4
seed_126,NR-PPAR-gamma,219,52,0.18577222526073456,16
seed_126,NR-PPAR-gamma,290,53,0.18324920535087585,10
seed_126,NR-PPAR-gamma,31,54,0.18146786093711853,20
seed_126,NR-PPAR-gamma,211,55,0.18002566695213318,13
seed_126,NR-PPAR-gamma,296,56,0.1746707558631897,10
seed_126,NR-PPAR-gamma,299,57,0.1717372089624405,7
seed_126,NR-PPAR-gamma,257,58,0.15962302684783936,8
seed_126,NR-PPAR-gamma,36,59,0.1545604020357132,7
seed_126,NR-PPAR-gamma,114,60,0.15347470343112946,7
seed_126,NR-PPAR-gamma,129,61,0.1508244425058365,9
seed_126,NR-PPAR-gamma,184,62,0.15050922334194183,7
seed_126,NR-PPAR-gamma,56,63,0.14881861209869385,17
seed_126,NR-PPAR-gamma,40,64,0.1484060436487198,6
seed_126,NR-PPAR-gamma,147,65,0.1428052932024002,16
seed_126,NR-PPAR-gamma,83,66,0.14082364737987518,9
seed_126,NR-PPAR-gamma,180,67,0.13945569097995758,5
seed_126,NR-PPAR-gamma,107,68,0.1384199857711792,6
seed_126,NR-PPAR-gamma,99,69,0.13425970077514648,7
seed_126,NR-PPAR-gamma,43,70,0.13329097628593445,9
seed_126,NR-PPAR-gamma,117,71,0.13306200504302979,7
seed_126,NR-PPAR-gamma,222,72,0.13245093822479248,4
seed_126,NR-PPAR-gamma,166,73,0.12362305819988251,6
seed_126,NR-PPAR-gamma,269,74,0.12282893806695938,4
seed_126,NR-PPAR-gamma,254,75,0.12053637951612473,2
seed_126,NR-PPAR-gamma,242,76,0.11959972232580185,6
seed_126,NR-PPAR-gamma,148,77,0.11681395769119263,14
seed_126,NR-PPAR-gamma,126,78,0.11425789445638657,10
seed_126,NR-PPAR-gamma,195,79,0.11091765016317368,11
seed_126,NR-PPAR-gamma,12,80,0.1104171946644783,6
seed_126,NR-PPAR-gamma,270,81,0.1064985916018486,4
seed_126,NR-PPAR-gamma,75,82,0.10279717296361923,13
seed_126,NR-PPAR-gamma,21,83,0.1019146740436554,13
seed_126,NR-PPAR-gamma,37,84,0.09921348839998245,7
seed_126,NR-PPAR-gamma,108,85,0.09850496053695679,14
seed_126,NR-PPAR-gamma,167,86,0.09838145971298218,6
seed_126,NR-PPAR-gamma,79,87,0.09829913079738617,9
seed_126,NR-PPAR-gamma,193,88,0.09827782958745956,9
seed_126,NR-PPAR-gamma,218,89,0.09819644689559937,3
seed_126,NR-PPAR-gamma,109,90,0.09733118861913681,7
seed_126,NR-PPAR-gamma,64,91,0.09637566655874252,7
seed_126,NR-PPAR-gamma,204,92,0.09439796209335327,7
seed_126,NR-PPAR-gamma,127,93,0.09015047550201416,4
seed_126,NR-PPAR-gamma,86,94,0.08861713111400604,9
seed_126,NR-PPAR-gamma,170,95,0.08757942169904709,6
seed_126,NR-PPAR-gamma,81,96,0.08490674197673798,19
seed_126,NR-PPAR-gamma,111,97,0.08479823917150497,5
seed_126,NR-PPAR-gamma,3,98,0.08425140380859375,6
seed_126,NR-PPAR-gamma,143,99,0.08046622574329376,5
seed_126,NR-PPAR-gamma,135,100,0.07951201498508453,9
seed_126,NR-PPAR-gamma,176,101,0.0775064080953598,5
seed_126,NR-PPAR-gamma,45,102,0.07478629052639008,8
seed_126,NR-PPAR-gamma,138,103,0.07414793968200684,3
seed_126,NR-PPAR-gamma,78,104,0.07352302223443985,5
seed_126,NR-PPAR-gamma,276,105,0.07202106714248657,8
seed_126,NR-PPAR-gamma,17,106,0.07177278399467468,5
seed_126,NR-PPAR-gamma,55,107,0.07134506851434708,6
seed_126,NR-PPAR-gamma,134,108,0.0712784081697464,3
seed_126,NR-PPAR-gamma,217,109,0.06921162456274033,4
seed_126,NR-PPAR-gamma,50,110,0.0682390034198761,3
seed_126,NR-PPAR-gamma,142,111,0.06792125105857849,3
seed_126,NR-PPAR-gamma,209,112,0.06735850125551224,7
seed_126,NR-PPAR-gamma,251,113,0.06393299996852875,3
seed_126,NR-PPAR-gamma,113,114,0.06303940713405609,13
seed_126,NR-PPAR-gamma,88,115,0.06281981617212296,4
seed_126,NR-PPAR-gamma,200,116,0.06248604133725166,8
seed_126,NR-PPAR-gamma,4,117,0.05947247892618179,9
seed_126,NR-PPAR-gamma,248,118,0.05644967034459114,2
seed_126,NR-PPAR-gamma,196,119,0.0564209409058094,4
seed_126,NR-PPAR-gamma,201,120,0.05636487528681755,4
seed_126,NR-PPAR-gamma,202,121,0.056222349405288696,3
seed_126,NR-PPAR-gamma,154,122,0.056079525500535965,5
seed_126,NR-PPAR-gamma,27,123,0.05541321635246277,8
seed_126,NR-PPAR-gamma,13,124,0.0546034537255764,6
seed_126,NR-PPAR-gamma,51,125,0.0542561411857605,10
seed_126,NR-PPAR-gamma,35,126,0.053650226444005966,4
seed_126,NR-PPAR-gamma,1,127,0.05313582718372345,6
seed_126,NR-PPAR-gamma,130,128,0.05265555530786514,4
seed_126,NR-PPAR-gamma,225,129,0.050779085606336594,6
seed_126,NR-PPAR-gamma,183,130,0.04881554841995239,7
seed_126,NR-PPAR-gamma,247,131,0.04864794388413429,4
seed_126,NR-PPAR-gamma,212,132,0.04856482893228531,7
seed_126,NR-PPAR-gamma,32,133,0.047583095729351044,8
seed_126,NR-PPAR-gamma,61,134,0.04742103070020676,6
seed_126,NR-PPAR-gamma,250,135,0.04703862965106964,4
seed_126,NR-PPAR-gamma,115,136,0.046266257762908936,4
seed_126,NR-PPAR-gamma,233,137,0.04622221365571022,6
seed_126,NR-PPAR-gamma,120,138,0.045588236302137375,5
seed_126,NR-PPAR-gamma,85,139,0.04512522369623184,3
seed_126,NR-PPAR-gamma,186,140,0.04443193972110748,3
seed_126,NR-PPAR-gamma,28,141,0.04364357516169548,7
seed_126,NR-PPAR-gamma,165,142,0.042861755937337875,4
seed_126,NR-PPAR-gamma,293,143,0.04238671436905861,3
seed_126,NR-PPAR-gamma,181,144,0.04181190952658653,4
seed_126,NR-PPAR-gamma,34,145,0.041491784155368805,5
seed_126,NR-PPAR-gamma,295,146,0.0409867949783802,2
seed_126,NR-PPAR-gamma,229,147,0.04068935662508011,7
seed_126,NR-PPAR-gamma,171,148,0.04049127548933029,2
seed_126,NR-PPAR-gamma,172,149,0.04027475044131279,4
seed_126,NR-PPAR-gamma,122,150,0.03932981938123703,6
seed_126,NR-PPAR-gamma,144,151,0.03775344789028168,7
seed_126,NR-PPAR-gamma,82,152,0.03757399693131447,4
seed_126,NR-PPAR-gamma,215,153,0.036659616976976395,4
seed_126,NR-PPAR-gamma,106,154,0.03622741252183914,4
seed_126,NR-PPAR-gamma,239,155,0.036033228039741516,3
seed_126,NR-PPAR-gamma,235,156,0.035762980580329895,5
seed_126,NR-PPAR-gamma,102,157,0.03508295491337776,6
seed_126,NR-PPAR-gamma,274,158,0.03499738872051239,2
seed_126,NR-PPAR-gamma,16,159,0.0346718356013298,4
seed_126,NR-PPAR-gamma,91,160,0.03418653458356857,6
seed_126,NR-PPAR-gamma,20,161,0.03365084528923035,4
seed_126,NR-PPAR-gamma,292,162,0.03341374546289444,3
seed_126,NR-PPAR-gamma,54,163,0.033257856965065,5
seed_126,NR-PPAR-gamma,194,164,0.03279587998986244,3
seed_126,NR-PPAR-gamma,258,165,0.03216610476374626,3
seed_126,NR-PPAR-gamma,268,166,0.031196607276797295,4
seed_126,NR-PPAR-gamma,198,167,0.030869999900460243,3
seed_126,NR-PPAR-gamma,206,168,0.030132895335555077,4
seed_126,NR-PPAR-gamma,89,169,0.03004002943634987,3
seed_126,NR-PPAR-gamma,188,170,0.02941221371293068,2
seed_126,NR-PPAR-gamma,291,171,0.029356932267546654,2
seed_126,NR-PPAR-gamma,298,172,0.029265478253364563,4
seed_126,NR-PPAR-gamma,232,173,0.028676116839051247,2
seed_126,NR-PPAR-gamma,152,174,0.024902338162064552,3
seed_126,NR-PPAR-gamma,118,175,0.024409176781773567,4
seed_126,NR-PPAR-gamma,228,176,0.02424180880188942,4
seed_126,NR-PPAR-gamma,65,177,0.02396014705300331,3
seed_126,NR-PPAR-gamma,121,178,0.023828379809856415,7
seed_126,NR-PPAR-gamma,179,179,0.023433834314346313,3
seed_126,NR-PPAR-gamma,77,180,0.023398861289024353,5
seed_126,NR-PPAR-gamma,207,181,0.023090777918696404,2
seed_126,NR-PPAR-gamma,169,182,0.022853044793009758,8
seed_126,NR-PPAR-gamma,163,183,0.021936612203717232,3
seed_126,NR-PPAR-gamma,280,184,0.021627992391586304,3
seed_126,NR-PPAR-gamma,249,185,0.021199680864810944,3
seed_126,NR-PPAR-gamma,255,186,0.021082906052470207,2
seed_126,NR-PPAR-gamma,271,187,0.020784176886081696,3
seed_126,NR-PPAR-gamma,48,188,0.02040860801935196,7
seed_126,NR-PPAR-gamma,87,189,0.02014975994825363,4
seed_126,NR-PPAR-gamma,264,190,0.0198973435908556,3
seed_126,NR-PPAR-gamma,19,191,0.019831467419862747,4
seed_126,NR-PPAR-gamma,69,192,0.019817711785435677,8
seed_126,NR-PPAR-gamma,18,193,0.019788270816206932,4
seed_126,NR-PPAR-gamma,146,194,0.018839672207832336,5
seed_126,NR-PPAR-gamma,44,195,0.01867353543639183,3
seed_126,NR-PPAR-gamma,95,196,0.018653973937034607,4
seed_126,NR-PPAR-gamma,104,197,0.018153686076402664,4
seed_126,NR-PPAR-gamma,185,198,0.01767566241323948,3
seed_126,NR-PPAR-gamma,159,199,0.016936488449573517,2
seed_126,NR-PPAR-gamma,68,200,0.016797220334410667,2
seed_126,NR-PPAR-gamma,289,201,0.01643308997154236,2
seed_126,NR-PPAR-gamma,124,202,0.01616859994828701,4
seed_126,NR-PPAR-gamma,162,203,0.01612168364226818,3
seed_126,NR-PPAR-gamma,286,204,0.015532435849308968,2
seed_126,NR-PPAR-gamma,76,205,0.015266929753124714,2
seed_126,NR-PPAR-gamma,205,206,0.01511126384139061,3
seed_126,NR-PPAR-gamma,192,207,0.01494437176734209,3
seed_126,NR-PPAR-gamma,260,208,0.014698189683258533,5
seed_126,NR-PPAR-gamma,273,209,0.014591611921787262,2
seed_126,NR-PPAR-gamma,237,210,0.014550806023180485,2
seed_126,NR-PPAR-gamma,213,211,0.014455463737249374,4
seed_126,NR-PPAR-gamma,210,212,0.014189162291586399,6
seed_126,NR-PPAR-gamma,173,213,0.014183754101395607,4
seed_126,NR-PPAR-gamma,8,214,0.013896852731704712,6
seed_126,NR-PPAR-gamma,132,215,0.013792429119348526,2
seed_126,NR-PPAR-gamma,208,216,0.013715817593038082,3
seed_126,NR-PPAR-gamma,30,217,0.013642711564898491,5
seed_126,NR-PPAR-gamma,230,218,0.013607223518192768,3
seed_126,NR-PPAR-gamma,53,219,0.013431496918201447,6
seed_126,NR-PPAR-gamma,9,220,0.013406801037490368,3
seed_126,NR-PPAR-gamma,246,221,0.013364944607019424,3
seed_126,NR-PPAR-gamma,187,222,0.01334289088845253,3
seed_126,NR-PPAR-gamma,14,223,0.013078670017421246,5
seed_126,NR-PPAR-gamma,261,224,0.01288690511137247,3
seed_126,NR-PPAR-gamma,178,225,0.012882711365818977,2
seed_126,NR-PPAR-gamma,5,226,0.012855108827352524,4
seed_126,NR-PPAR-gamma,262,227,0.012735975906252861,3
seed_126,NR-PPAR-gamma,116,228,0.012543770484626293,3
seed_126,NR-PPAR-gamma,150,229,0.011888202279806137,3
seed_126,NR-PPAR-gamma,297,230,0.011621835641562939,1
seed_126,NR-PPAR-gamma,119,231,0.011468957178294659,2
seed_126,NR-PPAR-gamma,133,232,0.01137558650225401,6
seed_126,NR-PPAR-gamma,224,233,0.011045773513615131,2
seed_126,NR-PPAR-gamma,153,234,0.010973077267408371,2
seed_126,NR-PPAR-gamma,241,235,0.010888681747019291,3
seed_126,NR-PPAR-gamma,38,236,0.010868091136217117,4
seed_126,NR-PPAR-gamma,101,237,0.010618053376674652,3
seed_126,NR-PPAR-gamma,279,238,0.010521292686462402,2
seed_126,NR-PPAR-gamma,90,239,0.010417885147035122,6
seed_126,NR-PPAR-gamma,203,240,0.010357318446040154,4
seed_126,NR-PPAR-gamma,227,241,0.0102687431499362,3
seed_126,NR-PPAR-gamma,234,242,0.010240376926958561,2
seed_126,NR-PPAR-gamma,288,243,0.010119881480932236,2
seed_126,NR-PPAR-gamma,243,244,0.009869204834103584,2
seed_126,NR-PPAR-gamma,161,245,0.009562267921864986,2
seed_126,NR-PPAR-gamma,131,246,0.008854055777192116,2
seed_126,NR-PPAR-gamma,96,247,0.008586074225604534,5
seed_126,NR-PPAR-gamma,105,248,0.008357015438377857,3
seed_126,NR-PPAR-gamma,97,249,0.007915168069303036,2
seed_126,NR-PPAR-gamma,191,250,0.007884519174695015,2
seed_126,NR-PPAR-gamma,275,251,0.00763391749933362,2
seed_126,NR-PPAR-gamma,103,252,0.007446567993611097,3
seed_126,NR-PPAR-gamma,253,253,0.007060806266963482,1
seed_126,NR-PPAR-gamma,47,254,0.007035696413367987,4
seed_126,NR-PPAR-gamma,177,255,0.0069488766603171825,4
seed_126,NR-PPAR-gamma,236,256,0.006887062918394804,3
seed_126,NR-PPAR-gamma,284,257,0.0063783531077206135,2
seed_126,NR-PPAR-gamma,267,258,0.006257310975342989,2
seed_126,NR-PPAR-gamma,240,259,0.005823870189487934,1
seed_126,NR-PPAR-gamma,100,260,0.005741231143474579,3
seed_126,NR-PPAR-gamma,220,261,0.005534718278795481,2
seed_126,NR-PPAR-gamma,94,262,0.0055022467859089375,2
seed_126,NR-PPAR-gamma,155,263,0.005447173956781626,3
seed_126,NR-PPAR-gamma,259,264,0.005429552868008614,2
seed_126,NR-PPAR-gamma,256,265,0.005399190820753574,2
seed_126,NR-PPAR-gamma,158,266,0.005358717869967222,3
seed_126,NR-PPAR-gamma,214,267,0.004997787065804005,2
seed_126,NR-PPAR-gamma,238,268,0.004967347253113985,1
seed_126,NR-PPAR-gamma,182,269,0.004682234954088926,2
seed_126,NR-PPAR-gamma,282,270,0.004067562986165285,3
seed_126,NR-PPAR-gamma,197,271,0.003941762261092663,3
seed_126,NR-PPAR-gamma,26,272,0.0037749269977211952,4
seed_126,NR-PPAR-gamma,226,273,0.0034283080603927374,2
seed_126,NR-PPAR-gamma,149,274,0.003412851830944419,2
seed_126,NR-PPAR-gamma,164,275,0.0032358395401388407,2
seed_126,NR-PPAR-gamma,137,276,0.003077845787629485,2
seed_126,NR-PPAR-gamma,265,277,0.003039873670786619,1
seed_126,NR-PPAR-gamma,60,278,0.002872844459488988,3
seed_126,NR-PPAR-gamma,157,279,0.00268414244055748,2
seed_126,NR-PPAR-gamma,216,280,0.002606811234727502,2
seed_126,NR-PPAR-gamma,174,281,0.0024836447555571795,2
seed_126,NR-PPAR-gamma,285,282,0.002212744439020753,1
seed_126,NR-PPAR-gamma,141,283,0.00188731390517205,2
seed_126,NR-PPAR-gamma,41,284,0.001717591192573309,2
seed_126,NR-PPAR-gamma,98,285,0.001560875098221004,2
seed_126,NR-PPAR-gamma,223,286,0.00095027667703107,2
seed_126,NR-PPAR-gamma,151,287,0.0008970402996055782,2
seed_126,NR-PPAR-gamma,156,288,0.0008403401006944478,2
seed_126,NR-PPAR-gamma,11,289,0.0007600240642204881,2
seed_126,NR-PPAR-gamma,283,290,0.0006461567245423794,2
seed_126,NR-PPAR-gamma,125,291,0.0005391589947976172,3
seed_126,NR-PPAR-gamma,294,292,0.000531758472789079,2
seed_126,NR-PPAR-gamma,281,293,0.0004441600467544049,1
seed_126,NR-PPAR-gamma,278,294,3.8991798646748066e-05,2
seed_126,NR-PPAR-gamma,277,295,0.0,1
seed_126,NR-PPAR-gamma,244,296,0.0,1
seed_126,NR-PPAR-gamma,199,297,0.0,2
seed_126,NR-PPAR-gamma,266,298,0.0,1
seed_126,NR-PPAR-gamma,272,299,0.0,1
seed_126,SR-HSE,70,0,5.587899684906006,27
seed_126,SR-HSE,168,1,3.9876935482025146,79
seed_126,SR-HSE,7,2,2.737734317779541,33
seed_126,SR-HSE,72,3,2.688607692718506,15
seed_126,SR-HSE,128,4,2.2605514526367188,42
seed_126,SR-HSE,62,5,2.026289701461792,24
seed_126,SR-HSE,63,6,1.6315414905548096,51
seed_126,SR-HSE,74,7,1.2583603858947754,19
seed_126,SR-HSE,52,8,1.1532835960388184,16
seed_126,SR-HSE,24,9,1.1503900289535522,21
seed_126,SR-HSE,6,10,1.1417075395584106,18
seed_126,SR-HSE,29,11,1.0784636735916138,39
seed_126,SR-HSE,287,12,1.023053526878357,8
seed_126,SR-HSE,73,13,1.016304612159729,16
seed_126,SR-HSE,110,14,0.9942358136177063,20
seed_126,SR-HSE,0,15,0.9082909822463989,20
seed_126,SR-HSE,58,16,0.8304911851882935,10
seed_126,SR-HSE,139,17,0.8103049993515015,12
seed_126,SR-HSE,57,18,0.7340186238288879,9
seed_126,SR-HSE,10,19,0.6849222779273987,17
seed_126,SR-HSE,263,20,0.633813738822937,6
seed_126,SR-HSE,22,21,0.6301078200340271,13
seed_126,SR-HSE,2,22,0.6186928749084473,14
seed_126,SR-HSE,15,23,0.6165434718132019,26
seed_126,SR-HSE,84,24,0.6105777621269226,15
seed_126,SR-HSE,245,25,0.557915210723877,15
seed_126,SR-HSE,184,26,0.5295974612236023,7
seed_126,SR-HSE,231,27,0.511735200881958,8
seed_126,SR-HSE,66,28,0.5078210234642029,13
seed_126,SR-HSE,189,29,0.4749706983566284,9
seed_126,SR-HSE,71,30,0.4681469202041626,11
seed_126,SR-HSE,46,31,0.460663765668869,13
seed_126,SR-HSE,217,32,0.45670968294143677,4
seed_126,SR-HSE,49,33,0.45637527108192444,17
seed_126,SR-HSE,56,34,0.438350111246109,17
seed_126,SR-HSE,79,35,0.43345698714256287,9
seed_126,SR-HSE,86,36,0.41936859488487244,9
seed_126,SR-HSE,67,37,0.4186948835849762,16
seed_126,SR-HSE,40,38,0.41198474168777466,6
seed_126,SR-HSE,23,39,0.4040442109107971,30
seed_126,SR-HSE,25,40,0.3981567621231079,8
seed_126,SR-HSE,190,41,0.37824976444244385,13
seed_126,SR-HSE,136,42,0.3651596009731293,18
seed_126,SR-HSE,221,43,0.36406123638153076,6
seed_126,SR-HSE,33,44,0.3618898391723633,17
seed_126,SR-HSE,21,45,0.3581846058368683,13
seed_126,SR-HSE,140,46,0.3443456292152405,19
seed_126,SR-HSE,80,47,0.34096336364746094,8
seed_126,SR-HSE,209,48,0.3294828236103058,7
seed_126,SR-HSE,147,49,0.3258019685745239,16
seed_126,SR-HSE,12,50,0.29864761233329773,6
seed_126,SR-HSE,93,51,0.2968234717845917,16
seed_126,SR-HSE,31,52,0.2967849373817444,20
seed_126,SR-HSE,123,53,0.2951509952545166,11
seed_126,SR-HSE,175,54,0.29453542828559875,9
seed_126,SR-HSE,290,55,0.2936266362667084,10
seed_126,SR-HSE,145,56,0.28810185194015503,17
seed_126,SR-HSE,114,57,0.28494903445243835,7
seed_126,SR-HSE,167,58,0.2820086181163788,6
seed_126,SR-HSE,193,59,0.2570411264896393,9
seed_126,SR-HSE,160,60,0.2559696435928345,11
seed_126,SR-HSE,126,61,0.25219109654426575,10
seed_126,SR-HSE,39,62,0.2512526214122772,9
seed_126,SR-HSE,64,63,0.24232731759548187,7
seed_126,SR-HSE,43,64,0.2418464571237564,9
seed_126,SR-HSE,83,65,0.24077437818050385,9
seed_126,SR-HSE,195,66,0.2296915501356125,11
seed_126,SR-HSE,127,67,0.2199997752904892,4
seed_126,SR-HSE,270,68,0.21514996886253357,4
seed_126,SR-HSE,170,69,0.21295134723186493,6
seed_126,SR-HSE,92,70,0.21155525743961334,21
seed_126,SR-HSE,112,71,0.2098117172718048,10
seed_126,SR-HSE,222,72,0.20527972280979156,4
seed_126,SR-HSE,299,73,0.20270194113254547,7
seed_126,SR-HSE,135,74,0.2017095386981964,9
seed_126,SR-HSE,148,75,0.19826364517211914,14
seed_126,SR-HSE,211,76,0.1962677240371704,13
seed_126,SR-HSE,36,77,0.18988043069839478,7
seed_126,SR-HSE,129,78,0.18815797567367554,9
seed_126,SR-HSE,42,79,0.18788060545921326,5
seed_126,SR-HSE,107,80,0.18685021996498108,6
seed_126,SR-HSE,59,81,0.17517513036727905,8
seed_126,SR-HSE,81,82,0.17377986013889313,19
seed_126,SR-HSE,296,83,0.17287999391555786,10
seed_126,SR-HSE,37,84,0.17277906835079193,7
seed_126,SR-HSE,204,85,0.17133669555187225,7
seed_126,SR-HSE,143,86,0.1677025705575943,5
seed_126,SR-HSE,142,87,0.16744156181812286,3
seed_126,SR-HSE,257,88,0.16479970514774323,8
seed_126,SR-HSE,99,89,0.15709663927555084,7
seed_126,SR-HSE,75,90,0.15675802528858185,13
seed_126,SR-HSE,154,91,0.1565106064081192,5
seed_126,SR-HSE,269,92,0.14752089977264404,4
seed_126,SR-HSE,200,93,0.1431826651096344,8
seed_126,SR-HSE,219,94,0.1426004320383072,16
seed_126,SR-HSE,1,95,0.14244242012500763,6
seed_126,SR-HSE,233,96,0.13958406448364258,6
seed_126,SR-HSE,109,97,0.13846854865550995,7
seed_126,SR-HSE,180,98,0.13822868466377258,5
seed_126,SR-HSE,117,99,0.13763965666294098,7
seed_126,SR-HSE,120,100,0.1365809291601181,5
seed_126,SR-HSE,20,101,0.13506069779396057,4
seed_126,SR-HSE,252,102,0.1325477659702301,4
seed_126,SR-HSE,111,103,0.1296847015619278,5
seed_126,SR-HSE,4,104,0.12815944850444794,9
seed_126,SR-HSE,183,105,0.12699274718761444,7
seed_126,SR-HSE,108,106,0.12452641874551773,14
seed_126,SR-HSE,91,107,0.12112612277269363,6
seed_126,SR-HSE,55,108,0.1165178120136261,6
seed_126,SR-HSE,113,109,0.11624879390001297,13
seed_126,SR-HSE,130,110,0.11405936628580093,4
seed_126,SR-HSE,78,111,0.1130141168832779,5
seed_126,SR-HSE,242,112,0.10990460216999054,6
seed_126,SR-HSE,225,113,0.10962461680173874,6
seed_126,SR-HSE,208,114,0.10796108096837997,3
seed_126,SR-HSE,44,115,0.10763581097126007,3
seed_126,SR-HSE,61,116,0.10652877390384674,6
seed_126,SR-HSE,166,117,0.1061764657497406,6
seed_126,SR-HSE,35,118,0.10335439443588257,4
seed_126,SR-HSE,276,119,0.10261249542236328,8
seed_126,SR-HSE,212,120,0.10133542865514755,7
seed_126,SR-HSE,201,121,0.09870941936969757,4
seed_126,SR-HSE,138,122,0.09832420200109482,3
seed_126,SR-HSE,32,123,0.09707287698984146,8
seed_126,SR-HSE,176,124,0.09448765218257904,5
seed_126,SR-HSE,239,125,0.09401747584342957,3
seed_126,SR-HSE,172,126,0.0929584950208664,4
seed_126,SR-HSE,104,127,0.09051063656806946,4
seed_126,SR-HSE,214,128,0.08864188939332962,2
seed_126,SR-HSE,95,129,0.0876079574227333,4
seed_126,SR-HSE,248,130,0.08504342287778854,2
seed_126,SR-HSE,268,131,0.08350584656000137,4
seed_126,SR-HSE,173,132,0.08191720396280289,4
seed_126,SR-HSE,77,133,0.0782461166381836,5
seed_126,SR-HSE,82,134,0.07653195410966873,4
seed_126,SR-HSE,50,135,0.07642390578985214,3
seed_126,SR-HSE,146,136,0.07612064480781555,5
seed_126,SR-HSE,229,137,0.07443279772996902,7
seed_126,SR-HSE,19,138,0.07334725558757782,4
seed_126,SR-HSE,45,139,0.07324427366256714,8
seed_126,SR-HSE,169,140,0.07269754260778427,8
seed_126,SR-HSE,124,141,0.07148861885070801,4
seed_126,SR-HSE,3,142,0.0712382048368454,6
seed_126,SR-HSE,246,143,0.07051384449005127,3
seed_126,SR-HSE,196,144,0.06903696060180664,4
seed_126,SR-HSE,144,145,0.06825713813304901,7
seed_126,SR-HSE,106,146,0.06800099462270737,4
seed_126,SR-HSE,234,147,0.06729018688201904,2
seed_126,SR-HSE,163,148,0.06682734936475754,3
seed_126,SR-HSE,185,149,0.06355942040681839,3
seed_126,SR-HSE,293,150,0.06352051347494125,3
seed_126,SR-HSE,87,151,0.0633147656917572,4
seed_126,SR-HSE,271,152,0.06262179464101791,3
seed_126,SR-HSE,181,153,0.06069784238934517,4
seed_126,SR-HSE,250,154,0.06005101278424263,4
seed_126,SR-HSE,213,155,0.05832301452755928,4
seed_126,SR-HSE,255,156,0.057864610105752945,2
seed_126,SR-HSE,115,157,0.056604765355587006,4
seed_126,SR-HSE,292,158,0.05650269240140915,3
seed_126,SR-HSE,251,159,0.055722761899232864,3
seed_126,SR-HSE,236,160,0.05536079779267311,3
seed_126,SR-HSE,289,161,0.0545123890042305,2
seed_126,SR-HSE,298,162,0.054429877549409866,4
seed_126,SR-HSE,205,163,0.054343171417713165,3
seed_126,SR-HSE,8,164,0.05426999554038048,6
seed_126,SR-HSE,51,165,0.05420077219605446,10
seed_126,SR-HSE,13,166,0.053922027349472046,6
seed_126,SR-HSE,134,167,0.05370057746767998,3
seed_126,SR-HSE,152,168,0.05282972380518913,3
seed_126,SR-HSE,291,169,0.05281519889831543,2
seed_126,SR-HSE,194,170,0.05232694372534752,3
seed_126,SR-HSE,122,171,0.051755525171756744,6
seed_126,SR-HSE,48,172,0.051445186138153076,7
seed_126,SR-HSE,102,173,0.050214920192956924,6
seed_126,SR-HSE,286,174,0.04999587684869766,2
seed_126,SR-HSE,17,175,0.04904625192284584,5
seed_126,SR-HSE,34,176,0.04844122752547264,5
seed_126,SR-HSE,247,177,0.0468377061188221,4
seed_126,SR-HSE,88,178,0.04664681479334831,4
seed_126,SR-HSE,165,179,0.04554877430200577,4
seed_126,SR-HSE,149,180,0.044728733599185944,2
seed_126,SR-HSE,202,181,0.04372582212090492,3
seed_126,SR-HSE,153,182,0.04361621290445328,2
seed_126,SR-HSE,182,183,0.043583739548921585,2
seed_126,SR-HSE,274,184,0.043223123997449875,2
seed_126,SR-HSE,215,185,0.04188093543052673,4
seed_126,SR-HSE,192,186,0.04140828549861908,3
seed_126,SR-HSE,65,187,0.040707387030124664,3
seed_126,SR-HSE,132,188,0.03962229937314987,2
seed_126,SR-HSE,16,189,0.03933519497513771,4
seed_126,SR-HSE,96,190,0.03675786033272743,5
seed_126,SR-HSE,235,191,0.03631804138422012,5
seed_126,SR-HSE,131,192,0.03535565361380577,2
seed_126,SR-HSE,210,193,0.03519998863339424,6
seed_126,SR-HSE,100,194,0.03491805121302605,3
seed_126,SR-HSE,89,195,0.034704312682151794,3
seed_126,SR-HSE,14,196,0.034295737743377686,5
seed_126,SR-HSE,69,197,0.03427882492542267,8
seed_126,SR-HSE,159,198,0.03392123803496361,2
seed_126,SR-HSE,28,199,0.03343964368104935,7
seed_126,SR-HSE,220,200,0.03288326412439346,2
seed_126,SR-HSE,206,201,0.03187313303351402,4
seed_126,SR-HSE,90,202,0.03182181343436241,6
seed_126,SR-HSE,9,203,0.031460292637348175,3
seed_126,SR-HSE,105,204,0.03140904754400253,3
seed_126,SR-HSE,158,205,0.030559631064534187,3
seed_126,SR-HSE,133,206,0.030190302059054375,6
seed_126,SR-HSE,227,207,0.02997172437608242,3
seed_126,SR-HSE,85,208,0.029471062123775482,3
seed_126,SR-HSE,38,209,0.02859487757086754,4
seed_126,SR-HSE,150,210,0.02805951051414013,3
seed_126,SR-HSE,262,211,0.027515964582562447,3
seed_126,SR-HSE,179,212,0.02712036669254303,3
seed_126,SR-HSE,53,213,0.026761185377836227,6
seed_126,SR-HSE,162,214,0.026656944304704666,3
seed_126,SR-HSE,284,215,0.02661810629069805,2
seed_126,SR-HSE,187,216,0.025809507817029953,3
seed_126,SR-HSE,197,217,0.025747084990143776,3
seed_126,SR-HSE,171,218,0.02534898929297924,2
seed_126,SR-HSE,121,219,0.025026462972164154,7
seed_126,SR-HSE,101,220,0.02452046424150467,3
seed_126,SR-HSE,207,221,0.02440740540623665,2
seed_126,SR-HSE,237,222,0.023995717987418175,2
seed_126,SR-HSE,218,223,0.02391582354903221,3
seed_126,SR-HSE,155,224,0.023818697780370712,3
seed_126,SR-HSE,76,225,0.02348325215280056,2
seed_126,SR-HSE,203,226,0.02316080406308174,4
seed_126,SR-HSE,264,227,0.022526683285832405,3
seed_126,SR-HSE,280,228,0.02162843383848667,3
seed_126,SR-HSE,97,229,0.02146860398352146,2
seed_126,SR-HSE,18,230,0.02127116173505783,4
seed_126,SR-HSE,198,231,0.021012084558606148,3
seed_126,SR-HSE,27,232,0.020829984918236732,8
seed_126,SR-HSE,260,233,0.02050120383501053,5
seed_126,SR-HSE,288,234,0.02041739970445633,2
seed_126,SR-HSE,186,235,0.01975526474416256,3
seed_126,SR-HSE,224,236,0.01969457045197487,2
seed_126,SR-HSE,41,237,0.019441921263933182,2
seed_126,SR-HSE,174,238,0.01846611499786377,2
seed_126,SR-HSE,68,239,0.01790829375386238,2
seed_126,SR-HSE,267,240,0.01712224632501602,2
seed_126,SR-HSE,273,241,0.01695340685546398,2
seed_126,SR-HSE,232,242,0.016818992793560028,2
seed_126,SR-HSE,226,243,0.016215529292821884,2
seed_126,SR-HSE,241,244,0.015038669109344482,3
seed_126,SR-HSE,188,245,0.014775071293115616,2
seed_126,SR-HSE,118,246,0.0142744742333889,4
seed_126,SR-HSE,254,247,0.01402069628238678,2
seed_126,SR-HSE,282,248,0.013483026996254921,3
seed_126,SR-HSE,5,249,0.013321400620043278,4
seed_126,SR-HSE,258,250,0.013042187318205833,3
seed_126,SR-HSE,30,251,0.012971593998372555,5
seed_126,SR-HSE,279,252,0.012715809047222137,2
seed_126,SR-HSE,54,253,0.011862238869071007,5
seed_126,SR-HSE,116,254,0.011832786723971367,3
seed_126,SR-HSE,228,255,0.011409429833292961,4
seed_126,SR-HSE,230,256,0.011294299736618996,3
seed_126,SR-HSE,161,257,0.010675457306206226,2
seed_126,SR-HSE,164,258,0.010524352081120014,2
seed_126,SR-HSE,278,259,0.010508653707802296,2
seed_126,SR-HSE,256,260,0.010326268151402473,2
seed_126,SR-HSE,295,261,0.01011403277516365,2
seed_126,SR-HSE,94,262,0.010078653693199158,2
seed_126,SR-HSE,297,263,0.00989316776394844,1
seed_126,SR-HSE,275,264,0.009849542751908302,2
seed_126,SR-HSE,177,265,0.009845869615674019,4
seed_126,SR-HSE,191,266,0.009267792105674744,2
seed_126,SR-HSE,26,267,0.008667739108204842,4
seed_126,SR-HSE,265,268,0.008327113464474678,1
seed_126,SR-HSE,243,269,0.007911670953035355,2
seed_126,SR-HSE,98,270,0.007859251461923122,2
seed_126,SR-HSE,151,271,0.007610888686031103,2
seed_126,SR-HSE,223,272,0.0074207172729074955,2
seed_126,SR-HSE,47,273,0.007241000887006521,4
seed_126,SR-HSE,156,274,0.007193740922957659,2
seed_126,SR-HSE,103,275,0.006693401373922825,3
seed_126,SR-HSE,240,276,0.005695785861462355,1
seed_126,SR-HSE,281,277,0.005512495990842581,1
seed_126,SR-HSE,238,278,0.005344715900719166,1
seed_126,SR-HSE,249,279,0.0046698711812496185,3
seed_126,SR-HSE,137,280,0.004284433089196682,2
seed_126,SR-HSE,11,281,0.0037377583794295788,2
seed_126,SR-HSE,294,282,0.0037029548548161983,2
seed_126,SR-HSE,178,283,0.0033578751608729362,2
seed_126,SR-HSE,253,284,0.0032361263874918222,1
seed_126,SR-HSE,216,285,0.0025847849901765585,2
seed_126,SR-HSE,141,286,0.002534373663365841,2
seed_126,SR-HSE,60,287,0.0023486404679715633,3
seed_126,SR-HSE,259,288,0.002114897593855858,2
seed_126,SR-HSE,119,289,0.0020408162381500006,2
seed_126,SR-HSE,261,290,0.0017228249926120043,3
seed_126,SR-HSE,125,291,0.0011273882118985057,3
seed_126,SR-HSE,283,292,0.0006729952874593437,2
seed_126,SR-HSE,157,293,0.00045147063792683184,2
seed_126,SR-HSE,285,294,0.00026782811619341373,1
seed_126,SR-HSE,277,295,0.0,1
seed_126,SR-HSE,244,296,0.0,1
seed_126,SR-HSE,266,297,0.0,1
seed_126,SR-HSE,272,298,0.0,1
seed_126,SR-HSE,199,299,0.0,2
seed_126,NR-AR-LBD,70,0,4.375690460205078,27
seed_126,NR-AR-LBD,168,1,3.571161985397339,79
seed_126,NR-AR-LBD,72,2,2.1833670139312744,15
seed_126,NR-AR-LBD,128,3,1.4425239562988281,42
seed_126,NR-AR-LBD,7,4,1.336909532546997,33
seed_126,NR-AR-LBD,6,5,1.1852922439575195,18
seed_126,NR-AR-LBD,62,6,1.0866996049880981,24
seed_126,NR-AR-LBD,139,7,1.0808888673782349,12
seed_126,NR-AR-LBD,63,8,1.0228880643844604,51
seed_126,NR-AR-LBD,0,9,0.9341523051261902,20
seed_126,NR-AR-LBD,10,10,0.8590172529220581,17
seed_126,NR-AR-LBD,66,11,0.8373252153396606,13
seed_126,NR-AR-LBD,287,12,0.8242400884628296,8
seed_126,NR-AR-LBD,24,13,0.7584043741226196,21
seed_126,NR-AR-LBD,110,14,0.7574793696403503,20
seed_126,NR-AR-LBD,84,15,0.638206422328949,15
seed_126,NR-AR-LBD,29,16,0.6271756887435913,39
seed_126,NR-AR-LBD,58,17,0.6248690485954285,10
seed_126,NR-AR-LBD,52,18,0.6185195446014404,16
seed_126,NR-AR-LBD,73,19,0.5854260325431824,16
seed_126,NR-AR-LBD,74,20,0.5657269358634949,19
seed_126,NR-AR-LBD,189,21,0.5144003033638,9
seed_126,NR-AR-LBD,22,22,0.476270467042923,13
seed_126,NR-AR-LBD,15,23,0.4476582705974579,26
seed_126,NR-AR-LBD,114,24,0.436733216047287,7
seed_126,NR-AR-LBD,252,25,0.4306541085243225,4
seed_126,NR-AR-LBD,46,26,0.4007696807384491,13
seed_126,NR-AR-LBD,219,27,0.4004511833190918,16
seed_126,NR-AR-LBD,2,28,0.37934452295303345,14
seed_126,NR-AR-LBD,57,29,0.34636884927749634,9
seed_126,NR-AR-LBD,49,30,0.3460078537464142,17
seed_126,NR-AR-LBD,221,31,0.3237505555152893,6
seed_126,NR-AR-LBD,190,32,0.31822898983955383,13
seed_126,NR-AR-LBD,245,33,0.31605809926986694,15
seed_126,NR-AR-LBD,184,34,0.3157973885536194,7
seed_126,NR-AR-LBD,145,35,0.3153248131275177,17
seed_126,NR-AR-LBD,231,36,0.3127025365829468,8
seed_126,NR-AR-LBD,67,37,0.30578115582466125,16
seed_126,NR-AR-LBD,175,38,0.3027682602405548,9
seed_126,NR-AR-LBD,79,39,0.30064234137535095,9
seed_126,NR-AR-LBD,136,40,0.2953801453113556,18
seed_126,NR-AR-LBD,59,41,0.2856205105781555,8
seed_126,NR-AR-LBD,33,42,0.2757452130317688,17
seed_126,NR-AR-LBD,211,43,0.27294182777404785,13
seed_126,NR-AR-LBD,123,44,0.26954883337020874,11
seed_126,NR-AR-LBD,222,45,0.2649018466472626,4
seed_126,NR-AR-LBD,92,46,0.2625041902065277,21
seed_126,NR-AR-LBD,263,47,0.24908781051635742,6
seed_126,NR-AR-LBD,209,48,0.2438315898180008,7
seed_126,NR-AR-LBD,21,49,0.24221669137477875,13
seed_126,NR-AR-LBD,296,50,0.23970454931259155,10
seed_126,NR-AR-LBD,23,51,0.2378157526254654,30
seed_126,NR-AR-LBD,40,52,0.23210759460926056,6
seed_126,NR-AR-LBD,147,53,0.22937455773353577,16
seed_126,NR-AR-LBD,71,54,0.22709354758262634,11
seed_126,NR-AR-LBD,170,55,0.22436600923538208,6
seed_126,NR-AR-LBD,195,56,0.21872442960739136,11
seed_126,NR-AR-LBD,217,57,0.21174584329128265,4
seed_126,NR-AR-LBD,180,58,0.2076989859342575,5
seed_126,NR-AR-LBD,56,59,0.20738838613033295,17
seed_126,NR-AR-LBD,25,60,0.19717654585838318,8
seed_126,NR-AR-LBD,43,61,0.1960955113172531,9
seed_126,NR-AR-LBD,126,62,0.1951291561126709,10
seed_126,NR-AR-LBD,31,63,0.19456903636455536,20
seed_126,NR-AR-LBD,75,64,0.19419297575950623,13
seed_126,NR-AR-LBD,107,65,0.1910417377948761,6
seed_126,NR-AR-LBD,160,66,0.18417876958847046,11
seed_126,NR-AR-LBD,12,67,0.1805887520313263,6
seed_126,NR-AR-LBD,140,68,0.1778096854686737,19
seed_126,NR-AR-LBD,290,69,0.17718952894210815,10
seed_126,NR-AR-LBD,154,70,0.17676495015621185,5
seed_126,NR-AR-LBD,93,71,0.1746891587972641,16
seed_126,NR-AR-LBD,80,72,0.1672925502061844,8
seed_126,NR-AR-LBD,83,73,0.1633317619562149,9
seed_126,NR-AR-LBD,99,74,0.15952159464359283,7
seed_126,NR-AR-LBD,129,75,0.15656301379203796,9
seed_126,NR-AR-LBD,135,76,0.1560615450143814,9
seed_126,NR-AR-LBD,81,77,0.15440359711647034,19
seed_126,NR-AR-LBD,299,78,0.15055178105831146,7
seed_126,NR-AR-LBD,108,79,0.14373521506786346,14
seed_126,NR-AR-LBD,204,80,0.1434510350227356,7
seed_126,NR-AR-LBD,257,81,0.1418229341506958,8
seed_126,NR-AR-LBD,112,82,0.1357184797525406,10
seed_126,NR-AR-LBD,233,83,0.13502660393714905,6
seed_126,NR-AR-LBD,248,84,0.13478893041610718,2
seed_126,NR-AR-LBD,42,85,0.13358856737613678,5
seed_126,NR-AR-LBD,88,86,0.1272146999835968,4
seed_126,NR-AR-LBD,176,87,0.12490037083625793,5
seed_126,NR-AR-LBD,37,88,0.1194722056388855,7
seed_126,NR-AR-LBD,270,89,0.11865024268627167,4
seed_126,NR-AR-LBD,250,90,0.11767219752073288,4
seed_126,NR-AR-LBD,201,91,0.11728540062904358,4
seed_126,NR-AR-LBD,193,92,0.11424726247787476,9
seed_126,NR-AR-LBD,39,93,0.10809284448623657,9
seed_126,NR-AR-LBD,242,94,0.10779603570699692,6
seed_126,NR-AR-LBD,36,95,0.10708121210336685,7
seed_126,NR-AR-LBD,117,96,0.10667248070240021,7
seed_126,NR-AR-LBD,148,97,0.10622438043355942,14
seed_126,NR-AR-LBD,61,98,0.1054638996720314,6
seed_126,NR-AR-LBD,82,99,0.1051146611571312,4
seed_126,NR-AR-LBD,200,100,0.10492873191833496,8
seed_126,NR-AR-LBD,51,101,0.10302925109863281,10
seed_126,NR-AR-LBD,91,102,0.10175924003124237,6
seed_126,NR-AR-LBD,143,103,0.10052503645420074,5
seed_126,NR-AR-LBD,276,104,0.09984585642814636,8
seed_126,NR-AR-LBD,55,105,0.09816119074821472,6
seed_126,NR-AR-LBD,86,106,0.09413418173789978,9
seed_126,NR-AR-LBD,1,107,0.09247452765703201,6
seed_126,NR-AR-LBD,113,108,0.09036913514137268,13
seed_126,NR-AR-LBD,4,109,0.08906087279319763,9
seed_126,NR-AR-LBD,166,110,0.08694001287221909,6
seed_126,NR-AR-LBD,235,111,0.08506051450967789,5
seed_126,NR-AR-LBD,50,112,0.08203538507223129,3
seed_126,NR-AR-LBD,225,113,0.08191709220409393,6
seed_126,NR-AR-LBD,111,114,0.08008860796689987,5
seed_126,NR-AR-LBD,64,115,0.07727551460266113,7
seed_126,NR-AR-LBD,138,116,0.07727230340242386,3
seed_126,NR-AR-LBD,78,117,0.07632868736982346,5
seed_126,NR-AR-LBD,130,118,0.0694141760468483,4
seed_126,NR-AR-LBD,127,119,0.06841667741537094,4
seed_126,NR-AR-LBD,45,120,0.06796626001596451,8
seed_126,NR-AR-LBD,32,121,0.067266084253788,8
seed_126,NR-AR-LBD,264,122,0.06672878563404083,3
seed_126,NR-AR-LBD,106,123,0.06671535968780518,4
seed_126,NR-AR-LBD,241,124,0.06454826891422272,3
seed_126,NR-AR-LBD,38,125,0.06404498964548111,4
seed_126,NR-AR-LBD,218,126,0.06393938511610031,3
seed_126,NR-AR-LBD,109,127,0.06133102625608444,7
seed_126,NR-AR-LBD,172,128,0.06066365912556648,4
seed_126,NR-AR-LBD,115,129,0.05977321416139603,4
seed_126,NR-AR-LBD,212,130,0.05672818422317505,7
seed_126,NR-AR-LBD,35,131,0.05636351928114891,4
seed_126,NR-AR-LBD,3,132,0.05611800774931908,6
seed_126,NR-AR-LBD,229,133,0.05561361461877823,7
seed_126,NR-AR-LBD,269,134,0.05421872437000275,4
seed_126,NR-AR-LBD,104,135,0.05395825579762459,4
seed_126,NR-AR-LBD,102,136,0.053842369467020035,6
seed_126,NR-AR-LBD,13,137,0.052433792501688004,6
seed_126,NR-AR-LBD,28,138,0.052268702536821365,7
seed_126,NR-AR-LBD,27,139,0.051505446434020996,8
seed_126,NR-AR-LBD,268,140,0.05042324960231781,4
seed_126,NR-AR-LBD,207,141,0.04957000911235809,2
seed_126,NR-AR-LBD,167,142,0.04881391301751137,6
seed_126,NR-AR-LBD,152,143,0.04859527572989464,3
seed_126,NR-AR-LBD,122,144,0.04794754087924957,6
seed_126,NR-AR-LBD,20,145,0.04717269912362099,4
seed_126,NR-AR-LBD,255,146,0.0466717854142189,2
seed_126,NR-AR-LBD,142,147,0.04583175107836723,3
seed_126,NR-AR-LBD,243,148,0.045797836035490036,2
seed_126,NR-AR-LBD,292,149,0.04446667805314064,3
seed_126,NR-AR-LBD,246,150,0.04313105344772339,3
seed_126,NR-AR-LBD,215,151,0.04245087131857872,4
seed_126,NR-AR-LBD,239,152,0.041783276945352554,3
seed_126,NR-AR-LBD,298,153,0.041720155626535416,4
seed_126,NR-AR-LBD,146,154,0.04135551303625107,5
seed_126,NR-AR-LBD,77,155,0.04086415469646454,5
seed_126,NR-AR-LBD,213,156,0.040743228048086166,4
seed_126,NR-AR-LBD,34,157,0.040523093193769455,5
seed_126,NR-AR-LBD,183,158,0.040002238005399704,7
seed_126,NR-AR-LBD,89,159,0.039955489337444305,3
seed_126,NR-AR-LBD,144,160,0.039787620306015015,7
seed_126,NR-AR-LBD,165,161,0.0397060364484787,4
seed_126,NR-AR-LBD,251,162,0.039188746362924576,3
seed_126,NR-AR-LBD,17,163,0.03901750594377518,5
seed_126,NR-AR-LBD,247,164,0.03869440779089928,4
seed_126,NR-AR-LBD,103,165,0.0386623814702034,3
seed_126,NR-AR-LBD,169,166,0.03841011971235275,8
seed_126,NR-AR-LBD,150,167,0.0368075892329216,3
seed_126,NR-AR-LBD,121,168,0.03529265150427818,7
seed_126,NR-AR-LBD,295,169,0.03421424329280853,2
seed_126,NR-AR-LBD,182,170,0.034169383347034454,2
seed_126,NR-AR-LBD,260,171,0.032065730541944504,5
seed_126,NR-AR-LBD,85,172,0.03161007538437843,3
seed_126,NR-AR-LBD,181,173,0.03143002465367317,4
seed_126,NR-AR-LBD,134,174,0.03080841712653637,3
seed_126,NR-AR-LBD,289,175,0.030356232076883316,2
seed_126,NR-AR-LBD,124,176,0.030337542295455933,4
seed_126,NR-AR-LBD,96,177,0.030099529772996902,5
seed_126,NR-AR-LBD,54,178,0.029973503202199936,5
seed_126,NR-AR-LBD,14,179,0.02905079536139965,5
seed_126,NR-AR-LBD,186,180,0.029017658904194832,3
seed_126,NR-AR-LBD,274,181,0.02864275500178337,2
seed_126,NR-AR-LBD,286,182,0.028595073148608208,2
seed_126,NR-AR-LBD,48,183,0.02844005636870861,7
seed_126,NR-AR-LBD,133,184,0.02734318934381008,6
seed_126,NR-AR-LBD,120,185,0.02669801190495491,5
seed_126,NR-AR-LBD,60,186,0.026189805939793587,3
seed_126,NR-AR-LBD,234,187,0.026188481599092484,2
seed_126,NR-AR-LBD,171,188,0.02550043724477291,2
seed_126,NR-AR-LBD,210,189,0.02517155557870865,6
seed_126,NR-AR-LBD,90,190,0.02442384511232376,6
seed_126,NR-AR-LBD,291,191,0.02428920939564705,2
seed_126,NR-AR-LBD,69,192,0.024202223867177963,8
seed_126,NR-AR-LBD,131,193,0.02387252449989319,2
seed_126,NR-AR-LBD,196,194,0.02374379336833954,4
seed_126,NR-AR-LBD,198,195,0.02351713366806507,3
seed_126,NR-AR-LBD,87,196,0.023414378985762596,4
seed_126,NR-AR-LBD,237,197,0.023000821471214294,2
seed_126,NR-AR-LBD,206,198,0.022927729412913322,4
seed_126,NR-AR-LBD,132,199,0.02250733971595764,2
seed_126,NR-AR-LBD,293,200,0.022494301199913025,3
seed_126,NR-AR-LBD,271,201,0.02227230928838253,3
seed_126,NR-AR-LBD,185,202,0.022162506356835365,3
seed_126,NR-AR-LBD,19,203,0.021647697314620018,4
seed_126,NR-AR-LBD,162,204,0.021342294290661812,3
seed_126,NR-AR-LBD,254,205,0.020227156579494476,2
seed_126,NR-AR-LBD,155,206,0.019964834675192833,3
seed_126,NR-AR-LBD,258,207,0.019771572202444077,3
seed_126,NR-AR-LBD,161,208,0.01968367025256157,2
seed_126,NR-AR-LBD,47,209,0.019496997818350792,4
seed_126,NR-AR-LBD,30,210,0.0191239882260561,5
seed_126,NR-AR-LBD,188,211,0.018644975498318672,2
seed_126,NR-AR-LBD,163,212,0.01860709860920906,3
seed_126,NR-AR-LBD,220,213,0.018551433458924294,2
seed_126,NR-AR-LBD,232,214,0.018526716157794,2
seed_126,NR-AR-LBD,16,215,0.018365152180194855,4
seed_126,NR-AR-LBD,194,216,0.018313787877559662,3
seed_126,NR-AR-LBD,8,217,0.018204262480139732,6
seed_126,NR-AR-LBD,187,218,0.018149498850107193,3
seed_126,NR-AR-LBD,101,219,0.018000870943069458,3
seed_126,NR-AR-LBD,249,220,0.017951766029000282,3
seed_126,NR-AR-LBD,197,221,0.017066214233636856,3
seed_126,NR-AR-LBD,179,222,0.017004428431391716,3
seed_126,NR-AR-LBD,11,223,0.015633797273039818,2
seed_126,NR-AR-LBD,95,224,0.015467190183699131,4
seed_126,NR-AR-LBD,53,225,0.01534638088196516,6
seed_126,NR-AR-LBD,173,226,0.014697630889713764,4
seed_126,NR-AR-LBD,149,227,0.014671092852950096,2
seed_126,NR-AR-LBD,261,228,0.014663517475128174,3
seed_126,NR-AR-LBD,100,229,0.014647881500422955,3
seed_126,NR-AR-LBD,18,230,0.014569966122508049,4
seed_126,NR-AR-LBD,97,231,0.014322018250823021,2
seed_126,NR-AR-LBD,118,232,0.014286034740507603,4
seed_126,NR-AR-LBD,26,233,0.013842985965311527,4
seed_126,NR-AR-LBD,236,234,0.013633951544761658,3
seed_126,NR-AR-LBD,159,235,0.013405343517661095,2
seed_126,NR-AR-LBD,280,236,0.013314678333699703,3
seed_126,NR-AR-LBD,178,237,0.01320707518607378,2
seed_126,NR-AR-LBD,174,238,0.013206414878368378,2
seed_126,NR-AR-LBD,228,239,0.013168812729418278,4
seed_126,NR-AR-LBD,116,240,0.0131051791831851,3
seed_126,NR-AR-LBD,214,241,0.013059674762189388,2
seed_126,NR-AR-LBD,279,242,0.012886647135019302,2
seed_126,NR-AR-LBD,105,243,0.012775308452546597,3
seed_126,NR-AR-LBD,227,244,0.012634696438908577,3
seed_126,NR-AR-LBD,224,245,0.012611441314220428,2
seed_126,NR-AR-LBD,9,246,0.012185113504529,3
seed_126,NR-AR-LBD,151,247,0.01210083719342947,2
seed_126,NR-AR-LBD,65,248,0.012006901204586029,3
seed_126,NR-AR-LBD,288,249,0.011928035877645016,2
seed_126,NR-AR-LBD,202,250,0.011903547681868076,3
seed_126,NR-AR-LBD,94,251,0.011813286691904068,2
seed_126,NR-AR-LBD,205,252,0.011535079218447208,3
seed_126,NR-AR-LBD,177,253,0.01127992570400238,4
seed_126,NR-AR-LBD,68,254,0.01123020052909851,2
seed_126,NR-AR-LBD,273,255,0.010914416052401066,2
seed_126,NR-AR-LBD,208,256,0.010585316456854343,3
seed_126,NR-AR-LBD,230,257,0.01052100956439972,3
seed_126,NR-AR-LBD,262,258,0.0099687110632658,3
seed_126,NR-AR-LBD,5,259,0.009566513821482658,4
seed_126,NR-AR-LBD,76,260,0.00909594539552927,2
seed_126,NR-AR-LBD,223,261,0.00870312936604023,2
seed_126,NR-AR-LBD,240,262,0.008620155975222588,1
seed_126,NR-AR-LBD,297,263,0.007992928847670555,1
seed_126,NR-AR-LBD,253,264,0.007960706017911434,1
seed_126,NR-AR-LBD,192,265,0.007619725540280342,3
seed_126,NR-AR-LBD,275,266,0.007447915617376566,2
seed_126,NR-AR-LBD,191,267,0.00706277322024107,2
seed_126,NR-AR-LBD,284,268,0.0061806850135326385,2
seed_126,NR-AR-LBD,158,269,0.005923413205891848,3
seed_126,NR-AR-LBD,153,270,0.005879830103367567,2
seed_126,NR-AR-LBD,141,271,0.0057900832034647465,2
seed_126,NR-AR-LBD,256,272,0.005285070277750492,2
seed_126,NR-AR-LBD,203,273,0.005192146170884371,4
seed_126,NR-AR-LBD,41,274,0.004790965933352709,2
seed_126,NR-AR-LBD,157,275,0.00441138818860054,2
seed_126,NR-AR-LBD,44,276,0.004349701106548309,3
seed_126,NR-AR-LBD,98,277,0.0039891442283988,2
seed_126,NR-AR-LBD,125,278,0.003897590795531869,3
seed_126,NR-AR-LBD,226,279,0.0037614796310663223,2
seed_126,NR-AR-LBD,259,280,0.003550892462953925,2
seed_126,NR-AR-LBD,282,281,0.003543031169101596,3
seed_126,NR-AR-LBD,238,282,0.0033679823391139507,1
seed_126,NR-AR-LBD,137,283,0.0033530641812831163,2
seed_126,NR-AR-LBD,156,284,0.003200177103281021,2
seed_126,NR-AR-LBD,265,285,0.002930312417447567,1
seed_126,NR-AR-LBD,285,286,0.002040056511759758,1
seed_126,NR-AR-LBD,164,287,0.001846671337261796,2
seed_126,NR-AR-LBD,281,288,0.0014510484179481864,1
seed_126,NR-AR-LBD,119,289,0.0013161053648218513,2
seed_126,NR-AR-LBD,267,290,0.0011238837614655495,2
seed_126,NR-AR-LBD,283,291,0.0007280922727659345,2
seed_126,NR-AR-LBD,216,292,0.0007247315370477736,2
seed_126,NR-AR-LBD,294,293,0.00043880240991711617,2
seed_126,NR-AR-LBD,278,294,0.00022909532708581537,2
seed_126,NR-AR-LBD,277,295,0.0,1
seed_126,NR-AR-LBD,266,296,0.0,1
seed_126,NR-AR-LBD,244,297,0.0,1
seed_126,NR-AR-LBD,199,298,0.0,2
seed_126,NR-AR-LBD,272,299,0.0,1
seed_126,NR-ER,70,0,9.357124328613281,27
seed_126,NR-ER,168,1,4.998033046722412,79
seed_126,NR-ER,72,2,4.100809574127197,15
seed_126,NR-ER,128,3,2.8981246948242188,42
seed_126,NR-ER,7,4,2.726097345352173,33
seed_126,NR-ER,139,5,2.5651681423187256,12
seed_126,NR-ER,62,6,2.2074174880981445,24
seed_126,NR-ER,63,7,1.940580129623413,51
seed_126,NR-ER,52,8,1.6579581499099731,16
seed_126,NR-ER,74,9,1.5057034492492676,19
seed_126,NR-ER,24,10,1.504562258720398,21
seed_126,NR-ER,0,11,1.4223328828811646,20
seed_126,NR-ER,29,12,1.2288397550582886,39
seed_126,NR-ER,252,13,1.1288033723831177,4
seed_126,NR-ER,84,14,1.1240861415863037,15
seed_126,NR-ER,73,15,1.122164011001587,16
seed_126,NR-ER,58,16,0.9808706641197205,10
seed_126,NR-ER,10,17,0.8882438540458679,17
seed_126,NR-ER,287,18,0.8768823146820068,8
seed_126,NR-ER,114,19,0.8526992201805115,7
seed_126,NR-ER,190,20,0.844465434551239,13
seed_126,NR-ER,231,21,0.8118377923965454,8
seed_126,NR-ER,110,22,0.7877416610717773,20
seed_126,NR-ER,263,23,0.7637516856193542,6
seed_126,NR-ER,49,24,0.7551260590553284,17
seed_126,NR-ER,57,25,0.744688093662262,9
seed_126,NR-ER,23,26,0.7391380667686462,30
seed_126,NR-ER,22,27,0.7380398511886597,13
seed_126,NR-ER,79,28,0.7299135327339172,9
seed_126,NR-ER,189,29,0.7223473787307739,9
seed_126,NR-ER,6,30,0.7149018049240112,18
seed_126,NR-ER,46,31,0.7125673294067383,13
seed_126,NR-ER,175,32,0.7000969052314758,9
seed_126,NR-ER,245,33,0.6518832445144653,15
seed_126,NR-ER,219,34,0.6450501084327698,16
seed_126,NR-ER,221,35,0.6371160745620728,6
seed_126,NR-ER,140,36,0.6017743349075317,19
seed_126,NR-ER,2,37,0.5954234004020691,14
seed_126,NR-ER,184,38,0.5700106620788574,7
seed_126,NR-ER,123,39,0.5656901001930237,11
seed_126,NR-ER,66,40,0.5589077472686768,13
seed_126,NR-ER,160,41,0.5539358854293823,11
seed_126,NR-ER,15,42,0.5537980794906616,26
seed_126,NR-ER,71,43,0.533015251159668,11
seed_126,NR-ER,33,44,0.49556100368499756,17
seed_126,NR-ER,222,45,0.4835672080516815,4
seed_126,NR-ER,40,46,0.4734518229961395,6
seed_126,NR-ER,136,47,0.4711477756500244,18
seed_126,NR-ER,211,48,0.46736371517181396,13
seed_126,NR-ER,147,49,0.43617716431617737,16
seed_126,NR-ER,93,50,0.4352547228336334,16
seed_126,NR-ER,209,51,0.4344044029712677,7
seed_126,NR-ER,195,52,0.432109534740448,11
seed_126,NR-ER,180,53,0.4318796396255493,5
seed_126,NR-ER,12,54,0.40879198908805847,6
seed_126,NR-ER,290,55,0.39135822653770447,10
seed_126,NR-ER,145,56,0.3871578276157379,17
seed_126,NR-ER,250,57,0.38465580344200134,4
seed_126,NR-ER,204,58,0.38117197155952454,7
seed_126,NR-ER,39,59,0.3726647198200226,9
seed_126,NR-ER,83,60,0.3660465180873871,9
seed_126,NR-ER,31,61,0.3652380406856537,20
seed_126,NR-ER,217,62,0.3625858426094055,4
seed_126,NR-ER,108,63,0.3622869849205017,14
seed_126,NR-ER,126,64,0.3481141924858093,10
seed_126,NR-ER,148,65,0.3461845815181732,14
seed_126,NR-ER,56,66,0.3432498276233673,17
seed_126,NR-ER,92,67,0.33542799949645996,21
seed_126,NR-ER,99,68,0.3284272253513336,7
seed_126,NR-ER,37,69,0.31302982568740845,7
seed_126,NR-ER,193,70,0.3104061782360077,9
seed_126,NR-ER,21,71,0.30409663915634155,13
seed_126,NR-ER,25,72,0.3039115071296692,8
seed_126,NR-ER,247,73,0.3030685484409332,4
seed_126,NR-ER,75,74,0.3027256727218628,13
seed_126,NR-ER,130,75,0.2999706268310547,4
seed_126,NR-ER,59,76,0.2959279716014862,8
seed_126,NR-ER,269,77,0.2948944866657257,4
seed_126,NR-ER,45,78,0.28764575719833374,8
seed_126,NR-ER,127,79,0.2860686779022217,4
seed_126,NR-ER,135,80,0.2855759859085083,9
seed_126,NR-ER,67,81,0.2800736427307129,16
seed_126,NR-ER,242,82,0.278602659702301,6
seed_126,NR-ER,81,83,0.26938536763191223,19
seed_126,NR-ER,167,84,0.26572665572166443,6
seed_126,NR-ER,1,85,0.26548510789871216,6
seed_126,NR-ER,176,86,0.25981462001800537,5
seed_126,NR-ER,80,87,0.2588134706020355,8
seed_126,NR-ER,109,88,0.2546525299549103,7
seed_126,NR-ER,32,89,0.25089654326438904,8
seed_126,NR-ER,299,90,0.25025805830955505,7
seed_126,NR-ER,42,91,0.24918535351753235,5
seed_126,NR-ER,117,92,0.23504292964935303,7
seed_126,NR-ER,112,93,0.22911489009857178,10
seed_126,NR-ER,154,94,0.22062714397907257,5
seed_126,NR-ER,143,95,0.22058716416358948,5
seed_126,NR-ER,296,96,0.2192496955394745,10
seed_126,NR-ER,120,97,0.21886777877807617,5
seed_126,NR-ER,166,98,0.1994766741991043,6
seed_126,NR-ER,64,99,0.19895832240581512,7
seed_126,NR-ER,86,100,0.19836118817329407,9
seed_126,NR-ER,91,101,0.19824932515621185,6
seed_126,NR-ER,51,102,0.19433905184268951,10
seed_126,NR-ER,43,103,0.1921909749507904,9
seed_126,NR-ER,107,104,0.19097429513931274,6
seed_126,NR-ER,36,105,0.1792711466550827,7
seed_126,NR-ER,162,106,0.17845790088176727,3
seed_126,NR-ER,4,107,0.17790985107421875,9
seed_126,NR-ER,113,108,0.17790235579013824,13
seed_126,NR-ER,170,109,0.16887742280960083,6
seed_126,NR-ER,144,110,0.1680893450975418,7
seed_126,NR-ER,235,111,0.1637934446334839,5
seed_126,NR-ER,172,112,0.1630602777004242,4
seed_126,NR-ER,129,113,0.16102716326713562,9
seed_126,NR-ER,82,114,0.15818502008914948,4
seed_126,NR-ER,50,115,0.15510115027427673,3
seed_126,NR-ER,106,116,0.15088975429534912,4
seed_126,NR-ER,55,117,0.15044735372066498,6
seed_126,NR-ER,286,118,0.1487073004245758,2
seed_126,NR-ER,225,119,0.14831821620464325,6
seed_126,NR-ER,104,120,0.1457979679107666,4
seed_126,NR-ER,182,121,0.14462916553020477,2
seed_126,NR-ER,200,122,0.1444268524646759,8
seed_126,NR-ER,233,123,0.14378535747528076,6
seed_126,NR-ER,122,124,0.14354224503040314,6
seed_126,NR-ER,138,125,0.14193031191825867,3
seed_126,NR-ER,293,126,0.13488759100437164,3
seed_126,NR-ER,239,127,0.1340561807155609,3
seed_126,NR-ER,257,128,0.13178226351737976,8
seed_126,NR-ER,111,129,0.12968133389949799,5
seed_126,NR-ER,35,130,0.12868788838386536,4
seed_126,NR-ER,28,131,0.1274891495704651,7
seed_126,NR-ER,13,132,0.12653064727783203,6
seed_126,NR-ER,34,133,0.12652051448822021,5
seed_126,NR-ER,270,134,0.12543092668056488,4
seed_126,NR-ER,243,135,0.12533141672611237,2
seed_126,NR-ER,165,136,0.1233886107802391,4
seed_126,NR-ER,78,137,0.12246447801589966,5
seed_126,NR-ER,61,138,0.12007839232683182,6
seed_126,NR-ER,77,139,0.11818921566009521,5
seed_126,NR-ER,48,140,0.1153702437877655,7
seed_126,NR-ER,3,141,0.11304596811532974,6
seed_126,NR-ER,20,142,0.1122763454914093,4
seed_126,NR-ER,88,143,0.11154235899448395,4
seed_126,NR-ER,134,144,0.11145035177469254,3
seed_126,NR-ER,212,145,0.11098221689462662,7
seed_126,NR-ER,90,146,0.1104104220867157,6
seed_126,NR-ER,183,147,0.11000997573137283,7
seed_126,NR-ER,65,148,0.10853201150894165,3
seed_126,NR-ER,276,149,0.10707878321409225,8
seed_126,NR-ER,181,150,0.10626348853111267,4
seed_126,NR-ER,213,151,0.10417299717664719,4
seed_126,NR-ER,288,152,0.10162216424942017,2
seed_126,NR-ER,171,153,0.09389088302850723,2
seed_126,NR-ER,102,154,0.09302211552858353,6
seed_126,NR-ER,220,155,0.09254202246665955,2
seed_126,NR-ER,85,156,0.09098449349403381,3
seed_126,NR-ER,163,157,0.08809398859739304,3
seed_126,NR-ER,218,158,0.08671752363443375,3
seed_126,NR-ER,142,159,0.0866633951663971,3
seed_126,NR-ER,241,160,0.08597677201032639,3
seed_126,NR-ER,251,161,0.08477330207824707,3
seed_126,NR-ER,246,162,0.0815998837351799,3
seed_126,NR-ER,295,163,0.07820402830839157,2
seed_126,NR-ER,14,164,0.07801639288663864,5
seed_126,NR-ER,203,165,0.07751354575157166,4
seed_126,NR-ER,27,166,0.07723023742437363,8
seed_126,NR-ER,76,167,0.07663550972938538,2
seed_126,NR-ER,205,168,0.07575279474258423,3
seed_126,NR-ER,292,169,0.07538830488920212,3
seed_126,NR-ER,69,170,0.07516303658485413,8
seed_126,NR-ER,253,171,0.07505246251821518,1
seed_126,NR-ER,186,172,0.07372327893972397,3
seed_126,NR-ER,198,173,0.07169608026742935,3
seed_126,NR-ER,207,174,0.07159782946109772,2
seed_126,NR-ER,201,175,0.07031868398189545,4
seed_126,NR-ER,17,176,0.07010365277528763,5
seed_126,NR-ER,248,177,0.0681895911693573,2
seed_126,NR-ER,124,178,0.06812983751296997,4
seed_126,NR-ER,152,179,0.06805846095085144,3
seed_126,NR-ER,208,180,0.06484895944595337,3
seed_126,NR-ER,173,181,0.06377340108156204,4
seed_126,NR-ER,16,182,0.0630047470331192,4
seed_126,NR-ER,30,183,0.061386995017528534,5
seed_126,NR-ER,101,184,0.06119249016046524,3
seed_126,NR-ER,133,185,0.0608619824051857,6
seed_126,NR-ER,89,186,0.05993837118148804,3
seed_126,NR-ER,255,187,0.05991501733660698,2
seed_126,NR-ER,11,188,0.059756867587566376,2
seed_126,NR-ER,229,189,0.05832034721970558,7
seed_126,NR-ER,150,190,0.05741715803742409,3
seed_126,NR-ER,214,191,0.05454011261463165,2
seed_126,NR-ER,192,192,0.05409081280231476,3
seed_126,NR-ER,260,193,0.053290870040655136,5
seed_126,NR-ER,232,194,0.05268960818648338,2
seed_126,NR-ER,96,195,0.05058864504098892,5
seed_126,NR-ER,291,196,0.04964079335331917,2
seed_126,NR-ER,268,197,0.049389153718948364,4
seed_126,NR-ER,188,198,0.049164384603500366,2
seed_126,NR-ER,121,199,0.04756328836083412,7
seed_126,NR-ER,149,200,0.04719012230634689,2
seed_126,NR-ER,95,201,0.046225350350141525,4
seed_126,NR-ER,38,202,0.04619530960917473,4
seed_126,NR-ER,236,203,0.045744169503450394,3
seed_126,NR-ER,197,204,0.04542301222681999,3
seed_126,NR-ER,196,205,0.04379238560795784,4
seed_126,NR-ER,298,206,0.043173644691705704,4
seed_126,NR-ER,18,207,0.04303780198097229,4
seed_126,NR-ER,44,208,0.04301183670759201,3
seed_126,NR-ER,161,209,0.042891599237918854,2
seed_126,NR-ER,5,210,0.042448583990335464,4
seed_126,NR-ER,289,211,0.04229693487286568,2
seed_126,NR-ER,19,212,0.04192856699228287,4
seed_126,NR-ER,53,213,0.04033130034804344,6
seed_126,NR-ER,279,214,0.040236689150333405,2
seed_126,NR-ER,210,215,0.039862584322690964,6
seed_126,NR-ER,202,216,0.03967469930648804,3
seed_126,NR-ER,187,217,0.03907695412635803,3
seed_126,NR-ER,41,218,0.038709450513124466,2
seed_126,NR-ER,284,219,0.03867146372795105,2
seed_126,NR-ER,179,220,0.03666050359606743,3
seed_126,NR-ER,115,221,0.036275409162044525,4
seed_126,NR-ER,254,222,0.036135200411081314,2
seed_126,NR-ER,230,223,0.03444771468639374,3
seed_126,NR-ER,98,224,0.03416839614510536,2
seed_126,NR-ER,227,225,0.03397131711244583,3
seed_126,NR-ER,141,226,0.0335162878036499,2
seed_126,NR-ER,68,227,0.03339315578341484,2
seed_126,NR-ER,94,228,0.033046524971723557,2
seed_126,NR-ER,262,229,0.03273213282227516,3
seed_126,NR-ER,132,230,0.03047683835029602,2
seed_126,NR-ER,8,231,0.029641645029187202,6
seed_126,NR-ER,185,232,0.02915889210999012,3
seed_126,NR-ER,87,233,0.028676189482212067,4
seed_126,NR-ER,237,234,0.028163455426692963,2
seed_126,NR-ER,105,235,0.027790281921625137,3
seed_126,NR-ER,158,236,0.02745005115866661,3
seed_126,NR-ER,234,237,0.02672382816672325,2
seed_126,NR-ER,146,238,0.02670128643512726,5
seed_126,NR-ER,228,239,0.026068899780511856,4
seed_126,NR-ER,274,240,0.02542453072965145,2
seed_126,NR-ER,261,241,0.024913782253861427,3
seed_126,NR-ER,9,242,0.024863533675670624,3
seed_126,NR-ER,169,243,0.024273423478007317,8
seed_126,NR-ER,224,244,0.023961074650287628,2
seed_126,NR-ER,153,245,0.02355634979903698,2
seed_126,NR-ER,151,246,0.023212110623717308,2
seed_126,NR-ER,264,247,0.02310158871114254,3
seed_126,NR-ER,194,248,0.02306102029979229,3
seed_126,NR-ER,54,249,0.023045329377055168,5
seed_126,NR-ER,116,250,0.022665664553642273,3
seed_126,NR-ER,100,251,0.022539906203746796,3
seed_126,NR-ER,280,252,0.022316796705126762,3
seed_126,NR-ER,240,253,0.02192598767578602,1
seed_126,NR-ER,155,254,0.02117091976106167,3
seed_126,NR-ER,118,255,0.020723124966025352,4
seed_126,NR-ER,215,256,0.02070915885269642,4
seed_126,NR-ER,206,257,0.020611785352230072,4
seed_126,NR-ER,103,258,0.02020164020359516,3
seed_126,NR-ER,282,259,0.01920580305159092,3
seed_126,NR-ER,178,260,0.019011972472071648,2
seed_126,NR-ER,131,261,0.01813451386988163,2
seed_126,NR-ER,271,262,0.017830900847911835,3
seed_126,NR-ER,174,263,0.016989409923553467,2
seed_126,NR-ER,258,264,0.016967158764600754,3
seed_126,NR-ER,238,265,0.01696002297103405,1
seed_126,NR-ER,47,266,0.016876839101314545,4
seed_126,NR-ER,265,267,0.016392601653933525,1
seed_126,NR-ER,177,268,0.015763651579618454,4
seed_126,NR-ER,191,269,0.015554065816104412,2
seed_126,NR-ER,283,270,0.014206941239535809,2
seed_126,NR-ER,226,271,0.013934042304754257,2
seed_126,NR-ER,273,272,0.01371967513114214,2
seed_126,NR-ER,275,273,0.01286852452903986,2
seed_126,NR-ER,297,274,0.011329232715070248,1
seed_126,NR-ER,249,275,0.010843935422599316,3
seed_126,NR-ER,97,276,0.010354626923799515,2
seed_126,NR-ER,159,277,0.010350039228796959,2
seed_126,NR-ER,256,278,0.010098950937390327,2
seed_126,NR-ER,223,279,0.00911239068955183,2
seed_126,NR-ER,267,280,0.008986121974885464,2
seed_126,NR-ER,156,281,0.008896262384951115,2
seed_126,NR-ER,278,282,0.008106320165097713,2
seed_126,NR-ER,259,283,0.007843964733183384,2
seed_126,NR-ER,164,284,0.007075980771332979,2
seed_126,NR-ER,26,285,0.005684070289134979,4
seed_126,NR-ER,294,286,0.004634900018572807,2
seed_126,NR-ER,125,287,0.00428398372605443,3
seed_126,NR-ER,281,288,0.004184762015938759,1
seed_126,NR-ER,119,289,0.003368360223248601,2
seed_126,NR-ER,157,290,0.003247750923037529,2
seed_126,NR-ER,137,291,0.0021123329643160105,2
seed_126,NR-ER,285,292,0.0016845850041136146,1
seed_126,NR-ER,60,293,0.001684058690443635,3
seed_126,NR-ER,216,294,0.00035869007115252316,2
seed_126,NR-ER,244,295,0.0,1
seed_126,NR-ER,277,296,0.0,1
seed_126,NR-ER,199,297,0.0,2
seed_126,NR-ER,266,298,0.0,1
seed_126,NR-ER,272,299,0.0,1
seed_126,SR-ARE,70,0,5.51413631439209,27
seed_126,SR-ARE,168,1,3.8486788272857666,79
seed_126,SR-ARE,128,2,3.2124340534210205,42
seed_126,SR-ARE,139,3,2.437809944152832,12
seed_126,SR-ARE,7,4,1.7387856245040894,33
seed_126,SR-ARE,72,5,1.7362617254257202,15
seed_126,SR-ARE,63,6,1.4812512397766113,51
seed_126,SR-ARE,0,7,1.4589499235153198,20
seed_126,SR-ARE,62,8,1.4589475393295288,24
seed_126,SR-ARE,74,9,1.188746690750122,19
seed_126,SR-ARE,110,10,1.188029408454895,20
seed_126,SR-ARE,52,11,1.1773470640182495,16
seed_126,SR-ARE,29,12,1.1701366901397705,39
seed_126,SR-ARE,10,13,1.0231456756591797,17
seed_126,SR-ARE,6,14,1.011814832687378,18
seed_126,SR-ARE,287,15,1.0025478601455688,8
seed_126,SR-ARE,189,16,0.8849942088127136,9
seed_126,SR-ARE,24,17,0.8745890259742737,21
seed_126,SR-ARE,73,18,0.8629633188247681,16
seed_126,SR-ARE,33,19,0.778883695602417,17
seed_126,SR-ARE,23,20,0.7276573777198792,30
seed_126,SR-ARE,71,21,0.6611839532852173,11
seed_126,SR-ARE,2,22,0.6348113417625427,14
seed_126,SR-ARE,84,23,0.6323124170303345,15
seed_126,SR-ARE,22,24,0.6077445149421692,13
seed_126,SR-ARE,219,25,0.6055036783218384,16
seed_126,SR-ARE,263,26,0.5856972336769104,6
seed_126,SR-ARE,66,27,0.5744792222976685,13
seed_126,SR-ARE,15,28,0.5551090240478516,26
seed_126,SR-ARE,57,29,0.5266537070274353,9
seed_126,SR-ARE,58,30,0.5241546630859375,10
seed_126,SR-ARE,160,31,0.5144194960594177,11
seed_126,SR-ARE,175,32,0.5113281011581421,9
seed_126,SR-ARE,190,33,0.49735787510871887,13
seed_126,SR-ARE,12,34,0.49657148122787476,6
seed_126,SR-ARE,245,35,0.47694653272628784,15
seed_126,SR-ARE,25,36,0.47254452109336853,8
seed_126,SR-ARE,147,37,0.46241554617881775,16
seed_126,SR-ARE,56,38,0.4531128704547882,17
seed_126,SR-ARE,59,39,0.43994808197021484,8
seed_126,SR-ARE,123,40,0.4366833567619324,11
seed_126,SR-ARE,231,41,0.4076899290084839,8
seed_126,SR-ARE,209,42,0.4028063416481018,7
seed_126,SR-ARE,49,43,0.4008817970752716,17
seed_126,SR-ARE,145,44,0.39636117219924927,17
seed_126,SR-ARE,46,45,0.3944476842880249,13
seed_126,SR-ARE,221,46,0.38887521624565125,6
seed_126,SR-ARE,92,47,0.3731299638748169,21
seed_126,SR-ARE,290,48,0.3682008385658264,10
seed_126,SR-ARE,21,49,0.3673831820487976,13
seed_126,SR-ARE,136,50,0.363319456577301,18
seed_126,SR-ARE,170,51,0.3421027362346649,6
seed_126,SR-ARE,114,52,0.3389900028705597,7
seed_126,SR-ARE,299,53,0.3373505175113678,7
seed_126,SR-ARE,67,54,0.3280864357948303,16
seed_126,SR-ARE,222,55,0.3243623375892639,4
seed_126,SR-ARE,31,56,0.32003599405288696,20
seed_126,SR-ARE,140,57,0.31783199310302734,19
seed_126,SR-ARE,217,58,0.3088112473487854,4
seed_126,SR-ARE,99,59,0.3058728277683258,7
seed_126,SR-ARE,296,60,0.30502039194107056,10
seed_126,SR-ARE,242,61,0.3016376495361328,6
seed_126,SR-ARE,225,62,0.29916179180145264,6
seed_126,SR-ARE,184,63,0.29808181524276733,7
seed_126,SR-ARE,79,64,0.29777616262435913,9
seed_126,SR-ARE,143,65,0.2960125207901001,5
seed_126,SR-ARE,252,66,0.28765055537223816,4
seed_126,SR-ARE,40,67,0.2843020558357239,6
seed_126,SR-ARE,211,68,0.2842518985271454,13
seed_126,SR-ARE,83,69,0.2814546823501587,9
seed_126,SR-ARE,126,70,0.2812822759151459,10
seed_126,SR-ARE,129,71,0.27294260263442993,9
seed_126,SR-ARE,86,72,0.2615482807159424,9
seed_126,SR-ARE,80,73,0.25270605087280273,8
seed_126,SR-ARE,148,74,0.24814662337303162,14
seed_126,SR-ARE,93,75,0.24625787138938904,16
seed_126,SR-ARE,107,76,0.23784972727298737,6
seed_126,SR-ARE,135,77,0.23766571283340454,9
seed_126,SR-ARE,251,78,0.23751485347747803,3
seed_126,SR-ARE,43,79,0.23665925860404968,9
seed_126,SR-ARE,193,80,0.23662801086902618,9
seed_126,SR-ARE,111,81,0.23090270161628723,5
seed_126,SR-ARE,270,82,0.23025694489479065,4
seed_126,SR-ARE,257,83,0.2076120674610138,8
seed_126,SR-ARE,42,84,0.20414789021015167,5
seed_126,SR-ARE,39,85,0.2032460868358612,9
seed_126,SR-ARE,64,86,0.20210517942905426,7
seed_126,SR-ARE,180,87,0.19993045926094055,5
seed_126,SR-ARE,36,88,0.19541102647781372,7
seed_126,SR-ARE,112,89,0.1953827142715454,10
seed_126,SR-ARE,109,90,0.19460554420948029,7
seed_126,SR-ARE,28,91,0.18979308009147644,7
seed_126,SR-ARE,81,92,0.18802614510059357,19
seed_126,SR-ARE,37,93,0.18530048429965973,7
seed_126,SR-ARE,108,94,0.17898046970367432,14
seed_126,SR-ARE,154,95,0.17889782786369324,5
seed_126,SR-ARE,75,96,0.1749570369720459,13
seed_126,SR-ARE,127,97,0.16820311546325684,4
seed_126,SR-ARE,250,98,0.1673436462879181,4
seed_126,SR-ARE,195,99,0.1634698212146759,11
seed_126,SR-ARE,1,100,0.16068944334983826,6
seed_126,SR-ARE,45,101,0.15322043001651764,8
seed_126,SR-ARE,13,102,0.15282809734344482,6
seed_126,SR-ARE,51,103,0.15130235254764557,10
seed_126,SR-ARE,113,104,0.14573605358600616,13
seed_126,SR-ARE,247,105,0.14416705071926117,4
seed_126,SR-ARE,212,106,0.14021873474121094,7
seed_126,SR-ARE,32,107,0.1367499977350235,8
seed_126,SR-ARE,207,108,0.1365077793598175,2
seed_126,SR-ARE,293,109,0.1355617344379425,3
seed_126,SR-ARE,200,110,0.132767915725708,8
seed_126,SR-ARE,176,111,0.12892897427082062,5
seed_126,SR-ARE,50,112,0.1285233050584793,3
seed_126,SR-ARE,173,113,0.1277487576007843,4
seed_126,SR-ARE,183,114,0.1274585723876953,7
seed_126,SR-ARE,115,115,0.1257481575012207,4
seed_126,SR-ARE,233,116,0.1252746731042862,6
seed_126,SR-ARE,91,117,0.124971404671669,6
seed_126,SR-ARE,35,118,0.12195754051208496,4
seed_126,SR-ARE,17,119,0.12054798007011414,5
seed_126,SR-ARE,269,120,0.12006855010986328,4
seed_126,SR-ARE,142,121,0.11639393866062164,3
seed_126,SR-ARE,274,122,0.11412224918603897,2
seed_126,SR-ARE,55,123,0.11181756108999252,6
seed_126,SR-ARE,85,124,0.11030562967061996,3
seed_126,SR-ARE,237,125,0.10940069705247879,2
seed_126,SR-ARE,204,126,0.10562454909086227,7
seed_126,SR-ARE,90,127,0.10524091124534607,6
seed_126,SR-ARE,201,128,0.10208076983690262,4
seed_126,SR-ARE,130,129,0.10191553086042404,4
seed_126,SR-ARE,167,130,0.09889303892850876,6
seed_126,SR-ARE,249,131,0.09710497409105301,3
seed_126,SR-ARE,185,132,0.0938563272356987,3
seed_126,SR-ARE,61,133,0.09277327358722687,6
seed_126,SR-ARE,276,134,0.0906371995806694,8
seed_126,SR-ARE,4,135,0.09056907892227173,9
seed_126,SR-ARE,166,136,0.08999431133270264,6
seed_126,SR-ARE,34,137,0.08983586728572845,5
seed_126,SR-ARE,280,138,0.08855388313531876,3
seed_126,SR-ARE,77,139,0.08745794743299484,5
seed_126,SR-ARE,162,140,0.08639892190694809,3
seed_126,SR-ARE,117,141,0.08591490238904953,7
seed_126,SR-ARE,239,142,0.08547919988632202,3
seed_126,SR-ARE,248,143,0.08388636261224747,2
seed_126,SR-ARE,3,144,0.08331281691789627,6
seed_126,SR-ARE,235,145,0.08252676576375961,5
seed_126,SR-ARE,138,146,0.0822564959526062,3
seed_126,SR-ARE,198,147,0.08099952340126038,3
seed_126,SR-ARE,122,148,0.0803123489022255,6
seed_126,SR-ARE,182,149,0.07682234793901443,2
seed_126,SR-ARE,172,150,0.07579156011343002,4
seed_126,SR-ARE,196,151,0.07390369474887848,4
seed_126,SR-ARE,16,152,0.07251490652561188,4
seed_126,SR-ARE,163,153,0.0722343921661377,3
seed_126,SR-ARE,104,154,0.07190496474504471,4
seed_126,SR-ARE,213,155,0.07176468521356583,4
seed_126,SR-ARE,229,156,0.0699765682220459,7
seed_126,SR-ARE,103,157,0.0687287375330925,3
seed_126,SR-ARE,144,158,0.06789225339889526,7
seed_126,SR-ARE,121,159,0.06782236695289612,7
seed_126,SR-ARE,68,160,0.06771521270275116,2
seed_126,SR-ARE,236,161,0.0656108409166336,3
seed_126,SR-ARE,106,162,0.06491836160421371,4
seed_126,SR-ARE,186,163,0.06451493501663208,3
seed_126,SR-ARE,8,164,0.06304898113012314,6
seed_126,SR-ARE,120,165,0.06243458017706871,5
seed_126,SR-ARE,48,166,0.0613420270383358,7
seed_126,SR-ARE,38,167,0.0612994059920311,4
seed_126,SR-ARE,152,168,0.06017597019672394,3
seed_126,SR-ARE,241,169,0.05903185158967972,3
seed_126,SR-ARE,124,170,0.058185093104839325,4
seed_126,SR-ARE,149,171,0.05758422240614891,2
seed_126,SR-ARE,27,172,0.05742838606238365,8
seed_126,SR-ARE,169,173,0.056332848966121674,8
seed_126,SR-ARE,262,174,0.05508708581328392,3
seed_126,SR-ARE,20,175,0.05413326621055603,4
seed_126,SR-ARE,100,176,0.054032523185014725,3
seed_126,SR-ARE,78,177,0.052671488374471664,5
seed_126,SR-ARE,205,178,0.05223651975393295,3
seed_126,SR-ARE,215,179,0.05157409980893135,4
seed_126,SR-ARE,131,180,0.05147255212068558,2
seed_126,SR-ARE,89,181,0.05143915116786957,3
seed_126,SR-ARE,218,182,0.05030075088143349,3
seed_126,SR-ARE,295,183,0.049124158918857574,2
seed_126,SR-ARE,234,184,0.048736948519945145,2
seed_126,SR-ARE,9,185,0.04860837012529373,3
seed_126,SR-ARE,264,186,0.04851417616009712,3
seed_126,SR-ARE,14,187,0.04844827950000763,5
seed_126,SR-ARE,289,188,0.04829365015029907,2
seed_126,SR-ARE,19,189,0.0481727197766304,4
seed_126,SR-ARE,88,190,0.047745928168296814,4
seed_126,SR-ARE,298,191,0.046858109533786774,4
seed_126,SR-ARE,291,192,0.04537534341216087,2
seed_126,SR-ARE,87,193,0.04516351595520973,4
seed_126,SR-ARE,102,194,0.04414600133895874,6
seed_126,SR-ARE,134,195,0.04403046891093254,3
seed_126,SR-ARE,132,196,0.04391282796859741,2
seed_126,SR-ARE,95,197,0.04329998046159744,4
seed_126,SR-ARE,202,198,0.04194335266947746,3
seed_126,SR-ARE,82,199,0.040438972413539886,4
seed_126,SR-ARE,210,200,0.03959086537361145,6
seed_126,SR-ARE,53,201,0.039406146854162216,6
seed_126,SR-ARE,181,202,0.03931229189038277,4
seed_126,SR-ARE,165,203,0.03908053785562515,4
seed_126,SR-ARE,206,204,0.03845104202628136,4
seed_126,SR-ARE,105,205,0.03794299438595772,3
seed_126,SR-ARE,159,206,0.03712623193860054,2
seed_126,SR-ARE,220,207,0.03709620609879494,2
seed_126,SR-ARE,69,208,0.03688845410943031,8
seed_126,SR-ARE,133,209,0.03602004051208496,6
seed_126,SR-ARE,155,210,0.03598521649837494,3
seed_126,SR-ARE,94,211,0.03577571362257004,2
seed_126,SR-ARE,171,212,0.0356132835149765,2
seed_126,SR-ARE,47,213,0.034818753600120544,4
seed_126,SR-ARE,192,214,0.03451633080840111,3
seed_126,SR-ARE,268,215,0.03427809849381447,4
seed_126,SR-ARE,146,216,0.0333830900490284,5
seed_126,SR-ARE,54,217,0.033191271126270294,5
seed_126,SR-ARE,232,218,0.032307542860507965,2
seed_126,SR-ARE,153,219,0.031020604074001312,2
seed_126,SR-ARE,96,220,0.030939381569623947,5
seed_126,SR-ARE,246,221,0.03087976574897766,3
seed_126,SR-ARE,188,222,0.030613264068961143,2
seed_126,SR-ARE,203,223,0.030335398390889168,4
seed_126,SR-ARE,260,224,0.030319124460220337,5
seed_126,SR-ARE,271,225,0.029452838003635406,3
seed_126,SR-ARE,258,226,0.029421493411064148,3
seed_126,SR-ARE,177,227,0.02810560166835785,4
seed_126,SR-ARE,18,228,0.026288742199540138,4
seed_126,SR-ARE,44,229,0.025532884523272514,3
seed_126,SR-ARE,98,230,0.02507711388170719,2
seed_126,SR-ARE,214,231,0.024731416255235672,2
seed_126,SR-ARE,288,232,0.02421358786523342,2
seed_126,SR-ARE,161,233,0.023291897028684616,2
seed_126,SR-ARE,292,234,0.023154500871896744,3
seed_126,SR-ARE,118,235,0.022198805585503578,4
seed_126,SR-ARE,158,236,0.02042483538389206,3
seed_126,SR-ARE,5,237,0.019366003572940826,4
seed_126,SR-ARE,11,238,0.01918918266892433,2
seed_126,SR-ARE,150,239,0.018866710364818573,3
seed_126,SR-ARE,151,240,0.018842073157429695,2
seed_126,SR-ARE,65,241,0.018761098384857178,3
seed_126,SR-ARE,256,242,0.018610697239637375,2
seed_126,SR-ARE,227,243,0.01838151551783085,3
seed_126,SR-ARE,228,244,0.01769958809018135,4
seed_126,SR-ARE,194,245,0.017636200413107872,3
seed_126,SR-ARE,286,246,0.017300251871347427,2
seed_126,SR-ARE,267,247,0.017287572845816612,2
seed_126,SR-ARE,255,248,0.016988268122076988,2
seed_126,SR-ARE,275,249,0.016242127865552902,2
seed_126,SR-ARE,238,250,0.01574544794857502,1
seed_126,SR-ARE,197,251,0.015516556799411774,3
seed_126,SR-ARE,254,252,0.015288840979337692,2
seed_126,SR-ARE,284,253,0.014517921023070812,2
seed_126,SR-ARE,208,254,0.013666005805134773,3
seed_126,SR-ARE,97,255,0.013612248934805393,2
seed_126,SR-ARE,179,256,0.013555284589529037,3
seed_126,SR-ARE,191,257,0.013139362446963787,2
seed_126,SR-ARE,174,258,0.012941434979438782,2
seed_126,SR-ARE,187,259,0.012911682948470116,3
seed_126,SR-ARE,178,260,0.01282674539834261,2
seed_126,SR-ARE,297,261,0.012685061432421207,1
seed_126,SR-ARE,30,262,0.01241264957934618,5
seed_126,SR-ARE,240,263,0.011809445917606354,1
seed_126,SR-ARE,279,264,0.011704898439347744,2
seed_126,SR-ARE,261,265,0.011653865687549114,3
seed_126,SR-ARE,243,266,0.011373228393495083,2
seed_126,SR-ARE,265,267,0.01096800621598959,1
seed_126,SR-ARE,278,268,0.01001875288784504,2
seed_126,SR-ARE,224,269,0.0098020164296031,2
seed_126,SR-ARE,259,270,0.009725985117256641,2
seed_126,SR-ARE,226,271,0.009659449569880962,2
seed_126,SR-ARE,137,272,0.009478212334215641,2
seed_126,SR-ARE,156,273,0.008220945484936237,2
seed_126,SR-ARE,230,274,0.008183332160115242,3
seed_126,SR-ARE,76,275,0.008150020614266396,2
seed_126,SR-ARE,101,276,0.007813644595444202,3
seed_126,SR-ARE,164,277,0.007729362230747938,2
seed_126,SR-ARE,282,278,0.007727290969341993,3
seed_126,SR-ARE,273,279,0.007371256127953529,2
seed_126,SR-ARE,253,280,0.007296362426131964,1
seed_126,SR-ARE,223,281,0.006516711786389351,2
seed_126,SR-ARE,41,282,0.005881939083337784,2
seed_126,SR-ARE,26,283,0.005477601196616888,4
seed_126,SR-ARE,294,284,0.00500056566670537,2
seed_126,SR-ARE,119,285,0.004816080909222364,2
seed_126,SR-ARE,283,286,0.00437599653378129,2
seed_126,SR-ARE,116,287,0.004015772137790918,3
seed_126,SR-ARE,157,288,0.00392313115298748,2
seed_126,SR-ARE,216,289,0.003878543619066477,2
seed_126,SR-ARE,285,290,0.003779227612540126,1
seed_126,SR-ARE,60,291,0.002793103689327836,3
seed_126,SR-ARE,125,292,0.002063543302938342,3
seed_126,SR-ARE,281,293,0.0016052329447120428,1
seed_126,SR-ARE,141,294,0.0005057515809312463,2
seed_126,SR-ARE,266,295,0.0,1
seed_126,SR-ARE,277,296,0.0,1
seed_126,SR-ARE,244,297,0.0,1
seed_126,SR-ARE,272,298,0.0,1
seed_126,SR-ARE,199,299,0.0,2
seed_126,SR-MMP,70,0,6.637988090515137,27
seed_126,SR-MMP,72,1,4.965615272521973,15
seed_126,SR-MMP,168,2,4.09149169921875,79
seed_126,SR-MMP,128,3,2.676011085510254,42
seed_126,SR-MMP,139,4,2.2428510189056396,12
seed_126,SR-MMP,7,5,1.6774451732635498,33
seed_126,SR-MMP,73,6,1.5300674438476562,16
seed_126,SR-MMP,74,7,1.5140615701675415,19
seed_126,SR-MMP,6,8,1.3273147344589233,18
seed_126,SR-MMP,0,9,1.2637044191360474,20
seed_126,SR-MMP,62,10,1.2148970365524292,24
seed_126,SR-MMP,58,11,1.1803460121154785,10
seed_126,SR-MMP,63,12,1.171509861946106,51
seed_126,SR-MMP,287,13,1.1688039302825928,8
seed_126,SR-MMP,110,14,1.084348201751709,20
seed_126,SR-MMP,52,15,1.0644816160202026,16
seed_126,SR-MMP,29,16,0.9866448640823364,39
seed_126,SR-MMP,10,17,0.9029311537742615,17
seed_126,SR-MMP,24,18,0.8868298530578613,21
seed_126,SR-MMP,84,19,0.725395143032074,15
seed_126,SR-MMP,57,20,0.6628432273864746,9
seed_126,SR-MMP,189,21,0.6045728921890259,9
seed_126,SR-MMP,2,22,0.6019906997680664,14
seed_126,SR-MMP,190,23,0.5862435102462769,13
seed_126,SR-MMP,22,24,0.586235523223877,13
seed_126,SR-MMP,67,25,0.57623690366745,16
seed_126,SR-MMP,219,26,0.5554554462432861,16
seed_126,SR-MMP,56,27,0.5546165108680725,17
seed_126,SR-MMP,184,28,0.550974428653717,7
seed_126,SR-MMP,263,29,0.5292860865592957,6
seed_126,SR-MMP,66,30,0.5277736186981201,13
seed_126,SR-MMP,15,31,0.503613293170929,26
seed_126,SR-MMP,25,32,0.5016233325004578,8
seed_126,SR-MMP,33,33,0.4902602732181549,17
seed_126,SR-MMP,71,34,0.48561766743659973,11
seed_126,SR-MMP,23,35,0.461798757314682,30
seed_126,SR-MMP,123,36,0.4601272940635681,11
seed_126,SR-MMP,222,37,0.4561693072319031,4
seed_126,SR-MMP,43,38,0.45449933409690857,9
seed_126,SR-MMP,221,39,0.44333523511886597,6
seed_126,SR-MMP,80,40,0.4390871524810791,8
seed_126,SR-MMP,49,41,0.43048450350761414,17
seed_126,SR-MMP,296,42,0.41990357637405396,10
seed_126,SR-MMP,147,43,0.4123309552669525,16
seed_126,SR-MMP,160,44,0.4087004065513611,11
seed_126,SR-MMP,231,45,0.4065902531147003,8
seed_126,SR-MMP,135,46,0.3783130943775177,9
seed_126,SR-MMP,59,47,0.36371517181396484,8
seed_126,SR-MMP,245,48,0.3603224456310272,15
seed_126,SR-MMP,252,49,0.35357218980789185,4
seed_126,SR-MMP,217,50,0.3352138102054596,4
seed_126,SR-MMP,242,51,0.33250051736831665,6
seed_126,SR-MMP,31,52,0.3307347297668457,20
seed_126,SR-MMP,46,53,0.3126870095729828,13
seed_126,SR-MMP,175,54,0.3077550530433655,9
seed_126,SR-MMP,143,55,0.29954567551612854,5
seed_126,SR-MMP,136,56,0.2941870391368866,18
seed_126,SR-MMP,129,57,0.2941858470439911,9
seed_126,SR-MMP,170,58,0.29293039441108704,6
seed_126,SR-MMP,79,59,0.29291266202926636,9
seed_126,SR-MMP,86,60,0.29066890478134155,9
seed_126,SR-MMP,99,61,0.28989747166633606,7
seed_126,SR-MMP,140,62,0.2755615711212158,19
seed_126,SR-MMP,211,63,0.26935333013534546,13
seed_126,SR-MMP,12,64,0.2663470208644867,6
seed_126,SR-MMP,107,65,0.2634231746196747,6
seed_126,SR-MMP,114,66,0.2614535689353943,7
seed_126,SR-MMP,290,67,0.25840750336647034,10
seed_126,SR-MMP,117,68,0.25380513072013855,7
seed_126,SR-MMP,40,69,0.2527032792568207,6
seed_126,SR-MMP,195,70,0.2430892288684845,11
seed_126,SR-MMP,126,71,0.24053023755550385,10
seed_126,SR-MMP,270,72,0.23362235724925995,4
seed_126,SR-MMP,93,73,0.22840328514575958,16
seed_126,SR-MMP,39,74,0.22727333009243011,9
seed_126,SR-MMP,64,75,0.2264169454574585,7
seed_126,SR-MMP,91,76,0.2261585295200348,6
seed_126,SR-MMP,92,77,0.22488780319690704,21
seed_126,SR-MMP,209,78,0.22277121245861053,7
seed_126,SR-MMP,36,79,0.2219715565443039,7
seed_126,SR-MMP,148,80,0.21759140491485596,14
seed_126,SR-MMP,108,81,0.21742217242717743,14
seed_126,SR-MMP,257,82,0.20493118464946747,8
seed_126,SR-MMP,193,83,0.1999208927154541,9
seed_126,SR-MMP,218,84,0.19520002603530884,3
seed_126,SR-MMP,138,85,0.1925996094942093,3
seed_126,SR-MMP,113,86,0.19231364130973816,13
seed_126,SR-MMP,166,87,0.1912703961133957,6
seed_126,SR-MMP,51,88,0.18927878141403198,10
seed_126,SR-MMP,21,89,0.18456019461154938,13
seed_126,SR-MMP,45,90,0.17446015775203705,8
seed_126,SR-MMP,180,91,0.17367930710315704,5
seed_126,SR-MMP,75,92,0.1697903275489807,13
seed_126,SR-MMP,37,93,0.16896982491016388,7
seed_126,SR-MMP,32,94,0.1679438352584839,8
seed_126,SR-MMP,3,95,0.1666020005941391,6
seed_126,SR-MMP,130,96,0.16451570391654968,4
seed_126,SR-MMP,112,97,0.1639418751001358,10
seed_126,SR-MMP,145,98,0.16176219284534454,17
seed_126,SR-MMP,88,99,0.15920159220695496,4
seed_126,SR-MMP,28,100,0.15743114054203033,7
seed_126,SR-MMP,81,101,0.15512892603874207,19
seed_126,SR-MMP,225,102,0.15464457869529724,6
seed_126,SR-MMP,142,103,0.15313807129859924,3
seed_126,SR-MMP,154,104,0.15145036578178406,5
seed_126,SR-MMP,42,105,0.1490115374326706,5
seed_126,SR-MMP,1,106,0.14781971275806427,6
seed_126,SR-MMP,83,107,0.1471853256225586,9
seed_126,SR-MMP,237,108,0.14611881971359253,2
seed_126,SR-MMP,268,109,0.1433459222316742,4
seed_126,SR-MMP,167,110,0.14234697818756104,6
seed_126,SR-MMP,104,111,0.1325397789478302,4
seed_126,SR-MMP,4,112,0.12894810736179352,9
seed_126,SR-MMP,109,113,0.1283256560564041,7
seed_126,SR-MMP,122,114,0.12411467730998993,6
seed_126,SR-MMP,200,115,0.12247234582901001,8
seed_126,SR-MMP,35,116,0.12079662084579468,4
seed_126,SR-MMP,111,117,0.12012626975774765,5
seed_126,SR-MMP,250,118,0.11852579563856125,4
seed_126,SR-MMP,173,119,0.11711843311786652,4
seed_126,SR-MMP,50,120,0.11651609092950821,3
seed_126,SR-MMP,55,121,0.11623023450374603,6
seed_126,SR-MMP,14,122,0.11148897558450699,5
seed_126,SR-MMP,233,123,0.11114981025457382,6
seed_126,SR-MMP,239,124,0.11077531427145004,3
seed_126,SR-MMP,204,125,0.10817952454090118,7
seed_126,SR-MMP,115,126,0.10765136033296585,4
seed_126,SR-MMP,299,127,0.1044372096657753,7
seed_126,SR-MMP,196,128,0.10441586375236511,4
seed_126,SR-MMP,212,129,0.09906791150569916,7
seed_126,SR-MMP,172,130,0.09878965467214584,4
seed_126,SR-MMP,106,131,0.09690367430448532,4
seed_126,SR-MMP,176,132,0.09502676129341125,5
seed_126,SR-MMP,120,133,0.09447778761386871,5
seed_126,SR-MMP,182,134,0.09222796559333801,2
seed_126,SR-MMP,269,135,0.0914798304438591,4
seed_126,SR-MMP,153,136,0.09048396348953247,2
seed_126,SR-MMP,213,137,0.0899815708398819,4
seed_126,SR-MMP,220,138,0.0892496183514595,2
seed_126,SR-MMP,48,139,0.08874265849590302,7
seed_126,SR-MMP,183,140,0.08782713860273361,7
seed_126,SR-MMP,202,141,0.08708955347537994,3
seed_126,SR-MMP,198,142,0.08683882653713226,3
seed_126,SR-MMP,291,143,0.08636851608753204,2
seed_126,SR-MMP,165,144,0.08496694266796112,4
seed_126,SR-MMP,19,145,0.08480539917945862,4
seed_126,SR-MMP,162,146,0.08254837244749069,3
seed_126,SR-MMP,205,147,0.07988257706165314,3
seed_126,SR-MMP,44,148,0.07923811674118042,3
seed_126,SR-MMP,149,149,0.07864729315042496,2
seed_126,SR-MMP,254,150,0.07660578936338425,2
seed_126,SR-MMP,274,151,0.07597143203020096,2
seed_126,SR-MMP,248,152,0.07577952742576599,2
seed_126,SR-MMP,298,153,0.07548701018095016,4
seed_126,SR-MMP,251,154,0.07147267460823059,3
seed_126,SR-MMP,8,155,0.07125939428806305,6
seed_126,SR-MMP,87,156,0.07092296332120895,4
seed_126,SR-MMP,229,157,0.07065587490797043,7
seed_126,SR-MMP,158,158,0.07052449882030487,3
seed_126,SR-MMP,295,159,0.06861574947834015,2
seed_126,SR-MMP,201,160,0.06794716417789459,4
seed_126,SR-MMP,146,161,0.06376414746046066,5
seed_126,SR-MMP,210,162,0.06374162435531616,6
seed_126,SR-MMP,27,163,0.06317383795976639,8
seed_126,SR-MMP,280,164,0.06280698627233505,3
seed_126,SR-MMP,17,165,0.06251457333564758,5
seed_126,SR-MMP,255,166,0.06216965243220329,2
seed_126,SR-MMP,163,167,0.06212461739778519,3
seed_126,SR-MMP,243,168,0.06090531870722771,2
seed_126,SR-MMP,152,169,0.060843661427497864,3
seed_126,SR-MMP,103,170,0.05860891565680504,3
seed_126,SR-MMP,292,171,0.05714713782072067,3
seed_126,SR-MMP,208,172,0.05607451871037483,3
seed_126,SR-MMP,77,173,0.05562794953584671,5
seed_126,SR-MMP,134,174,0.05552919581532478,3
seed_126,SR-MMP,197,175,0.05163625255227089,3
seed_126,SR-MMP,169,176,0.05100491642951965,8
seed_126,SR-MMP,293,177,0.050796762108802795,3
seed_126,SR-MMP,181,178,0.0506734624505043,4
seed_126,SR-MMP,260,179,0.05066736787557602,5
seed_126,SR-MMP,276,180,0.0503537692129612,8
seed_126,SR-MMP,85,181,0.0501798652112484,3
seed_126,SR-MMP,61,182,0.04978092387318611,6
seed_126,SR-MMP,30,183,0.04890897125005722,5
seed_126,SR-MMP,69,184,0.04852410778403282,8
seed_126,SR-MMP,215,185,0.0476800911128521,4
seed_126,SR-MMP,5,186,0.047542691230773926,4
seed_126,SR-MMP,20,187,0.04729801043868065,4
seed_126,SR-MMP,127,188,0.04640805348753929,4
seed_126,SR-MMP,34,189,0.046316929161548615,5
seed_126,SR-MMP,16,190,0.04621582850813866,4
seed_126,SR-MMP,78,191,0.0458487831056118,5
seed_126,SR-MMP,264,192,0.045011281967163086,3
seed_126,SR-MMP,192,193,0.04419777914881706,3
seed_126,SR-MMP,102,194,0.04278013855218887,6
seed_126,SR-MMP,234,195,0.04246094450354576,2
seed_126,SR-MMP,227,196,0.04240771010518074,3
seed_126,SR-MMP,82,197,0.0419730469584465,4
seed_126,SR-MMP,214,198,0.04135650768876076,2
seed_126,SR-MMP,89,199,0.04070040211081505,3
seed_126,SR-MMP,101,200,0.039686623960733414,3
seed_126,SR-MMP,65,201,0.03777657821774483,3
seed_126,SR-MMP,144,202,0.03773878887295723,7
seed_126,SR-MMP,53,203,0.03754488006234169,6
seed_126,SR-MMP,177,204,0.03661712631583214,4
seed_126,SR-MMP,90,205,0.03507496416568756,6
seed_126,SR-MMP,226,206,0.03492465615272522,2
seed_126,SR-MMP,187,207,0.03486710414290428,3
seed_126,SR-MMP,171,208,0.03438364714384079,2
seed_126,SR-MMP,179,209,0.03417287394404411,3
seed_126,SR-MMP,100,210,0.033477578312158585,3
seed_126,SR-MMP,284,211,0.03296218067407608,2
seed_126,SR-MMP,38,212,0.032796867191791534,4
seed_126,SR-MMP,235,213,0.03240051493048668,5
seed_126,SR-MMP,94,214,0.03225001320242882,2
seed_126,SR-MMP,246,215,0.032127495855093,3
seed_126,SR-MMP,188,216,0.03139098733663559,2
seed_126,SR-MMP,13,217,0.031268008053302765,6
seed_126,SR-MMP,191,218,0.030529750511050224,2
seed_126,SR-MMP,18,219,0.029028907418251038,4
seed_126,SR-MMP,185,220,0.02886064723134041,3
seed_126,SR-MMP,47,221,0.028558755293488503,4
seed_126,SR-MMP,286,222,0.02788335084915161,2
seed_126,SR-MMP,155,223,0.027853600680828094,3
seed_126,SR-MMP,232,224,0.027746547013521194,2
seed_126,SR-MMP,133,225,0.027700094506144524,6
seed_126,SR-MMP,95,226,0.027524560689926147,4
seed_126,SR-MMP,241,227,0.027236254885792732,3
seed_126,SR-MMP,230,228,0.025489311665296555,3
seed_126,SR-MMP,262,229,0.025424815714359283,3
seed_126,SR-MMP,9,230,0.02527347020804882,3
seed_126,SR-MMP,273,231,0.024813532829284668,2
seed_126,SR-MMP,96,232,0.02453666925430298,5
seed_126,SR-MMP,124,233,0.024532463401556015,4
seed_126,SR-MMP,132,234,0.024033937603235245,2
seed_126,SR-MMP,54,235,0.023850396275520325,5
seed_126,SR-MMP,118,236,0.02377224899828434,4
seed_126,SR-MMP,97,237,0.02368648163974285,2
seed_126,SR-MMP,289,238,0.023565463721752167,2
seed_126,SR-MMP,206,239,0.02298981323838234,4
seed_126,SR-MMP,247,240,0.02286606654524803,4
seed_126,SR-MMP,116,241,0.021061765030026436,3
seed_126,SR-MMP,98,242,0.02103252336382866,2
seed_126,SR-MMP,236,243,0.020547054708003998,3
seed_126,SR-MMP,207,244,0.020151063799858093,2
seed_126,SR-MMP,288,245,0.019135797396302223,2
seed_126,SR-MMP,271,246,0.01786196045577526,3
seed_126,SR-MMP,121,247,0.01590680703520775,7
seed_126,SR-MMP,203,248,0.015198582783341408,4
seed_126,SR-MMP,164,249,0.015008252114057541,2
seed_126,SR-MMP,186,250,0.01460797805339098,3
seed_126,SR-MMP,159,251,0.014318582601845264,2
seed_126,SR-MMP,76,252,0.014036246575415134,2
seed_126,SR-MMP,119,253,0.013960335403680801,2
seed_126,SR-MMP,131,254,0.013639246113598347,2
seed_126,SR-MMP,258,255,0.013454391621053219,3
seed_126,SR-MMP,224,256,0.01292771752923727,2
seed_126,SR-MMP,150,257,0.012894045561552048,3
seed_126,SR-MMP,228,258,0.012302106246352196,4
seed_126,SR-MMP,26,259,0.011966035701334476,4
seed_126,SR-MMP,238,260,0.011717506684362888,1
seed_126,SR-MMP,68,261,0.01131901703774929,2
seed_126,SR-MMP,282,262,0.011170821264386177,3
seed_126,SR-MMP,267,263,0.011132470332086086,2
seed_126,SR-MMP,194,264,0.011086075566709042,3
seed_126,SR-MMP,256,265,0.01103852316737175,2
seed_126,SR-MMP,174,266,0.010736390948295593,2
seed_126,SR-MMP,259,267,0.00863661803305149,2
seed_126,SR-MMP,275,268,0.008132564835250378,2
seed_126,SR-MMP,249,269,0.00788529496639967,3
seed_126,SR-MMP,265,270,0.0071795922704041,1
seed_126,SR-MMP,41,271,0.007044705096632242,2
seed_126,SR-MMP,253,272,0.006501386407762766,1
seed_126,SR-MMP,223,273,0.0059921336360275745,2
seed_126,SR-MMP,178,274,0.005876375827938318,2
seed_126,SR-MMP,279,275,0.0058239600621163845,2
seed_126,SR-MMP,156,276,0.005569596774876118,2
seed_126,SR-MMP,11,277,0.005309714004397392,2
seed_126,SR-MMP,216,278,0.0050171492621302605,2
seed_126,SR-MMP,285,279,0.004853963851928711,1
seed_126,SR-MMP,240,280,0.004602612461894751,1
seed_126,SR-MMP,161,281,0.004169032443314791,2
seed_126,SR-MMP,281,282,0.0038971842732280493,1
seed_126,SR-MMP,105,283,0.0032825202215462923,3
seed_126,SR-MMP,261,284,0.0032105802092701197,3
seed_126,SR-MMP,141,285,0.0024487329646945,2
seed_126,SR-MMP,151,286,0.0022051273845136166,2
seed_126,SR-MMP,294,287,0.001686658477410674,2
seed_126,SR-MMP,278,288,0.0014926810981705785,2
seed_126,SR-MMP,60,289,0.0014756638556718826,3
seed_126,SR-MMP,297,290,0.0013543544337153435,1
seed_126,SR-MMP,125,291,0.000812398036941886,3
seed_126,SR-MMP,157,292,0.0006234340253286064,2
seed_126,SR-MMP,137,293,0.0003726965223904699,2
seed_126,SR-MMP,283,294,0.0002441623655613512,2
seed_126,SR-MMP,244,295,0.0,1
seed_126,SR-MMP,199,296,0.0,2
seed_126,SR-MMP,272,297,0.0,1
seed_126,SR-MMP,266,298,0.0,1
seed_126,SR-MMP,277,299,0.0,1
seed_126,NR-AhR,72,0,9.836191177368164,15
seed_126,NR-AhR,70,1,5.726442337036133,27
seed_126,NR-AhR,168,2,2.834528923034668,79
seed_126,NR-AhR,139,3,2.488110065460205,12
seed_126,NR-AhR,62,4,1.8269249200820923,24
seed_126,NR-AhR,128,5,1.611581563949585,42
seed_126,NR-AhR,63,6,1.570222020149231,51
seed_126,NR-AhR,73,7,1.272333025932312,16
seed_126,NR-AhR,6,8,1.1414635181427002,18
seed_126,NR-AhR,10,9,1.1171969175338745,17
seed_126,NR-AhR,74,10,1.0922197103500366,19
seed_126,NR-AhR,287,11,1.0851608514785767,8
seed_126,NR-AhR,58,12,1.0498617887496948,10
seed_126,NR-AhR,52,13,1.0398820638656616,16
seed_126,NR-AhR,7,14,1.036454200744629,33
seed_126,NR-AhR,110,15,0.9913216829299927,20
seed_126,NR-AhR,29,16,0.9729222059249878,39
seed_126,NR-AhR,57,17,0.9294735193252563,9
seed_126,NR-AhR,24,18,0.9241754412651062,21
seed_126,NR-AhR,0,19,0.8642407059669495,20
seed_126,NR-AhR,296,20,0.76859450340271,10
seed_126,NR-AhR,190,21,0.7463802099227905,13
seed_126,NR-AhR,184,22,0.7169191241264343,7
seed_126,NR-AhR,84,23,0.6881246566772461,15
seed_126,NR-AhR,25,24,0.6583086252212524,8
seed_126,NR-AhR,2,25,0.6423890590667725,14
seed_126,NR-AhR,219,26,0.5960850715637207,16
seed_126,NR-AhR,67,27,0.5936050415039062,16
seed_126,NR-AhR,15,28,0.5871335864067078,26
seed_126,NR-AhR,245,29,0.5775591135025024,15
seed_126,NR-AhR,189,30,0.5590285658836365,9
seed_126,NR-AhR,175,31,0.5125126242637634,9
seed_126,NR-AhR,145,32,0.5081887245178223,17
seed_126,NR-AhR,43,33,0.49470773339271545,9
seed_126,NR-AhR,23,34,0.49122124910354614,30
seed_126,NR-AhR,56,35,0.4785119891166687,17
seed_126,NR-AhR,136,36,0.4769068658351898,18
seed_126,NR-AhR,209,37,0.4487279951572418,7
seed_126,NR-AhR,22,38,0.4476112425327301,13
seed_126,NR-AhR,71,39,0.4425092041492462,11
seed_126,NR-AhR,112,40,0.44206780195236206,10
seed_126,NR-AhR,79,41,0.4335375130176544,9
seed_126,NR-AhR,114,42,0.41750025749206543,7
seed_126,NR-AhR,12,43,0.4065096378326416,6
seed_126,NR-AhR,140,44,0.4040255844593048,19
seed_126,NR-AhR,36,45,0.4036804139614105,7
seed_126,NR-AhR,92,46,0.4009210765361786,21
seed_126,NR-AhR,135,47,0.37151002883911133,9
seed_126,NR-AhR,180,48,0.36879774928092957,5
seed_126,NR-AhR,93,49,0.3677264451980591,16
seed_126,NR-AhR,147,50,0.36715951561927795,16
seed_126,NR-AhR,160,51,0.3656441867351532,11
seed_126,NR-AhR,204,52,0.3583314120769501,7
seed_126,NR-AhR,46,53,0.3563168942928314,13
seed_126,NR-AhR,21,54,0.35377007722854614,13
seed_126,NR-AhR,59,55,0.34828853607177734,8
seed_126,NR-AhR,33,56,0.3434659540653229,17
seed_126,NR-AhR,107,57,0.3373146653175354,6
seed_126,NR-AhR,123,58,0.32896503806114197,11
seed_126,NR-AhR,40,59,0.3223355710506439,6
seed_126,NR-AhR,111,60,0.3204963207244873,5
seed_126,NR-AhR,49,61,0.3062722086906433,17
seed_126,NR-AhR,66,62,0.28705984354019165,13
seed_126,NR-AhR,31,63,0.2856234312057495,20
seed_126,NR-AhR,231,64,0.2839416265487671,8
seed_126,NR-AhR,193,65,0.28173696994781494,9
seed_126,NR-AhR,222,66,0.27731814980506897,4
seed_126,NR-AhR,129,67,0.2692829370498657,9
seed_126,NR-AhR,263,68,0.26886194944381714,6
seed_126,NR-AhR,80,69,0.26263630390167236,8
seed_126,NR-AhR,290,70,0.2616317570209503,10
seed_126,NR-AhR,126,71,0.24486500024795532,10
seed_126,NR-AhR,242,72,0.24092663824558258,6
seed_126,NR-AhR,257,73,0.23259945213794708,8
seed_126,NR-AhR,148,74,0.22714398801326752,14
seed_126,NR-AhR,81,75,0.22687451541423798,19
seed_126,NR-AhR,99,76,0.22383874654769897,7
seed_126,NR-AhR,83,77,0.21771711111068726,9
seed_126,NR-AhR,221,78,0.21459271013736725,6
seed_126,NR-AhR,170,79,0.21238645911216736,6
seed_126,NR-AhR,109,80,0.21010532975196838,7
seed_126,NR-AhR,166,81,0.20998328924179077,6
seed_126,NR-AhR,45,82,0.20797015726566315,8
seed_126,NR-AhR,211,83,0.2044934332370758,13
seed_126,NR-AhR,39,84,0.20248569548130035,9
seed_126,NR-AhR,42,85,0.20147055387496948,5
seed_126,NR-AhR,154,86,0.19063733518123627,5
seed_126,NR-AhR,55,87,0.18748776614665985,6
seed_126,NR-AhR,176,88,0.17896555364131927,5
seed_126,NR-AhR,172,89,0.17646172642707825,4
seed_126,NR-AhR,217,90,0.1732182651758194,4
seed_126,NR-AhR,212,91,0.16844847798347473,7
seed_126,NR-AhR,35,92,0.16832700371742249,4
seed_126,NR-AhR,117,93,0.16619330644607544,7
seed_126,NR-AhR,20,94,0.16381828486919403,4
seed_126,NR-AhR,225,95,0.158859521150589,6
seed_126,NR-AhR,78,96,0.15811365842819214,5
seed_126,NR-AhR,201,97,0.15589267015457153,4
seed_126,NR-AhR,108,98,0.15507619082927704,14
seed_126,NR-AhR,86,99,0.15270239114761353,9
seed_126,NR-AhR,104,100,0.1484426110982895,4
seed_126,NR-AhR,88,101,0.13855651021003723,4
seed_126,NR-AhR,229,102,0.13774870336055756,7
seed_126,NR-AhR,270,103,0.13537698984146118,4
seed_126,NR-AhR,32,104,0.12812401354312897,8
seed_126,NR-AhR,195,105,0.12744343280792236,11
seed_126,NR-AhR,91,106,0.12227759510278702,6
seed_126,NR-AhR,252,107,0.11900592595338821,4
seed_126,NR-AhR,162,108,0.11818333715200424,3
seed_126,NR-AhR,269,109,0.11740793287754059,4
seed_126,NR-AhR,75,110,0.11660008132457733,13
seed_126,NR-AhR,1,111,0.1161477193236351,6
seed_126,NR-AhR,248,112,0.11281415075063705,2
seed_126,NR-AhR,4,113,0.11245442181825638,9
seed_126,NR-AhR,142,114,0.11132655292749405,3
seed_126,NR-AhR,115,115,0.11103682219982147,4
seed_126,NR-AhR,51,116,0.11082986742258072,10
seed_126,NR-AhR,127,117,0.10778933763504028,4
seed_126,NR-AhR,50,118,0.1070920005440712,3
seed_126,NR-AhR,28,119,0.10700391978025436,7
seed_126,NR-AhR,113,120,0.10627839714288712,13
seed_126,NR-AhR,181,121,0.10546891391277313,4
seed_126,NR-AhR,120,122,0.10518807917833328,5
seed_126,NR-AhR,82,123,0.10516832023859024,4
seed_126,NR-AhR,64,124,0.10498670488595963,7
seed_126,NR-AhR,276,125,0.10298716276884079,8
seed_126,NR-AhR,213,126,0.10282693803310394,4
seed_126,NR-AhR,165,127,0.10264785587787628,4
seed_126,NR-AhR,299,128,0.10097098350524902,7
seed_126,NR-AhR,233,129,0.10080579668283463,6
seed_126,NR-AhR,122,130,0.10040274262428284,6
seed_126,NR-AhR,44,131,0.098671555519104,3
seed_126,NR-AhR,239,132,0.0968274399638176,3
seed_126,NR-AhR,38,133,0.09600204974412918,4
seed_126,NR-AhR,200,134,0.09434269368648529,8
seed_126,NR-AhR,288,135,0.09418473392724991,2
seed_126,NR-AhR,13,136,0.09384331852197647,6
seed_126,NR-AhR,218,137,0.09378495812416077,3
seed_126,NR-AhR,37,138,0.09327366203069687,7
seed_126,NR-AhR,254,139,0.09059760719537735,2
seed_126,NR-AhR,106,140,0.08959150314331055,4
seed_126,NR-AhR,138,141,0.08487678319215775,3
seed_126,NR-AhR,167,142,0.08447291702032089,6
seed_126,NR-AhR,295,143,0.08410864323377609,2
seed_126,NR-AhR,8,144,0.08401641994714737,6
seed_126,NR-AhR,232,145,0.08381625264883041,2
seed_126,NR-AhR,235,146,0.08347385376691818,5
seed_126,NR-AhR,274,147,0.08031202852725983,2
seed_126,NR-AhR,268,148,0.07976947724819183,4
seed_126,NR-AhR,14,149,0.07907500863075256,5
seed_126,NR-AhR,246,150,0.07636940479278564,3
seed_126,NR-AhR,260,151,0.0760965421795845,5
seed_126,NR-AhR,17,152,0.07588248699903488,5
seed_126,NR-AhR,27,153,0.07562462985515594,8
seed_126,NR-AhR,61,154,0.07543785125017166,6
seed_126,NR-AhR,54,155,0.07491057366132736,5
seed_126,NR-AhR,34,156,0.07257049530744553,5
seed_126,NR-AhR,215,157,0.07189634442329407,4
seed_126,NR-AhR,87,158,0.07029306143522263,4
seed_126,NR-AhR,77,159,0.0685826912522316,5
seed_126,NR-AhR,143,160,0.06813722848892212,5
seed_126,NR-AhR,65,161,0.06772410869598389,3
seed_126,NR-AhR,250,162,0.06614293903112411,4
seed_126,NR-AhR,298,163,0.0643596276640892,4
seed_126,NR-AhR,47,164,0.06323113292455673,4
seed_126,NR-AhR,293,165,0.06261557340621948,3
seed_126,NR-AhR,264,166,0.062231890857219696,3
seed_126,NR-AhR,280,167,0.06200360879302025,3
seed_126,NR-AhR,171,168,0.06063588708639145,2
seed_126,NR-AhR,185,169,0.05931112542748451,3
seed_126,NR-AhR,96,170,0.057611849159002304,5
seed_126,NR-AhR,69,171,0.05747496709227562,8
seed_126,NR-AhR,291,172,0.056317348033189774,2
seed_126,NR-AhR,97,173,0.05595376715064049,2
seed_126,NR-AhR,158,174,0.05501987412571907,3
seed_126,NR-AhR,206,175,0.05499403923749924,4
seed_126,NR-AhR,48,176,0.052551303058862686,7
seed_126,NR-AhR,3,177,0.052366070449352264,6
seed_126,NR-AhR,133,178,0.05215078964829445,6
seed_126,NR-AhR,236,179,0.05169294774532318,3
seed_126,NR-AhR,208,180,0.05163659527897835,3
seed_126,NR-AhR,16,181,0.05151543766260147,4
seed_126,NR-AhR,182,182,0.05095040425658226,2
seed_126,NR-AhR,161,183,0.049706798046827316,2
seed_126,NR-AhR,169,184,0.04968707263469696,8
seed_126,NR-AhR,19,185,0.04914185404777527,4
seed_126,NR-AhR,144,186,0.04867149516940117,7
seed_126,NR-AhR,198,187,0.048151206225156784,3
seed_126,NR-AhR,100,188,0.04708071053028107,3
seed_126,NR-AhR,271,189,0.047059472650289536,3
seed_126,NR-AhR,192,190,0.046608299016952515,3
seed_126,NR-AhR,187,191,0.046580035239458084,3
seed_126,NR-AhR,188,192,0.046447038650512695,2
seed_126,NR-AhR,258,193,0.0458500050008297,3
seed_126,NR-AhR,124,194,0.044944360852241516,4
seed_126,NR-AhR,53,195,0.04445510730147362,6
seed_126,NR-AhR,94,196,0.04434144124388695,2
seed_126,NR-AhR,183,197,0.04396277666091919,7
seed_126,NR-AhR,103,198,0.04259529709815979,3
seed_126,NR-AhR,102,199,0.04172591492533684,6
seed_126,NR-AhR,228,200,0.041229892522096634,4
seed_126,NR-AhR,155,201,0.0402521938085556,3
seed_126,NR-AhR,205,202,0.039667729288339615,3
seed_126,NR-AhR,132,203,0.039361804723739624,2
seed_126,NR-AhR,237,204,0.03870845586061478,2
seed_126,NR-AhR,121,205,0.03745866194367409,7
seed_126,NR-AhR,68,206,0.036045823246240616,2
seed_126,NR-AhR,243,207,0.03507087752223015,2
seed_126,NR-AhR,247,208,0.03273448348045349,4
seed_126,NR-AhR,173,209,0.03239705041050911,4
seed_126,NR-AhR,262,210,0.03208518773317337,3
seed_126,NR-AhR,292,211,0.03206391632556915,3
seed_126,NR-AhR,251,212,0.032012443989515305,3
seed_126,NR-AhR,130,213,0.031026441603899002,4
seed_126,NR-AhR,134,214,0.03094063140451908,3
seed_126,NR-AhR,146,215,0.03094039298593998,5
seed_126,NR-AhR,202,216,0.030427204445004463,3
seed_126,NR-AhR,286,217,0.02927176095545292,2
seed_126,NR-AhR,241,218,0.02853980101644993,3
seed_126,NR-AhR,89,219,0.028462819755077362,3
seed_126,NR-AhR,118,220,0.028220226988196373,4
seed_126,NR-AhR,179,221,0.027920497581362724,3
seed_126,NR-AhR,174,222,0.02760997973382473,2
seed_126,NR-AhR,186,223,0.027344366535544395,3
seed_126,NR-AhR,95,224,0.02683902345597744,4
seed_126,NR-AhR,30,225,0.026707256212830544,5
seed_126,NR-AhR,152,226,0.026265956461429596,3
seed_126,NR-AhR,85,227,0.026257595047354698,3
seed_126,NR-AhR,253,228,0.025269359350204468,1
seed_126,NR-AhR,207,229,0.02516069822013378,2
seed_126,NR-AhR,18,230,0.024585887789726257,4
seed_126,NR-AhR,9,231,0.024446120485663414,3
seed_126,NR-AhR,267,232,0.023900235071778297,2
seed_126,NR-AhR,273,233,0.02292267419397831,2
seed_126,NR-AhR,105,234,0.02277117408812046,3
seed_126,NR-AhR,197,235,0.022589072585105896,3
seed_126,NR-AhR,227,236,0.022555937990546227,3
seed_126,NR-AhR,90,237,0.02236146107316017,6
seed_126,NR-AhR,214,238,0.02234540320932865,2
seed_126,NR-AhR,255,239,0.022234313189983368,2
seed_126,NR-AhR,60,240,0.022021565586328506,3
seed_126,NR-AhR,196,241,0.021805137395858765,4
seed_126,NR-AhR,203,242,0.021560098975896835,4
seed_126,NR-AhR,279,243,0.02119695208966732,2
seed_126,NR-AhR,284,244,0.02114780992269516,2
seed_126,NR-AhR,101,245,0.02045239880681038,3
seed_126,NR-AhR,224,246,0.020031167194247246,2
seed_126,NR-AhR,153,247,0.019790397956967354,2
seed_126,NR-AhR,210,248,0.01946668140590191,6
seed_126,NR-AhR,230,249,0.018324069678783417,3
seed_126,NR-AhR,11,250,0.018006138503551483,2
seed_126,NR-AhR,238,251,0.01705075241625309,1
seed_126,NR-AhR,177,252,0.01683502271771431,4
seed_126,NR-AhR,141,253,0.016327327117323875,2
seed_126,NR-AhR,289,254,0.016260778531432152,2
seed_126,NR-AhR,234,255,0.01584438420832157,2
seed_126,NR-AhR,150,256,0.01541499700397253,3
seed_126,NR-AhR,220,257,0.015113196335732937,2
seed_126,NR-AhR,261,258,0.015050988644361496,3
seed_126,NR-AhR,191,259,0.013946669176220894,2
seed_126,NR-AhR,149,260,0.013421865180134773,2
seed_126,NR-AhR,116,261,0.012891330756247044,3
seed_126,NR-AhR,5,262,0.012563176453113556,4
seed_126,NR-AhR,275,263,0.011706012301146984,2
seed_126,NR-AhR,194,264,0.01162655372172594,3
seed_126,NR-AhR,163,265,0.011320452205836773,3
seed_126,NR-AhR,285,266,0.010896585881710052,1
seed_126,NR-AhR,41,267,0.010121749714016914,2
seed_126,NR-AhR,156,268,0.009259230457246304,2
seed_126,NR-AhR,283,269,0.009139660745859146,2
seed_126,NR-AhR,26,270,0.00908795464783907,4
seed_126,NR-AhR,282,271,0.008759296499192715,3
seed_126,NR-AhR,131,272,0.008518754504621029,2
seed_126,NR-AhR,281,273,0.0076548634096980095,1
seed_126,NR-AhR,297,274,0.007540157996118069,1
seed_126,NR-AhR,164,275,0.007249531801789999,2
seed_126,NR-AhR,76,276,0.007174857892096043,2
seed_126,NR-AhR,151,277,0.006192234810441732,2
seed_126,NR-AhR,98,278,0.004798295442014933,2
seed_126,NR-AhR,256,279,0.004624588415026665,2
seed_126,NR-AhR,216,280,0.004209672100841999,2
seed_126,NR-AhR,259,281,0.004085254855453968,2
seed_126,NR-AhR,157,282,0.00400396715849638,2
seed_126,NR-AhR,278,283,0.0039842138066887856,2
seed_126,NR-AhR,125,284,0.0037502225022763014,3
seed_126,NR-AhR,265,285,0.003613131120800972,1
seed_126,NR-AhR,159,286,0.003061015158891678,2
seed_126,NR-AhR,249,287,0.0030221689958125353,3
seed_126,NR-AhR,178,288,0.0029071529861539602,2
seed_126,NR-AhR,226,289,0.0024048835039138794,2
seed_126,NR-AhR,240,290,0.0021834555082023144,1
seed_126,NR-AhR,294,291,0.001629817415960133,2
seed_126,NR-AhR,223,292,0.0016292493091896176,2
seed_126,NR-AhR,137,293,0.001449108705855906,2
seed_126,NR-AhR,119,294,0.0013118489878252149,2
seed_126,NR-AhR,244,295,0.0,1
seed_126,NR-AhR,277,296,0.0,1
seed_126,NR-AhR,272,297,0.0,1
seed_126,NR-AhR,266,298,0.0,1
seed_126,NR-AhR,199,299,0.0,2
seed_126,NR-ER-LBD,70,0,4.513004302978516,27
seed_126,NR-ER-LBD,168,1,2.756859540939331,79
seed_126,NR-ER-LBD,72,2,2.5234930515289307,15
seed_126,NR-ER-LBD,7,3,1.63405442237854,33
seed_126,NR-ER-LBD,139,4,1.4915838241577148,12
seed_126,NR-ER-LBD,128,5,1.4199676513671875,42
seed_126,NR-ER-LBD,74,6,1.3243775367736816,19
seed_126,NR-ER-LBD,63,7,0.945411741733551,51
seed_126,NR-ER-LBD,0,8,0.9375537633895874,20
seed_126,NR-ER-LBD,62,9,0.9344356060028076,24
seed_126,NR-ER-LBD,52,10,0.8888659477233887,16
seed_126,NR-ER-LBD,24,11,0.8736391663551331,21
seed_126,NR-ER-LBD,10,12,0.854162871837616,17
seed_126,NR-ER-LBD,6,13,0.7475327849388123,18
seed_126,NR-ER-LBD,110,14,0.7232952117919922,20
seed_126,NR-ER-LBD,57,15,0.6966100931167603,9
seed_126,NR-ER-LBD,58,16,0.6439675092697144,10
seed_126,NR-ER-LBD,29,17,0.6025956273078918,39
seed_126,NR-ER-LBD,73,18,0.5277442932128906,16
seed_126,NR-ER-LBD,46,19,0.5108204483985901,13
seed_126,NR-ER-LBD,84,20,0.4773727059364319,15
seed_126,NR-ER-LBD,287,21,0.4647315442562103,8
seed_126,NR-ER-LBD,2,22,0.4387432336807251,14
seed_126,NR-ER-LBD,189,23,0.4048534631729126,9
seed_126,NR-ER-LBD,23,24,0.3996449112892151,30
seed_126,NR-ER-LBD,71,25,0.34775570034980774,11
seed_126,NR-ER-LBD,136,26,0.34525826573371887,18
seed_126,NR-ER-LBD,211,27,0.3167320191860199,13
seed_126,NR-ER-LBD,15,28,0.3141275942325592,26
seed_126,NR-ER-LBD,263,29,0.31094375252723694,6
seed_126,NR-ER-LBD,33,30,0.30765119194984436,17
seed_126,NR-ER-LBD,145,31,0.30480244755744934,17
seed_126,NR-ER-LBD,107,32,0.28610533475875854,6
seed_126,NR-ER-LBD,184,33,0.28219515085220337,7
seed_126,NR-ER-LBD,22,34,0.27309274673461914,13
seed_126,NR-ER-LBD,114,35,0.2722013294696808,7
seed_126,NR-ER-LBD,175,36,0.2707158029079437,9
seed_126,NR-ER-LBD,190,37,0.27029380202293396,13
seed_126,NR-ER-LBD,296,38,0.26885923743247986,10
seed_126,NR-ER-LBD,66,39,0.2561587989330292,13
seed_126,NR-ER-LBD,245,40,0.24832168221473694,15
seed_126,NR-ER-LBD,49,41,0.2482331246137619,17
seed_126,NR-ER-LBD,170,42,0.2467006891965866,6
seed_126,NR-ER-LBD,252,43,0.24576827883720398,4
seed_126,NR-ER-LBD,31,44,0.23576563596725464,20
seed_126,NR-ER-LBD,231,45,0.22619782388210297,8
seed_126,NR-ER-LBD,290,46,0.22262179851531982,10
seed_126,NR-ER-LBD,56,47,0.21678516268730164,17
seed_126,NR-ER-LBD,59,48,0.21659812331199646,8
seed_126,NR-ER-LBD,93,49,0.20033472776412964,16
seed_126,NR-ER-LBD,250,50,0.19797101616859436,4
seed_126,NR-ER-LBD,92,51,0.1969691663980484,21
seed_126,NR-ER-LBD,172,52,0.19642111659049988,4
seed_126,NR-ER-LBD,209,53,0.19625073671340942,7
seed_126,NR-ER-LBD,219,54,0.1947505623102188,16
seed_126,NR-ER-LBD,12,55,0.18672966957092285,6
seed_126,NR-ER-LBD,39,56,0.18413862586021423,9
seed_126,NR-ER-LBD,25,57,0.18340568244457245,8
seed_126,NR-ER-LBD,140,58,0.18318352103233337,19
seed_126,NR-ER-LBD,147,59,0.18190914392471313,16
seed_126,NR-ER-LBD,160,60,0.18096177279949188,11
seed_126,NR-ER-LBD,86,61,0.17890658974647522,9
seed_126,NR-ER-LBD,81,62,0.16999080777168274,19
seed_126,NR-ER-LBD,67,63,0.16856947541236877,16
seed_126,NR-ER-LBD,123,64,0.1684771627187729,11
seed_126,NR-ER-LBD,79,65,0.16584239900112152,9
seed_126,NR-ER-LBD,80,66,0.16054119169712067,8
seed_126,NR-ER-LBD,242,67,0.15281935036182404,6
seed_126,NR-ER-LBD,40,68,0.15166017413139343,6
seed_126,NR-ER-LBD,108,69,0.15076503157615662,14
seed_126,NR-ER-LBD,99,70,0.14855973422527313,7
seed_126,NR-ER-LBD,50,71,0.14708341658115387,3
seed_126,NR-ER-LBD,109,72,0.1418270766735077,7
seed_126,NR-ER-LBD,64,73,0.14153166115283966,7
seed_126,NR-ER-LBD,112,74,0.13677620887756348,10
seed_126,NR-ER-LBD,36,75,0.13578225672245026,7
seed_126,NR-ER-LBD,193,76,0.1349496990442276,9
seed_126,NR-ER-LBD,269,77,0.13420729339122772,4
seed_126,NR-ER-LBD,43,78,0.13384507596492767,9
seed_126,NR-ER-LBD,221,79,0.13261695206165314,6
seed_126,NR-ER-LBD,83,80,0.13061869144439697,9
seed_126,NR-ER-LBD,195,81,0.13021954894065857,11
seed_126,NR-ER-LBD,148,82,0.12718409299850464,14
seed_126,NR-ER-LBD,135,83,0.12664498388767242,9
seed_126,NR-ER-LBD,37,84,0.12520790100097656,7
seed_126,NR-ER-LBD,113,85,0.12221679836511612,13
seed_126,NR-ER-LBD,166,86,0.12208421528339386,6
seed_126,NR-ER-LBD,154,87,0.1219940260052681,5
seed_126,NR-ER-LBD,176,88,0.12043886631727219,5
seed_126,NR-ER-LBD,42,89,0.11928828060626984,5
seed_126,NR-ER-LBD,180,90,0.1174350455403328,5
seed_126,NR-ER-LBD,204,91,0.11377482861280441,7
seed_126,NR-ER-LBD,257,92,0.11376580595970154,8
seed_126,NR-ER-LBD,222,93,0.1137310341000557,4
seed_126,NR-ER-LBD,51,94,0.11368689686059952,10
seed_126,NR-ER-LBD,129,95,0.10954321175813675,9
seed_126,NR-ER-LBD,106,96,0.1085437685251236,4
seed_126,NR-ER-LBD,217,97,0.10739770531654358,4
seed_126,NR-ER-LBD,111,98,0.10701677203178406,5
seed_126,NR-ER-LBD,248,99,0.1062166839838028,2
seed_126,NR-ER-LBD,201,100,0.10447774827480316,4
seed_126,NR-ER-LBD,21,101,0.10275532305240631,13
seed_126,NR-ER-LBD,1,102,0.10215803980827332,6
seed_126,NR-ER-LBD,127,103,0.10177691280841827,4
seed_126,NR-ER-LBD,4,104,0.09829704463481903,9
seed_126,NR-ER-LBD,200,105,0.09450266510248184,8
seed_126,NR-ER-LBD,55,106,0.09301706403493881,6
seed_126,NR-ER-LBD,212,107,0.09169548004865646,7
seed_126,NR-ER-LBD,196,108,0.09040412306785583,4
seed_126,NR-ER-LBD,122,109,0.08960103243589401,6
seed_126,NR-ER-LBD,120,110,0.08920852094888687,5
seed_126,NR-ER-LBD,247,111,0.08145800232887268,4
seed_126,NR-ER-LBD,225,112,0.07753080129623413,6
seed_126,NR-ER-LBD,77,113,0.07451032102108002,5
seed_126,NR-ER-LBD,162,114,0.0730706974864006,3
seed_126,NR-ER-LBD,20,115,0.07233801484107971,4
seed_126,NR-ER-LBD,78,116,0.07167694717645645,5
seed_126,NR-ER-LBD,299,117,0.07101486623287201,7
seed_126,NR-ER-LBD,75,118,0.06987515091896057,13
seed_126,NR-ER-LBD,32,119,0.06810016185045242,8
seed_126,NR-ER-LBD,183,120,0.06769420206546783,7
seed_126,NR-ER-LBD,14,121,0.06765105575323105,5
seed_126,NR-ER-LBD,91,122,0.06758928298950195,6
seed_126,NR-ER-LBD,69,123,0.06669236719608307,8
seed_126,NR-ER-LBD,218,124,0.0643131211400032,3
seed_126,NR-ER-LBD,270,125,0.06417085230350494,4
seed_126,NR-ER-LBD,182,126,0.06413742899894714,2
seed_126,NR-ER-LBD,213,127,0.06374883651733398,4
seed_126,NR-ER-LBD,27,128,0.0637296661734581,8
seed_126,NR-ER-LBD,206,129,0.06371021270751953,4
seed_126,NR-ER-LBD,117,130,0.06314507871866226,7
seed_126,NR-ER-LBD,126,131,0.0628652572631836,10
seed_126,NR-ER-LBD,138,132,0.06239612028002739,3
seed_126,NR-ER-LBD,274,133,0.060983072966337204,2
seed_126,NR-ER-LBD,239,134,0.05927237495779991,3
seed_126,NR-ER-LBD,34,135,0.05874209851026535,5
seed_126,NR-ER-LBD,45,136,0.05838926136493683,8
seed_126,NR-ER-LBD,159,137,0.05780801549553871,2
seed_126,NR-ER-LBD,44,138,0.05758493393659592,3
seed_126,NR-ER-LBD,35,139,0.05700554698705673,4
seed_126,NR-ER-LBD,13,140,0.0560695119202137,6
seed_126,NR-ER-LBD,186,141,0.05472760275006294,3
seed_126,NR-ER-LBD,233,142,0.054634205996990204,6
seed_126,NR-ER-LBD,134,143,0.05428365617990494,3
seed_126,NR-ER-LBD,8,144,0.05367716774344444,6
seed_126,NR-ER-LBD,169,145,0.053377389907836914,8
seed_126,NR-ER-LBD,153,146,0.05264998599886894,2
seed_126,NR-ER-LBD,246,147,0.05211304500699043,3
seed_126,NR-ER-LBD,3,148,0.052104223519563675,6
seed_126,NR-ER-LBD,16,149,0.05035823583602905,4
seed_126,NR-ER-LBD,237,150,0.04829220846295357,2
seed_126,NR-ER-LBD,232,151,0.04824426770210266,2
seed_126,NR-ER-LBD,262,152,0.04688555374741554,3
seed_126,NR-ER-LBD,255,153,0.046415526419878006,2
seed_126,NR-ER-LBD,181,154,0.04611379653215408,4
seed_126,NR-ER-LBD,260,155,0.04536806792020798,5
seed_126,NR-ER-LBD,276,156,0.04390547797083855,8
seed_126,NR-ER-LBD,130,157,0.04379595071077347,4
seed_126,NR-ER-LBD,115,158,0.042661890387535095,4
seed_126,NR-ER-LBD,220,159,0.04256631061434746,2
seed_126,NR-ER-LBD,292,160,0.042052995413541794,3
seed_126,NR-ER-LBD,192,161,0.041800808161497116,3
seed_126,NR-ER-LBD,251,162,0.041256945580244064,3
seed_126,NR-ER-LBD,167,163,0.04097478836774826,6
seed_126,NR-ER-LBD,102,164,0.04080231115221977,6
seed_126,NR-ER-LBD,142,165,0.040648531168699265,3
seed_126,NR-ER-LBD,214,166,0.04050628840923309,2
seed_126,NR-ER-LBD,188,167,0.03983616083860397,2
seed_126,NR-ER-LBD,88,168,0.03974497690796852,4
seed_126,NR-ER-LBD,165,169,0.039657942950725555,4
seed_126,NR-ER-LBD,229,170,0.03958619385957718,7
seed_126,NR-ER-LBD,205,171,0.039348844438791275,3
seed_126,NR-ER-LBD,161,172,0.03791271150112152,2
seed_126,NR-ER-LBD,258,173,0.037557847797870636,3
seed_126,NR-ER-LBD,143,174,0.03733593970537186,5
seed_126,NR-ER-LBD,234,175,0.0369216725230217,2
seed_126,NR-ER-LBD,100,176,0.035252295434474945,3
seed_126,NR-ER-LBD,208,177,0.034592583775520325,3
seed_126,NR-ER-LBD,224,178,0.03357139974832535,2
seed_126,NR-ER-LBD,144,179,0.033515386283397675,7
seed_126,NR-ER-LBD,173,180,0.0327201671898365,4
seed_126,NR-ER-LBD,235,181,0.03262900933623314,5
seed_126,NR-ER-LBD,28,182,0.032165199518203735,7
seed_126,NR-ER-LBD,30,183,0.03209275007247925,5
seed_126,NR-ER-LBD,85,184,0.0320846252143383,3
seed_126,NR-ER-LBD,194,185,0.03168737143278122,3
seed_126,NR-ER-LBD,124,186,0.03146422654390335,4
seed_126,NR-ER-LBD,202,187,0.03133701533079147,3
seed_126,NR-ER-LBD,253,188,0.030956074595451355,1
seed_126,NR-ER-LBD,268,189,0.030816102400422096,4
seed_126,NR-ER-LBD,230,190,0.029393838718533516,3
seed_126,NR-ER-LBD,82,191,0.028999997302889824,4
seed_126,NR-ER-LBD,149,192,0.028738675639033318,2
seed_126,NR-ER-LBD,298,193,0.028488319367170334,4
seed_126,NR-ER-LBD,65,194,0.027874860912561417,3
seed_126,NR-ER-LBD,48,195,0.027354707941412926,7
seed_126,NR-ER-LBD,215,196,0.027291450649499893,4
seed_126,NR-ER-LBD,61,197,0.026571262627840042,6
seed_126,NR-ER-LBD,158,198,0.025927890092134476,3
seed_126,NR-ER-LBD,236,199,0.02545619010925293,3
seed_126,NR-ER-LBD,163,200,0.02534261718392372,3
seed_126,NR-ER-LBD,291,201,0.024938687682151794,2
seed_126,NR-ER-LBD,94,202,0.024606900289654732,2
seed_126,NR-ER-LBD,293,203,0.02431625872850418,3
seed_126,NR-ER-LBD,96,204,0.024067997932434082,5
seed_126,NR-ER-LBD,90,205,0.023825908079743385,6
seed_126,NR-ER-LBD,104,206,0.023803802207112312,4
seed_126,NR-ER-LBD,118,207,0.023350531235337257,4
seed_126,NR-ER-LBD,53,208,0.02327907271683216,6
seed_126,NR-ER-LBD,275,209,0.02321828529238701,2
seed_126,NR-ER-LBD,97,210,0.02319188416004181,2
seed_126,NR-ER-LBD,103,211,0.022884758189320564,3
seed_126,NR-ER-LBD,19,212,0.022726645693182945,4
seed_126,NR-ER-LBD,18,213,0.022497806698083878,4
seed_126,NR-ER-LBD,5,214,0.021894976496696472,4
seed_126,NR-ER-LBD,54,215,0.02129601500928402,5
seed_126,NR-ER-LBD,133,216,0.021006852388381958,6
seed_126,NR-ER-LBD,101,217,0.020531030371785164,3
seed_126,NR-ER-LBD,210,218,0.020508060231804848,6
seed_126,NR-ER-LBD,280,219,0.020341672003269196,3
seed_126,NR-ER-LBD,146,220,0.02028510719537735,5
seed_126,NR-ER-LBD,254,221,0.020182708278298378,2
seed_126,NR-ER-LBD,141,222,0.020110543817281723,2
seed_126,NR-ER-LBD,89,223,0.02007945254445076,3
seed_126,NR-ER-LBD,286,224,0.019984448328614235,2
seed_126,NR-ER-LBD,241,225,0.019967637956142426,3
seed_126,NR-ER-LBD,243,226,0.019929876551032066,2
seed_126,NR-ER-LBD,295,227,0.019817350432276726,2
seed_126,NR-ER-LBD,152,228,0.019257761538028717,3
seed_126,NR-ER-LBD,187,229,0.01901250332593918,3
seed_126,NR-ER-LBD,179,230,0.018857870250940323,3
seed_126,NR-ER-LBD,264,231,0.017907170578837395,3
seed_126,NR-ER-LBD,289,232,0.01779451034963131,2
seed_126,NR-ER-LBD,95,233,0.016451634466648102,4
seed_126,NR-ER-LBD,98,234,0.015838870778679848,2
seed_126,NR-ER-LBD,197,235,0.01555654127150774,3
seed_126,NR-ER-LBD,17,236,0.015360978431999683,5
seed_126,NR-ER-LBD,105,237,0.014894072897732258,3
seed_126,NR-ER-LBD,185,238,0.014825957827270031,3
seed_126,NR-ER-LBD,198,239,0.014165546745061874,3
seed_126,NR-ER-LBD,227,240,0.013959339819848537,3
seed_126,NR-ER-LBD,9,241,0.013913904316723347,3
seed_126,NR-ER-LBD,60,242,0.013148216530680656,3
seed_126,NR-ER-LBD,228,243,0.01313130371272564,4
seed_126,NR-ER-LBD,203,244,0.012611722573637962,4
seed_126,NR-ER-LBD,207,245,0.012182123027741909,2
seed_126,NR-ER-LBD,271,246,0.012130120769143105,3
seed_126,NR-ER-LBD,191,247,0.011564080603420734,2
seed_126,NR-ER-LBD,174,248,0.011500884778797626,2
seed_126,NR-ER-LBD,116,249,0.011432401835918427,3
seed_126,NR-ER-LBD,68,250,0.011255529709160328,2
seed_126,NR-ER-LBD,131,251,0.011199315078556538,2
seed_126,NR-ER-LBD,87,252,0.010619986802339554,4
seed_126,NR-ER-LBD,261,253,0.01005467027425766,3
seed_126,NR-ER-LBD,279,254,0.009408192709088326,2
seed_126,NR-ER-LBD,288,255,0.009347506798803806,2
seed_126,NR-ER-LBD,38,256,0.00858389399945736,4
seed_126,NR-ER-LBD,171,257,0.008385168388485909,2
seed_126,NR-ER-LBD,155,258,0.008309395052492619,3
seed_126,NR-ER-LBD,41,259,0.007964599877595901,2
seed_126,NR-ER-LBD,273,260,0.007946607656776905,2
seed_126,NR-ER-LBD,150,261,0.007484327536076307,3
seed_126,NR-ER-LBD,26,262,0.0074220942333340645,4
seed_126,NR-ER-LBD,11,263,0.007327836472541094,2
seed_126,NR-ER-LBD,285,264,0.007324486970901489,1
seed_126,NR-ER-LBD,121,265,0.007305835373699665,7
seed_126,NR-ER-LBD,177,266,0.007288564927875996,4
seed_126,NR-ER-LBD,265,267,0.007169188931584358,1
seed_126,NR-ER-LBD,132,268,0.006726203951984644,2
seed_126,NR-ER-LBD,119,269,0.006413114257156849,2
seed_126,NR-ER-LBD,164,270,0.005990408360958099,2
seed_126,NR-ER-LBD,76,271,0.005800130311399698,2
seed_126,NR-ER-LBD,256,272,0.005473594181239605,2
seed_126,NR-ER-LBD,284,273,0.005364882294088602,2
seed_126,NR-ER-LBD,238,274,0.005343587137758732,1
seed_126,NR-ER-LBD,249,275,0.005283687729388475,3
seed_126,NR-ER-LBD,226,276,0.005248438101261854,2
seed_126,NR-ER-LBD,223,277,0.00494951568543911,2
seed_126,NR-ER-LBD,259,278,0.004709700122475624,2
seed_126,NR-ER-LBD,157,279,0.004258837550878525,2
seed_126,NR-ER-LBD,294,280,0.003998743835836649,2
seed_126,NR-ER-LBD,282,281,0.003748266724869609,3
seed_126,NR-ER-LBD,278,282,0.0037173384334892035,2
seed_126,NR-ER-LBD,240,283,0.0036854140926152468,1
seed_126,NR-ER-LBD,47,284,0.003660075133666396,4
seed_126,NR-ER-LBD,267,285,0.003307924373075366,2
seed_126,NR-ER-LBD,283,286,0.0026993367355316877,2
seed_126,NR-ER-LBD,297,287,0.0026772150304168463,1
seed_126,NR-ER-LBD,125,288,0.002609996823593974,3
seed_126,NR-ER-LBD,281,289,0.0014343422371894121,1
seed_126,NR-ER-LBD,216,290,0.0012252472806721926,2
seed_126,NR-ER-LBD,137,291,0.0009603434009477496,2
seed_126,NR-ER-LBD,151,292,0.0008427275461144745,2
seed_126,NR-ER-LBD,156,293,0.0004869666590820998,2
seed_126,NR-ER-LBD,178,294,0.00048021783004514873,2
seed_126,NR-ER-LBD,272,295,0.0,1
seed_126,NR-ER-LBD,277,296,0.0,1
seed_126,NR-ER-LBD,266,297,0.0,1
seed_126,NR-ER-LBD,244,298,0.0,1
seed_126,NR-ER-LBD,199,299,0.0,2
seed_126,SR-ATAD5,70,0,4.072413444519043,27
seed_126,SR-ATAD5,168,1,2.1274490356445312,79
seed_126,SR-ATAD5,72,2,1.5762892961502075,15
seed_126,SR-ATAD5,7,3,1.4660965204238892,33
seed_126,SR-ATAD5,62,4,1.4229736328125,24
seed_126,SR-ATAD5,63,5,1.0702697038650513,51
seed_126,SR-ATAD5,128,6,1.0347844362258911,42
seed_126,SR-ATAD5,139,7,0.9665765762329102,12
seed_126,SR-ATAD5,10,8,0.8293035626411438,17
seed_126,SR-ATAD5,6,9,0.6442629098892212,18
seed_126,SR-ATAD5,84,10,0.6271331310272217,15
seed_126,SR-ATAD5,73,11,0.5671120285987854,16
seed_126,SR-ATAD5,58,12,0.5497698783874512,10
seed_126,SR-ATAD5,24,13,0.525058388710022,21
seed_126,SR-ATAD5,0,14,0.5221104025840759,20
seed_126,SR-ATAD5,29,15,0.47764676809310913,39
seed_126,SR-ATAD5,252,16,0.4655101001262665,4
seed_126,SR-ATAD5,22,17,0.4622074365615845,13
seed_126,SR-ATAD5,57,18,0.4551072120666504,9
seed_126,SR-ATAD5,74,19,0.44369807839393616,19
seed_126,SR-ATAD5,40,20,0.43804293870925903,6
seed_126,SR-ATAD5,110,21,0.4314160943031311,20
seed_126,SR-ATAD5,287,22,0.4192020893096924,8
seed_126,SR-ATAD5,219,23,0.4150346517562866,16
seed_126,SR-ATAD5,15,24,0.3927364945411682,26
seed_126,SR-ATAD5,33,25,0.3653886318206787,17
seed_126,SR-ATAD5,23,26,0.3653395175933838,30
seed_126,SR-ATAD5,231,27,0.358639121055603,8
seed_126,SR-ATAD5,195,28,0.34935277700424194,11
seed_126,SR-ATAD5,52,29,0.3476029932498932,16
seed_126,SR-ATAD5,2,30,0.3460037410259247,14
seed_126,SR-ATAD5,114,31,0.3228449523448944,7
seed_126,SR-ATAD5,59,32,0.3178601861000061,8
seed_126,SR-ATAD5,184,33,0.3113419711589813,7
seed_126,SR-ATAD5,160,34,0.3103208839893341,11
seed_126,SR-ATAD5,66,35,0.3012270927429199,13
seed_126,SR-ATAD5,25,36,0.2940300703048706,8
seed_126,SR-ATAD5,211,37,0.2925666570663452,13
seed_126,SR-ATAD5,189,38,0.27906015515327454,9
seed_126,SR-ATAD5,263,39,0.27059370279312134,6
seed_126,SR-ATAD5,93,40,0.2648734450340271,16
seed_126,SR-ATAD5,67,41,0.2517109811306,16
seed_126,SR-ATAD5,145,42,0.25039252638816833,17
seed_126,SR-ATAD5,190,43,0.2461952418088913,13
seed_126,SR-ATAD5,49,44,0.22925160825252533,17
seed_126,SR-ATAD5,43,45,0.20998719334602356,9
seed_126,SR-ATAD5,79,46,0.2053854614496231,9
seed_126,SR-ATAD5,80,47,0.19266460835933685,8
seed_126,SR-ATAD5,147,48,0.1913670003414154,16
seed_126,SR-ATAD5,136,49,0.18964290618896484,18
seed_126,SR-ATAD5,21,50,0.18281099200248718,13
seed_126,SR-ATAD5,221,51,0.1823371946811676,6
seed_126,SR-ATAD5,245,52,0.1801481992006302,15
seed_126,SR-ATAD5,92,53,0.17690728604793549,21
seed_126,SR-ATAD5,140,54,0.17334415018558502,19
seed_126,SR-ATAD5,83,55,0.1694546341896057,9
seed_126,SR-ATAD5,31,56,0.1581318974494934,20
seed_126,SR-ATAD5,209,57,0.15783284604549408,7
seed_126,SR-ATAD5,46,58,0.1558309942483902,13
seed_126,SR-ATAD5,75,59,0.14774325489997864,13
seed_126,SR-ATAD5,180,60,0.14754031598567963,5
seed_126,SR-ATAD5,56,61,0.14476478099822998,17
seed_126,SR-ATAD5,123,62,0.1445450335741043,11
seed_126,SR-ATAD5,222,63,0.14341169595718384,4
seed_126,SR-ATAD5,290,64,0.13761572539806366,10
seed_126,SR-ATAD5,237,65,0.13358011841773987,2
seed_126,SR-ATAD5,81,66,0.13220348954200745,19
seed_126,SR-ATAD5,175,67,0.13217991590499878,9
seed_126,SR-ATAD5,225,68,0.13105575740337372,6
seed_126,SR-ATAD5,99,69,0.12942469120025635,7
seed_126,SR-ATAD5,193,70,0.12616683542728424,9
seed_126,SR-ATAD5,242,71,0.1257348656654358,6
seed_126,SR-ATAD5,36,72,0.12305232137441635,7
seed_126,SR-ATAD5,39,73,0.12282229214906693,9
seed_126,SR-ATAD5,170,74,0.12275081127882004,6
seed_126,SR-ATAD5,233,75,0.1217828020453453,6
seed_126,SR-ATAD5,296,76,0.12074162065982819,10
seed_126,SR-ATAD5,135,77,0.12007522583007812,9
seed_126,SR-ATAD5,42,78,0.11021682620048523,5
seed_126,SR-ATAD5,148,79,0.1091548502445221,14
seed_126,SR-ATAD5,117,80,0.10725945979356766,7
seed_126,SR-ATAD5,106,81,0.10612587630748749,4
seed_126,SR-ATAD5,35,82,0.10451968759298325,4
seed_126,SR-ATAD5,108,83,0.10288605093955994,14
seed_126,SR-ATAD5,112,84,0.1008395329117775,10
seed_126,SR-ATAD5,71,85,0.09977218508720398,11
seed_126,SR-ATAD5,45,86,0.09886229038238525,8
seed_126,SR-ATAD5,129,87,0.09765332192182541,9
seed_126,SR-ATAD5,12,88,0.09468062222003937,6
seed_126,SR-ATAD5,37,89,0.0936012715101242,7
seed_126,SR-ATAD5,126,90,0.0933174341917038,10
seed_126,SR-ATAD5,154,91,0.09244909882545471,5
seed_126,SR-ATAD5,218,92,0.08785680681467056,3
seed_126,SR-ATAD5,113,93,0.08407916128635406,13
seed_126,SR-ATAD5,107,94,0.08197220414876938,6
seed_126,SR-ATAD5,44,95,0.08193563669919968,3
seed_126,SR-ATAD5,1,96,0.08045972138643265,6
seed_126,SR-ATAD5,204,97,0.0802173763513565,7
seed_126,SR-ATAD5,257,98,0.07964465767145157,8
seed_126,SR-ATAD5,166,99,0.07951489090919495,6
seed_126,SR-ATAD5,167,100,0.07835860550403595,6
seed_126,SR-ATAD5,130,101,0.0771510899066925,4
seed_126,SR-ATAD5,176,102,0.07533881068229675,5
seed_126,SR-ATAD5,51,103,0.07354900985956192,10
seed_126,SR-ATAD5,183,104,0.07197078317403793,7
seed_126,SR-ATAD5,32,105,0.07110939919948578,8
seed_126,SR-ATAD5,91,106,0.06921254843473434,6
seed_126,SR-ATAD5,270,107,0.0660337507724762,4
seed_126,SR-ATAD5,86,108,0.06540203839540482,9
seed_126,SR-ATAD5,142,109,0.06476033478975296,3
seed_126,SR-ATAD5,143,110,0.06391660124063492,5
seed_126,SR-ATAD5,122,111,0.06356308609247208,6
seed_126,SR-ATAD5,217,112,0.06234920024871826,4
seed_126,SR-ATAD5,201,113,0.06077399477362633,4
seed_126,SR-ATAD5,247,114,0.060180388391017914,4
seed_126,SR-ATAD5,212,115,0.05838647857308388,7
seed_126,SR-ATAD5,182,116,0.05646752566099167,2
seed_126,SR-ATAD5,127,117,0.05527036637067795,4
seed_126,SR-ATAD5,4,118,0.054185036569833755,9
seed_126,SR-ATAD5,144,119,0.05363911762833595,7
seed_126,SR-ATAD5,299,120,0.05332508310675621,7
seed_126,SR-ATAD5,78,121,0.05114931985735893,5
seed_126,SR-ATAD5,115,122,0.050560902804136276,4
seed_126,SR-ATAD5,268,123,0.049339670687913895,4
seed_126,SR-ATAD5,250,124,0.0488135926425457,4
seed_126,SR-ATAD5,220,125,0.04862157627940178,2
seed_126,SR-ATAD5,150,126,0.0483979694545269,3
seed_126,SR-ATAD5,50,127,0.04742766171693802,3
seed_126,SR-ATAD5,64,128,0.04738344997167587,7
seed_126,SR-ATAD5,172,129,0.04640811309218407,4
seed_126,SR-ATAD5,82,130,0.04575527086853981,4
seed_126,SR-ATAD5,38,131,0.045536164194345474,4
seed_126,SR-ATAD5,20,132,0.04491264000535011,4
seed_126,SR-ATAD5,239,133,0.04477492719888687,3
seed_126,SR-ATAD5,162,134,0.04475002735853195,3
seed_126,SR-ATAD5,30,135,0.04464814066886902,5
seed_126,SR-ATAD5,248,136,0.04449720308184624,2
seed_126,SR-ATAD5,291,137,0.04353703558444977,2
seed_126,SR-ATAD5,186,138,0.0427989587187767,3
seed_126,SR-ATAD5,88,139,0.042657505720853806,4
seed_126,SR-ATAD5,16,140,0.04190949350595474,4
seed_126,SR-ATAD5,215,141,0.041671719402074814,4
seed_126,SR-ATAD5,251,142,0.041495367884635925,3
seed_126,SR-ATAD5,269,143,0.04095633700489998,4
seed_126,SR-ATAD5,208,144,0.04058355465531349,3
seed_126,SR-ATAD5,14,145,0.03957059979438782,5
seed_126,SR-ATAD5,229,146,0.03836660832166672,7
seed_126,SR-ATAD5,109,147,0.03777579218149185,7
seed_126,SR-ATAD5,198,148,0.03774689510464668,3
seed_126,SR-ATAD5,276,149,0.036245107650756836,8
seed_126,SR-ATAD5,181,150,0.03585687652230263,4
seed_126,SR-ATAD5,169,151,0.035359326750040054,8
seed_126,SR-ATAD5,111,152,0.03476271405816078,5
seed_126,SR-ATAD5,55,153,0.034599144011735916,6
seed_126,SR-ATAD5,171,154,0.03454203903675079,2
seed_126,SR-ATAD5,152,155,0.03381124511361122,3
seed_126,SR-ATAD5,87,156,0.033783573657274246,4
seed_126,SR-ATAD5,288,157,0.033752378076314926,2
seed_126,SR-ATAD5,102,158,0.03328284993767738,6
seed_126,SR-ATAD5,155,159,0.03277156129479408,3
seed_126,SR-ATAD5,89,160,0.03170216828584671,3
seed_126,SR-ATAD5,243,161,0.03155909478664398,2
seed_126,SR-ATAD5,146,162,0.031458474695682526,5
seed_126,SR-ATAD5,27,163,0.03115742653608322,8
seed_126,SR-ATAD5,205,164,0.030681759119033813,3
seed_126,SR-ATAD5,260,165,0.03025711141526699,5
seed_126,SR-ATAD5,54,166,0.029832860454916954,5
seed_126,SR-ATAD5,264,167,0.02946069836616516,3
seed_126,SR-ATAD5,138,168,0.02941693365573883,3
seed_126,SR-ATAD5,295,169,0.028574811294674873,2
seed_126,SR-ATAD5,227,170,0.028466325253248215,3
seed_126,SR-ATAD5,3,171,0.028099579736590385,6
seed_126,SR-ATAD5,13,172,0.02760516107082367,6
seed_126,SR-ATAD5,104,173,0.027414018288254738,4
seed_126,SR-ATAD5,200,174,0.02740294486284256,8
seed_126,SR-ATAD5,185,175,0.026871228590607643,3
seed_126,SR-ATAD5,158,176,0.026066478341817856,3
seed_126,SR-ATAD5,214,177,0.026050040498375893,2
seed_126,SR-ATAD5,246,178,0.02602149359881878,3
seed_126,SR-ATAD5,192,179,0.025207217782735825,3
seed_126,SR-ATAD5,213,180,0.024908043444156647,4
seed_126,SR-ATAD5,90,181,0.024761706590652466,6
seed_126,SR-ATAD5,194,182,0.02453521452844143,3
seed_126,SR-ATAD5,196,183,0.02448701299726963,4
seed_126,SR-ATAD5,85,184,0.024028539657592773,3
seed_126,SR-ATAD5,61,185,0.02315210923552513,6
seed_126,SR-ATAD5,69,186,0.022981969639658928,8
seed_126,SR-ATAD5,293,187,0.022862153127789497,3
seed_126,SR-ATAD5,188,188,0.02242843061685562,2
seed_126,SR-ATAD5,120,189,0.022415457293391228,5
seed_126,SR-ATAD5,249,190,0.022269783541560173,3
seed_126,SR-ATAD5,19,191,0.02221115306019783,4
seed_126,SR-ATAD5,53,192,0.02202480658888817,6
seed_126,SR-ATAD5,77,193,0.021809451282024384,5
seed_126,SR-ATAD5,5,194,0.021754415705800056,4
seed_126,SR-ATAD5,48,195,0.021722331643104553,7
seed_126,SR-ATAD5,179,196,0.021460318937897682,3
seed_126,SR-ATAD5,230,197,0.021142615005373955,3
seed_126,SR-ATAD5,280,198,0.020865296944975853,3
seed_126,SR-ATAD5,65,199,0.0206168033182621,3
seed_126,SR-ATAD5,273,200,0.01933003030717373,2
seed_126,SR-ATAD5,234,201,0.01931130327284336,2
seed_126,SR-ATAD5,207,202,0.019283169880509377,2
seed_126,SR-ATAD5,34,203,0.018975142389535904,5
seed_126,SR-ATAD5,165,204,0.018889574334025383,4
seed_126,SR-ATAD5,28,205,0.01886145956814289,7
seed_126,SR-ATAD5,47,206,0.018641572445631027,4
seed_126,SR-ATAD5,173,207,0.01860371045768261,4
seed_126,SR-ATAD5,103,208,0.01851479709148407,3
seed_126,SR-ATAD5,132,209,0.01734648458659649,2
seed_126,SR-ATAD5,96,210,0.017004255205392838,5
seed_126,SR-ATAD5,274,211,0.016999932006001472,2
seed_126,SR-ATAD5,60,212,0.016903385519981384,3
seed_126,SR-ATAD5,271,213,0.016544993966817856,3
seed_126,SR-ATAD5,17,214,0.016497239470481873,5
seed_126,SR-ATAD5,76,215,0.016312381252646446,2
seed_126,SR-ATAD5,68,216,0.015991393476724625,2
seed_126,SR-ATAD5,224,217,0.015975607559084892,2
seed_126,SR-ATAD5,254,218,0.015463820658624172,2
seed_126,SR-ATAD5,187,219,0.014832554385066032,3
seed_126,SR-ATAD5,284,220,0.014791839756071568,2
seed_126,SR-ATAD5,149,221,0.014060060493648052,2
seed_126,SR-ATAD5,153,222,0.013995364308357239,2
seed_126,SR-ATAD5,133,223,0.013968057930469513,6
seed_126,SR-ATAD5,210,224,0.013795495964586735,6
seed_126,SR-ATAD5,206,225,0.013769974932074547,4
seed_126,SR-ATAD5,262,226,0.013664975762367249,3
seed_126,SR-ATAD5,8,227,0.013620571233332157,6
seed_126,SR-ATAD5,124,228,0.013570917770266533,4
seed_126,SR-ATAD5,255,229,0.012597880326211452,2
seed_126,SR-ATAD5,163,230,0.01225285790860653,3
seed_126,SR-ATAD5,202,231,0.012241351418197155,3
seed_126,SR-ATAD5,116,232,0.012108449824154377,3
seed_126,SR-ATAD5,286,233,0.01205897144973278,2
seed_126,SR-ATAD5,289,234,0.01196704339236021,2
seed_126,SR-ATAD5,232,235,0.011517273262143135,2
seed_126,SR-ATAD5,267,236,0.011266278102993965,2
seed_126,SR-ATAD5,98,237,0.011212946847081184,2
seed_126,SR-ATAD5,121,238,0.011093433015048504,7
seed_126,SR-ATAD5,134,239,0.010913130827248096,3
seed_126,SR-ATAD5,236,240,0.01055150292813778,3
seed_126,SR-ATAD5,235,241,0.009972743690013885,5
seed_126,SR-ATAD5,282,242,0.009926103986799717,3
seed_126,SR-ATAD5,191,243,0.009702714160084724,2
seed_126,SR-ATAD5,161,244,0.009552692994475365,2
seed_126,SR-ATAD5,203,245,0.00941682793200016,4
seed_126,SR-ATAD5,97,246,0.009328989312052727,2
seed_126,SR-ATAD5,118,247,0.009000344201922417,4
seed_126,SR-ATAD5,197,248,0.008550412021577358,3
seed_126,SR-ATAD5,101,249,0.008143364451825619,3
seed_126,SR-ATAD5,223,250,0.007878036238253117,2
seed_126,SR-ATAD5,26,251,0.007817082107067108,4
seed_126,SR-ATAD5,178,252,0.007511690258979797,2
seed_126,SR-ATAD5,9,253,0.007215963676571846,3
seed_126,SR-ATAD5,18,254,0.007184292655438185,4
seed_126,SR-ATAD5,258,255,0.007088921964168549,3
seed_126,SR-ATAD5,174,256,0.007025581784546375,2
seed_126,SR-ATAD5,137,257,0.006685937754809856,2
seed_126,SR-ATAD5,228,258,0.006650252733379602,4
seed_126,SR-ATAD5,177,259,0.0066437628120183945,4
seed_126,SR-ATAD5,105,260,0.006639403756707907,3
seed_126,SR-ATAD5,292,261,0.006628501694649458,3
seed_126,SR-ATAD5,226,262,0.0060661183670163155,2
seed_126,SR-ATAD5,164,263,0.005975451786071062,2
seed_126,SR-ATAD5,94,264,0.005959548056125641,2
seed_126,SR-ATAD5,131,265,0.005792536772787571,2
seed_126,SR-ATAD5,298,266,0.0053728194907307625,4
seed_126,SR-ATAD5,275,267,0.005287914536893368,2
seed_126,SR-ATAD5,240,268,0.005108220502734184,1
seed_126,SR-ATAD5,241,269,0.005053412169218063,3
seed_126,SR-ATAD5,159,270,0.0049472348764538765,2
seed_126,SR-ATAD5,278,271,0.004559250548481941,2
seed_126,SR-ATAD5,119,272,0.00446612574160099,2
seed_126,SR-ATAD5,95,273,0.0036749523133039474,4
seed_126,SR-ATAD5,100,274,0.003478227648884058,3
seed_126,SR-ATAD5,265,275,0.0031868189107626677,1
seed_126,SR-ATAD5,261,276,0.0030219212640076876,3
seed_126,SR-ATAD5,297,277,0.0029497062787413597,1
seed_126,SR-ATAD5,279,278,0.002925483277067542,2
seed_126,SR-ATAD5,259,279,0.0024889600463211536,2
seed_126,SR-ATAD5,294,280,0.0024823888670653105,2
seed_126,SR-ATAD5,151,281,0.0023201326839625835,2
seed_126,SR-ATAD5,256,282,0.0022323469165712595,2
seed_126,SR-ATAD5,238,283,0.00217122258618474,1
seed_126,SR-ATAD5,216,284,0.001923000905662775,2
seed_126,SR-ATAD5,157,285,0.0016151393065229058,2
seed_126,SR-ATAD5,156,286,0.0015778348315507174,2
seed_126,SR-ATAD5,253,287,0.0014980090782046318,1
seed_126,SR-ATAD5,41,288,0.0011835643090307713,2
seed_126,SR-ATAD5,281,289,0.0010398722952231765,1
seed_126,SR-ATAD5,283,290,0.0009027817868627608,2
seed_126,SR-ATAD5,11,291,0.0007210353505797684,2
seed_126,SR-ATAD5,285,292,0.0005845265695825219,1
seed_126,SR-ATAD5,125,293,0.0005000525852665305,3
seed_126,SR-ATAD5,141,294,0.00017357019532937557,2
seed_126,SR-ATAD5,199,295,0.0,2
seed_126,SR-ATAD5,277,296,0.0,1
seed_126,SR-ATAD5,272,297,0.0,1
seed_126,SR-ATAD5,266,298,0.0,1
seed_126,SR-ATAD5,244,299,0.0,1
seed_126,SR-p53,70,0,5.975060939788818,27
seed_126,SR-p53,168,1,3.956840753555298,79
seed_126,SR-p53,72,2,3.800280809402466,15
seed_126,SR-p53,139,3,2.9210119247436523,12
seed_126,SR-p53,74,4,1.7144689559936523,19
seed_126,SR-p53,7,5,1.5525925159454346,33
seed_126,SR-p53,128,6,1.5213990211486816,42
seed_126,SR-p53,63,7,1.296249270439148,51
seed_126,SR-p53,24,8,1.2631573677062988,21
seed_126,SR-p53,10,9,1.2290632724761963,17
seed_126,SR-p53,6,10,1.1378847360610962,18
seed_126,SR-p53,0,11,1.098647952079773,20
seed_126,SR-p53,110,12,1.0596263408660889,20
seed_126,SR-p53,62,13,1.003856897354126,24
seed_126,SR-p53,189,14,0.9899545311927795,9
seed_126,SR-p53,29,15,0.9180737733840942,39
seed_126,SR-p53,52,16,0.8618293404579163,16
seed_126,SR-p53,57,17,0.8580480217933655,9
seed_126,SR-p53,287,18,0.798437237739563,8
seed_126,SR-p53,73,19,0.7561455965042114,16
seed_126,SR-p53,58,20,0.6773295998573303,10
seed_126,SR-p53,84,21,0.6700490713119507,15
seed_126,SR-p53,33,22,0.5880732536315918,17
seed_126,SR-p53,263,23,0.5692787170410156,6
seed_126,SR-p53,56,24,0.5582171082496643,17
seed_126,SR-p53,66,25,0.5560919642448425,13
seed_126,SR-p53,23,26,0.5243961811065674,30
seed_126,SR-p53,71,27,0.5149250030517578,11
seed_126,SR-p53,46,28,0.4998643398284912,13
seed_126,SR-p53,245,29,0.4954819679260254,15
seed_126,SR-p53,22,30,0.48012664914131165,13
seed_126,SR-p53,231,31,0.46672168374061584,8
seed_126,SR-p53,67,32,0.4447638988494873,16
seed_126,SR-p53,175,33,0.438799113035202,9
seed_126,SR-p53,160,34,0.4372750222682953,11
seed_126,SR-p53,59,35,0.43703287839889526,8
seed_126,SR-p53,252,36,0.4295438230037689,4
seed_126,SR-p53,221,37,0.42805275321006775,6
seed_126,SR-p53,2,38,0.41551923751831055,14
seed_126,SR-p53,15,39,0.40071210265159607,26
seed_126,SR-p53,222,40,0.38624849915504456,4
seed_126,SR-p53,49,41,0.3798556625843048,17
seed_126,SR-p53,31,42,0.3684888184070587,20
seed_126,SR-p53,136,43,0.3377782702445984,18
seed_126,SR-p53,25,44,0.3319055140018463,8
seed_126,SR-p53,123,45,0.3246306777000427,11
seed_126,SR-p53,93,46,0.3218402862548828,16
seed_126,SR-p53,114,47,0.3168025612831116,7
seed_126,SR-p53,209,48,0.3047191798686981,7
seed_126,SR-p53,39,49,0.30394652485847473,9
seed_126,SR-p53,12,50,0.30309781432151794,6
seed_126,SR-p53,108,51,0.3000289797782898,14
seed_126,SR-p53,299,52,0.2997702956199646,7
seed_126,SR-p53,79,53,0.2973818778991699,9
seed_126,SR-p53,140,54,0.29104650020599365,19
seed_126,SR-p53,40,55,0.2889373302459717,6
seed_126,SR-p53,296,56,0.28546035289764404,10
seed_126,SR-p53,217,57,0.2779102921485901,4
seed_126,SR-p53,21,58,0.2756912112236023,13
seed_126,SR-p53,190,59,0.27202126383781433,13
seed_126,SR-p53,112,60,0.270320326089859,10
seed_126,SR-p53,211,61,0.26866862177848816,13
seed_126,SR-p53,43,62,0.2671203911304474,9
seed_126,SR-p53,290,63,0.26615720987319946,10
seed_126,SR-p53,219,64,0.2652876675128937,16
seed_126,SR-p53,92,65,0.2626390755176544,21
seed_126,SR-p53,126,66,0.26225998997688293,10
seed_126,SR-p53,148,67,0.26091238856315613,14
seed_126,SR-p53,195,68,0.25332602858543396,11
seed_126,SR-p53,135,69,0.2519339621067047,9
seed_126,SR-p53,83,70,0.250503808259964,9
seed_126,SR-p53,184,71,0.2436601221561432,7
seed_126,SR-p53,193,72,0.24273522198200226,9
seed_126,SR-p53,235,73,0.2417517900466919,5
seed_126,SR-p53,167,74,0.24011725187301636,6
seed_126,SR-p53,111,75,0.22714033722877502,5
seed_126,SR-p53,270,76,0.2254425585269928,4
seed_126,SR-p53,242,77,0.2187567800283432,6
seed_126,SR-p53,170,78,0.20696818828582764,6
seed_126,SR-p53,127,79,0.2066483199596405,4
seed_126,SR-p53,147,80,0.2035944014787674,16
seed_126,SR-p53,145,81,0.19810287654399872,17
seed_126,SR-p53,75,82,0.19752399623394012,13
seed_126,SR-p53,180,83,0.19051310420036316,5
seed_126,SR-p53,247,84,0.18703529238700867,4
seed_126,SR-p53,120,85,0.1860688030719757,5
seed_126,SR-p53,80,86,0.18454372882843018,8
seed_126,SR-p53,176,87,0.17688021063804626,5
seed_126,SR-p53,1,88,0.17632853984832764,6
seed_126,SR-p53,204,89,0.1728024035692215,7
seed_126,SR-p53,91,90,0.168523371219635,6
seed_126,SR-p53,129,91,0.16584181785583496,9
seed_126,SR-p53,64,92,0.1653670221567154,7
seed_126,SR-p53,36,93,0.16225272417068481,7
seed_126,SR-p53,13,94,0.16059553623199463,6
seed_126,SR-p53,50,95,0.15814131498336792,3
seed_126,SR-p53,99,96,0.15333770215511322,7
seed_126,SR-p53,183,97,0.15218164026737213,7
seed_126,SR-p53,45,98,0.1501034051179886,8
seed_126,SR-p53,3,99,0.1466429978609085,6
seed_126,SR-p53,37,100,0.14083030819892883,7
seed_126,SR-p53,113,101,0.13995295763015747,13
seed_126,SR-p53,109,102,0.13885550200939178,7
seed_126,SR-p53,86,103,0.13386116921901703,9
seed_126,SR-p53,269,104,0.13198739290237427,4
seed_126,SR-p53,237,105,0.12814487516880035,2
seed_126,SR-p53,166,106,0.12709319591522217,6
seed_126,SR-p53,81,107,0.12648703157901764,19
seed_126,SR-p53,117,108,0.12399732321500778,7
seed_126,SR-p53,143,109,0.12389501929283142,5
seed_126,SR-p53,106,110,0.12351056188344955,4
seed_126,SR-p53,134,111,0.12312020361423492,3
seed_126,SR-p53,257,112,0.1226973831653595,8
seed_126,SR-p53,239,113,0.11876163631677628,3
seed_126,SR-p53,32,114,0.11834195256233215,8
seed_126,SR-p53,212,115,0.11769712716341019,7
seed_126,SR-p53,107,116,0.11682915687561035,6
seed_126,SR-p53,250,117,0.11518511921167374,4
seed_126,SR-p53,55,118,0.11487910896539688,6
seed_126,SR-p53,225,119,0.11139360070228577,6
seed_126,SR-p53,138,120,0.11057166755199432,3
seed_126,SR-p53,233,121,0.10680217295885086,6
seed_126,SR-p53,42,122,0.09706324338912964,5
seed_126,SR-p53,152,123,0.09591005742549896,3
seed_126,SR-p53,276,124,0.09515698254108429,8
seed_126,SR-p53,144,125,0.09399815648794174,7
seed_126,SR-p53,172,126,0.09357903897762299,4
seed_126,SR-p53,200,127,0.0919138565659523,8
seed_126,SR-p53,69,128,0.09147198498249054,8
seed_126,SR-p53,88,129,0.09138140082359314,4
seed_126,SR-p53,38,130,0.08951202034950256,4
seed_126,SR-p53,162,131,0.08602721244096756,3
seed_126,SR-p53,196,132,0.0854150801897049,4
seed_126,SR-p53,78,133,0.08430138975381851,5
seed_126,SR-p53,17,134,0.08418913185596466,5
seed_126,SR-p53,51,135,0.08166272193193436,10
seed_126,SR-p53,254,136,0.08161930739879608,2
seed_126,SR-p53,248,137,0.07969379425048828,2
seed_126,SR-p53,154,138,0.07704712450504303,5
seed_126,SR-p53,181,139,0.0762469470500946,4
seed_126,SR-p53,243,140,0.07449425011873245,2
seed_126,SR-p53,218,141,0.07256324589252472,3
seed_126,SR-p53,249,142,0.07070203870534897,3
seed_126,SR-p53,77,143,0.06819736957550049,5
seed_126,SR-p53,142,144,0.06792192906141281,3
seed_126,SR-p53,44,145,0.06765158474445343,3
seed_126,SR-p53,115,146,0.06656845659017563,4
seed_126,SR-p53,251,147,0.06468290835618973,3
seed_126,SR-p53,90,148,0.059780605137348175,6
seed_126,SR-p53,230,149,0.059764958918094635,3
seed_126,SR-p53,87,150,0.05842163413763046,4
seed_126,SR-p53,104,151,0.057733528316020966,4
seed_126,SR-p53,130,152,0.057487696409225464,4
seed_126,SR-p53,28,153,0.057146020233631134,7
seed_126,SR-p53,30,154,0.0557766817510128,5
seed_126,SR-p53,48,155,0.05571889504790306,7
seed_126,SR-p53,246,156,0.054738808423280716,3
seed_126,SR-p53,264,157,0.05459214001893997,3
seed_126,SR-p53,4,158,0.05443147197365761,9
seed_126,SR-p53,198,159,0.05433562770485878,3
seed_126,SR-p53,186,160,0.051527414470911026,3
seed_126,SR-p53,206,161,0.05079767853021622,4
seed_126,SR-p53,89,162,0.05074498802423477,3
seed_126,SR-p53,34,163,0.05045259743928909,5
seed_126,SR-p53,20,164,0.049916110932826996,4
seed_126,SR-p53,298,165,0.0495850145816803,4
seed_126,SR-p53,236,166,0.04939129576086998,3
seed_126,SR-p53,150,167,0.04900559037923813,3
seed_126,SR-p53,165,168,0.046902790665626526,4
seed_126,SR-p53,149,169,0.0464681014418602,2
seed_126,SR-p53,173,170,0.04640458896756172,4
seed_126,SR-p53,292,171,0.04615335911512375,3
seed_126,SR-p53,61,172,0.04509409889578819,6
seed_126,SR-p53,105,173,0.04471006244421005,3
seed_126,SR-p53,208,174,0.04397834464907646,3
seed_126,SR-p53,185,175,0.043463241308927536,3
seed_126,SR-p53,82,176,0.043137919157743454,4
seed_126,SR-p53,288,177,0.042515695095062256,2
seed_126,SR-p53,171,178,0.04214565455913544,2
seed_126,SR-p53,14,179,0.04030741751194,5
seed_126,SR-p53,163,180,0.03966645523905754,3
seed_126,SR-p53,220,181,0.0395345501601696,2
seed_126,SR-p53,232,182,0.039291270077228546,2
seed_126,SR-p53,253,183,0.03892071917653084,1
seed_126,SR-p53,210,184,0.03811786323785782,6
seed_126,SR-p53,293,185,0.03787331283092499,3
seed_126,SR-p53,97,186,0.03785045072436333,2
seed_126,SR-p53,234,187,0.03776639327406883,2
seed_126,SR-p53,268,188,0.03776106983423233,4
seed_126,SR-p53,213,189,0.03748614713549614,4
seed_126,SR-p53,85,190,0.03744593635201454,3
seed_126,SR-p53,159,191,0.03729661926627159,2
seed_126,SR-p53,286,192,0.03689872846007347,2
seed_126,SR-p53,201,193,0.03637232258915901,4
seed_126,SR-p53,19,194,0.03621222451329231,4
seed_126,SR-p53,8,195,0.036063361912965775,6
seed_126,SR-p53,5,196,0.03536407649517059,4
seed_126,SR-p53,122,197,0.035013239830732346,6
seed_126,SR-p53,53,198,0.034816041588783264,6
seed_126,SR-p53,155,199,0.03468584641814232,3
seed_126,SR-p53,9,200,0.034331560134887695,3
seed_126,SR-p53,169,201,0.03431851044297218,8
seed_126,SR-p53,35,202,0.03424035757780075,4
seed_126,SR-p53,102,203,0.0333896279335022,6
seed_126,SR-p53,274,204,0.03277856484055519,2
seed_126,SR-p53,27,205,0.03264593705534935,8
seed_126,SR-p53,100,206,0.03220902010798454,3
seed_126,SR-p53,262,207,0.031838949769735336,3
seed_126,SR-p53,229,208,0.031570613384246826,7
seed_126,SR-p53,146,209,0.0304265096783638,5
seed_126,SR-p53,11,210,0.02992432191967964,2
seed_126,SR-p53,16,211,0.029456419870257378,4
seed_126,SR-p53,205,212,0.02904767356812954,3
seed_126,SR-p53,18,213,0.028532356023788452,4
seed_126,SR-p53,214,214,0.02776036225259304,2
seed_126,SR-p53,227,215,0.02767264097929001,3
seed_126,SR-p53,132,216,0.027441900223493576,2
seed_126,SR-p53,280,217,0.027187256142497063,3
seed_126,SR-p53,174,218,0.02633161097764969,2
seed_126,SR-p53,215,219,0.02581491693854332,4
seed_126,SR-p53,133,220,0.02562444843351841,6
seed_126,SR-p53,103,221,0.024903912097215652,3
seed_126,SR-p53,177,222,0.024735651910305023,4
seed_126,SR-p53,187,223,0.02361300028860569,3
seed_126,SR-p53,194,224,0.02330494485795498,3
seed_126,SR-p53,60,225,0.0232973825186491,3
seed_126,SR-p53,68,226,0.022879429161548615,2
seed_126,SR-p53,94,227,0.022786255925893784,2
seed_126,SR-p53,124,228,0.02256234921514988,4
seed_126,SR-p53,273,229,0.02176845259964466,2
seed_126,SR-p53,121,230,0.021764006465673447,7
seed_126,SR-p53,179,231,0.021718313917517662,3
seed_126,SR-p53,258,232,0.021261518821120262,3
seed_126,SR-p53,207,233,0.021068155765533447,2
seed_126,SR-p53,224,234,0.020276160910725594,2
seed_126,SR-p53,291,235,0.019590357318520546,2
seed_126,SR-p53,284,236,0.019588833674788475,2
seed_126,SR-p53,271,237,0.019583944231271744,3
seed_126,SR-p53,289,238,0.019445646554231644,2
seed_126,SR-p53,182,239,0.019085127860307693,2
seed_126,SR-p53,295,240,0.01896129548549652,2
seed_126,SR-p53,54,241,0.01891746185719967,5
seed_126,SR-p53,255,242,0.01858912967145443,2
seed_126,SR-p53,118,243,0.01847582682967186,4
seed_126,SR-p53,116,244,0.01751038432121277,3
seed_126,SR-p53,47,245,0.016917511820793152,4
seed_126,SR-p53,96,246,0.01589035801589489,5
seed_126,SR-p53,178,247,0.015483999624848366,2
seed_126,SR-p53,141,248,0.015481589362025261,2
seed_126,SR-p53,279,249,0.015176727436482906,2
seed_126,SR-p53,95,250,0.015098294243216515,4
seed_126,SR-p53,260,251,0.01500910148024559,5
seed_126,SR-p53,228,252,0.014778614975512028,4
seed_126,SR-p53,76,253,0.014534293673932552,2
seed_126,SR-p53,131,254,0.014420801773667336,2
seed_126,SR-p53,240,255,0.012734806165099144,1
seed_126,SR-p53,267,256,0.012442327104508877,2
seed_126,SR-p53,275,257,0.012219776399433613,2
seed_126,SR-p53,156,258,0.012200158089399338,2
seed_126,SR-p53,261,259,0.01174929365515709,3
seed_126,SR-p53,158,260,0.011455046012997627,3
seed_126,SR-p53,202,261,0.011390631087124348,3
seed_126,SR-p53,192,262,0.010760289616882801,3
seed_126,SR-p53,238,263,0.010748390108346939,1
seed_126,SR-p53,137,264,0.010686952620744705,2
seed_126,SR-p53,188,265,0.010530736297369003,2
seed_126,SR-p53,161,266,0.010119697079062462,2
seed_126,SR-p53,282,267,0.00927655678242445,3
seed_126,SR-p53,256,268,0.008861269801855087,2
seed_126,SR-p53,203,269,0.00878046452999115,4
seed_126,SR-p53,153,270,0.008594714105129242,2
seed_126,SR-p53,98,271,0.00854784157127142,2
seed_126,SR-p53,101,272,0.00844255555421114,3
seed_126,SR-p53,197,273,0.008332828991115093,3
seed_126,SR-p53,285,274,0.008226977661252022,1
seed_126,SR-p53,278,275,0.007963398471474648,2
seed_126,SR-p53,41,276,0.007617669180035591,2
seed_126,SR-p53,223,277,0.007607434410601854,2
seed_126,SR-p53,191,278,0.007594345137476921,2
seed_126,SR-p53,297,279,0.006929289549589157,1
seed_126,SR-p53,241,280,0.006716726813465357,3
seed_126,SR-p53,65,281,0.006118467543274164,3
seed_126,SR-p53,164,282,0.005262901075184345,2
seed_126,SR-p53,265,283,0.00524354912340641,1
seed_126,SR-p53,26,284,0.004048560280352831,4
seed_126,SR-p53,283,285,0.0038665521424263716,2
seed_126,SR-p53,259,286,0.0036576827988028526,2
seed_126,SR-p53,281,287,0.0032809260301291943,1
seed_126,SR-p53,119,288,0.0030924153979867697,2
seed_126,SR-p53,226,289,0.002348153153434396,2
seed_126,SR-p53,294,290,0.0021519700530916452,2
seed_126,SR-p53,125,291,0.001994570018723607,3
seed_126,SR-p53,157,292,0.0014977669343352318,2
seed_126,SR-p53,151,293,0.0012915970291942358,2
seed_126,SR-p53,216,294,0.00038196545210666955,2
seed_126,SR-p53,199,295,0.0,2
seed_126,SR-p53,277,296,0.0,1
seed_126,SR-p53,272,297,0.0,1
seed_126,SR-p53,244,298,0.0,1
seed_126,SR-p53,266,299,0.0,1
