seed,task,cluster,rank,importance,n_features
seed_122,NR-AR,63,0,0.013088211417198181,51
seed_122,NR-AR,168,1,0.01276989746838808,79
seed_122,NR-AR,7,2,0.010420076549053192,33
seed_122,NR-AR,81,3,0.010061632841825485,19
seed_122,NR-AR,29,4,0.009845833294093609,39
seed_122,NR-AR,70,5,0.009103911928832531,27
seed_122,NR-AR,23,6,0.008817833848297596,30
seed_122,NR-AR,128,7,0.008719238452613354,42
seed_122,NR-AR,184,8,0.00871424749493599,7
seed_122,NR-AR,74,9,0.008635683916509151,19
seed_122,NR-AR,75,10,0.00862725917249918,13
seed_122,NR-AR,66,11,0.00850757583975792,13
seed_122,NR-AR,62,12,0.008492114022374153,24
seed_122,NR-AR,93,13,0.008451519533991814,16
seed_122,NR-AR,15,14,0.008311177603900433,26
seed_122,NR-AR,48,15,0.00783582217991352,7
seed_122,NR-AR,190,16,0.007685694843530655,13
seed_122,NR-AR,110,17,0.007685344200581312,20
seed_122,NR-AR,140,18,0.007601877674460411,19
seed_122,NR-AR,40,19,0.007518955506384373,6
seed_122,NR-AR,10,20,0.007480259519070387,17
seed_122,NR-AR,160,21,0.007443644106388092,11
seed_122,NR-AR,0,22,0.007442078087478876,20
seed_122,NR-AR,108,23,0.007401885464787483,14
seed_122,NR-AR,71,24,0.007373671047389507,11
seed_122,NR-AR,18,25,0.007130720186978579,4
seed_122,NR-AR,24,26,0.007100946735590696,21
seed_122,NR-AR,147,27,0.00707493769004941,16
seed_122,NR-AR,6,28,0.006973419338464737,18
seed_122,NR-AR,233,29,0.006941361352801323,6
seed_122,NR-AR,289,30,0.006914264988154173,2
seed_122,NR-AR,200,31,0.006841618102043867,8
seed_122,NR-AR,134,32,0.006831278558820486,3
seed_122,NR-AR,235,33,0.006799509283155203,5
seed_122,NR-AR,33,34,0.006790279410779476,17
seed_122,NR-AR,69,35,0.006768073886632919,8
seed_122,NR-AR,57,36,0.0067352596670389175,9
seed_122,NR-AR,49,37,0.00672465143725276,17
seed_122,NR-AR,31,38,0.006480639334768057,20
seed_122,NR-AR,86,39,0.006436288822442293,9
seed_122,NR-AR,114,40,0.006392159033566713,7
seed_122,NR-AR,211,41,0.0063871340826153755,13
seed_122,NR-AR,113,42,0.00635235570371151,13
seed_122,NR-AR,67,43,0.0063403588719666,16
seed_122,NR-AR,53,44,0.006298143416643143,6
seed_122,NR-AR,117,45,0.006233799271285534,7
seed_122,NR-AR,212,46,0.006218058057129383,7
seed_122,NR-AR,76,47,0.006212710402905941,2
seed_122,NR-AR,91,48,0.00618359399959445,6
seed_122,NR-AR,4,49,0.006176574621349573,9
seed_122,NR-AR,21,50,0.006092465948313475,13
seed_122,NR-AR,46,51,0.006092151161283255,13
seed_122,NR-AR,198,52,0.0060884468257427216,3
seed_122,NR-AR,1,53,0.0060808430425822735,6
seed_122,NR-AR,56,54,0.006072120741009712,17
seed_122,NR-AR,38,55,0.006015053018927574,4
seed_122,NR-AR,229,56,0.0060123056173324585,7
seed_122,NR-AR,189,57,0.005991559009999037,9
seed_122,NR-AR,206,58,0.005990024656057358,4
seed_122,NR-AR,136,59,0.005949338898062706,18
seed_122,NR-AR,45,60,0.005928694270551205,8
seed_122,NR-AR,126,61,0.005885348655283451,10
seed_122,NR-AR,80,62,0.005850803107023239,8
seed_122,NR-AR,231,63,0.0058466847985982895,8
seed_122,NR-AR,224,64,0.005845497362315655,2
seed_122,NR-AR,203,65,0.005843911319971085,4
seed_122,NR-AR,84,66,0.0057896338403224945,15
seed_122,NR-AR,122,67,0.00573389558121562,6
seed_122,NR-AR,12,68,0.005705174524337053,6
seed_122,NR-AR,215,69,0.0056737735867500305,4
seed_122,NR-AR,52,70,0.005654510110616684,16
seed_122,NR-AR,78,71,0.0056541389785707,5
seed_122,NR-AR,169,72,0.005653619300574064,8
seed_122,NR-AR,145,73,0.00564772030338645,17
seed_122,NR-AR,123,74,0.005614237394183874,11
seed_122,NR-AR,129,75,0.005607631057500839,9
seed_122,NR-AR,58,76,0.005536549724638462,10
seed_122,NR-AR,264,77,0.0055326661095023155,3
seed_122,NR-AR,250,78,0.005516742821782827,4
seed_122,NR-AR,130,79,0.005465896800160408,4
seed_122,NR-AR,258,80,0.005429746583104134,3
seed_122,NR-AR,135,81,0.00542334234341979,9
seed_122,NR-AR,2,82,0.0054206945933401585,14
seed_122,NR-AR,296,83,0.0053701079450547695,10
seed_122,NR-AR,146,84,0.005361033603549004,5
seed_122,NR-AR,92,85,0.005352133885025978,21
seed_122,NR-AR,5,86,0.005338331684470177,4
seed_122,NR-AR,133,87,0.005332954693585634,6
seed_122,NR-AR,51,88,0.005322709213942289,10
seed_122,NR-AR,161,89,0.005309205502271652,2
seed_122,NR-AR,17,90,0.0053054168820381165,5
seed_122,NR-AR,281,91,0.005297921597957611,1
seed_122,NR-AR,252,92,0.005280149634927511,4
seed_122,NR-AR,90,93,0.005250591319054365,6
seed_122,NR-AR,28,94,0.005231601186096668,7
seed_122,NR-AR,245,95,0.005149470642209053,15
seed_122,NR-AR,154,96,0.005111140664666891,5
seed_122,NR-AR,275,97,0.0051002963446080685,2
seed_122,NR-AR,139,98,0.005082385148853064,12
seed_122,NR-AR,148,99,0.005053234286606312,14
seed_122,NR-AR,243,100,0.004997758660465479,2
seed_122,NR-AR,219,101,0.004947258625179529,16
seed_122,NR-AR,73,102,0.004922598600387573,16
seed_122,NR-AR,79,103,0.004912632051855326,9
seed_122,NR-AR,87,104,0.004896228667348623,4
seed_122,NR-AR,104,105,0.004882920999079943,4
seed_122,NR-AR,173,106,0.004880442284047604,4
seed_122,NR-AR,127,107,0.0048682838678359985,4
seed_122,NR-AR,177,108,0.004858203697949648,4
seed_122,NR-AR,166,109,0.004848547745496035,6
seed_122,NR-AR,34,110,0.004841583780944347,5
seed_122,NR-AR,259,111,0.004822481889277697,2
seed_122,NR-AR,197,112,0.004803699441254139,3
seed_122,NR-AR,213,113,0.004776298068463802,4
seed_122,NR-AR,192,114,0.004774997942149639,3
seed_122,NR-AR,163,115,0.004769998602569103,3
seed_122,NR-AR,64,116,0.004702462814748287,7
seed_122,NR-AR,95,117,0.00468915281817317,4
seed_122,NR-AR,43,118,0.004591838922351599,9
seed_122,NR-AR,277,119,0.004591751843690872,1
seed_122,NR-AR,257,120,0.004562916699796915,8
seed_122,NR-AR,59,121,0.0045356350019574165,8
seed_122,NR-AR,25,122,0.00452687032520771,8
seed_122,NR-AR,269,123,0.004503042437136173,4
seed_122,NR-AR,175,124,0.004498178604990244,9
seed_122,NR-AR,276,125,0.004487787373363972,8
seed_122,NR-AR,196,126,0.004402177408337593,4
seed_122,NR-AR,157,127,0.004364910069853067,2
seed_122,NR-AR,217,128,0.004363443702459335,4
seed_122,NR-AR,172,129,0.004358275793492794,4
seed_122,NR-AR,204,130,0.004345640540122986,7
seed_122,NR-AR,14,131,0.004336204379796982,5
seed_122,NR-AR,193,132,0.004315911792218685,9
seed_122,NR-AR,228,133,0.004311923868954182,4
seed_122,NR-AR,132,134,0.004293118603527546,2
seed_122,NR-AR,124,135,0.00428570993244648,4
seed_122,NR-AR,27,136,0.004244164098054171,8
seed_122,NR-AR,30,137,0.004242757800966501,5
seed_122,NR-AR,44,138,0.004240937530994415,3
seed_122,NR-AR,185,139,0.004230516497045755,3
seed_122,NR-AR,187,140,0.004197683185338974,3
seed_122,NR-AR,144,141,0.004191185813397169,7
seed_122,NR-AR,287,142,0.004187558777630329,8
seed_122,NR-AR,83,143,0.004185839556157589,9
seed_122,NR-AR,105,144,0.004114663228392601,3
seed_122,NR-AR,50,145,0.004029804840683937,3
seed_122,NR-AR,279,146,0.003981413785368204,2
seed_122,NR-AR,107,147,0.003968147095292807,6
seed_122,NR-AR,273,148,0.003937195986509323,2
seed_122,NR-AR,239,149,0.003929765895009041,3
seed_122,NR-AR,82,150,0.0038277271669358015,4
seed_122,NR-AR,299,151,0.0038109933957457542,7
seed_122,NR-AR,121,152,0.003804277628660202,7
seed_122,NR-AR,201,153,0.003801395185291767,4
seed_122,NR-AR,72,154,0.003797211218625307,15
seed_122,NR-AR,292,155,0.00377084594219923,3
seed_122,NR-AR,39,156,0.0037635313346982002,9
seed_122,NR-AR,106,157,0.003745605703443289,4
seed_122,NR-AR,242,158,0.0037385441828519106,6
seed_122,NR-AR,251,159,0.0037001026794314384,3
seed_122,NR-AR,270,160,0.003692374099045992,4
seed_122,NR-AR,256,161,0.003669340629130602,2
seed_122,NR-AR,112,162,0.0036513954401016235,10
seed_122,NR-AR,283,163,0.0036313559394329786,2
seed_122,NR-AR,47,164,0.003626636229455471,4
seed_122,NR-AR,99,165,0.003621146082878113,7
seed_122,NR-AR,102,166,0.0036153914406895638,6
seed_122,NR-AR,36,167,0.003603896126151085,7
seed_122,NR-AR,142,168,0.0035925540141761303,3
seed_122,NR-AR,141,169,0.0035856643225997686,2
seed_122,NR-AR,125,170,0.003562396392226219,3
seed_122,NR-AR,291,171,0.0035465038381516933,2
seed_122,NR-AR,138,172,0.0035456104669719934,3
seed_122,NR-AR,179,173,0.0035103424452245235,3
seed_122,NR-AR,227,174,0.0035046166740357876,3
seed_122,NR-AR,152,175,0.003497278317809105,3
seed_122,NR-AR,271,176,0.0034784909803420305,3
seed_122,NR-AR,22,177,0.0034650005400180817,13
seed_122,NR-AR,55,178,0.0034425591584295034,6
seed_122,NR-AR,174,179,0.0034228400327265263,2
seed_122,NR-AR,77,180,0.003422269131988287,5
seed_122,NR-AR,268,181,0.0034069279208779335,4
seed_122,NR-AR,210,182,0.0033696084283292294,6
seed_122,NR-AR,207,183,0.003362060757353902,2
seed_122,NR-AR,265,184,0.003348325379192829,1
seed_122,NR-AR,16,185,0.003329743631184101,4
seed_122,NR-AR,222,186,0.003311165841296315,4
seed_122,NR-AR,290,187,0.0032438659109175205,10
seed_122,NR-AR,65,188,0.0032163190189749002,3
seed_122,NR-AR,170,189,0.0031539653427898884,6
seed_122,NR-AR,167,190,0.003144211135804653,6
seed_122,NR-AR,42,191,0.0031407636124640703,5
seed_122,NR-AR,96,192,0.00313883600756526,5
seed_122,NR-AR,37,193,0.0031343833543360233,7
seed_122,NR-AR,89,194,0.0031247208826243877,3
seed_122,NR-AR,263,195,0.0031178181525319815,6
seed_122,NR-AR,183,196,0.003089731326326728,7
seed_122,NR-AR,103,197,0.003089210717007518,3
seed_122,NR-AR,111,198,0.0030721977818757296,5
seed_122,NR-AR,54,199,0.0030441246926784515,5
seed_122,NR-AR,68,200,0.003012232016772032,2
seed_122,NR-AR,171,201,0.0030048175249248743,2
seed_122,NR-AR,109,202,0.0030043763108551502,7
seed_122,NR-AR,282,203,0.0030010268092155457,3
seed_122,NR-AR,61,204,0.0029961364343762398,6
seed_122,NR-AR,209,205,0.0029949748422950506,7
seed_122,NR-AR,225,206,0.00299456506036222,6
seed_122,NR-AR,98,207,0.0029700512532144785,2
seed_122,NR-AR,26,208,0.002937317593023181,4
seed_122,NR-AR,3,209,0.0029318486340343952,6
seed_122,NR-AR,248,210,0.0029014868196099997,2
seed_122,NR-AR,13,211,0.0028998935595154762,6
seed_122,NR-AR,230,212,0.0028858755249530077,3
seed_122,NR-AR,241,213,0.0028763306327164173,3
seed_122,NR-AR,101,214,0.00287004467099905,3
seed_122,NR-AR,164,215,0.002861926332116127,2
seed_122,NR-AR,284,216,0.00281989062204957,2
seed_122,NR-AR,137,217,0.002819045912474394,2
seed_122,NR-AR,155,218,0.002776551526039839,3
seed_122,NR-AR,181,219,0.002745621604844928,4
seed_122,NR-AR,188,220,0.002744623925536871,2
seed_122,NR-AR,116,221,0.002740503055974841,3
seed_122,NR-AR,202,222,0.002704109763726592,3
seed_122,NR-AR,247,223,0.002694933209568262,4
seed_122,NR-AR,195,224,0.002679964993149042,11
seed_122,NR-AR,156,225,0.0026282547041773796,2
seed_122,NR-AR,286,226,0.0026082468684762716,2
seed_122,NR-AR,246,227,0.002605510875582695,3
seed_122,NR-AR,180,228,0.0025865710340440273,5
seed_122,NR-AR,220,229,0.002564090071246028,2
seed_122,NR-AR,218,230,0.0025534036103636026,3
seed_122,NR-AR,297,231,0.002547810086980462,1
seed_122,NR-AR,221,232,0.0025341042783111334,6
seed_122,NR-AR,191,233,0.0025289631448686123,2
seed_122,NR-AR,186,234,0.002473942469805479,3
seed_122,NR-AR,85,235,0.002431819448247552,3
seed_122,NR-AR,267,236,0.0024151462130248547,2
seed_122,NR-AR,236,237,0.0024131042882800102,3
seed_122,NR-AR,120,238,0.00235823355615139,5
seed_122,NR-AR,249,239,0.0022778722923249006,3
seed_122,NR-AR,214,240,0.0022632020991295576,2
seed_122,NR-AR,97,241,0.0021935012191534042,2
seed_122,NR-AR,119,242,0.002193087013438344,2
seed_122,NR-AR,35,243,0.002168363891541958,4
seed_122,NR-AR,118,244,0.0021676216274499893,4
seed_122,NR-AR,100,245,0.0020929824095219374,3
seed_122,NR-AR,216,246,0.0020916464272886515,2
seed_122,NR-AR,94,247,0.0020108220633119345,2
seed_122,NR-AR,88,248,0.001977470936253667,4
seed_122,NR-AR,162,249,0.001961862901225686,3
seed_122,NR-AR,8,250,0.0019373088143765926,6
seed_122,NR-AR,288,251,0.0019360202131792903,2
seed_122,NR-AR,280,252,0.0019300879212096334,3
seed_122,NR-AR,262,253,0.0019191018072888255,3
seed_122,NR-AR,32,254,0.0019159101648256183,8
seed_122,NR-AR,205,255,0.0019114138558506966,3
seed_122,NR-AR,20,256,0.0019090023124590516,4
seed_122,NR-AR,176,257,0.0018936117412522435,5
seed_122,NR-AR,260,258,0.001886818208731711,5
seed_122,NR-AR,178,259,0.0018434571102261543,2
seed_122,NR-AR,240,260,0.001833315589465201,1
seed_122,NR-AR,237,261,0.0018131951801478863,2
seed_122,NR-AR,149,262,0.001803766586817801,2
seed_122,NR-AR,293,263,0.0017875286284834146,3
seed_122,NR-AR,131,264,0.0017853372264653444,2
seed_122,NR-AR,19,265,0.0017030390445142984,4
seed_122,NR-AR,158,266,0.0016886313678696752,3
seed_122,NR-AR,115,267,0.0016785066109150648,4
seed_122,NR-AR,143,268,0.001662814524024725,5
seed_122,NR-AR,238,269,0.0016539552016183734,1
seed_122,NR-AR,298,270,0.0016450283583253622,4
seed_122,NR-AR,60,271,0.0016160946106538177,3
seed_122,NR-AR,165,272,0.0015934817492961884,4
seed_122,NR-AR,41,273,0.0015893003437668085,2
seed_122,NR-AR,226,274,0.0015530685195699334,2
seed_122,NR-AR,255,275,0.001534489099867642,2
seed_122,NR-AR,234,276,0.0014735377626493573,2
seed_122,NR-AR,254,277,0.0014534154906868935,2
seed_122,NR-AR,274,278,0.0014295236906036735,2
seed_122,NR-AR,194,279,0.0013605225831270218,3
seed_122,NR-AR,261,280,0.001328783924691379,3
seed_122,NR-AR,11,281,0.0013207141309976578,2
seed_122,NR-AR,159,282,0.0012934578116983175,2
seed_122,NR-AR,208,283,0.0012806543381884694,3
seed_122,NR-AR,153,284,0.0011988147161900997,2
seed_122,NR-AR,223,285,0.0011909055756404996,2
seed_122,NR-AR,278,286,0.0011425844859331846,2
seed_122,NR-AR,9,287,0.0010949164861813188,3
seed_122,NR-AR,294,288,0.0010561997769400477,2
seed_122,NR-AR,266,289,0.0010093569289892912,1
seed_122,NR-AR,295,290,0.001000722637400031,2
seed_122,NR-AR,150,291,0.0009578873869031668,3
seed_122,NR-AR,253,292,0.0009474661201238632,1
seed_122,NR-AR,232,293,0.0009050267399288714,2
seed_122,NR-AR,272,294,0.0008894147467799485,1
seed_122,NR-AR,199,295,0.00083422806346789,2
seed_122,NR-AR,151,296,0.0006898199790157378,2
seed_122,NR-AR,182,297,0.0005346007528714836,2
seed_122,NR-AR,244,298,0.0004514613829087466,1
seed_122,NR-AR,285,299,0.00027632853016257286,1
seed_122,NR-Aromatase,168,0,0.016112398356199265,79
seed_122,NR-Aromatase,63,1,0.014107486233115196,51
seed_122,NR-Aromatase,110,2,0.013604053296148777,20
seed_122,NR-Aromatase,128,3,0.013341795653104782,42
seed_122,NR-Aromatase,33,4,0.012315343134105206,17
seed_122,NR-Aromatase,29,5,0.012232620269060135,39
seed_122,NR-Aromatase,23,6,0.011972945183515549,30
seed_122,NR-Aromatase,15,7,0.011009481735527515,26
seed_122,NR-Aromatase,84,8,0.010599448345601559,15
seed_122,NR-Aromatase,62,9,0.009938759729266167,24
seed_122,NR-Aromatase,92,10,0.00962526910007,21
seed_122,NR-Aromatase,140,11,0.009217502549290657,19
seed_122,NR-Aromatase,212,12,0.00918304082006216,7
seed_122,NR-Aromatase,49,13,0.009158211760222912,17
seed_122,NR-Aromatase,24,14,0.009149975143373013,21
seed_122,NR-Aromatase,0,15,0.00903391558676958,20
seed_122,NR-Aromatase,31,16,0.008975991047918797,20
seed_122,NR-Aromatase,5,17,0.008893290534615517,4
seed_122,NR-Aromatase,2,18,0.008843578398227692,14
seed_122,NR-Aromatase,135,19,0.008782586082816124,9
seed_122,NR-Aromatase,6,20,0.008765730075538158,18
seed_122,NR-Aromatase,193,21,0.00873189140111208,9
seed_122,NR-Aromatase,216,22,0.008634596131742,2
seed_122,NR-Aromatase,22,23,0.00862779002636671,13
seed_122,NR-Aromatase,75,24,0.008593768812716007,13
seed_122,NR-Aromatase,7,25,0.008235020563006401,33
seed_122,NR-Aromatase,10,26,0.008016422390937805,17
seed_122,NR-Aromatase,200,27,0.007982898503541946,8
seed_122,NR-Aromatase,148,28,0.007971984334290028,14
seed_122,NR-Aromatase,210,29,0.007882118225097656,6
seed_122,NR-Aromatase,145,30,0.007878472097218037,17
seed_122,NR-Aromatase,123,31,0.007859463803470135,11
seed_122,NR-Aromatase,93,32,0.007853207178413868,16
seed_122,NR-Aromatase,81,33,0.007828150875866413,19
seed_122,NR-Aromatase,245,34,0.007793043274432421,15
seed_122,NR-Aromatase,160,35,0.007756268139928579,11
seed_122,NR-Aromatase,46,36,0.007741640787571669,13
seed_122,NR-Aromatase,136,37,0.007738902699202299,18
seed_122,NR-Aromatase,113,38,0.007665840908885002,13
seed_122,NR-Aromatase,190,39,0.007660371717065573,13
seed_122,NR-Aromatase,74,40,0.007586929947137833,19
seed_122,NR-Aromatase,4,41,0.007556343916803598,9
seed_122,NR-Aromatase,219,42,0.00755271315574646,16
seed_122,NR-Aromatase,147,43,0.0074789682403206825,16
seed_122,NR-Aromatase,89,44,0.007473958656191826,3
seed_122,NR-Aromatase,70,45,0.007467303890734911,27
seed_122,NR-Aromatase,167,46,0.00720169534906745,6
seed_122,NR-Aromatase,183,47,0.0071975854225456715,7
seed_122,NR-Aromatase,21,48,0.0071631548926234245,13
seed_122,NR-Aromatase,69,49,0.0071219573728740215,8
seed_122,NR-Aromatase,67,50,0.007067399099469185,16
seed_122,NR-Aromatase,129,51,0.006875389721244574,9
seed_122,NR-Aromatase,263,52,0.006768276449292898,6
seed_122,NR-Aromatase,59,53,0.006633898243308067,8
seed_122,NR-Aromatase,126,54,0.00659773638471961,10
seed_122,NR-Aromatase,209,55,0.0065944259986281395,7
seed_122,NR-Aromatase,34,56,0.006589763332158327,5
seed_122,NR-Aromatase,42,57,0.0065443930216133595,5
seed_122,NR-Aromatase,72,58,0.0065261623822152615,15
seed_122,NR-Aromatase,299,59,0.0064666904509067535,7
seed_122,NR-Aromatase,102,60,0.006385756656527519,6
seed_122,NR-Aromatase,95,61,0.006368625909090042,4
seed_122,NR-Aromatase,39,62,0.006364957895129919,9
seed_122,NR-Aromatase,139,63,0.006317323539406061,12
seed_122,NR-Aromatase,177,64,0.006285422015935183,4
seed_122,NR-Aromatase,108,65,0.006208695471286774,14
seed_122,NR-Aromatase,99,66,0.006205693352967501,7
seed_122,NR-Aromatase,247,67,0.006177060771733522,4
seed_122,NR-Aromatase,86,68,0.006133316550403833,9
seed_122,NR-Aromatase,175,69,0.0061209481209516525,9
seed_122,NR-Aromatase,80,70,0.0061201429925858974,8
seed_122,NR-Aromatase,127,71,0.006096797063946724,4
seed_122,NR-Aromatase,90,72,0.006081963889300823,6
seed_122,NR-Aromatase,280,73,0.006056732498109341,3
seed_122,NR-Aromatase,205,74,0.006009895820170641,3
seed_122,NR-Aromatase,222,75,0.005982045084238052,4
seed_122,NR-Aromatase,189,76,0.005979353561997414,9
seed_122,NR-Aromatase,17,77,0.005951336584985256,5
seed_122,NR-Aromatase,117,78,0.005942877847701311,7
seed_122,NR-Aromatase,43,79,0.005937882233411074,9
seed_122,NR-Aromatase,71,80,0.0059205093421041965,11
seed_122,NR-Aromatase,262,81,0.005863204598426819,3
seed_122,NR-Aromatase,13,82,0.005838263779878616,6
seed_122,NR-Aromatase,230,83,0.005819294136017561,3
seed_122,NR-Aromatase,18,84,0.005817831493914127,4
seed_122,NR-Aromatase,107,85,0.005814353935420513,6
seed_122,NR-Aromatase,96,86,0.005798285361379385,5
seed_122,NR-Aromatase,289,87,0.005781322252005339,2
seed_122,NR-Aromatase,14,88,0.005731807090342045,5
seed_122,NR-Aromatase,273,89,0.005682415794581175,2
seed_122,NR-Aromatase,28,90,0.005675948690623045,7
seed_122,NR-Aromatase,296,91,0.005673500709235668,10
seed_122,NR-Aromatase,77,92,0.005653319880366325,5
seed_122,NR-Aromatase,184,93,0.005646411795169115,7
seed_122,NR-Aromatase,226,94,0.005643058568239212,2
seed_122,NR-Aromatase,211,95,0.005611328408122063,13
seed_122,NR-Aromatase,146,96,0.005591719411313534,5
seed_122,NR-Aromatase,121,97,0.0055375611409544945,7
seed_122,NR-Aromatase,57,98,0.005504194647073746,9
seed_122,NR-Aromatase,55,99,0.005483230110257864,6
seed_122,NR-Aromatase,257,100,0.005427569150924683,8
seed_122,NR-Aromatase,233,101,0.005400709342211485,6
seed_122,NR-Aromatase,266,102,0.005380582995712757,1
seed_122,NR-Aromatase,260,103,0.005372533109039068,5
seed_122,NR-Aromatase,156,104,0.0053635090589523315,2
seed_122,NR-Aromatase,53,105,0.005330325104296207,6
seed_122,NR-Aromatase,217,106,0.005330187268555164,4
seed_122,NR-Aromatase,58,107,0.005323742050677538,10
seed_122,NR-Aromatase,87,108,0.005322691053152084,4
seed_122,NR-Aromatase,52,109,0.0053047360852360725,16
seed_122,NR-Aromatase,276,110,0.005293884314596653,8
seed_122,NR-Aromatase,91,111,0.005289701744914055,6
seed_122,NR-Aromatase,152,112,0.005289493594318628,3
seed_122,NR-Aromatase,120,113,0.00526497233659029,5
seed_122,NR-Aromatase,267,114,0.005237380042672157,2
seed_122,NR-Aromatase,56,115,0.005236314609646797,17
seed_122,NR-Aromatase,240,116,0.005229308735579252,1
seed_122,NR-Aromatase,229,117,0.005190801341086626,7
seed_122,NR-Aromatase,225,118,0.005181702319532633,6
seed_122,NR-Aromatase,294,119,0.0051353806629776955,2
seed_122,NR-Aromatase,195,120,0.005068671889603138,11
seed_122,NR-Aromatase,114,121,0.005061579868197441,7
seed_122,NR-Aromatase,208,122,0.005059846676886082,3
seed_122,NR-Aromatase,220,123,0.005045242141932249,2
seed_122,NR-Aromatase,64,124,0.00503340270370245,7
seed_122,NR-Aromatase,174,125,0.0050260876305401325,2
seed_122,NR-Aromatase,169,126,0.005011743400245905,8
seed_122,NR-Aromatase,9,127,0.005003110505640507,3
seed_122,NR-Aromatase,218,128,0.004973407369107008,3
seed_122,NR-Aromatase,185,129,0.004964051768183708,3
seed_122,NR-Aromatase,82,130,0.004953720606863499,4
seed_122,NR-Aromatase,104,131,0.00489080511033535,4
seed_122,NR-Aromatase,122,132,0.00488410284742713,6
seed_122,NR-Aromatase,192,133,0.004836617037653923,3
seed_122,NR-Aromatase,50,134,0.004805870819836855,3
seed_122,NR-Aromatase,196,135,0.004770489409565926,4
seed_122,NR-Aromatase,278,136,0.004758819937705994,2
seed_122,NR-Aromatase,79,137,0.004749662708491087,9
seed_122,NR-Aromatase,83,138,0.004748181905597448,9
seed_122,NR-Aromatase,285,139,0.004733207635581493,1
seed_122,NR-Aromatase,242,140,0.004728107247501612,6
seed_122,NR-Aromatase,112,141,0.0046974774450063705,10
seed_122,NR-Aromatase,142,142,0.004667310044169426,3
seed_122,NR-Aromatase,48,143,0.004641421604901552,7
seed_122,NR-Aromatase,3,144,0.00458182767033577,6
seed_122,NR-Aromatase,231,145,0.004567072726786137,8
seed_122,NR-Aromatase,106,146,0.004501585848629475,4
seed_122,NR-Aromatase,287,147,0.004477172624319792,8
seed_122,NR-Aromatase,176,148,0.004454519599676132,5
seed_122,NR-Aromatase,163,149,0.004439950454980135,3
seed_122,NR-Aromatase,66,150,0.004424080718308687,13
seed_122,NR-Aromatase,239,151,0.0044150021858513355,3
seed_122,NR-Aromatase,116,152,0.004413987044245005,3
seed_122,NR-Aromatase,32,153,0.0043950011022388935,8
seed_122,NR-Aromatase,277,154,0.004392645321786404,1
seed_122,NR-Aromatase,198,155,0.004386768210679293,3
seed_122,NR-Aromatase,45,156,0.004364318680018187,8
seed_122,NR-Aromatase,25,157,0.004358632490038872,8
seed_122,NR-Aromatase,54,158,0.004339105915278196,5
seed_122,NR-Aromatase,37,159,0.004315204918384552,7
seed_122,NR-Aromatase,290,160,0.004256577230989933,10
seed_122,NR-Aromatase,213,161,0.004254432395100594,4
seed_122,NR-Aromatase,38,162,0.004160451237112284,4
seed_122,NR-Aromatase,253,163,0.004151134751737118,1
seed_122,NR-Aromatase,288,164,0.004148020874708891,2
seed_122,NR-Aromatase,124,165,0.004121387843042612,4
seed_122,NR-Aromatase,51,166,0.004096243064850569,10
seed_122,NR-Aromatase,16,167,0.004072172567248344,4
seed_122,NR-Aromatase,251,168,0.0040703727863729,3
seed_122,NR-Aromatase,170,169,0.004031936638057232,6
seed_122,NR-Aromatase,133,170,0.003995663020759821,6
seed_122,NR-Aromatase,162,171,0.003994700498878956,3
seed_122,NR-Aromatase,214,172,0.00396566791459918,2
seed_122,NR-Aromatase,179,173,0.003939943388104439,3
seed_122,NR-Aromatase,237,174,0.003935469314455986,2
seed_122,NR-Aromatase,12,175,0.003912051673978567,6
seed_122,NR-Aromatase,61,176,0.0039016176015138626,6
seed_122,NR-Aromatase,125,177,0.0038730010855942965,3
seed_122,NR-Aromatase,73,178,0.00386632326990366,16
seed_122,NR-Aromatase,259,179,0.0038480639923363924,2
seed_122,NR-Aromatase,268,180,0.0038392599672079086,4
seed_122,NR-Aromatase,248,181,0.0038049884606152773,2
seed_122,NR-Aromatase,105,182,0.0037986882962286472,3
seed_122,NR-Aromatase,118,183,0.003796986071392894,4
seed_122,NR-Aromatase,249,184,0.003783338936045766,3
seed_122,NR-Aromatase,166,185,0.003774265991523862,6
seed_122,NR-Aromatase,35,186,0.003773923497647047,4
seed_122,NR-Aromatase,221,187,0.0037483482155948877,6
seed_122,NR-Aromatase,181,188,0.0036669569090008736,4
seed_122,NR-Aromatase,98,189,0.003655575215816498,2
seed_122,NR-Aromatase,1,190,0.0036168498918414116,6
seed_122,NR-Aromatase,254,191,0.003588214050978422,2
seed_122,NR-Aromatase,207,192,0.003567696548998356,2
seed_122,NR-Aromatase,94,193,0.0035646124742925167,2
seed_122,NR-Aromatase,241,194,0.003549316432327032,3
seed_122,NR-Aromatase,20,195,0.003542971098795533,4
seed_122,NR-Aromatase,270,196,0.0035348706878721714,4
seed_122,NR-Aromatase,115,197,0.003512428142130375,4
seed_122,NR-Aromatase,143,198,0.003506135893985629,5
seed_122,NR-Aromatase,119,199,0.0034718315582722425,2
seed_122,NR-Aromatase,282,200,0.003444580128416419,3
seed_122,NR-Aromatase,203,201,0.0034393402747809887,4
seed_122,NR-Aromatase,269,202,0.0034350715577602386,4
seed_122,NR-Aromatase,30,203,0.003418620442971587,5
seed_122,NR-Aromatase,97,204,0.0033984545152634382,2
seed_122,NR-Aromatase,204,205,0.003396415151655674,7
seed_122,NR-Aromatase,36,206,0.0033659024629741907,7
seed_122,NR-Aromatase,144,207,0.0033498199190944433,7
seed_122,NR-Aromatase,187,208,0.003348991274833679,3
seed_122,NR-Aromatase,165,209,0.0033432841300964355,4
seed_122,NR-Aromatase,194,210,0.0033334456384181976,3
seed_122,NR-Aromatase,130,211,0.003255680203437805,4
seed_122,NR-Aromatase,65,212,0.003246237989515066,3
seed_122,NR-Aromatase,164,213,0.00322597473859787,2
seed_122,NR-Aromatase,27,214,0.003202090971171856,8
seed_122,NR-Aromatase,103,215,0.0031928461976349354,3
seed_122,NR-Aromatase,172,216,0.00315971951931715,4
seed_122,NR-Aromatase,47,217,0.003151044249534607,4
seed_122,NR-Aromatase,182,218,0.003128722542896867,2
seed_122,NR-Aromatase,258,219,0.0030842535197734833,3
seed_122,NR-Aromatase,159,220,0.003079152898862958,2
seed_122,NR-Aromatase,173,221,0.0030775610357522964,4
seed_122,NR-Aromatase,178,222,0.003066180506721139,2
seed_122,NR-Aromatase,250,223,0.003064114134758711,4
seed_122,NR-Aromatase,252,224,0.0030485019087791443,4
seed_122,NR-Aromatase,111,225,0.003004510886967182,5
seed_122,NR-Aromatase,40,226,0.002953288843855262,6
seed_122,NR-Aromatase,78,227,0.002952078590169549,5
seed_122,NR-Aromatase,261,228,0.002947418252006173,3
seed_122,NR-Aromatase,293,229,0.0028924730140715837,3
seed_122,NR-Aromatase,202,230,0.0028778493870049715,3
seed_122,NR-Aromatase,161,231,0.0028420742601156235,2
seed_122,NR-Aromatase,138,232,0.002827921649441123,3
seed_122,NR-Aromatase,271,233,0.0028217046055942774,3
seed_122,NR-Aromatase,292,234,0.0028047857340425253,3
seed_122,NR-Aromatase,154,235,0.0027968171052634716,5
seed_122,NR-Aromatase,157,236,0.002789502963423729,2
seed_122,NR-Aromatase,141,237,0.002768775215372443,2
seed_122,NR-Aromatase,131,238,0.0027467268519103527,2
seed_122,NR-Aromatase,238,239,0.0027170090470463037,1
seed_122,NR-Aromatase,26,240,0.0026996778324246407,4
seed_122,NR-Aromatase,88,241,0.0026992501225322485,4
seed_122,NR-Aromatase,8,242,0.00269602844491601,6
seed_122,NR-Aromatase,85,243,0.0026845198590308428,3
seed_122,NR-Aromatase,281,244,0.002683324506506324,1
seed_122,NR-Aromatase,137,245,0.002662976970896125,2
seed_122,NR-Aromatase,68,246,0.0026546779554337263,2
seed_122,NR-Aromatase,197,247,0.0026482853572815657,3
seed_122,NR-Aromatase,235,248,0.0026025783736258745,5
seed_122,NR-Aromatase,291,249,0.002598842605948448,2
seed_122,NR-Aromatase,227,250,0.0025696333032101393,3
seed_122,NR-Aromatase,223,251,0.0025518289767205715,2
seed_122,NR-Aromatase,236,252,0.0025493348948657513,3
seed_122,NR-Aromatase,201,253,0.0025447611697018147,4
seed_122,NR-Aromatase,180,254,0.0025212960317730904,5
seed_122,NR-Aromatase,100,255,0.0024998707231134176,3
seed_122,NR-Aromatase,44,256,0.002499605529010296,3
seed_122,NR-Aromatase,295,257,0.0024428353644907475,2
seed_122,NR-Aromatase,150,258,0.0024407189339399338,3
seed_122,NR-Aromatase,206,259,0.0023628086782991886,4
seed_122,NR-Aromatase,60,260,0.0023104187566787004,3
seed_122,NR-Aromatase,275,261,0.002226713113486767,2
seed_122,NR-Aromatase,264,262,0.002201319672167301,3
seed_122,NR-Aromatase,199,263,0.0021561728790402412,2
seed_122,NR-Aromatase,243,264,0.0021478934213519096,2
seed_122,NR-Aromatase,11,265,0.0021303552202880383,2
seed_122,NR-Aromatase,109,266,0.0021302923560142517,7
seed_122,NR-Aromatase,286,267,0.002110749017447233,2
seed_122,NR-Aromatase,132,268,0.002048726426437497,2
seed_122,NR-Aromatase,134,269,0.0020345968659967184,3
seed_122,NR-Aromatase,149,270,0.0019601222593337297,2
seed_122,NR-Aromatase,256,271,0.0019228620221838355,2
seed_122,NR-Aromatase,298,272,0.001887688646093011,4
seed_122,NR-Aromatase,186,273,0.0018720499938353896,3
seed_122,NR-Aromatase,19,274,0.0018606679514050484,4
seed_122,NR-Aromatase,246,275,0.0018214273732155561,3
seed_122,NR-Aromatase,283,276,0.0018119579181075096,2
seed_122,NR-Aromatase,228,277,0.0018102721078321338,4
seed_122,NR-Aromatase,153,278,0.0017604859312996268,2
seed_122,NR-Aromatase,215,279,0.0016955072060227394,4
seed_122,NR-Aromatase,158,280,0.0016913944855332375,3
seed_122,NR-Aromatase,191,281,0.0016372248064726591,2
seed_122,NR-Aromatase,76,282,0.0015136862639337778,2
seed_122,NR-Aromatase,151,283,0.001376593136228621,2
seed_122,NR-Aromatase,155,284,0.0013721906580030918,3
seed_122,NR-Aromatase,188,285,0.0013378179864957929,2
seed_122,NR-Aromatase,284,286,0.0012320586247369647,2
seed_122,NR-Aromatase,272,287,0.0012288371799513698,1
seed_122,NR-Aromatase,234,288,0.0011675546411424875,2
seed_122,NR-Aromatase,232,289,0.001157401129603386,2
seed_122,NR-Aromatase,101,290,0.0011364321690052748,3
seed_122,NR-Aromatase,171,291,0.001128159579820931,2
seed_122,NR-Aromatase,274,292,0.0011270252289250493,2
seed_122,NR-Aromatase,224,293,0.0011234922567382455,2
seed_122,NR-Aromatase,279,294,0.0010504660895094275,2
seed_122,NR-Aromatase,255,295,0.0009687536512501538,2
seed_122,NR-Aromatase,244,296,0.0006940941093489528,1
seed_122,NR-Aromatase,265,297,0.00038502729148603976,1
seed_122,NR-Aromatase,297,298,0.00035081541864201427,1
seed_122,NR-Aromatase,41,299,0.0002951211645267904,2
seed_122,NR-PPAR-gamma,63,0,0.016595492139458656,51
seed_122,NR-PPAR-gamma,168,1,0.016540447250008583,79
seed_122,NR-PPAR-gamma,128,2,0.014782389625906944,42
seed_122,NR-PPAR-gamma,29,3,0.013746661134064198,39
seed_122,NR-PPAR-gamma,23,4,0.012234220281243324,30
seed_122,NR-PPAR-gamma,138,5,0.011930381879210472,3
seed_122,NR-PPAR-gamma,56,6,0.011841489002108574,17
seed_122,NR-PPAR-gamma,140,7,0.011829210445284843,19
seed_122,NR-PPAR-gamma,70,8,0.01138043962419033,27
seed_122,NR-PPAR-gamma,112,9,0.01133373286575079,10
seed_122,NR-PPAR-gamma,7,10,0.011294825933873653,33
seed_122,NR-PPAR-gamma,129,11,0.011221273802220821,9
seed_122,NR-PPAR-gamma,83,12,0.011217278428375721,9
seed_122,NR-PPAR-gamma,62,13,0.011088098399341106,24
seed_122,NR-PPAR-gamma,31,14,0.010858023539185524,20
seed_122,NR-PPAR-gamma,15,15,0.010855155996978283,26
seed_122,NR-PPAR-gamma,144,16,0.010760573670268059,7
seed_122,NR-PPAR-gamma,0,17,0.01073943916708231,20
seed_122,NR-PPAR-gamma,75,18,0.010665536858141422,13
seed_122,NR-PPAR-gamma,33,19,0.010609368793666363,17
seed_122,NR-PPAR-gamma,36,20,0.010544533841311932,7
seed_122,NR-PPAR-gamma,219,21,0.01051381416618824,16
seed_122,NR-PPAR-gamma,110,22,0.010338786989450455,20
seed_122,NR-PPAR-gamma,21,23,0.010206242091953754,13
seed_122,NR-PPAR-gamma,67,24,0.010188054293394089,16
seed_122,NR-PPAR-gamma,125,25,0.01017739251255989,3
seed_122,NR-PPAR-gamma,22,26,0.010037168860435486,13
seed_122,NR-PPAR-gamma,46,27,0.010005390271544456,13
seed_122,NR-PPAR-gamma,74,28,0.009927851147949696,19
seed_122,NR-PPAR-gamma,108,29,0.009886368177831173,14
seed_122,NR-PPAR-gamma,247,30,0.00985328946262598,4
seed_122,NR-PPAR-gamma,49,31,0.009796665981411934,17
seed_122,NR-PPAR-gamma,136,32,0.009752749465405941,18
seed_122,NR-PPAR-gamma,2,33,0.009664013981819153,14
seed_122,NR-PPAR-gamma,81,34,0.009631717577576637,19
seed_122,NR-PPAR-gamma,51,35,0.009624912403523922,10
seed_122,NR-PPAR-gamma,147,36,0.009419704787433147,16
seed_122,NR-PPAR-gamma,17,37,0.009388236328959465,5
seed_122,NR-PPAR-gamma,24,38,0.00938054732978344,21
seed_122,NR-PPAR-gamma,139,39,0.009349193423986435,12
seed_122,NR-PPAR-gamma,42,40,0.009314187802374363,5
seed_122,NR-PPAR-gamma,6,41,0.00923350639641285,18
seed_122,NR-PPAR-gamma,3,42,0.009231853298842907,6
seed_122,NR-PPAR-gamma,235,43,0.00922621600329876,5
seed_122,NR-PPAR-gamma,254,44,0.009118174202740192,2
seed_122,NR-PPAR-gamma,86,45,0.009008252061903477,9
seed_122,NR-PPAR-gamma,10,46,0.00897272303700447,17
seed_122,NR-PPAR-gamma,181,47,0.008951690047979355,4
seed_122,NR-PPAR-gamma,274,48,0.008778340183198452,2
seed_122,NR-PPAR-gamma,239,49,0.008763514459133148,3
seed_122,NR-PPAR-gamma,228,50,0.008744190447032452,4
seed_122,NR-PPAR-gamma,245,51,0.008554958738386631,15
seed_122,NR-PPAR-gamma,12,52,0.008541189134120941,6
seed_122,NR-PPAR-gamma,166,53,0.00848458893597126,6
seed_122,NR-PPAR-gamma,93,54,0.008472653105854988,16
seed_122,NR-PPAR-gamma,148,55,0.00843094103038311,14
seed_122,NR-PPAR-gamma,27,56,0.008244856260716915,8
seed_122,NR-PPAR-gamma,123,57,0.008182881399989128,11
seed_122,NR-PPAR-gamma,122,58,0.008102175779640675,6
seed_122,NR-PPAR-gamma,92,59,0.00808357261121273,21
seed_122,NR-PPAR-gamma,195,60,0.008064230903983116,11
seed_122,NR-PPAR-gamma,57,61,0.008025586605072021,9
seed_122,NR-PPAR-gamma,52,62,0.007985789328813553,16
seed_122,NR-PPAR-gamma,202,63,0.00786972139030695,3
seed_122,NR-PPAR-gamma,126,64,0.007849365472793579,10
seed_122,NR-PPAR-gamma,152,65,0.007829067297279835,3
seed_122,NR-PPAR-gamma,113,66,0.007752256467938423,13
seed_122,NR-PPAR-gamma,244,67,0.007707715965807438,1
seed_122,NR-PPAR-gamma,59,68,0.007671889383345842,8
seed_122,NR-PPAR-gamma,66,69,0.007652674335986376,13
seed_122,NR-PPAR-gamma,25,70,0.00760106835514307,8
seed_122,NR-PPAR-gamma,64,71,0.00756398169323802,7
seed_122,NR-PPAR-gamma,210,72,0.007403302937746048,6
seed_122,NR-PPAR-gamma,145,73,0.007334797643125057,17
seed_122,NR-PPAR-gamma,73,74,0.007321922108530998,16
seed_122,NR-PPAR-gamma,233,75,0.007260635029524565,6
seed_122,NR-PPAR-gamma,19,76,0.00725300470367074,4
seed_122,NR-PPAR-gamma,200,77,0.007232003845274448,8
seed_122,NR-PPAR-gamma,84,78,0.007220259867608547,15
seed_122,NR-PPAR-gamma,80,79,0.007216265425086021,8
seed_122,NR-PPAR-gamma,183,80,0.007202397100627422,7
seed_122,NR-PPAR-gamma,246,81,0.007201719097793102,3
seed_122,NR-PPAR-gamma,55,82,0.007149748038500547,6
seed_122,NR-PPAR-gamma,185,83,0.007144104689359665,3
seed_122,NR-PPAR-gamma,117,84,0.007037014700472355,7
seed_122,NR-PPAR-gamma,186,85,0.006990356370806694,3
seed_122,NR-PPAR-gamma,53,86,0.006973748095333576,6
seed_122,NR-PPAR-gamma,257,87,0.006939772516489029,8
seed_122,NR-PPAR-gamma,34,88,0.006939659360796213,5
seed_122,NR-PPAR-gamma,203,89,0.00692466925829649,4
seed_122,NR-PPAR-gamma,38,90,0.006906355265527964,4
seed_122,NR-PPAR-gamma,249,91,0.00688193691894412,3
seed_122,NR-PPAR-gamma,296,92,0.0068270424380898476,10
seed_122,NR-PPAR-gamma,196,93,0.0067901317961514,4
seed_122,NR-PPAR-gamma,39,94,0.0067877680994570255,9
seed_122,NR-PPAR-gamma,45,95,0.00677555613219738,8
seed_122,NR-PPAR-gamma,176,96,0.0067466851323843,5
seed_122,NR-PPAR-gamma,4,97,0.006738816853612661,9
seed_122,NR-PPAR-gamma,190,98,0.006732214707881212,13
seed_122,NR-PPAR-gamma,61,99,0.006730922032147646,6
seed_122,NR-PPAR-gamma,109,100,0.00668319221585989,7
seed_122,NR-PPAR-gamma,58,101,0.006668915040791035,10
seed_122,NR-PPAR-gamma,287,102,0.006667823530733585,8
seed_122,NR-PPAR-gamma,40,103,0.006592372432351112,6
seed_122,NR-PPAR-gamma,134,104,0.006582354661077261,3
seed_122,NR-PPAR-gamma,165,105,0.0065747336484491825,4
seed_122,NR-PPAR-gamma,276,106,0.006566893775016069,8
seed_122,NR-PPAR-gamma,69,107,0.006540670525282621,8
seed_122,NR-PPAR-gamma,43,108,0.006519243586808443,9
seed_122,NR-PPAR-gamma,189,109,0.006518922746181488,9
seed_122,NR-PPAR-gamma,218,110,0.006479486357420683,3
seed_122,NR-PPAR-gamma,132,111,0.006460281554609537,2
seed_122,NR-PPAR-gamma,142,112,0.006449978798627853,3
seed_122,NR-PPAR-gamma,209,113,0.00639386149123311,7
seed_122,NR-PPAR-gamma,150,114,0.006385679356753826,3
seed_122,NR-PPAR-gamma,54,115,0.006372910458594561,5
seed_122,NR-PPAR-gamma,115,116,0.006180094089359045,4
seed_122,NR-PPAR-gamma,204,117,0.006151649169623852,7
seed_122,NR-PPAR-gamma,121,118,0.0061454023234546185,7
seed_122,NR-PPAR-gamma,48,119,0.006115524563938379,7
seed_122,NR-PPAR-gamma,175,120,0.00607847748324275,9
seed_122,NR-PPAR-gamma,193,121,0.006033431738615036,9
seed_122,NR-PPAR-gamma,107,122,0.006017647217959166,6
seed_122,NR-PPAR-gamma,169,123,0.006014535669237375,8
seed_122,NR-PPAR-gamma,211,124,0.0060079870745539665,13
seed_122,NR-PPAR-gamma,13,125,0.00600688811391592,6
seed_122,NR-PPAR-gamma,90,126,0.005999129731208086,6
seed_122,NR-PPAR-gamma,133,127,0.005995717365294695,6
seed_122,NR-PPAR-gamma,229,128,0.0059898183681070805,7
seed_122,NR-PPAR-gamma,102,129,0.005974054802209139,6
seed_122,NR-PPAR-gamma,101,130,0.005969739519059658,3
seed_122,NR-PPAR-gamma,299,131,0.005941741168498993,7
seed_122,NR-PPAR-gamma,160,132,0.005836460739374161,11
seed_122,NR-PPAR-gamma,135,133,0.005814393516629934,9
seed_122,NR-PPAR-gamma,32,134,0.005801791790872812,8
seed_122,NR-PPAR-gamma,167,135,0.005788091104477644,6
seed_122,NR-PPAR-gamma,242,136,0.005781412590295076,6
seed_122,NR-PPAR-gamma,236,137,0.005766972433775663,3
seed_122,NR-PPAR-gamma,72,138,0.005761065986007452,15
seed_122,NR-PPAR-gamma,206,139,0.005741391330957413,4
seed_122,NR-PPAR-gamma,26,140,0.005733253434300423,4
seed_122,NR-PPAR-gamma,18,141,0.005733202211558819,4
seed_122,NR-PPAR-gamma,283,142,0.005712206941097975,2
seed_122,NR-PPAR-gamma,1,143,0.005702397786080837,6
seed_122,NR-PPAR-gamma,256,144,0.005698955152183771,2
seed_122,NR-PPAR-gamma,114,145,0.005692242179065943,7
seed_122,NR-PPAR-gamma,264,146,0.005691066384315491,3
seed_122,NR-PPAR-gamma,221,147,0.0056865764781832695,6
seed_122,NR-PPAR-gamma,143,148,0.005680250469595194,5
seed_122,NR-PPAR-gamma,91,149,0.005666736047714949,6
seed_122,NR-PPAR-gamma,251,150,0.005535587668418884,3
seed_122,NR-PPAR-gamma,290,151,0.005532544571906328,10
seed_122,NR-PPAR-gamma,191,152,0.005493650212883949,2
seed_122,NR-PPAR-gamma,99,153,0.005465980153530836,7
seed_122,NR-PPAR-gamma,270,154,0.005435056518763304,4
seed_122,NR-PPAR-gamma,98,155,0.005383896175771952,2
seed_122,NR-PPAR-gamma,71,156,0.005363181699067354,11
seed_122,NR-PPAR-gamma,212,157,0.005353123880922794,7
seed_122,NR-PPAR-gamma,162,158,0.005346993915736675,3
seed_122,NR-PPAR-gamma,119,159,0.005320655647665262,2
seed_122,NR-PPAR-gamma,217,160,0.005284091457724571,4
seed_122,NR-PPAR-gamma,187,161,0.005262240767478943,3
seed_122,NR-PPAR-gamma,198,162,0.005246778950095177,3
seed_122,NR-PPAR-gamma,177,163,0.005202227272093296,4
seed_122,NR-PPAR-gamma,79,164,0.005188800860196352,9
seed_122,NR-PPAR-gamma,20,165,0.005177998915314674,4
seed_122,NR-PPAR-gamma,298,166,0.005143213085830212,4
seed_122,NR-PPAR-gamma,30,167,0.005132171791046858,5
seed_122,NR-PPAR-gamma,297,168,0.005104765295982361,1
seed_122,NR-PPAR-gamma,130,169,0.005097146145999432,4
seed_122,NR-PPAR-gamma,104,170,0.005004516337066889,4
seed_122,NR-PPAR-gamma,65,171,0.004997758194804192,3
seed_122,NR-PPAR-gamma,231,172,0.004900532308965921,8
seed_122,NR-PPAR-gamma,158,173,0.004839685279875994,3
seed_122,NR-PPAR-gamma,222,174,0.004813732113689184,4
seed_122,NR-PPAR-gamma,105,175,0.0047949436120688915,3
seed_122,NR-PPAR-gamma,120,176,0.004794624168425798,5
seed_122,NR-PPAR-gamma,82,177,0.004755626432597637,4
seed_122,NR-PPAR-gamma,216,178,0.004729083273559809,2
seed_122,NR-PPAR-gamma,201,179,0.004680569749325514,4
seed_122,NR-PPAR-gamma,215,180,0.00464282650500536,4
seed_122,NR-PPAR-gamma,259,181,0.004623225890100002,2
seed_122,NR-PPAR-gamma,267,182,0.004613280296325684,2
seed_122,NR-PPAR-gamma,16,183,0.004592947196215391,4
seed_122,NR-PPAR-gamma,294,184,0.0045813811011612415,2
seed_122,NR-PPAR-gamma,28,185,0.004576193168759346,7
seed_122,NR-PPAR-gamma,85,186,0.004573187790811062,3
seed_122,NR-PPAR-gamma,116,187,0.004559546243399382,3
seed_122,NR-PPAR-gamma,277,188,0.0045523191802203655,1
seed_122,NR-PPAR-gamma,252,189,0.004529693629592657,4
seed_122,NR-PPAR-gamma,178,190,0.0045262547209858894,2
seed_122,NR-PPAR-gamma,88,191,0.004490048624575138,4
seed_122,NR-PPAR-gamma,111,192,0.004489254206418991,5
seed_122,NR-PPAR-gamma,260,193,0.004473969805985689,5
seed_122,NR-PPAR-gamma,226,194,0.004451486747711897,2
seed_122,NR-PPAR-gamma,184,195,0.0044351788237690926,7
seed_122,NR-PPAR-gamma,89,196,0.004418586380779743,3
seed_122,NR-PPAR-gamma,78,197,0.004367029760032892,5
seed_122,NR-PPAR-gamma,208,198,0.004359138198196888,3
seed_122,NR-PPAR-gamma,241,199,0.00435727508738637,3
seed_122,NR-PPAR-gamma,255,200,0.004336337558925152,2
seed_122,NR-PPAR-gamma,87,201,0.004333683289587498,4
seed_122,NR-PPAR-gamma,170,202,0.004273470025509596,6
seed_122,NR-PPAR-gamma,100,203,0.0042711240239441395,3
seed_122,NR-PPAR-gamma,96,204,0.004258023574948311,5
seed_122,NR-PPAR-gamma,291,205,0.004251696169376373,2
seed_122,NR-PPAR-gamma,44,206,0.004236137494444847,3
seed_122,NR-PPAR-gamma,261,207,0.004225180484354496,3
seed_122,NR-PPAR-gamma,227,208,0.004162122495472431,3
seed_122,NR-PPAR-gamma,8,209,0.004141505807638168,6
seed_122,NR-PPAR-gamma,131,210,0.004088204354047775,2
seed_122,NR-PPAR-gamma,14,211,0.004066950175911188,5
seed_122,NR-PPAR-gamma,137,212,0.004056123085319996,2
seed_122,NR-PPAR-gamma,118,213,0.004001517314463854,4
seed_122,NR-PPAR-gamma,77,214,0.003942726645618677,5
seed_122,NR-PPAR-gamma,146,215,0.0039392379112541676,5
seed_122,NR-PPAR-gamma,271,216,0.003887399099767208,3
seed_122,NR-PPAR-gamma,103,217,0.003818429308012128,3
seed_122,NR-PPAR-gamma,173,218,0.003803250612691045,4
seed_122,NR-PPAR-gamma,11,219,0.003728345036506653,2
seed_122,NR-PPAR-gamma,37,220,0.003716658568009734,7
seed_122,NR-PPAR-gamma,192,221,0.003714909078553319,3
seed_122,NR-PPAR-gamma,232,222,0.0036979387514293194,2
seed_122,NR-PPAR-gamma,268,223,0.00367415021173656,4
seed_122,NR-PPAR-gamma,172,224,0.0036706803366541862,4
seed_122,NR-PPAR-gamma,263,225,0.003652503015473485,6
seed_122,NR-PPAR-gamma,269,226,0.003634619526565075,4
seed_122,NR-PPAR-gamma,207,227,0.0035967992153018713,2
seed_122,NR-PPAR-gamma,149,228,0.0035824596416205168,2
seed_122,NR-PPAR-gamma,278,229,0.00358102866448462,2
seed_122,NR-PPAR-gamma,213,230,0.003580165095627308,4
seed_122,NR-PPAR-gamma,5,231,0.0034695446956902742,4
seed_122,NR-PPAR-gamma,250,232,0.0034676645882427692,4
seed_122,NR-PPAR-gamma,94,233,0.003456530626863241,2
seed_122,NR-PPAR-gamma,262,234,0.003450344782322645,3
seed_122,NR-PPAR-gamma,293,235,0.0034335434902459383,3
seed_122,NR-PPAR-gamma,224,236,0.0034248572774231434,2
seed_122,NR-PPAR-gamma,273,237,0.0034101251512765884,2
seed_122,NR-PPAR-gamma,124,238,0.003407574724406004,4
seed_122,NR-PPAR-gamma,161,239,0.0034002414904534817,2
seed_122,NR-PPAR-gamma,159,240,0.0033398272935301065,2
seed_122,NR-PPAR-gamma,243,241,0.003320737974718213,2
seed_122,NR-PPAR-gamma,171,242,0.00330914999358356,2
seed_122,NR-PPAR-gamma,225,243,0.0032702710013836622,6
seed_122,NR-PPAR-gamma,179,244,0.0032107222359627485,3
seed_122,NR-PPAR-gamma,76,245,0.0032058078795671463,2
seed_122,NR-PPAR-gamma,60,246,0.0031607963610440493,3
seed_122,NR-PPAR-gamma,205,247,0.0031428763177245855,3
seed_122,NR-PPAR-gamma,280,248,0.003040711162611842,3
seed_122,NR-PPAR-gamma,279,249,0.0029789377003908157,2
seed_122,NR-PPAR-gamma,155,250,0.0029697755817323923,3
seed_122,NR-PPAR-gamma,164,251,0.002955182222649455,2
seed_122,NR-PPAR-gamma,197,252,0.002950323512777686,3
seed_122,NR-PPAR-gamma,95,253,0.0028138551861047745,4
seed_122,NR-PPAR-gamma,163,254,0.0028023491613566875,3
seed_122,NR-PPAR-gamma,248,255,0.0027750334702432156,2
seed_122,NR-PPAR-gamma,238,256,0.0027481536380946636,1
seed_122,NR-PPAR-gamma,253,257,0.002705112099647522,1
seed_122,NR-PPAR-gamma,180,258,0.00269467756152153,5
seed_122,NR-PPAR-gamma,272,259,0.0026546851731836796,1
seed_122,NR-PPAR-gamma,41,260,0.002649362199008465,2
seed_122,NR-PPAR-gamma,188,261,0.002623547799885273,2
seed_122,NR-PPAR-gamma,286,262,0.002619319362565875,2
seed_122,NR-PPAR-gamma,35,263,0.0026143048889935017,4
seed_122,NR-PPAR-gamma,194,264,0.002546036383137107,3
seed_122,NR-PPAR-gamma,106,265,0.002530952449887991,4
seed_122,NR-PPAR-gamma,154,266,0.0025254383217543364,5
seed_122,NR-PPAR-gamma,266,267,0.002524617360904813,1
seed_122,NR-PPAR-gamma,47,268,0.0025114119052886963,4
seed_122,NR-PPAR-gamma,230,269,0.002446775557473302,3
seed_122,NR-PPAR-gamma,292,270,0.0024284510873258114,3
seed_122,NR-PPAR-gamma,68,271,0.0024074993561953306,2
seed_122,NR-PPAR-gamma,9,272,0.0023271837271749973,3
seed_122,NR-PPAR-gamma,275,273,0.00229924195446074,2
seed_122,NR-PPAR-gamma,282,274,0.002252024132758379,3
seed_122,NR-PPAR-gamma,157,275,0.002213577041402459,2
seed_122,NR-PPAR-gamma,174,276,0.0021646677050739527,2
seed_122,NR-PPAR-gamma,127,277,0.002127567073330283,4
seed_122,NR-PPAR-gamma,182,278,0.0020973668433725834,2
seed_122,NR-PPAR-gamma,265,279,0.002081924118101597,1
seed_122,NR-PPAR-gamma,240,280,0.00200079008936882,1
seed_122,NR-PPAR-gamma,214,281,0.0019033367279917002,2
seed_122,NR-PPAR-gamma,153,282,0.0018497253768146038,2
seed_122,NR-PPAR-gamma,295,283,0.001809342298656702,2
seed_122,NR-PPAR-gamma,50,284,0.0017957580275833607,3
seed_122,NR-PPAR-gamma,284,285,0.0017878622747957706,2
seed_122,NR-PPAR-gamma,151,286,0.0017319931648671627,2
seed_122,NR-PPAR-gamma,258,287,0.0015643355436623096,3
seed_122,NR-PPAR-gamma,156,288,0.00152360659558326,2
seed_122,NR-PPAR-gamma,288,289,0.0015234972815960646,2
seed_122,NR-PPAR-gamma,220,290,0.001473136362619698,2
seed_122,NR-PPAR-gamma,199,291,0.0014157405821606517,2
seed_122,NR-PPAR-gamma,289,292,0.0014015333727002144,2
seed_122,NR-PPAR-gamma,141,293,0.0013851505937054753,2
seed_122,NR-PPAR-gamma,223,294,0.0013813762925565243,2
seed_122,NR-PPAR-gamma,281,295,0.001315798726864159,1
seed_122,NR-PPAR-gamma,237,296,0.001209196518175304,2
seed_122,NR-PPAR-gamma,234,297,0.0010039914632216096,2
seed_122,NR-PPAR-gamma,97,298,0.0008433581097051501,2
seed_122,NR-PPAR-gamma,285,299,0.00036793245817534626,1
seed_122,SR-HSE,168,0,0.058643750846385956,79
seed_122,SR-HSE,7,1,0.048298731446266174,33
seed_122,SR-HSE,63,2,0.046974293887615204,51
seed_122,SR-HSE,29,3,0.04661750793457031,39
seed_122,SR-HSE,23,4,0.04551240801811218,30
seed_122,SR-HSE,128,5,0.04400286078453064,42
seed_122,SR-HSE,15,6,0.04338867962360382,26
seed_122,SR-HSE,31,7,0.0424099899828434,20
seed_122,SR-HSE,24,8,0.04012766480445862,21
seed_122,SR-HSE,92,9,0.03697438910603523,21
seed_122,SR-HSE,102,10,0.036677248775959015,6
seed_122,SR-HSE,62,11,0.03605355694890022,24
seed_122,SR-HSE,195,12,0.035146187990903854,11
seed_122,SR-HSE,59,13,0.03483612835407257,8
seed_122,SR-HSE,183,14,0.03442424163222313,7
seed_122,SR-HSE,64,15,0.03333260864019394,7
seed_122,SR-HSE,136,16,0.033099349588155746,18
seed_122,SR-HSE,75,17,0.03175054118037224,13
seed_122,SR-HSE,56,18,0.03160732239484787,17
seed_122,SR-HSE,211,19,0.03158780559897423,13
seed_122,SR-HSE,22,20,0.031488366425037384,13
seed_122,SR-HSE,2,21,0.03125376254320145,14
seed_122,SR-HSE,200,22,0.03123835101723671,8
seed_122,SR-HSE,19,23,0.031231310218572617,4
seed_122,SR-HSE,42,24,0.031134406104683876,5
seed_122,SR-HSE,110,25,0.0310656800866127,20
seed_122,SR-HSE,139,26,0.031042542308568954,12
seed_122,SR-HSE,245,27,0.030992629006505013,15
seed_122,SR-HSE,80,28,0.030275898054242134,8
seed_122,SR-HSE,6,29,0.030092716217041016,18
seed_122,SR-HSE,93,30,0.029995225369930267,16
seed_122,SR-HSE,81,31,0.02989467792212963,19
seed_122,SR-HSE,145,32,0.029767807573080063,17
seed_122,SR-HSE,0,33,0.029364021494984627,20
seed_122,SR-HSE,190,34,0.029269661754369736,13
seed_122,SR-HSE,108,35,0.02892470546066761,14
seed_122,SR-HSE,8,36,0.028869522735476494,6
seed_122,SR-HSE,73,37,0.02882702648639679,16
seed_122,SR-HSE,260,38,0.028260448947548866,5
seed_122,SR-HSE,61,39,0.02817794308066368,6
seed_122,SR-HSE,46,40,0.028104078024625778,13
seed_122,SR-HSE,70,41,0.028055250644683838,27
seed_122,SR-HSE,34,42,0.02778353914618492,5
seed_122,SR-HSE,52,43,0.027739576995372772,16
seed_122,SR-HSE,129,44,0.02767597697675228,9
seed_122,SR-HSE,43,45,0.027597440406680107,9
seed_122,SR-HSE,74,46,0.02749304473400116,19
seed_122,SR-HSE,33,47,0.027417870238423347,17
seed_122,SR-HSE,140,48,0.02726919576525688,19
seed_122,SR-HSE,147,49,0.027108686044812202,16
seed_122,SR-HSE,39,50,0.027044178918004036,9
seed_122,SR-HSE,71,51,0.02599260024726391,11
seed_122,SR-HSE,193,52,0.02580980770289898,9
seed_122,SR-HSE,268,53,0.02580713853240013,4
seed_122,SR-HSE,4,54,0.025646716356277466,9
seed_122,SR-HSE,148,55,0.02541233040392399,14
seed_122,SR-HSE,5,56,0.02526182308793068,4
seed_122,SR-HSE,122,57,0.025232762098312378,6
seed_122,SR-HSE,179,58,0.025194965302944183,3
seed_122,SR-HSE,28,59,0.025192750617861748,7
seed_122,SR-HSE,66,60,0.02505943737924099,13
seed_122,SR-HSE,261,61,0.02484986186027527,3
seed_122,SR-HSE,146,62,0.02481989935040474,5
seed_122,SR-HSE,290,63,0.024818196892738342,10
seed_122,SR-HSE,135,64,0.024801982566714287,9
seed_122,SR-HSE,10,65,0.024693911895155907,17
seed_122,SR-HSE,219,66,0.024488994851708412,16
seed_122,SR-HSE,150,67,0.02425583265721798,3
seed_122,SR-HSE,57,68,0.02418156899511814,9
seed_122,SR-HSE,288,69,0.024050362408161163,2
seed_122,SR-HSE,72,70,0.024015523493289948,15
seed_122,SR-HSE,16,71,0.02396211214363575,4
seed_122,SR-HSE,69,72,0.023918136954307556,8
seed_122,SR-HSE,167,73,0.023799849674105644,6
seed_122,SR-HSE,85,74,0.023501234129071236,3
seed_122,SR-HSE,3,75,0.023484181612730026,6
seed_122,SR-HSE,18,76,0.023298954591155052,4
seed_122,SR-HSE,117,77,0.023037321865558624,7
seed_122,SR-HSE,189,78,0.02303321100771427,9
seed_122,SR-HSE,95,79,0.022992519661784172,4
seed_122,SR-HSE,222,80,0.02294151484966278,4
seed_122,SR-HSE,67,81,0.022725265473127365,16
seed_122,SR-HSE,103,82,0.022656792774796486,3
seed_122,SR-HSE,32,83,0.022651370614767075,8
seed_122,SR-HSE,21,84,0.022608382627367973,13
seed_122,SR-HSE,84,85,0.022606858983635902,15
seed_122,SR-HSE,123,86,0.022603608667850494,11
seed_122,SR-HSE,257,87,0.022594550624489784,8
seed_122,SR-HSE,276,88,0.022542716935276985,8
seed_122,SR-HSE,99,89,0.022476134821772575,7
seed_122,SR-HSE,38,90,0.022317105904221535,4
seed_122,SR-HSE,98,91,0.02209009788930416,2
seed_122,SR-HSE,17,92,0.022085022181272507,5
seed_122,SR-HSE,296,93,0.02206210233271122,10
seed_122,SR-HSE,113,94,0.02201307751238346,13
seed_122,SR-HSE,48,95,0.021925605833530426,7
seed_122,SR-HSE,243,96,0.02190817892551422,2
seed_122,SR-HSE,44,97,0.021759968250989914,3
seed_122,SR-HSE,12,98,0.02171674370765686,6
seed_122,SR-HSE,208,99,0.02170751243829727,3
seed_122,SR-HSE,143,100,0.021620839834213257,5
seed_122,SR-HSE,26,101,0.02135615423321724,4
seed_122,SR-HSE,249,102,0.021303419023752213,3
seed_122,SR-HSE,251,103,0.021254198625683784,3
seed_122,SR-HSE,160,104,0.021211670711636543,11
seed_122,SR-HSE,79,105,0.021114708855748177,9
seed_122,SR-HSE,184,106,0.02090734802186489,7
seed_122,SR-HSE,169,107,0.02088097855448723,8
seed_122,SR-HSE,256,108,0.020863166078925133,2
seed_122,SR-HSE,83,109,0.020834453403949738,9
seed_122,SR-HSE,212,110,0.020722968503832817,7
seed_122,SR-HSE,144,111,0.02067403309047222,7
seed_122,SR-HSE,94,112,0.020672952756285667,2
seed_122,SR-HSE,126,113,0.02064124122262001,10
seed_122,SR-HSE,90,114,0.020587608218193054,6
seed_122,SR-HSE,283,115,0.020026536658406258,2
seed_122,SR-HSE,112,116,0.019993430003523827,10
seed_122,SR-HSE,130,117,0.019905120134353638,4
seed_122,SR-HSE,37,118,0.01988944783806801,7
seed_122,SR-HSE,27,119,0.019832680001854897,8
seed_122,SR-HSE,259,120,0.019684603437781334,2
seed_122,SR-HSE,159,121,0.019604843109846115,2
seed_122,SR-HSE,124,122,0.019600393250584602,4
seed_122,SR-HSE,55,123,0.0195674579590559,6
seed_122,SR-HSE,231,124,0.019465239718556404,8
seed_122,SR-HSE,247,125,0.019431406632065773,4
seed_122,SR-HSE,142,126,0.019356289878487587,3
seed_122,SR-HSE,120,127,0.019292045384645462,5
seed_122,SR-HSE,185,128,0.01924026384949684,3
seed_122,SR-HSE,299,129,0.01914859749376774,7
seed_122,SR-HSE,86,130,0.019103681668639183,9
seed_122,SR-HSE,115,131,0.019061341881752014,4
seed_122,SR-HSE,36,132,0.01891629584133625,7
seed_122,SR-HSE,192,133,0.01888245716691017,3
seed_122,SR-HSE,292,134,0.018718725070357323,3
seed_122,SR-HSE,236,135,0.018497763201594353,3
seed_122,SR-HSE,49,136,0.018295543268322945,17
seed_122,SR-HSE,205,137,0.018184151500463486,3
seed_122,SR-HSE,217,138,0.018053758889436722,4
seed_122,SR-HSE,194,139,0.018044736236333847,3
seed_122,SR-HSE,225,140,0.017982473596930504,6
seed_122,SR-HSE,221,141,0.017908573150634766,6
seed_122,SR-HSE,40,142,0.017737526446580887,6
seed_122,SR-HSE,233,143,0.01770562306046486,6
seed_122,SR-HSE,196,144,0.017661461606621742,4
seed_122,SR-HSE,181,145,0.017613016068935394,4
seed_122,SR-HSE,166,146,0.0175829716026783,6
seed_122,SR-HSE,213,147,0.017315469682216644,4
seed_122,SR-HSE,262,148,0.017262976616621017,3
seed_122,SR-HSE,229,149,0.017224522307515144,7
seed_122,SR-HSE,121,150,0.01717320829629898,7
seed_122,SR-HSE,50,151,0.01714569889008999,3
seed_122,SR-HSE,53,152,0.017088748514652252,6
seed_122,SR-HSE,287,153,0.017084341496229172,8
seed_122,SR-HSE,125,154,0.017008081078529358,3
seed_122,SR-HSE,275,155,0.01684175431728363,2
seed_122,SR-HSE,298,156,0.01663653552532196,4
seed_122,SR-HSE,204,157,0.016594888642430305,7
seed_122,SR-HSE,41,158,0.01654418185353279,2
seed_122,SR-HSE,270,159,0.016444887965917587,4
seed_122,SR-HSE,209,160,0.01639908365905285,7
seed_122,SR-HSE,78,161,0.01638387329876423,5
seed_122,SR-HSE,295,162,0.016377782449126244,2
seed_122,SR-HSE,246,163,0.016253413632512093,3
seed_122,SR-HSE,14,164,0.016131961718201637,5
seed_122,SR-HSE,230,165,0.016048111021518707,3
seed_122,SR-HSE,173,166,0.015985436737537384,4
seed_122,SR-HSE,242,167,0.015868449583649635,6
seed_122,SR-HSE,9,168,0.015696577727794647,3
seed_122,SR-HSE,218,169,0.015631631016731262,3
seed_122,SR-HSE,65,170,0.015524071641266346,3
seed_122,SR-HSE,82,171,0.015456760302186012,4
seed_122,SR-HSE,51,172,0.0154460109770298,10
seed_122,SR-HSE,111,173,0.015361282043159008,5
seed_122,SR-HSE,175,174,0.01533341035246849,9
seed_122,SR-HSE,152,175,0.015275251120328903,3
seed_122,SR-HSE,224,176,0.01522838231176138,2
seed_122,SR-HSE,35,177,0.01511688344180584,4
seed_122,SR-HSE,109,178,0.015091702342033386,7
seed_122,SR-HSE,263,179,0.014844450168311596,6
seed_122,SR-HSE,176,180,0.01482804212719202,5
seed_122,SR-HSE,178,181,0.01477975957095623,2
seed_122,SR-HSE,118,182,0.01476291287690401,4
seed_122,SR-HSE,274,183,0.014658698812127113,2
seed_122,SR-HSE,114,184,0.01460537500679493,7
seed_122,SR-HSE,45,185,0.014406094327569008,8
seed_122,SR-HSE,235,186,0.014344820752739906,5
seed_122,SR-HSE,206,187,0.01433870941400528,4
seed_122,SR-HSE,198,188,0.014333013445138931,3
seed_122,SR-HSE,20,189,0.014203011989593506,4
seed_122,SR-HSE,96,190,0.014189541339874268,5
seed_122,SR-HSE,25,191,0.01412159949541092,8
seed_122,SR-HSE,157,192,0.014053848572075367,2
seed_122,SR-HSE,207,193,0.013993912376463413,2
seed_122,SR-HSE,60,194,0.013976601883769035,3
seed_122,SR-HSE,241,195,0.01395100262016058,3
seed_122,SR-HSE,154,196,0.013921530917286873,5
seed_122,SR-HSE,155,197,0.013809282332658768,3
seed_122,SR-HSE,97,198,0.013555506244301796,2
seed_122,SR-HSE,266,199,0.013533172197639942,1
seed_122,SR-HSE,264,200,0.013473829254508018,3
seed_122,SR-HSE,163,201,0.013407611288130283,3
seed_122,SR-HSE,188,202,0.013267967849969864,2
seed_122,SR-HSE,1,203,0.013216344639658928,6
seed_122,SR-HSE,197,204,0.013166870921850204,3
seed_122,SR-HSE,180,205,0.01312848087400198,5
seed_122,SR-HSE,105,206,0.013084180653095245,3
seed_122,SR-HSE,104,207,0.01304235402494669,4
seed_122,SR-HSE,203,208,0.01303260400891304,4
seed_122,SR-HSE,284,209,0.012977360747754574,2
seed_122,SR-HSE,214,210,0.01274671871215105,2
seed_122,SR-HSE,227,211,0.012724477797746658,3
seed_122,SR-HSE,47,212,0.012710054405033588,4
seed_122,SR-HSE,149,213,0.012555285356938839,2
seed_122,SR-HSE,210,214,0.012519736774265766,6
seed_122,SR-HSE,201,215,0.012332269921898842,4
seed_122,SR-HSE,170,216,0.012304130010306835,6
seed_122,SR-HSE,151,217,0.012148194015026093,2
seed_122,SR-HSE,165,218,0.012120245024561882,4
seed_122,SR-HSE,177,219,0.012074158526957035,4
seed_122,SR-HSE,58,220,0.01200532540678978,10
seed_122,SR-HSE,220,221,0.01199276465922594,2
seed_122,SR-HSE,138,222,0.011847599409520626,3
seed_122,SR-HSE,88,223,0.011797461658716202,4
seed_122,SR-HSE,215,224,0.011724821291863918,4
seed_122,SR-HSE,228,225,0.011678040027618408,4
seed_122,SR-HSE,282,226,0.01164243184030056,3
seed_122,SR-HSE,187,227,0.011631247587502003,3
seed_122,SR-HSE,174,228,0.011554178781807423,2
seed_122,SR-HSE,162,229,0.011548628099262714,3
seed_122,SR-HSE,286,230,0.011439863592386246,2
seed_122,SR-HSE,280,231,0.011241630651056767,3
seed_122,SR-HSE,239,232,0.011233100667595863,3
seed_122,SR-HSE,258,233,0.011116963811218739,3
seed_122,SR-HSE,137,234,0.010940523818135262,2
seed_122,SR-HSE,172,235,0.010875402949750423,4
seed_122,SR-HSE,216,236,0.010871635749936104,2
seed_122,SR-HSE,30,237,0.010695699602365494,5
seed_122,SR-HSE,199,238,0.01066144835203886,2
seed_122,SR-HSE,278,239,0.010526110418140888,2
seed_122,SR-HSE,100,240,0.010468311607837677,3
seed_122,SR-HSE,202,241,0.010429885238409042,3
seed_122,SR-HSE,156,242,0.010255035944283009,2
seed_122,SR-HSE,13,243,0.010132139548659325,6
seed_122,SR-HSE,89,244,0.0100068598985672,3
seed_122,SR-HSE,153,245,0.009981676936149597,2
seed_122,SR-HSE,252,246,0.009978337213397026,4
seed_122,SR-HSE,54,247,0.009973873384296894,5
seed_122,SR-HSE,127,248,0.009929715655744076,4
seed_122,SR-HSE,293,249,0.009901750832796097,3
seed_122,SR-HSE,281,250,0.0098654143512249,1
seed_122,SR-HSE,134,251,0.009754063561558723,3
seed_122,SR-HSE,250,252,0.009689518250524998,4
seed_122,SR-HSE,91,253,0.0096617192029953,6
seed_122,SR-HSE,191,254,0.00965700950473547,2
seed_122,SR-HSE,77,255,0.009623956866562366,5
seed_122,SR-HSE,101,256,0.009612474590539932,3
seed_122,SR-HSE,68,257,0.00950810220092535,2
seed_122,SR-HSE,289,258,0.009432037360966206,2
seed_122,SR-HSE,116,259,0.009403860196471214,3
seed_122,SR-HSE,271,260,0.009385592304170132,3
seed_122,SR-HSE,255,261,0.009317002259194851,2
seed_122,SR-HSE,119,262,0.009206023998558521,2
seed_122,SR-HSE,164,263,0.008970951661467552,2
seed_122,SR-HSE,244,264,0.00893972534686327,1
seed_122,SR-HSE,248,265,0.008884413167834282,2
seed_122,SR-HSE,107,266,0.008731689304113388,6
seed_122,SR-HSE,269,267,0.00870708841830492,4
seed_122,SR-HSE,237,268,0.008597154170274734,2
seed_122,SR-HSE,158,269,0.008548346348106861,3
seed_122,SR-HSE,141,270,0.008493821136653423,2
seed_122,SR-HSE,226,271,0.008287770673632622,2
seed_122,SR-HSE,297,272,0.007966512814164162,1
seed_122,SR-HSE,133,273,0.007776239421218634,6
seed_122,SR-HSE,76,274,0.007640335708856583,2
seed_122,SR-HSE,132,275,0.00759781152009964,2
seed_122,SR-HSE,182,276,0.007155242841690779,2
seed_122,SR-HSE,106,277,0.007137112319469452,4
seed_122,SR-HSE,240,278,0.007037681061774492,1
seed_122,SR-HSE,273,279,0.006938801147043705,2
seed_122,SR-HSE,186,280,0.0069331512786448,3
seed_122,SR-HSE,267,281,0.006818876136094332,2
seed_122,SR-HSE,294,282,0.006771694868803024,2
seed_122,SR-HSE,265,283,0.006424039136618376,1
seed_122,SR-HSE,253,284,0.006119647528976202,1
seed_122,SR-HSE,279,285,0.005792475771158934,2
seed_122,SR-HSE,285,286,0.005783861968666315,1
seed_122,SR-HSE,232,287,0.0056115975603461266,2
seed_122,SR-HSE,223,288,0.00541229173541069,2
seed_122,SR-HSE,11,289,0.005402097012847662,2
seed_122,SR-HSE,87,290,0.005086071323603392,4
seed_122,SR-HSE,234,291,0.004729651380330324,2
seed_122,SR-HSE,291,292,0.0043590618297457695,2
seed_122,SR-HSE,254,293,0.004020241089165211,2
seed_122,SR-HSE,131,294,0.003729129210114479,2
seed_122,SR-HSE,277,295,0.0035891784355044365,1
seed_122,SR-HSE,238,296,0.0031814896501600742,1
seed_122,SR-HSE,171,297,0.0028874885756522417,2
seed_122,SR-HSE,272,298,0.0025244830176234245,1
seed_122,SR-HSE,161,299,0.002357193734496832,2
seed_122,NR-AR-LBD,168,0,0.21254508197307587,79
seed_122,NR-AR-LBD,276,1,0.18303543329238892,8
seed_122,NR-AR-LBD,63,2,0.1801110953092575,51
seed_122,NR-AR-LBD,128,3,0.16136135160923004,42
seed_122,NR-AR-LBD,29,4,0.14883096516132355,39
seed_122,NR-AR-LBD,15,5,0.14571057260036469,26
seed_122,NR-AR-LBD,92,6,0.13608276844024658,21
seed_122,NR-AR-LBD,70,7,0.1299109160900116,27
seed_122,NR-AR-LBD,49,8,0.12946392595767975,17
seed_122,NR-AR-LBD,144,9,0.1284620463848114,7
seed_122,NR-AR-LBD,81,10,0.1251600682735443,19
seed_122,NR-AR-LBD,7,11,0.12439950555562973,33
seed_122,NR-AR-LBD,46,12,0.12428679317235947,13
seed_122,NR-AR-LBD,23,13,0.12351658940315247,30
seed_122,NR-AR-LBD,113,14,0.1199878603219986,13
seed_122,NR-AR-LBD,0,15,0.11962606757879257,20
seed_122,NR-AR-LBD,36,16,0.11849823594093323,7
seed_122,NR-AR-LBD,24,17,0.11729183793067932,21
seed_122,NR-AR-LBD,33,18,0.11723644286394119,17
seed_122,NR-AR-LBD,110,19,0.11350949108600616,20
seed_122,NR-AR-LBD,21,20,0.11263854056596756,13
seed_122,NR-AR-LBD,74,21,0.11255551129579544,19
seed_122,NR-AR-LBD,147,22,0.11139339953660965,16
seed_122,NR-AR-LBD,212,23,0.110905222594738,7
seed_122,NR-AR-LBD,10,24,0.11038760095834732,17
seed_122,NR-AR-LBD,90,25,0.10987888276576996,6
seed_122,NR-AR-LBD,40,26,0.10968053340911865,6
seed_122,NR-AR-LBD,123,27,0.10934450477361679,11
seed_122,NR-AR-LBD,219,28,0.10854468494653702,16
seed_122,NR-AR-LBD,75,29,0.10669870674610138,13
seed_122,NR-AR-LBD,108,30,0.1062716469168663,14
seed_122,NR-AR-LBD,135,31,0.10580316185951233,9
seed_122,NR-AR-LBD,189,32,0.10416731983423233,9
seed_122,NR-AR-LBD,150,33,0.10387755930423737,3
seed_122,NR-AR-LBD,242,34,0.10329055041074753,6
seed_122,NR-AR-LBD,209,35,0.10213088244199753,7
seed_122,NR-AR-LBD,30,36,0.10206685215234756,5
seed_122,NR-AR-LBD,93,37,0.10202786326408386,16
seed_122,NR-AR-LBD,62,38,0.1019405797123909,24
seed_122,NR-AR-LBD,133,39,0.1016407161951065,6
seed_122,NR-AR-LBD,51,40,0.09930937737226486,10
seed_122,NR-AR-LBD,31,41,0.09915980696678162,20
seed_122,NR-AR-LBD,57,42,0.09875953942537308,9
seed_122,NR-AR-LBD,160,43,0.09866946190595627,11
seed_122,NR-AR-LBD,80,44,0.09684396535158157,8
seed_122,NR-AR-LBD,247,45,0.09504643082618713,4
seed_122,NR-AR-LBD,213,46,0.09487214684486389,4
seed_122,NR-AR-LBD,22,47,0.09473244845867157,13
seed_122,NR-AR-LBD,245,48,0.0946015939116478,15
seed_122,NR-AR-LBD,69,49,0.09448301047086716,8
seed_122,NR-AR-LBD,184,50,0.09376794099807739,7
seed_122,NR-AR-LBD,1,51,0.09266442805528641,6
seed_122,NR-AR-LBD,204,52,0.09099733084440231,7
seed_122,NR-AR-LBD,129,53,0.09077543765306473,9
seed_122,NR-AR-LBD,79,54,0.0894642099738121,9
seed_122,NR-AR-LBD,117,55,0.08939842134714127,7
seed_122,NR-AR-LBD,88,56,0.08908279985189438,4
seed_122,NR-AR-LBD,52,57,0.0886920616030693,16
seed_122,NR-AR-LBD,3,58,0.08838492631912231,6
seed_122,NR-AR-LBD,42,59,0.0881877988576889,5
seed_122,NR-AR-LBD,229,60,0.08739519119262695,7
seed_122,NR-AR-LBD,39,61,0.08592341095209122,9
seed_122,NR-AR-LBD,43,62,0.08574992418289185,9
seed_122,NR-AR-LBD,235,63,0.08484204858541489,5
seed_122,NR-AR-LBD,296,64,0.08480843901634216,10
seed_122,NR-AR-LBD,264,65,0.08471964299678802,3
seed_122,NR-AR-LBD,211,66,0.08450235426425934,13
seed_122,NR-AR-LBD,13,67,0.08304126560688019,6
seed_122,NR-AR-LBD,120,68,0.08259627968072891,5
seed_122,NR-AR-LBD,200,69,0.08126095682382584,8
seed_122,NR-AR-LBD,66,70,0.08118966221809387,13
seed_122,NR-AR-LBD,45,71,0.08096177130937576,8
seed_122,NR-AR-LBD,277,72,0.08068551123142242,1
seed_122,NR-AR-LBD,145,73,0.08066468685865402,17
seed_122,NR-AR-LBD,27,74,0.08056280761957169,8
seed_122,NR-AR-LBD,71,75,0.08048293739557266,11
seed_122,NR-AR-LBD,38,76,0.08008503168821335,4
seed_122,NR-AR-LBD,180,77,0.07962769269943237,5
seed_122,NR-AR-LBD,139,78,0.07959644496440887,12
seed_122,NR-AR-LBD,6,79,0.07959524542093277,18
seed_122,NR-AR-LBD,56,80,0.07952366024255753,17
seed_122,NR-AR-LBD,233,81,0.07902322709560394,6
seed_122,NR-AR-LBD,273,82,0.07881999015808105,2
seed_122,NR-AR-LBD,73,83,0.07872271537780762,16
seed_122,NR-AR-LBD,271,84,0.07868830114603043,3
seed_122,NR-AR-LBD,55,85,0.07842925935983658,6
seed_122,NR-AR-LBD,148,86,0.07832354307174683,14
seed_122,NR-AR-LBD,48,87,0.077934630215168,7
seed_122,NR-AR-LBD,84,88,0.07778754830360413,15
seed_122,NR-AR-LBD,169,89,0.07775270938873291,8
seed_122,NR-AR-LBD,78,90,0.0775095671415329,5
seed_122,NR-AR-LBD,167,91,0.0773276686668396,6
seed_122,NR-AR-LBD,67,92,0.0771699994802475,16
seed_122,NR-AR-LBD,218,93,0.07654324918985367,3
seed_122,NR-AR-LBD,37,94,0.07647965103387833,7
seed_122,NR-AR-LBD,103,95,0.07569858431816101,3
seed_122,NR-AR-LBD,72,96,0.07540500909090042,15
seed_122,NR-AR-LBD,2,97,0.0752139762043953,14
seed_122,NR-AR-LBD,240,98,0.07493138313293457,1
seed_122,NR-AR-LBD,257,99,0.07488220930099487,8
seed_122,NR-AR-LBD,190,100,0.07452002167701721,13
seed_122,NR-AR-LBD,124,101,0.07404949516057968,4
seed_122,NR-AR-LBD,25,102,0.07208487391471863,8
seed_122,NR-AR-LBD,178,103,0.07197465002536774,2
seed_122,NR-AR-LBD,18,104,0.07173343002796173,4
seed_122,NR-AR-LBD,99,105,0.07168332487344742,7
seed_122,NR-AR-LBD,155,106,0.07145923376083374,3
seed_122,NR-AR-LBD,199,107,0.07122623175382614,2
seed_122,NR-AR-LBD,183,108,0.07087394595146179,7
seed_122,NR-AR-LBD,47,109,0.07075966894626617,4
seed_122,NR-AR-LBD,126,110,0.07050669193267822,10
seed_122,NR-AR-LBD,12,111,0.07042727619409561,6
seed_122,NR-AR-LBD,194,112,0.07031869888305664,3
seed_122,NR-AR-LBD,122,113,0.07007536292076111,6
seed_122,NR-AR-LBD,102,114,0.0682935044169426,6
seed_122,NR-AR-LBD,146,115,0.06789173930883408,5
seed_122,NR-AR-LBD,59,116,0.06724631786346436,8
seed_122,NR-AR-LBD,181,117,0.0660221204161644,4
seed_122,NR-AR-LBD,82,118,0.06513218581676483,4
seed_122,NR-AR-LBD,239,119,0.0643928125500679,3
seed_122,NR-AR-LBD,223,120,0.06437808275222778,2
seed_122,NR-AR-LBD,217,121,0.06415916234254837,4
seed_122,NR-AR-LBD,136,122,0.064100481569767,18
seed_122,NR-AR-LBD,64,123,0.06358306109905243,7
seed_122,NR-AR-LBD,206,124,0.06314192712306976,4
seed_122,NR-AR-LBD,112,125,0.06311627477407455,10
seed_122,NR-AR-LBD,91,126,0.06264839321374893,6
seed_122,NR-AR-LBD,4,127,0.062045056372880936,9
seed_122,NR-AR-LBD,140,128,0.06161923706531525,19
seed_122,NR-AR-LBD,14,129,0.06103618070483208,5
seed_122,NR-AR-LBD,195,130,0.06067660078406334,11
seed_122,NR-AR-LBD,221,131,0.06050723046064377,6
seed_122,NR-AR-LBD,248,132,0.06038171797990799,2
seed_122,NR-AR-LBD,130,133,0.058768488466739655,4
seed_122,NR-AR-LBD,175,134,0.05823880061507225,9
seed_122,NR-AR-LBD,16,135,0.057849690318107605,4
seed_122,NR-AR-LBD,188,136,0.05758669227361679,2
seed_122,NR-AR-LBD,53,137,0.05730791017413139,6
seed_122,NR-AR-LBD,149,138,0.05717166140675545,2
seed_122,NR-AR-LBD,158,139,0.056948836892843246,3
seed_122,NR-AR-LBD,196,140,0.05636274814605713,4
seed_122,NR-AR-LBD,171,141,0.05625543370842934,2
seed_122,NR-AR-LBD,166,142,0.05602148175239563,6
seed_122,NR-AR-LBD,142,143,0.055822793394327164,3
seed_122,NR-AR-LBD,83,144,0.055356308817863464,9
seed_122,NR-AR-LBD,77,145,0.055335890501737595,5
seed_122,NR-AR-LBD,170,146,0.05467386916279793,6
seed_122,NR-AR-LBD,208,147,0.05452636629343033,3
seed_122,NR-AR-LBD,251,148,0.0545218363404274,3
seed_122,NR-AR-LBD,26,149,0.05435675382614136,4
seed_122,NR-AR-LBD,274,150,0.054267656058073044,2
seed_122,NR-AR-LBD,61,151,0.054221078753471375,6
seed_122,NR-AR-LBD,243,152,0.054133642464876175,2
seed_122,NR-AR-LBD,193,153,0.05361871048808098,9
seed_122,NR-AR-LBD,105,154,0.05361493304371834,3
seed_122,NR-AR-LBD,114,155,0.05354934185743332,7
seed_122,NR-AR-LBD,222,156,0.05330808460712433,4
seed_122,NR-AR-LBD,41,157,0.05309521034359932,2
seed_122,NR-AR-LBD,32,158,0.05277402698993683,8
seed_122,NR-AR-LBD,202,159,0.05263276770710945,3
seed_122,NR-AR-LBD,28,160,0.05261656269431114,7
seed_122,NR-AR-LBD,246,161,0.052570994943380356,3
seed_122,NR-AR-LBD,44,162,0.052389707416296005,3
seed_122,NR-AR-LBD,205,163,0.05237425118684769,3
seed_122,NR-AR-LBD,35,164,0.052312709391117096,4
seed_122,NR-AR-LBD,138,165,0.05220162123441696,3
seed_122,NR-AR-LBD,89,166,0.05183441564440727,3
seed_122,NR-AR-LBD,20,167,0.05183284729719162,4
seed_122,NR-AR-LBD,96,168,0.05161982402205467,5
seed_122,NR-AR-LBD,151,169,0.05161484330892563,2
seed_122,NR-AR-LBD,111,170,0.05151907727122307,5
seed_122,NR-AR-LBD,165,171,0.05150627717375755,4
seed_122,NR-AR-LBD,258,172,0.051326360553503036,3
seed_122,NR-AR-LBD,250,173,0.05119570344686508,4
seed_122,NR-AR-LBD,283,174,0.05084645375609398,2
seed_122,NR-AR-LBD,298,175,0.050303373485803604,4
seed_122,NR-AR-LBD,60,176,0.04995335265994072,3
seed_122,NR-AR-LBD,173,177,0.04983470216393471,4
seed_122,NR-AR-LBD,231,178,0.049657322466373444,8
seed_122,NR-AR-LBD,34,179,0.04897308349609375,5
seed_122,NR-AR-LBD,201,180,0.048497289419174194,4
seed_122,NR-AR-LBD,86,181,0.04814546927809715,9
seed_122,NR-AR-LBD,249,182,0.04813925549387932,3
seed_122,NR-AR-LBD,269,183,0.04809717461466789,4
seed_122,NR-AR-LBD,116,184,0.047642312943935394,3
seed_122,NR-AR-LBD,101,185,0.0474761538207531,3
seed_122,NR-AR-LBD,50,186,0.04692736640572548,3
seed_122,NR-AR-LBD,5,187,0.04658016934990883,4
seed_122,NR-AR-LBD,132,188,0.04627179354429245,2
seed_122,NR-AR-LBD,290,189,0.04626663774251938,10
seed_122,NR-AR-LBD,107,190,0.045962266623973846,6
seed_122,NR-AR-LBD,58,191,0.04584454745054245,10
seed_122,NR-AR-LBD,289,192,0.04567788913846016,2
seed_122,NR-AR-LBD,182,193,0.045614417642354965,2
seed_122,NR-AR-LBD,118,194,0.04552402347326279,4
seed_122,NR-AR-LBD,100,195,0.04530797153711319,3
seed_122,NR-AR-LBD,252,196,0.044632893055677414,4
seed_122,NR-AR-LBD,119,197,0.044501520693302155,2
seed_122,NR-AR-LBD,299,198,0.044413067400455475,7
seed_122,NR-AR-LBD,256,199,0.04408985376358032,2
seed_122,NR-AR-LBD,154,200,0.04377041012048721,5
seed_122,NR-AR-LBD,191,201,0.04347434639930725,2
seed_122,NR-AR-LBD,54,202,0.04344528913497925,5
seed_122,NR-AR-LBD,284,203,0.043393440544605255,2
seed_122,NR-AR-LBD,230,204,0.043250322341918945,3
seed_122,NR-AR-LBD,292,205,0.043062202632427216,3
seed_122,NR-AR-LBD,281,206,0.042826246470212936,1
seed_122,NR-AR-LBD,285,207,0.04274724796414375,1
seed_122,NR-AR-LBD,137,208,0.0426924042403698,2
seed_122,NR-AR-LBD,121,209,0.04265119880437851,7
seed_122,NR-AR-LBD,97,210,0.04264387488365173,2
seed_122,NR-AR-LBD,163,211,0.04249854013323784,3
seed_122,NR-AR-LBD,65,212,0.042176999151706696,3
seed_122,NR-AR-LBD,263,213,0.042135484516620636,6
seed_122,NR-AR-LBD,197,214,0.04176453500986099,3
seed_122,NR-AR-LBD,232,215,0.04171459749341011,2
seed_122,NR-AR-LBD,192,216,0.041231367737054825,3
seed_122,NR-AR-LBD,176,217,0.04095059633255005,5
seed_122,NR-AR-LBD,68,218,0.040761545300483704,2
seed_122,NR-AR-LBD,187,219,0.04014727100729942,3
seed_122,NR-AR-LBD,11,220,0.03979272022843361,2
seed_122,NR-AR-LBD,85,221,0.03937078267335892,3
seed_122,NR-AR-LBD,268,222,0.039366818964481354,4
seed_122,NR-AR-LBD,8,223,0.0393000990152359,6
seed_122,NR-AR-LBD,225,224,0.03918289393186569,6
seed_122,NR-AR-LBD,287,225,0.038948629051446915,8
seed_122,NR-AR-LBD,104,226,0.038895778357982635,4
seed_122,NR-AR-LBD,185,227,0.03770724684000015,3
seed_122,NR-AR-LBD,131,228,0.03720153123140335,2
seed_122,NR-AR-LBD,177,229,0.03705518692731857,4
seed_122,NR-AR-LBD,87,230,0.03690153732895851,4
seed_122,NR-AR-LBD,198,231,0.03673957288265228,3
seed_122,NR-AR-LBD,238,232,0.03626732528209686,1
seed_122,NR-AR-LBD,109,233,0.03608740121126175,7
seed_122,NR-AR-LBD,262,234,0.03537372499704361,3
seed_122,NR-AR-LBD,227,235,0.03525497019290924,3
seed_122,NR-AR-LBD,291,236,0.03523463010787964,2
seed_122,NR-AR-LBD,143,237,0.03514140844345093,5
seed_122,NR-AR-LBD,115,238,0.035128153860569,4
seed_122,NR-AR-LBD,270,239,0.034668777137994766,4
seed_122,NR-AR-LBD,172,240,0.03466534614562988,4
seed_122,NR-AR-LBD,297,241,0.033645838499069214,1
seed_122,NR-AR-LBD,234,242,0.03361431509256363,2
seed_122,NR-AR-LBD,19,243,0.03344962000846863,4
seed_122,NR-AR-LBD,220,244,0.03341113403439522,2
seed_122,NR-AR-LBD,228,245,0.032986149191856384,4
seed_122,NR-AR-LBD,259,246,0.03270890936255455,2
seed_122,NR-AR-LBD,278,247,0.03268451616168022,2
seed_122,NR-AR-LBD,179,248,0.03257600963115692,3
seed_122,NR-AR-LBD,280,249,0.032293155789375305,3
seed_122,NR-AR-LBD,236,250,0.03223690763115883,3
seed_122,NR-AR-LBD,207,251,0.03170366585254669,2
seed_122,NR-AR-LBD,127,252,0.031618617475032806,4
seed_122,NR-AR-LBD,159,253,0.03150217980146408,2
seed_122,NR-AR-LBD,286,254,0.03149409964680672,2
seed_122,NR-AR-LBD,210,255,0.03141450136899948,6
seed_122,NR-AR-LBD,214,256,0.03139391168951988,2
seed_122,NR-AR-LBD,260,257,0.03137006238102913,5
seed_122,NR-AR-LBD,156,258,0.03092203289270401,2
seed_122,NR-AR-LBD,125,259,0.030387278646230698,3
seed_122,NR-AR-LBD,9,260,0.029305433854460716,3
seed_122,NR-AR-LBD,186,261,0.02918125130236149,3
seed_122,NR-AR-LBD,203,262,0.0290016271173954,4
seed_122,NR-AR-LBD,95,263,0.028585627675056458,4
seed_122,NR-AR-LBD,254,264,0.0284632109105587,2
seed_122,NR-AR-LBD,294,265,0.027727115899324417,2
seed_122,NR-AR-LBD,152,266,0.027603410184383392,3
seed_122,NR-AR-LBD,157,267,0.02606041356921196,2
seed_122,NR-AR-LBD,164,268,0.024424077942967415,2
seed_122,NR-AR-LBD,215,269,0.023951569572091103,4
seed_122,NR-AR-LBD,275,270,0.023761695250868797,2
seed_122,NR-AR-LBD,134,271,0.023407507687807083,3
seed_122,NR-AR-LBD,241,272,0.02307402528822422,3
seed_122,NR-AR-LBD,17,273,0.02290884405374527,5
seed_122,NR-AR-LBD,161,274,0.02269759774208069,2
seed_122,NR-AR-LBD,94,275,0.022437691688537598,2
seed_122,NR-AR-LBD,267,276,0.021407030522823334,2
seed_122,NR-AR-LBD,261,277,0.01994558423757553,3
seed_122,NR-AR-LBD,106,278,0.01904137060046196,4
seed_122,NR-AR-LBD,295,279,0.01627979800105095,2
seed_122,NR-AR-LBD,255,280,0.016248740255832672,2
seed_122,NR-AR-LBD,226,281,0.01586366817355156,2
seed_122,NR-AR-LBD,237,282,0.015206385403871536,2
seed_122,NR-AR-LBD,253,283,0.014751161448657513,1
seed_122,NR-AR-LBD,216,284,0.014320329762995243,2
seed_122,NR-AR-LBD,162,285,0.013873505406081676,3
seed_122,NR-AR-LBD,153,286,0.013081151992082596,2
seed_122,NR-AR-LBD,141,287,0.012869279831647873,2
seed_122,NR-AR-LBD,282,288,0.012147294357419014,3
seed_122,NR-AR-LBD,76,289,0.011908316984772682,2
seed_122,NR-AR-LBD,224,290,0.011374191381037235,2
seed_122,NR-AR-LBD,279,291,0.01070376206189394,2
seed_122,NR-AR-LBD,272,292,0.00879835244268179,1
seed_122,NR-AR-LBD,293,293,0.008574693463742733,3
seed_122,NR-AR-LBD,98,294,0.007954945787787437,2
seed_122,NR-AR-LBD,266,295,0.007952422834932804,1
seed_122,NR-AR-LBD,174,296,0.006222003139555454,2
seed_122,NR-AR-LBD,288,297,0.0051279994659125805,2
seed_122,NR-AR-LBD,244,298,0.004664810840040445,1
seed_122,NR-AR-LBD,265,299,0.003412514692172408,1
seed_122,NR-ER,168,0,0.05838464945554733,79
seed_122,NR-ER,23,1,0.05652857571840286,30
seed_122,NR-ER,29,2,0.05061287432909012,39
seed_122,NR-ER,63,3,0.04626956209540367,51
seed_122,NR-ER,128,4,0.04519776254892349,42
seed_122,NR-ER,15,5,0.04277563840150833,26
seed_122,NR-ER,140,6,0.041264791041612625,19
seed_122,NR-ER,219,7,0.040911052376031876,16
seed_122,NR-ER,39,8,0.03976362943649292,9
seed_122,NR-ER,31,9,0.03966924548149109,20
seed_122,NR-ER,7,10,0.03929419815540314,33
seed_122,NR-ER,49,11,0.03682327643036842,17
seed_122,NR-ER,104,12,0.03638981282711029,4
seed_122,NR-ER,113,13,0.0358370840549469,13
seed_122,NR-ER,70,14,0.03574766591191292,27
seed_122,NR-ER,81,15,0.03453584760427475,19
seed_122,NR-ER,110,16,0.0335826650261879,20
seed_122,NR-ER,198,17,0.032958727329969406,3
seed_122,NR-ER,92,18,0.03275971859693527,21
seed_122,NR-ER,69,19,0.03261502832174301,8
seed_122,NR-ER,126,20,0.03207440674304962,10
seed_122,NR-ER,190,21,0.03182661160826683,13
seed_122,NR-ER,84,22,0.03180551528930664,15
seed_122,NR-ER,269,23,0.03177095204591751,4
seed_122,NR-ER,22,24,0.03152590990066528,13
seed_122,NR-ER,74,25,0.03110763244330883,19
seed_122,NR-ER,108,26,0.031043732538819313,14
seed_122,NR-ER,4,27,0.031005464494228363,9
seed_122,NR-ER,229,28,0.031001394614577293,7
seed_122,NR-ER,10,29,0.030819084495306015,17
seed_122,NR-ER,0,30,0.030637042596936226,20
seed_122,NR-ER,245,31,0.030162343755364418,15
seed_122,NR-ER,75,32,0.029976490885019302,13
seed_122,NR-ER,44,33,0.028891153633594513,3
seed_122,NR-ER,211,34,0.02872522547841072,13
seed_122,NR-ER,45,35,0.028492992743849754,8
seed_122,NR-ER,135,36,0.028161702677607536,9
seed_122,NR-ER,93,37,0.02814958244562149,16
seed_122,NR-ER,130,38,0.028128352016210556,4
seed_122,NR-ER,203,39,0.02806127443909645,4
seed_122,NR-ER,33,40,0.0279836542904377,17
seed_122,NR-ER,46,41,0.027708686888217926,13
seed_122,NR-ER,1,42,0.027585091069340706,6
seed_122,NR-ER,60,43,0.02737446315586567,3
seed_122,NR-ER,71,44,0.027347927913069725,11
seed_122,NR-ER,90,45,0.027326976880431175,6
seed_122,NR-ER,123,46,0.027241261675953865,11
seed_122,NR-ER,96,47,0.02701563388109207,5
seed_122,NR-ER,73,48,0.026994619518518448,16
seed_122,NR-ER,6,49,0.02691282331943512,18
seed_122,NR-ER,37,50,0.02689073234796524,7
seed_122,NR-ER,228,51,0.02678762748837471,4
seed_122,NR-ER,147,52,0.02665971964597702,16
seed_122,NR-ER,21,53,0.02664720080792904,13
seed_122,NR-ER,54,54,0.02661476843059063,5
seed_122,NR-ER,247,55,0.026588834822177887,4
seed_122,NR-ER,83,56,0.026378653943538666,9
seed_122,NR-ER,218,57,0.026306483894586563,3
seed_122,NR-ER,65,58,0.02627444826066494,3
seed_122,NR-ER,56,59,0.02626301720738411,17
seed_122,NR-ER,272,60,0.0261551421135664,1
seed_122,NR-ER,48,61,0.026067567989230156,7
seed_122,NR-ER,136,62,0.02599647082388401,18
seed_122,NR-ER,77,63,0.02596122771501541,5
seed_122,NR-ER,169,64,0.025646623224020004,8
seed_122,NR-ER,290,65,0.02558405138552189,10
seed_122,NR-ER,204,66,0.02550525590777397,7
seed_122,NR-ER,86,67,0.025431277230381966,9
seed_122,NR-ER,101,68,0.02540852688252926,3
seed_122,NR-ER,67,69,0.025105854496359825,16
seed_122,NR-ER,193,70,0.02506428025662899,9
seed_122,NR-ER,235,71,0.02502835914492607,5
seed_122,NR-ER,80,72,0.0249624140560627,8
seed_122,NR-ER,62,73,0.024916771799325943,24
seed_122,NR-ER,148,74,0.024835094809532166,14
seed_122,NR-ER,72,75,0.024472514167428017,15
seed_122,NR-ER,36,76,0.024251099675893784,7
seed_122,NR-ER,261,77,0.024179551750421524,3
seed_122,NR-ER,99,78,0.024115972220897675,7
seed_122,NR-ER,164,79,0.02390562742948532,2
seed_122,NR-ER,13,80,0.023829473182559013,6
seed_122,NR-ER,64,81,0.023805001750588417,7
seed_122,NR-ER,55,82,0.023729421198368073,6
seed_122,NR-ER,133,83,0.02362990565598011,6
seed_122,NR-ER,114,84,0.023545393720269203,7
seed_122,NR-ER,180,85,0.02352510206401348,5
seed_122,NR-ER,167,86,0.023416059091687202,6
seed_122,NR-ER,59,87,0.02316260151565075,8
seed_122,NR-ER,102,88,0.023023946210741997,6
seed_122,NR-ER,200,89,0.02275627665221691,8
seed_122,NR-ER,51,90,0.022595053538680077,10
seed_122,NR-ER,206,91,0.022353699430823326,4
seed_122,NR-ER,24,92,0.022337960079312325,21
seed_122,NR-ER,294,93,0.022297026589512825,2
seed_122,NR-ER,129,94,0.022195644676685333,9
seed_122,NR-ER,284,95,0.022185785695910454,2
seed_122,NR-ER,35,96,0.022170117124915123,4
seed_122,NR-ER,68,97,0.02216302789747715,2
seed_122,NR-ER,165,98,0.0221589133143425,4
seed_122,NR-ER,79,99,0.022145623341202736,9
seed_122,NR-ER,2,100,0.022047506645321846,14
seed_122,NR-ER,160,101,0.022044317796826363,11
seed_122,NR-ER,122,102,0.022009780630469322,6
seed_122,NR-ER,243,103,0.02197275683283806,2
seed_122,NR-ER,173,104,0.021965844556689262,4
seed_122,NR-ER,47,105,0.021962272003293037,4
seed_122,NR-ER,145,106,0.02190699242055416,17
seed_122,NR-ER,199,107,0.021728694438934326,2
seed_122,NR-ER,144,108,0.02169613353908062,7
seed_122,NR-ER,27,109,0.021571407094597816,8
seed_122,NR-ER,231,110,0.02156270109117031,8
seed_122,NR-ER,216,111,0.021490899845957756,2
seed_122,NR-ER,32,112,0.020992230623960495,8
seed_122,NR-ER,179,113,0.020894315093755722,3
seed_122,NR-ER,34,114,0.020825203508138657,5
seed_122,NR-ER,57,115,0.020751919597387314,9
seed_122,NR-ER,260,116,0.020622052252292633,5
seed_122,NR-ER,201,117,0.020587753504514694,4
seed_122,NR-ER,28,118,0.020566340535879135,7
seed_122,NR-ER,210,119,0.0203400906175375,6
seed_122,NR-ER,105,120,0.020322712138295174,3
seed_122,NR-ER,166,121,0.020252982154488564,6
seed_122,NR-ER,139,122,0.020091965794563293,12
seed_122,NR-ER,207,123,0.02001378871500492,2
seed_122,NR-ER,225,124,0.01963760145008564,6
seed_122,NR-ER,9,125,0.019447751343250275,3
seed_122,NR-ER,161,126,0.019253531470894814,2
seed_122,NR-ER,212,127,0.019088132306933403,7
seed_122,NR-ER,153,128,0.01901216432452202,2
seed_122,NR-ER,227,129,0.01897021383047104,3
seed_122,NR-ER,121,130,0.018911609426140785,7
seed_122,NR-ER,16,131,0.018887046724557877,4
seed_122,NR-ER,40,132,0.018624361604452133,6
seed_122,NR-ER,91,133,0.018618332222104073,6
seed_122,NR-ER,152,134,0.01854102313518524,3
seed_122,NR-ER,195,135,0.01845654845237732,11
seed_122,NR-ER,178,136,0.01841060072183609,2
seed_122,NR-ER,154,137,0.018317971378564835,5
seed_122,NR-ER,149,138,0.01808081939816475,2
seed_122,NR-ER,50,139,0.01798742078244686,3
seed_122,NR-ER,125,140,0.017921647056937218,3
seed_122,NR-ER,138,141,0.01788361556828022,3
seed_122,NR-ER,258,142,0.017724543809890747,3
seed_122,NR-ER,124,143,0.01770894229412079,4
seed_122,NR-ER,246,144,0.017681919038295746,3
seed_122,NR-ER,117,145,0.017581038177013397,7
seed_122,NR-ER,286,146,0.017516793683171272,2
seed_122,NR-ER,181,147,0.01750946044921875,4
seed_122,NR-ER,141,148,0.017507709562778473,2
seed_122,NR-ER,189,149,0.017397534102201462,9
seed_122,NR-ER,194,150,0.017271343618631363,3
seed_122,NR-ER,239,151,0.017204172909259796,3
seed_122,NR-ER,224,152,0.016764113679528236,2
seed_122,NR-ER,17,153,0.016692882403731346,5
seed_122,NR-ER,177,154,0.01668088138103485,4
seed_122,NR-ER,163,155,0.016675405204296112,3
seed_122,NR-ER,52,156,0.01657044142484665,16
seed_122,NR-ER,236,157,0.016539035364985466,3
seed_122,NR-ER,127,158,0.016514984890818596,4
seed_122,NR-ER,183,159,0.016477510333061218,7
seed_122,NR-ER,233,160,0.016443168744444847,6
seed_122,NR-ER,89,161,0.01641017012298107,3
seed_122,NR-ER,240,162,0.016376975923776627,1
seed_122,NR-ER,221,163,0.01631023921072483,6
seed_122,NR-ER,262,164,0.016270164400339127,3
seed_122,NR-ER,205,165,0.016244301572442055,3
seed_122,NR-ER,265,166,0.01618984527885914,1
seed_122,NR-ER,43,167,0.016106238588690758,9
seed_122,NR-ER,226,168,0.016020793467760086,2
seed_122,NR-ER,146,169,0.01601700484752655,5
seed_122,NR-ER,157,170,0.015969743952155113,2
seed_122,NR-ER,287,171,0.015955645591020584,8
seed_122,NR-ER,66,172,0.01589188352227211,13
seed_122,NR-ER,156,173,0.015857601538300514,2
seed_122,NR-ER,109,174,0.0156280267983675,7
seed_122,NR-ER,30,175,0.015613996423780918,5
seed_122,NR-ER,196,176,0.01559955533593893,4
seed_122,NR-ER,188,177,0.015480650588870049,2
seed_122,NR-ER,42,178,0.015432615764439106,5
seed_122,NR-ER,276,179,0.015297207981348038,8
seed_122,NR-ER,213,180,0.015065769664943218,4
seed_122,NR-ER,8,181,0.014981185086071491,6
seed_122,NR-ER,19,182,0.014938865788280964,4
seed_122,NR-ER,106,183,0.014727745205163956,4
seed_122,NR-ER,184,184,0.01467725820839405,7
seed_122,NR-ER,209,185,0.014564279466867447,7
seed_122,NR-ER,275,186,0.01451374962925911,2
seed_122,NR-ER,61,187,0.014458643272519112,6
seed_122,NR-ER,112,188,0.014446531422436237,10
seed_122,NR-ER,291,189,0.014444520696997643,2
seed_122,NR-ER,159,190,0.014330259524285793,2
seed_122,NR-ER,142,191,0.014272481203079224,3
seed_122,NR-ER,257,192,0.014169247820973396,8
seed_122,NR-ER,230,193,0.014136886224150658,3
seed_122,NR-ER,118,194,0.01410222239792347,4
seed_122,NR-ER,3,195,0.014007624238729477,6
seed_122,NR-ER,250,196,0.013881823047995567,4
seed_122,NR-ER,252,197,0.013818999752402306,4
seed_122,NR-ER,116,198,0.013701249845325947,3
seed_122,NR-ER,11,199,0.013340377248823643,2
seed_122,NR-ER,241,200,0.013282607309520245,3
seed_122,NR-ER,18,201,0.013160072267055511,4
seed_122,NR-ER,95,202,0.013071180321276188,4
seed_122,NR-ER,78,203,0.013042619451880455,5
seed_122,NR-ER,263,204,0.012978322803974152,6
seed_122,NR-ER,192,205,0.012952824123203754,3
seed_122,NR-ER,20,206,0.012934794649481773,4
seed_122,NR-ER,171,207,0.012919803149998188,2
seed_122,NR-ER,242,208,0.012892676517367363,6
seed_122,NR-ER,170,209,0.01281321793794632,6
seed_122,NR-ER,264,210,0.01275498978793621,3
seed_122,NR-ER,85,211,0.012752706184983253,3
seed_122,NR-ER,97,212,0.012656752951443195,2
seed_122,NR-ER,107,213,0.012612956576049328,6
seed_122,NR-ER,53,214,0.012513136491179466,6
seed_122,NR-ER,12,215,0.012425160966813564,6
seed_122,NR-ER,87,216,0.012330531142652035,4
seed_122,NR-ER,268,217,0.01226857490837574,4
seed_122,NR-ER,58,218,0.011866988614201546,10
seed_122,NR-ER,222,219,0.011865504086017609,4
seed_122,NR-ER,176,220,0.011835120618343353,5
seed_122,NR-ER,115,221,0.011740956455469131,4
seed_122,NR-ER,111,222,0.011728482320904732,5
seed_122,NR-ER,298,223,0.0117087597027421,4
seed_122,NR-ER,197,224,0.011707629077136517,3
seed_122,NR-ER,120,225,0.011629543267190456,5
seed_122,NR-ER,158,226,0.011535128578543663,3
seed_122,NR-ER,296,227,0.011524473316967487,10
seed_122,NR-ER,249,228,0.011478940024971962,3
seed_122,NR-ER,280,229,0.01145468931645155,3
seed_122,NR-ER,25,230,0.011396002024412155,8
seed_122,NR-ER,292,231,0.011128607206046581,3
seed_122,NR-ER,41,232,0.01111763808876276,2
seed_122,NR-ER,232,233,0.011017588898539543,2
seed_122,NR-ER,251,234,0.010940806940197945,3
seed_122,NR-ER,244,235,0.0109123969450593,1
seed_122,NR-ER,254,236,0.010819613933563232,2
seed_122,NR-ER,299,237,0.010641185566782951,7
seed_122,NR-ER,175,238,0.010633355937898159,9
seed_122,NR-ER,143,239,0.010515051893889904,5
seed_122,NR-ER,234,240,0.01040575560182333,2
seed_122,NR-ER,283,241,0.010121717117726803,2
seed_122,NR-ER,220,242,0.010008862242102623,2
seed_122,NR-ER,185,243,0.009907176718115807,3
seed_122,NR-ER,131,244,0.009900974109768867,2
seed_122,NR-ER,267,245,0.009781225584447384,2
seed_122,NR-ER,256,246,0.009733476676046848,2
seed_122,NR-ER,289,247,0.009682579897344112,2
seed_122,NR-ER,134,248,0.009649157524108887,3
seed_122,NR-ER,202,249,0.009518641978502274,3
seed_122,NR-ER,271,250,0.009452296420931816,3
seed_122,NR-ER,182,251,0.00922895036637783,2
seed_122,NR-ER,288,252,0.00922210793942213,2
seed_122,NR-ER,98,253,0.009215706028044224,2
seed_122,NR-ER,38,254,0.009146736934781075,4
seed_122,NR-ER,151,255,0.009137974120676517,2
seed_122,NR-ER,82,256,0.009104909375309944,4
seed_122,NR-ER,76,257,0.00895089190453291,2
seed_122,NR-ER,5,258,0.008825254626572132,4
seed_122,NR-ER,282,259,0.008811003528535366,3
seed_122,NR-ER,14,260,0.008800576440989971,5
seed_122,NR-ER,293,261,0.008727122098207474,3
seed_122,NR-ER,273,262,0.008714157156646252,2
seed_122,NR-ER,248,263,0.008640685118734837,2
seed_122,NR-ER,26,264,0.00862274318933487,4
seed_122,NR-ER,94,265,0.00859544426202774,2
seed_122,NR-ER,150,266,0.008519919589161873,3
seed_122,NR-ER,162,267,0.008462978526949883,3
seed_122,NR-ER,270,268,0.008376759476959705,4
seed_122,NR-ER,223,269,0.008243191055953503,2
seed_122,NR-ER,217,270,0.008120236918330193,4
seed_122,NR-ER,238,271,0.007869265973567963,1
seed_122,NR-ER,100,272,0.007614826317876577,3
seed_122,NR-ER,103,273,0.0075490642338991165,3
seed_122,NR-ER,259,274,0.007546949665993452,2
seed_122,NR-ER,214,275,0.0073929522186517715,2
seed_122,NR-ER,274,276,0.007287241984158754,2
seed_122,NR-ER,215,277,0.007220779545605183,4
seed_122,NR-ER,208,278,0.006962950341403484,3
seed_122,NR-ER,172,279,0.006643518339842558,4
seed_122,NR-ER,281,280,0.00651903310790658,1
seed_122,NR-ER,297,281,0.006372169125825167,1
seed_122,NR-ER,155,282,0.006299835164099932,3
seed_122,NR-ER,279,283,0.005883911624550819,2
seed_122,NR-ER,186,284,0.0058205933310091496,3
seed_122,NR-ER,88,285,0.005776851437985897,4
seed_122,NR-ER,255,286,0.005751641001552343,2
seed_122,NR-ER,266,287,0.005485486704856157,1
seed_122,NR-ER,277,288,0.0054630558006465435,1
seed_122,NR-ER,237,289,0.00504309544339776,2
seed_122,NR-ER,132,290,0.004961907863616943,2
seed_122,NR-ER,174,291,0.0049187964759767056,2
seed_122,NR-ER,119,292,0.004683474078774452,2
seed_122,NR-ER,187,293,0.004557815846055746,3
seed_122,NR-ER,137,294,0.004255058243870735,2
seed_122,NR-ER,278,295,0.0042212773114442825,2
seed_122,NR-ER,285,296,0.0036120868753641844,1
seed_122,NR-ER,253,297,0.003173645818606019,1
seed_122,NR-ER,191,298,0.0028182254172861576,2
seed_122,NR-ER,295,299,0.002423529513180256,2
seed_122,SR-ARE,168,0,0.3234712779521942,79
seed_122,SR-ARE,63,1,0.2599274218082428,51
seed_122,SR-ARE,128,2,0.23835502564907074,42
seed_122,SR-ARE,23,3,0.2360237091779709,30
seed_122,SR-ARE,81,4,0.22708392143249512,19
seed_122,SR-ARE,29,5,0.2169116735458374,39
seed_122,SR-ARE,39,6,0.21688777208328247,9
seed_122,SR-ARE,31,7,0.21683897078037262,20
seed_122,SR-ARE,15,8,0.21225695312023163,26
seed_122,SR-ARE,110,9,0.20458130538463593,20
seed_122,SR-ARE,140,10,0.20334362983703613,19
seed_122,SR-ARE,190,11,0.19653868675231934,13
seed_122,SR-ARE,86,12,0.1875310093164444,9
seed_122,SR-ARE,0,13,0.18521465361118317,20
seed_122,SR-ARE,10,14,0.1832846701145172,17
seed_122,SR-ARE,244,15,0.1796126365661621,1
seed_122,SR-ARE,93,16,0.17530697584152222,16
seed_122,SR-ARE,145,17,0.16982778906822205,17
seed_122,SR-ARE,62,18,0.16692692041397095,24
seed_122,SR-ARE,46,19,0.16134345531463623,13
seed_122,SR-ARE,70,20,0.1609482765197754,27
seed_122,SR-ARE,21,21,0.16062131524085999,13
seed_122,SR-ARE,84,22,0.15981698036193848,15
seed_122,SR-ARE,160,23,0.15748539566993713,11
seed_122,SR-ARE,43,24,0.15739421546459198,9
seed_122,SR-ARE,148,25,0.15672649443149567,14
seed_122,SR-ARE,24,26,0.15611614286899567,21
seed_122,SR-ARE,92,27,0.1556297093629837,21
seed_122,SR-ARE,66,28,0.15445637702941895,13
seed_122,SR-ARE,22,29,0.15098980069160461,13
seed_122,SR-ARE,38,30,0.15000100433826447,4
seed_122,SR-ARE,33,31,0.1498284637928009,17
seed_122,SR-ARE,129,32,0.1486818641424179,9
seed_122,SR-ARE,147,33,0.14690354466438293,16
seed_122,SR-ARE,219,34,0.14640116691589355,16
seed_122,SR-ARE,51,35,0.1449776589870453,10
seed_122,SR-ARE,200,36,0.14479638636112213,8
seed_122,SR-ARE,299,37,0.14469967782497406,7
seed_122,SR-ARE,7,38,0.14375683665275574,33
seed_122,SR-ARE,175,39,0.14251558482646942,9
seed_122,SR-ARE,276,40,0.1415294110774994,8
seed_122,SR-ARE,124,41,0.14132769405841827,4
seed_122,SR-ARE,143,42,0.14117278158664703,5
seed_122,SR-ARE,136,43,0.14046619832515717,18
seed_122,SR-ARE,209,44,0.13999059796333313,7
seed_122,SR-ARE,173,45,0.1389739215373993,4
seed_122,SR-ARE,108,46,0.13734231889247894,14
seed_122,SR-ARE,27,47,0.13725346326828003,8
seed_122,SR-ARE,245,48,0.13679520785808563,15
seed_122,SR-ARE,56,49,0.1367228478193283,17
seed_122,SR-ARE,161,50,0.13564719259738922,2
seed_122,SR-ARE,241,51,0.134839728474617,3
seed_122,SR-ARE,74,52,0.1343034952878952,19
seed_122,SR-ARE,221,53,0.13383613526821136,6
seed_122,SR-ARE,57,54,0.13322103023529053,9
seed_122,SR-ARE,3,55,0.1331159621477127,6
seed_122,SR-ARE,16,56,0.13310223817825317,4
seed_122,SR-ARE,144,57,0.13174213469028473,7
seed_122,SR-ARE,25,58,0.13156430423259735,8
seed_122,SR-ARE,55,59,0.13081325590610504,6
seed_122,SR-ARE,4,60,0.13051582872867584,9
seed_122,SR-ARE,118,61,0.13022112846374512,4
seed_122,SR-ARE,249,62,0.1297455132007599,3
seed_122,SR-ARE,112,63,0.1296902745962143,10
seed_122,SR-ARE,6,64,0.1294907033443451,18
seed_122,SR-ARE,90,65,0.12946295738220215,6
seed_122,SR-ARE,207,66,0.12930771708488464,2
seed_122,SR-ARE,101,67,0.12896430492401123,3
seed_122,SR-ARE,64,68,0.1279570609331131,7
seed_122,SR-ARE,185,69,0.12724344432353973,3
seed_122,SR-ARE,132,70,0.12716205418109894,2
seed_122,SR-ARE,162,71,0.1266569048166275,3
seed_122,SR-ARE,155,72,0.1261858195066452,3
seed_122,SR-ARE,120,73,0.12609732151031494,5
seed_122,SR-ARE,186,74,0.1235082671046257,3
seed_122,SR-ARE,256,75,0.12328188866376877,2
seed_122,SR-ARE,195,76,0.12234754860401154,11
seed_122,SR-ARE,113,77,0.12107906490564346,13
seed_122,SR-ARE,196,78,0.12010488659143448,4
seed_122,SR-ARE,32,79,0.12004917860031128,8
seed_122,SR-ARE,251,80,0.11892236769199371,3
seed_122,SR-ARE,72,81,0.11864565312862396,15
seed_122,SR-ARE,75,82,0.11755944043397903,13
seed_122,SR-ARE,290,83,0.11753903329372406,10
seed_122,SR-ARE,298,84,0.1172962635755539,4
seed_122,SR-ARE,52,85,0.11720028519630432,16
seed_122,SR-ARE,204,86,0.11669556051492691,7
seed_122,SR-ARE,49,87,0.11624876409769058,17
seed_122,SR-ARE,17,88,0.11572191119194031,5
seed_122,SR-ARE,135,89,0.11566150188446045,9
seed_122,SR-ARE,167,90,0.11553952097892761,6
seed_122,SR-ARE,210,91,0.11541152745485306,6
seed_122,SR-ARE,227,92,0.11491768807172775,3
seed_122,SR-ARE,36,93,0.1138422042131424,7
seed_122,SR-ARE,267,94,0.11246737837791443,2
seed_122,SR-ARE,208,95,0.11187689751386642,3
seed_122,SR-ARE,50,96,0.1115758940577507,3
seed_122,SR-ARE,83,97,0.11064783483743668,9
seed_122,SR-ARE,146,98,0.11019778251647949,5
seed_122,SR-ARE,14,99,0.10958734899759293,5
seed_122,SR-ARE,73,100,0.10935629904270172,16
seed_122,SR-ARE,257,101,0.10928705334663391,8
seed_122,SR-ARE,104,102,0.1090259924530983,4
seed_122,SR-ARE,233,103,0.10837507992982864,6
seed_122,SR-ARE,275,104,0.108253613114357,2
seed_122,SR-ARE,71,105,0.10698623955249786,11
seed_122,SR-ARE,115,106,0.10648582875728607,4
seed_122,SR-ARE,212,107,0.10603207349777222,7
seed_122,SR-ARE,213,108,0.1055946946144104,4
seed_122,SR-ARE,139,109,0.10424567759037018,12
seed_122,SR-ARE,80,110,0.10369443148374557,8
seed_122,SR-ARE,99,111,0.10355842858552933,7
seed_122,SR-ARE,228,112,0.10347836464643478,4
seed_122,SR-ARE,231,113,0.10294920951128006,8
seed_122,SR-ARE,13,114,0.10215164721012115,6
seed_122,SR-ARE,198,115,0.1021312028169632,3
seed_122,SR-ARE,2,116,0.10197362303733826,14
seed_122,SR-ARE,287,117,0.10178939998149872,8
seed_122,SR-ARE,211,118,0.10164923965930939,13
seed_122,SR-ARE,285,119,0.10117125511169434,1
seed_122,SR-ARE,206,120,0.1009858101606369,4
seed_122,SR-ARE,5,121,0.10083603858947754,4
seed_122,SR-ARE,123,122,0.10038117319345474,11
seed_122,SR-ARE,235,123,0.09979992359876633,5
seed_122,SR-ARE,225,124,0.09919853508472443,6
seed_122,SR-ARE,218,125,0.09908222407102585,3
seed_122,SR-ARE,107,126,0.09805527329444885,6
seed_122,SR-ARE,109,127,0.09718161076307297,7
seed_122,SR-ARE,193,128,0.09658228605985641,9
seed_122,SR-ARE,67,129,0.0965677946805954,16
seed_122,SR-ARE,169,130,0.09631694853305817,8
seed_122,SR-ARE,37,131,0.09557539224624634,7
seed_122,SR-ARE,59,132,0.09515953063964844,8
seed_122,SR-ARE,68,133,0.09478772431612015,2
seed_122,SR-ARE,278,134,0.09404005855321884,2
seed_122,SR-ARE,166,135,0.09324607998132706,6
seed_122,SR-ARE,98,136,0.09298671782016754,2
seed_122,SR-ARE,103,137,0.09223206341266632,3
seed_122,SR-ARE,79,138,0.09164484590291977,9
seed_122,SR-ARE,97,139,0.09147685021162033,2
seed_122,SR-ARE,179,140,0.09132587909698486,3
seed_122,SR-ARE,242,141,0.09081321209669113,6
seed_122,SR-ARE,260,142,0.09031262248754501,5
seed_122,SR-ARE,252,143,0.0902792438864708,4
seed_122,SR-ARE,82,144,0.08987119048833847,4
seed_122,SR-ARE,197,145,0.08955301344394684,3
seed_122,SR-ARE,259,146,0.08894360810518265,2
seed_122,SR-ARE,178,147,0.08892474323511124,2
seed_122,SR-ARE,53,148,0.08849959075450897,6
seed_122,SR-ARE,159,149,0.08813346177339554,2
seed_122,SR-ARE,264,150,0.08803635090589523,3
seed_122,SR-ARE,181,151,0.08802369236946106,4
seed_122,SR-ARE,163,152,0.08783577382564545,3
seed_122,SR-ARE,184,153,0.08735082298517227,7
seed_122,SR-ARE,65,154,0.08730567246675491,3
seed_122,SR-ARE,85,155,0.08722436428070068,3
seed_122,SR-ARE,28,156,0.08558691293001175,7
seed_122,SR-ARE,42,157,0.08539612591266632,5
seed_122,SR-ARE,223,158,0.08396303653717041,2
seed_122,SR-ARE,296,159,0.08385465294122696,10
seed_122,SR-ARE,192,160,0.08344535529613495,3
seed_122,SR-ARE,247,161,0.08341409265995026,4
seed_122,SR-ARE,205,162,0.08316274732351303,3
seed_122,SR-ARE,274,163,0.08286810666322708,2
seed_122,SR-ARE,288,164,0.08192557841539383,2
seed_122,SR-ARE,102,165,0.08169221132993698,6
seed_122,SR-ARE,106,166,0.08142418414354324,4
seed_122,SR-ARE,280,167,0.08121839910745621,3
seed_122,SR-ARE,270,168,0.08096358180046082,4
seed_122,SR-ARE,91,169,0.08088527619838715,6
seed_122,SR-ARE,258,170,0.08020570874214172,3
seed_122,SR-ARE,45,171,0.08008105307817459,8
seed_122,SR-ARE,26,172,0.07972607761621475,4
seed_122,SR-ARE,69,173,0.07968175411224365,8
seed_122,SR-ARE,142,174,0.07961418479681015,3
seed_122,SR-ARE,283,175,0.07897088676691055,2
seed_122,SR-ARE,189,176,0.0779147818684578,9
seed_122,SR-ARE,289,177,0.07734668254852295,2
seed_122,SR-ARE,18,178,0.07726412266492844,4
seed_122,SR-ARE,183,179,0.07718858867883682,7
seed_122,SR-ARE,222,180,0.07676512002944946,4
seed_122,SR-ARE,88,181,0.07624788582324982,4
seed_122,SR-ARE,12,182,0.07610870152711868,6
seed_122,SR-ARE,170,183,0.07571206986904144,6
seed_122,SR-ARE,203,184,0.07556098699569702,4
seed_122,SR-ARE,40,185,0.07551635056734085,6
seed_122,SR-ARE,266,186,0.07526218891143799,1
seed_122,SR-ARE,61,187,0.07518275082111359,6
seed_122,SR-ARE,150,188,0.07466684281826019,3
seed_122,SR-ARE,116,189,0.07444265484809875,3
seed_122,SR-ARE,54,190,0.07426931709051132,5
seed_122,SR-ARE,47,191,0.07403258979320526,4
seed_122,SR-ARE,127,192,0.07386822998523712,4
seed_122,SR-ARE,35,193,0.0736255943775177,4
seed_122,SR-ARE,220,194,0.07241488993167877,2
seed_122,SR-ARE,111,195,0.07204952090978622,5
seed_122,SR-ARE,137,196,0.0719192773103714,2
seed_122,SR-ARE,58,197,0.07101567834615707,10
seed_122,SR-ARE,187,198,0.07060273736715317,3
seed_122,SR-ARE,236,199,0.07009437680244446,3
seed_122,SR-ARE,20,200,0.06965058296918869,4
seed_122,SR-ARE,224,201,0.06953854858875275,2
seed_122,SR-ARE,95,202,0.06948985159397125,4
seed_122,SR-ARE,153,203,0.06904919445514679,2
seed_122,SR-ARE,271,204,0.06903395056724548,3
seed_122,SR-ARE,279,205,0.06889781355857849,2
seed_122,SR-ARE,105,206,0.06706065684556961,3
seed_122,SR-ARE,215,207,0.06703975051641464,4
seed_122,SR-ARE,130,208,0.06687325984239578,4
seed_122,SR-ARE,262,209,0.06667274981737137,3
seed_122,SR-ARE,87,210,0.06566521525382996,4
seed_122,SR-ARE,48,211,0.06559930741786957,7
seed_122,SR-ARE,151,212,0.06537052243947983,2
seed_122,SR-ARE,131,213,0.06483614444732666,2
seed_122,SR-ARE,156,214,0.06413251161575317,2
seed_122,SR-ARE,172,215,0.0638907253742218,4
seed_122,SR-ARE,117,216,0.06370656937360764,7
seed_122,SR-ARE,230,217,0.06364256888628006,3
seed_122,SR-ARE,114,218,0.06332726031541824,7
seed_122,SR-ARE,77,219,0.06325124204158783,5
seed_122,SR-ARE,126,220,0.061946671456098557,10
seed_122,SR-ARE,19,221,0.06187410652637482,4
seed_122,SR-ARE,293,222,0.06120724976062775,3
seed_122,SR-ARE,152,223,0.06086781620979309,3
seed_122,SR-ARE,133,224,0.06023204326629639,6
seed_122,SR-ARE,263,225,0.06017420068383217,6
seed_122,SR-ARE,89,226,0.05955582112073898,3
seed_122,SR-ARE,141,227,0.05933975428342819,2
seed_122,SR-ARE,78,228,0.05932364985346794,5
seed_122,SR-ARE,8,229,0.058941394090652466,6
seed_122,SR-ARE,268,230,0.05866042524576187,4
seed_122,SR-ARE,284,231,0.058462079614400864,2
seed_122,SR-ARE,154,232,0.058442603796720505,5
seed_122,SR-ARE,96,233,0.05712837725877762,5
seed_122,SR-ARE,229,234,0.05642714723944664,7
seed_122,SR-ARE,174,235,0.05640491843223572,2
seed_122,SR-ARE,138,236,0.05532165616750717,3
seed_122,SR-ARE,30,237,0.055120546370744705,5
seed_122,SR-ARE,291,238,0.05479221045970917,2
seed_122,SR-ARE,254,239,0.054670222103595734,2
seed_122,SR-ARE,250,240,0.054570551961660385,4
seed_122,SR-ARE,125,241,0.05427446961402893,3
seed_122,SR-ARE,34,242,0.053771551698446274,5
seed_122,SR-ARE,255,243,0.05320143327116966,2
seed_122,SR-ARE,177,244,0.05226067453622818,4
seed_122,SR-ARE,243,245,0.052227701991796494,2
seed_122,SR-ARE,149,246,0.05202641710639,2
seed_122,SR-ARE,282,247,0.05170918628573418,3
seed_122,SR-ARE,121,248,0.05150732398033142,7
seed_122,SR-ARE,246,249,0.0512542761862278,3
seed_122,SR-ARE,41,250,0.04822000488638878,2
seed_122,SR-ARE,176,251,0.04719138890504837,5
seed_122,SR-ARE,226,252,0.046645939350128174,2
seed_122,SR-ARE,180,253,0.04600375518202782,5
seed_122,SR-ARE,94,254,0.045565806329250336,2
seed_122,SR-ARE,119,255,0.04489628225564957,2
seed_122,SR-ARE,217,256,0.044877517968416214,4
seed_122,SR-ARE,182,257,0.04362954944372177,2
seed_122,SR-ARE,122,258,0.042909543961286545,6
seed_122,SR-ARE,1,259,0.042450450360774994,6
seed_122,SR-ARE,261,260,0.04226144030690193,3
seed_122,SR-ARE,60,261,0.0421631745994091,3
seed_122,SR-ARE,76,262,0.04008921980857849,2
seed_122,SR-ARE,265,263,0.03958086296916008,1
seed_122,SR-ARE,164,264,0.03940281644463539,2
seed_122,SR-ARE,237,265,0.03936672583222389,2
seed_122,SR-ARE,165,266,0.03934212028980255,4
seed_122,SR-ARE,248,267,0.03789348155260086,2
seed_122,SR-ARE,201,268,0.037843018770217896,4
seed_122,SR-ARE,100,269,0.03747827932238579,3
seed_122,SR-ARE,216,270,0.03654933720827103,2
seed_122,SR-ARE,158,271,0.035877395421266556,3
seed_122,SR-ARE,199,272,0.03567039966583252,2
seed_122,SR-ARE,188,273,0.03476051986217499,2
seed_122,SR-ARE,44,274,0.03450971469283104,3
seed_122,SR-ARE,134,275,0.0341501347720623,3
seed_122,SR-ARE,269,276,0.03354760631918907,4
seed_122,SR-ARE,194,277,0.03193594142794609,3
seed_122,SR-ARE,171,278,0.03191344067454338,2
seed_122,SR-ARE,157,279,0.030792182311415672,2
seed_122,SR-ARE,286,280,0.030790630728006363,2
seed_122,SR-ARE,273,281,0.030586980283260345,2
seed_122,SR-ARE,202,282,0.02905261144042015,3
seed_122,SR-ARE,239,283,0.026235898956656456,3
seed_122,SR-ARE,294,284,0.025070946663618088,2
seed_122,SR-ARE,232,285,0.023706534877419472,2
seed_122,SR-ARE,234,286,0.0206589475274086,2
seed_122,SR-ARE,238,287,0.019695742055773735,1
seed_122,SR-ARE,191,288,0.019520726054906845,2
seed_122,SR-ARE,9,289,0.017442094162106514,3
seed_122,SR-ARE,11,290,0.017266562208533287,2
seed_122,SR-ARE,272,291,0.017164552584290504,1
seed_122,SR-ARE,292,292,0.017122074961662292,3
seed_122,SR-ARE,214,293,0.016315944492816925,2
seed_122,SR-ARE,297,294,0.01590634323656559,1
seed_122,SR-ARE,295,295,0.013659345917403698,2
seed_122,SR-ARE,277,296,0.009891378693282604,1
seed_122,SR-ARE,281,297,0.008145725354552269,1
seed_122,SR-ARE,253,298,0.0074134813621640205,1
seed_122,SR-ARE,240,299,0.0072297933511435986,1
seed_122,SR-MMP,63,0,0.06681494414806366,51
seed_122,SR-MMP,23,1,0.06282881647348404,30
seed_122,SR-MMP,168,2,0.06100640818476677,79
seed_122,SR-MMP,29,3,0.060226116329431534,39
seed_122,SR-MMP,51,4,0.058749452233314514,10
seed_122,SR-MMP,15,5,0.05629068613052368,26
seed_122,SR-MMP,140,6,0.054790202528238297,19
seed_122,SR-MMP,7,7,0.05101048946380615,33
seed_122,SR-MMP,56,8,0.050011202692985535,17
seed_122,SR-MMP,136,9,0.049263421446084976,18
seed_122,SR-MMP,128,10,0.04868733510375023,42
seed_122,SR-MMP,121,11,0.04849926009774208,7
seed_122,SR-MMP,135,12,0.04779379442334175,9
seed_122,SR-MMP,49,13,0.0474279411137104,17
seed_122,SR-MMP,112,14,0.04630521312355995,10
seed_122,SR-MMP,75,15,0.04553019255399704,13
seed_122,SR-MMP,31,16,0.04478561878204346,20
seed_122,SR-MMP,260,17,0.043822139501571655,5
seed_122,SR-MMP,8,18,0.04368365928530693,6
seed_122,SR-MMP,211,19,0.04345361888408661,13
seed_122,SR-MMP,92,20,0.04302358999848366,21
seed_122,SR-MMP,294,21,0.04273184761404991,2
seed_122,SR-MMP,64,22,0.04225114732980728,7
seed_122,SR-MMP,110,23,0.04216339439153671,20
seed_122,SR-MMP,173,24,0.04215491935610771,4
seed_122,SR-MMP,80,25,0.04184747487306595,8
seed_122,SR-MMP,108,26,0.04140433296561241,14
seed_122,SR-MMP,145,27,0.04131406545639038,17
seed_122,SR-MMP,74,28,0.040952932089567184,19
seed_122,SR-MMP,10,29,0.04079117625951767,17
seed_122,SR-MMP,0,30,0.04041730985045433,20
seed_122,SR-MMP,298,31,0.040211573243141174,4
seed_122,SR-MMP,96,32,0.039679087698459625,5
seed_122,SR-MMP,62,33,0.03950627148151398,24
seed_122,SR-MMP,81,34,0.03930731490254402,19
seed_122,SR-MMP,99,35,0.039004936814308167,7
seed_122,SR-MMP,195,36,0.03875301778316498,11
seed_122,SR-MMP,138,37,0.03851598501205444,3
seed_122,SR-MMP,123,38,0.03839227184653282,11
seed_122,SR-MMP,219,39,0.038286738097667694,16
seed_122,SR-MMP,113,40,0.0382368303835392,13
seed_122,SR-MMP,5,41,0.03770892694592476,4
seed_122,SR-MMP,104,42,0.03768927603960037,4
seed_122,SR-MMP,76,43,0.0371108204126358,2
seed_122,SR-MMP,13,44,0.03705593943595886,6
seed_122,SR-MMP,245,45,0.03663712739944458,15
seed_122,SR-MMP,148,46,0.03662649542093277,14
seed_122,SR-MMP,268,47,0.03633555769920349,4
seed_122,SR-MMP,33,48,0.03627905249595642,17
seed_122,SR-MMP,147,49,0.035817429423332214,16
seed_122,SR-MMP,160,50,0.03562641516327858,11
seed_122,SR-MMP,217,51,0.03556443750858307,4
seed_122,SR-MMP,67,52,0.03530581295490265,16
seed_122,SR-MMP,129,53,0.03525689244270325,9
seed_122,SR-MMP,50,54,0.03502083569765091,3
seed_122,SR-MMP,21,55,0.03499174490571022,13
seed_122,SR-MMP,70,56,0.03497829660773277,27
seed_122,SR-MMP,290,57,0.03459513932466507,10
seed_122,SR-MMP,189,58,0.034020259976387024,9
seed_122,SR-MMP,84,59,0.034005746245384216,15
seed_122,SR-MMP,39,60,0.03400145843625069,9
seed_122,SR-MMP,276,61,0.033938951790332794,8
seed_122,SR-MMP,242,62,0.03348226472735405,6
seed_122,SR-MMP,2,63,0.03265465050935745,14
seed_122,SR-MMP,17,64,0.03247792646288872,5
seed_122,SR-MMP,48,65,0.032372813671827316,7
seed_122,SR-MMP,144,66,0.03218919411301613,7
seed_122,SR-MMP,77,67,0.03181494399905205,5
seed_122,SR-MMP,93,68,0.03177550435066223,16
seed_122,SR-MMP,43,69,0.03154761716723442,9
seed_122,SR-MMP,166,70,0.03117920644581318,6
seed_122,SR-MMP,185,71,0.03106043115258217,3
seed_122,SR-MMP,220,72,0.03097592294216156,2
seed_122,SR-MMP,58,73,0.03091614693403244,10
seed_122,SR-MMP,6,74,0.030823858454823494,18
seed_122,SR-MMP,45,75,0.03010883368551731,8
seed_122,SR-MMP,83,76,0.03001578338444233,9
seed_122,SR-MMP,79,77,0.029945194721221924,9
seed_122,SR-MMP,265,78,0.02990897372364998,1
seed_122,SR-MMP,274,79,0.029897157102823257,2
seed_122,SR-MMP,177,80,0.0298946313560009,4
seed_122,SR-MMP,18,81,0.029866624623537064,4
seed_122,SR-MMP,204,82,0.02985375188291073,7
seed_122,SR-MMP,26,83,0.029763851314783096,4
seed_122,SR-MMP,24,84,0.029762839898467064,21
seed_122,SR-MMP,150,85,0.029568951576948166,3
seed_122,SR-MMP,280,86,0.029530122876167297,3
seed_122,SR-MMP,287,87,0.029338136315345764,8
seed_122,SR-MMP,69,88,0.028941435739398003,8
seed_122,SR-MMP,196,89,0.028612282127141953,4
seed_122,SR-MMP,120,90,0.028596553951501846,5
seed_122,SR-MMP,105,91,0.028425458818674088,3
seed_122,SR-MMP,109,92,0.028393961489200592,7
seed_122,SR-MMP,52,93,0.028391635045409203,16
seed_122,SR-MMP,3,94,0.02811914123594761,6
seed_122,SR-MMP,238,95,0.02789226360619068,1
seed_122,SR-MMP,164,96,0.027812175452709198,2
seed_122,SR-MMP,116,97,0.02779134176671505,3
seed_122,SR-MMP,73,98,0.02768605574965477,16
seed_122,SR-MMP,169,99,0.02758175879716873,8
seed_122,SR-MMP,132,100,0.027494436129927635,2
seed_122,SR-MMP,32,101,0.02740051969885826,8
seed_122,SR-MMP,243,102,0.027236001566052437,2
seed_122,SR-MMP,88,103,0.0271940678358078,4
seed_122,SR-MMP,36,104,0.027187200263142586,7
seed_122,SR-MMP,172,105,0.027059167623519897,4
seed_122,SR-MMP,198,106,0.02695804089307785,3
seed_122,SR-MMP,124,107,0.026675129309296608,4
seed_122,SR-MMP,12,108,0.02656996063888073,6
seed_122,SR-MMP,296,109,0.026461869478225708,10
seed_122,SR-MMP,102,110,0.026455290615558624,6
seed_122,SR-MMP,278,111,0.026235485449433327,2
seed_122,SR-MMP,22,112,0.026183202862739563,13
seed_122,SR-MMP,91,113,0.02598164789378643,6
seed_122,SR-MMP,37,114,0.02588958851993084,7
seed_122,SR-MMP,153,115,0.025879332795739174,2
seed_122,SR-MMP,115,116,0.0258495956659317,4
seed_122,SR-MMP,61,117,0.025845596566796303,6
seed_122,SR-MMP,143,118,0.02574293687939644,5
seed_122,SR-MMP,38,119,0.02570374310016632,4
seed_122,SR-MMP,71,120,0.025459811091423035,11
seed_122,SR-MMP,54,121,0.02542940527200699,5
seed_122,SR-MMP,59,122,0.025383440777659416,8
seed_122,SR-MMP,72,123,0.025355691090226173,15
seed_122,SR-MMP,267,124,0.025320520624518394,2
seed_122,SR-MMP,65,125,0.025168918073177338,3
seed_122,SR-MMP,44,126,0.02516200765967369,3
seed_122,SR-MMP,155,127,0.02505582943558693,3
seed_122,SR-MMP,34,128,0.02494480088353157,5
seed_122,SR-MMP,271,129,0.024780765175819397,3
seed_122,SR-MMP,237,130,0.024778585880994797,2
seed_122,SR-MMP,111,131,0.024727696552872658,5
seed_122,SR-MMP,249,132,0.024654993787407875,3
seed_122,SR-MMP,229,133,0.024588454514741898,7
seed_122,SR-MMP,200,134,0.02458375133574009,8
seed_122,SR-MMP,270,135,0.024579573422670364,4
seed_122,SR-MMP,98,136,0.02448888123035431,2
seed_122,SR-MMP,282,137,0.02448437176644802,3
seed_122,SR-MMP,239,138,0.024160638451576233,3
seed_122,SR-MMP,87,139,0.024006301537156105,4
seed_122,SR-MMP,210,140,0.023902907967567444,6
seed_122,SR-MMP,257,141,0.02361515909433365,8
seed_122,SR-MMP,14,142,0.023610102012753487,5
seed_122,SR-MMP,118,143,0.0233824010938406,4
seed_122,SR-MMP,137,144,0.023262854665517807,2
seed_122,SR-MMP,139,145,0.023195521906018257,12
seed_122,SR-MMP,154,146,0.023055067285895348,5
seed_122,SR-MMP,46,147,0.023033546283841133,13
seed_122,SR-MMP,86,148,0.022985098883509636,9
seed_122,SR-MMP,175,149,0.022896798327565193,9
seed_122,SR-MMP,184,150,0.022895755246281624,7
seed_122,SR-MMP,28,151,0.022804535925388336,7
seed_122,SR-MMP,244,152,0.022530904039740562,1
seed_122,SR-MMP,142,153,0.022506296634674072,3
seed_122,SR-MMP,165,154,0.022484350949525833,4
seed_122,SR-MMP,216,155,0.022404979914426804,2
seed_122,SR-MMP,158,156,0.022097691893577576,3
seed_122,SR-MMP,20,157,0.02207997627556324,4
seed_122,SR-MMP,197,158,0.021996578201651573,3
seed_122,SR-MMP,183,159,0.021872224286198616,7
seed_122,SR-MMP,228,160,0.021854311227798462,4
seed_122,SR-MMP,199,161,0.021723438054323196,2
seed_122,SR-MMP,107,162,0.02155306003987789,6
seed_122,SR-MMP,42,163,0.021549835801124573,5
seed_122,SR-MMP,190,164,0.021513478830456734,13
seed_122,SR-MMP,241,165,0.021327242255210876,3
seed_122,SR-MMP,170,166,0.021266592666506767,6
seed_122,SR-MMP,25,167,0.02123677171766758,8
seed_122,SR-MMP,258,168,0.021210918202996254,3
seed_122,SR-MMP,187,169,0.021175744011998177,3
seed_122,SR-MMP,117,170,0.02112111821770668,7
seed_122,SR-MMP,1,171,0.02102443017065525,6
seed_122,SR-MMP,206,172,0.021019453182816505,4
seed_122,SR-MMP,162,173,0.020956767722964287,3
seed_122,SR-MMP,205,174,0.020940767601132393,3
seed_122,SR-MMP,114,175,0.020820343866944313,7
seed_122,SR-MMP,27,176,0.02050861343741417,8
seed_122,SR-MMP,286,177,0.02030952461063862,2
seed_122,SR-MMP,213,178,0.020030925050377846,4
seed_122,SR-MMP,182,179,0.019812265411019325,2
seed_122,SR-MMP,30,180,0.019711894914507866,5
seed_122,SR-MMP,292,181,0.019678674638271332,3
seed_122,SR-MMP,235,182,0.019639436155557632,5
seed_122,SR-MMP,281,183,0.019638847559690475,1
seed_122,SR-MMP,247,184,0.019634190946817398,4
seed_122,SR-MMP,256,185,0.019534556195139885,2
seed_122,SR-MMP,66,186,0.019282229244709015,13
seed_122,SR-MMP,161,187,0.019216151908040047,2
seed_122,SR-MMP,4,188,0.01913420483469963,9
seed_122,SR-MMP,122,189,0.01912883296608925,6
seed_122,SR-MMP,90,190,0.018999600782990456,6
seed_122,SR-MMP,179,191,0.01898735947906971,3
seed_122,SR-MMP,152,192,0.0189497247338295,3
seed_122,SR-MMP,293,193,0.018828703090548515,3
seed_122,SR-MMP,130,194,0.01880648173391819,4
seed_122,SR-MMP,157,195,0.018726930022239685,2
seed_122,SR-MMP,60,196,0.018642306327819824,3
seed_122,SR-MMP,176,197,0.018479790538549423,5
seed_122,SR-MMP,251,198,0.01823759824037552,3
seed_122,SR-MMP,40,199,0.01821654662489891,6
seed_122,SR-MMP,299,200,0.01817462034523487,7
seed_122,SR-MMP,100,201,0.017994474619627,3
seed_122,SR-MMP,85,202,0.017991838976740837,3
seed_122,SR-MMP,9,203,0.017922723665833473,3
seed_122,SR-MMP,233,204,0.01789802871644497,6
seed_122,SR-MMP,133,205,0.017698073759675026,6
seed_122,SR-MMP,181,206,0.0174541138112545,4
seed_122,SR-MMP,215,207,0.017320506274700165,4
seed_122,SR-MMP,16,208,0.017214030027389526,4
seed_122,SR-MMP,149,209,0.01697090081870556,2
seed_122,SR-MMP,214,210,0.016928933560848236,2
seed_122,SR-MMP,57,211,0.01688406430184841,9
seed_122,SR-MMP,263,212,0.016788501292467117,6
seed_122,SR-MMP,192,213,0.01673085428774357,3
seed_122,SR-MMP,284,214,0.01669229380786419,2
seed_122,SR-MMP,188,215,0.016688639298081398,2
seed_122,SR-MMP,227,216,0.016670357435941696,3
seed_122,SR-MMP,167,217,0.016655636951327324,6
seed_122,SR-MMP,94,218,0.016499236226081848,2
seed_122,SR-MMP,53,219,0.01646464690566063,6
seed_122,SR-MMP,193,220,0.01639498956501484,9
seed_122,SR-MMP,131,221,0.01577821932733059,2
seed_122,SR-MMP,225,222,0.015748752281069756,6
seed_122,SR-MMP,159,223,0.01567607745528221,2
seed_122,SR-MMP,252,224,0.015591179952025414,4
seed_122,SR-MMP,78,225,0.015572021715342999,5
seed_122,SR-MMP,264,226,0.015348448418080807,3
seed_122,SR-MMP,19,227,0.015220506116747856,4
seed_122,SR-MMP,269,228,0.01519640814512968,4
seed_122,SR-MMP,209,229,0.014753267168998718,7
seed_122,SR-MMP,262,230,0.014367206022143364,3
seed_122,SR-MMP,222,231,0.014316159300506115,4
seed_122,SR-MMP,261,232,0.013964262790977955,3
seed_122,SR-MMP,221,233,0.013924915343523026,6
seed_122,SR-MMP,127,234,0.013873969204723835,4
seed_122,SR-MMP,55,235,0.013770746998488903,6
seed_122,SR-MMP,95,236,0.01352267898619175,4
seed_122,SR-MMP,231,237,0.01350457314401865,8
seed_122,SR-MMP,246,238,0.013483183458447456,3
seed_122,SR-MMP,106,239,0.013401085510849953,4
seed_122,SR-MMP,295,240,0.013261708430945873,2
seed_122,SR-MMP,254,241,0.013224227353930473,2
seed_122,SR-MMP,289,242,0.013187810778617859,2
seed_122,SR-MMP,212,243,0.013147800229489803,7
seed_122,SR-MMP,11,244,0.013088230043649673,2
seed_122,SR-MMP,272,245,0.01277181413024664,1
seed_122,SR-MMP,126,246,0.012763546779751778,10
seed_122,SR-MMP,151,247,0.012678626924753189,2
seed_122,SR-MMP,180,248,0.01267528347671032,5
seed_122,SR-MMP,89,249,0.012584312818944454,3
seed_122,SR-MMP,47,250,0.012354670092463493,4
seed_122,SR-MMP,259,251,0.012146171182394028,2
seed_122,SR-MMP,171,252,0.012107117101550102,2
seed_122,SR-MMP,178,253,0.012106649577617645,2
seed_122,SR-MMP,288,254,0.01192302443087101,2
seed_122,SR-MMP,146,255,0.011893621645867825,5
seed_122,SR-MMP,283,256,0.011478171683847904,2
seed_122,SR-MMP,250,257,0.011471284553408623,4
seed_122,SR-MMP,125,258,0.01144217699766159,3
seed_122,SR-MMP,291,259,0.011150951497256756,2
seed_122,SR-MMP,297,260,0.010858353227376938,1
seed_122,SR-MMP,203,261,0.01057459320873022,4
seed_122,SR-MMP,103,262,0.010574311017990112,3
seed_122,SR-MMP,218,263,0.010365466587245464,3
seed_122,SR-MMP,253,264,0.01035768911242485,1
seed_122,SR-MMP,82,265,0.010319586843252182,4
seed_122,SR-MMP,156,266,0.010289070196449757,2
seed_122,SR-MMP,223,267,0.010269667953252792,2
seed_122,SR-MMP,202,268,0.010171674191951752,3
seed_122,SR-MMP,191,269,0.009786926209926605,2
seed_122,SR-MMP,208,270,0.009669393301010132,3
seed_122,SR-MMP,101,271,0.009396250359714031,3
seed_122,SR-MMP,119,272,0.00936104916036129,2
seed_122,SR-MMP,226,273,0.009331285022199154,2
seed_122,SR-MMP,163,274,0.009079474955797195,3
seed_122,SR-MMP,236,275,0.008980076760053635,3
seed_122,SR-MMP,186,276,0.008433809503912926,3
seed_122,SR-MMP,201,277,0.008367300033569336,4
seed_122,SR-MMP,224,278,0.008366653695702553,2
seed_122,SR-MMP,41,279,0.007657347247004509,2
seed_122,SR-MMP,273,280,0.0075790476985275745,2
seed_122,SR-MMP,194,281,0.007539816200733185,3
seed_122,SR-MMP,234,282,0.00747275073081255,2
seed_122,SR-MMP,230,283,0.007220294326543808,3
seed_122,SR-MMP,35,284,0.0072134630754590034,4
seed_122,SR-MMP,141,285,0.006918082479387522,2
seed_122,SR-MMP,134,286,0.006736581213772297,3
seed_122,SR-MMP,279,287,0.006707731634378433,2
seed_122,SR-MMP,275,288,0.006559756584465504,2
seed_122,SR-MMP,68,289,0.006303515750914812,2
seed_122,SR-MMP,232,290,0.006106676533818245,2
seed_122,SR-MMP,207,291,0.005282194819301367,2
seed_122,SR-MMP,266,292,0.0049750544130802155,1
seed_122,SR-MMP,174,293,0.004823704715818167,2
seed_122,SR-MMP,97,294,0.004736829083412886,2
seed_122,SR-MMP,255,295,0.004691499285399914,2
seed_122,SR-MMP,277,296,0.003879016963765025,1
seed_122,SR-MMP,248,297,0.0037514257710427046,2
seed_122,SR-MMP,285,298,0.0025355739053338766,1
seed_122,SR-MMP,240,299,0.002052786760032177,1
seed_122,NR-AhR,63,0,0.03995685279369354,51
seed_122,NR-AhR,140,1,0.0370914600789547,19
seed_122,NR-AhR,168,2,0.03690080717206001,79
seed_122,NR-AhR,21,3,0.03410067409276962,13
seed_122,NR-AhR,29,4,0.033882275223731995,39
seed_122,NR-AhR,24,5,0.03148052468895912,21
seed_122,NR-AhR,62,6,0.031465545296669006,24
seed_122,NR-AhR,128,7,0.029923291876912117,42
seed_122,NR-AhR,190,8,0.02940884418785572,13
seed_122,NR-AhR,145,9,0.02801012061536312,17
seed_122,NR-AhR,17,10,0.02792966738343239,5
seed_122,NR-AhR,6,11,0.027317531406879425,18
seed_122,NR-AhR,23,12,0.027231499552726746,30
seed_122,NR-AhR,92,13,0.02712884359061718,21
seed_122,NR-AhR,108,14,0.026914073154330254,14
seed_122,NR-AhR,81,15,0.02659350074827671,19
seed_122,NR-AhR,280,16,0.026337333023548126,3
seed_122,NR-AhR,33,17,0.026274800300598145,17
seed_122,NR-AhR,46,18,0.02600010856986046,13
seed_122,NR-AhR,147,19,0.025768408551812172,16
seed_122,NR-AhR,276,20,0.025618456304073334,8
seed_122,NR-AhR,31,21,0.02541028894484043,20
seed_122,NR-AhR,67,22,0.025058651342988014,16
seed_122,NR-AhR,195,23,0.02475135400891304,11
seed_122,NR-AhR,129,24,0.02403865195810795,9
seed_122,NR-AhR,7,25,0.023942124098539352,33
seed_122,NR-AhR,10,26,0.02352116070687771,17
seed_122,NR-AhR,74,27,0.023469533771276474,19
seed_122,NR-AhR,43,28,0.023226074874401093,9
seed_122,NR-AhR,219,29,0.022723451256752014,16
seed_122,NR-AhR,55,30,0.022509507834911346,6
seed_122,NR-AhR,49,31,0.022358888760209084,17
seed_122,NR-AhR,15,32,0.022313669323921204,26
seed_122,NR-AhR,69,33,0.0222407728433609,8
seed_122,NR-AhR,107,34,0.022225886583328247,6
seed_122,NR-AhR,84,35,0.02201961725950241,15
seed_122,NR-AhR,61,36,0.02189510129392147,6
seed_122,NR-AhR,93,37,0.021604036912322044,16
seed_122,NR-AhR,112,38,0.021566549316048622,10
seed_122,NR-AhR,245,39,0.02133723348379135,15
seed_122,NR-AhR,136,40,0.02126750536262989,18
seed_122,NR-AhR,169,41,0.02107389271259308,8
seed_122,NR-AhR,216,42,0.020839625969529152,2
seed_122,NR-AhR,39,43,0.020270368084311485,9
seed_122,NR-AhR,47,44,0.01996086910367012,4
seed_122,NR-AhR,229,45,0.01985759660601616,7
seed_122,NR-AhR,148,46,0.019816352054476738,14
seed_122,NR-AhR,56,47,0.01938232034444809,17
seed_122,NR-AhR,204,48,0.019359445199370384,7
seed_122,NR-AhR,193,49,0.019346440210938454,9
seed_122,NR-AhR,104,50,0.019304217770695686,4
seed_122,NR-AhR,79,51,0.019182657822966576,9
seed_122,NR-AhR,123,52,0.01911979541182518,11
seed_122,NR-AhR,173,53,0.019065890461206436,4
seed_122,NR-AhR,75,54,0.01905040815472603,13
seed_122,NR-AhR,78,55,0.01888919621706009,5
seed_122,NR-AhR,2,56,0.0186411514878273,14
seed_122,NR-AhR,290,57,0.018488863483071327,10
seed_122,NR-AhR,32,58,0.018467113375663757,8
seed_122,NR-AhR,126,59,0.018462644889950752,10
seed_122,NR-AhR,28,60,0.018405230715870857,7
seed_122,NR-AhR,66,61,0.018125902861356735,13
seed_122,NR-AhR,200,62,0.0181187242269516,8
seed_122,NR-AhR,51,63,0.01804235763847828,10
seed_122,NR-AhR,184,64,0.01785328984260559,7
seed_122,NR-AhR,110,65,0.01783030852675438,20
seed_122,NR-AhR,0,66,0.017690185457468033,20
seed_122,NR-AhR,210,67,0.017589883878827095,6
seed_122,NR-AhR,209,68,0.017489250749349594,7
seed_122,NR-AhR,72,69,0.017411062493920326,15
seed_122,NR-AhR,99,70,0.017143510282039642,7
seed_122,NR-AhR,175,71,0.01706414483487606,9
seed_122,NR-AhR,86,72,0.01697796955704689,9
seed_122,NR-AhR,130,73,0.016970695927739143,4
seed_122,NR-AhR,160,74,0.01691538281738758,11
seed_122,NR-AhR,121,75,0.01681273616850376,7
seed_122,NR-AhR,97,76,0.016712840646505356,2
seed_122,NR-AhR,233,77,0.016706736758351326,6
seed_122,NR-AhR,228,78,0.016461575403809547,4
seed_122,NR-AhR,242,79,0.016447363421320915,6
seed_122,NR-AhR,116,80,0.01644129492342472,3
seed_122,NR-AhR,59,81,0.01640368066728115,8
seed_122,NR-AhR,133,82,0.01635323092341423,6
seed_122,NR-AhR,48,83,0.016342461109161377,7
seed_122,NR-AhR,35,84,0.016254225745797157,4
seed_122,NR-AhR,158,85,0.016249660402536392,3
seed_122,NR-AhR,73,86,0.016176702454686165,16
seed_122,NR-AhR,232,87,0.016171740368008614,2
seed_122,NR-AhR,287,88,0.01609591767191887,8
seed_122,NR-AhR,161,89,0.016044409945607185,2
seed_122,NR-AhR,52,90,0.016038130968809128,16
seed_122,NR-AhR,127,91,0.01590653508901596,4
seed_122,NR-AhR,296,92,0.015820074826478958,10
seed_122,NR-AhR,30,93,0.015722455456852913,5
seed_122,NR-AhR,64,94,0.01568569242954254,7
seed_122,NR-AhR,206,95,0.015613334253430367,4
seed_122,NR-AhR,58,96,0.015579262748360634,10
seed_122,NR-AhR,151,97,0.015386505052447319,2
seed_122,NR-AhR,98,98,0.01526958029717207,2
seed_122,NR-AhR,91,99,0.015255358070135117,6
seed_122,NR-AhR,257,100,0.01519212406128645,8
seed_122,NR-AhR,83,101,0.015162493102252483,9
seed_122,NR-AhR,293,102,0.015096534974873066,3
seed_122,NR-AhR,256,103,0.015030929818749428,2
seed_122,NR-AhR,222,104,0.01499877218157053,4
seed_122,NR-AhR,22,105,0.014940318651497364,13
seed_122,NR-AhR,45,106,0.014848729595541954,8
seed_122,NR-AhR,57,107,0.01479592639952898,9
seed_122,NR-AhR,34,108,0.014784946106374264,5
seed_122,NR-AhR,54,109,0.014768124558031559,5
seed_122,NR-AhR,211,110,0.01474024634808302,13
seed_122,NR-AhR,139,111,0.014698774553835392,12
seed_122,NR-AhR,80,112,0.014652544632554054,8
seed_122,NR-AhR,155,113,0.014605438336730003,3
seed_122,NR-AhR,189,114,0.014585030265152454,9
seed_122,NR-AhR,237,115,0.014524001628160477,2
seed_122,NR-AhR,12,116,0.014387331902980804,6
seed_122,NR-AhR,135,117,0.014311365783214569,9
seed_122,NR-AhR,106,118,0.014170274138450623,4
seed_122,NR-AhR,1,119,0.0141071155667305,6
seed_122,NR-AhR,144,120,0.014042378403246403,7
seed_122,NR-AhR,283,121,0.01400939654558897,2
seed_122,NR-AhR,124,122,0.013990553095936775,4
seed_122,NR-AhR,179,123,0.013790971599519253,3
seed_122,NR-AhR,172,124,0.013766732066869736,4
seed_122,NR-AhR,260,125,0.013762734830379486,5
seed_122,NR-AhR,119,126,0.013761457055807114,2
seed_122,NR-AhR,53,127,0.013453256338834763,6
seed_122,NR-AhR,71,128,0.013280986808240414,11
seed_122,NR-AhR,70,129,0.013227710500359535,27
seed_122,NR-AhR,94,130,0.013177354820072651,2
seed_122,NR-AhR,188,131,0.013105290941894054,2
seed_122,NR-AhR,13,132,0.013057021424174309,6
seed_122,NR-AhR,191,133,0.013029689900577068,2
seed_122,NR-AhR,109,134,0.012922237627208233,7
seed_122,NR-AhR,77,135,0.012875503860414028,5
seed_122,NR-AhR,8,136,0.01282218936830759,6
seed_122,NR-AhR,270,137,0.012817329727113247,4
seed_122,NR-AhR,264,138,0.012791710905730724,3
seed_122,NR-AhR,251,139,0.012675829231739044,3
seed_122,NR-AhR,113,140,0.01266297698020935,13
seed_122,NR-AhR,236,141,0.012595927342772484,3
seed_122,NR-AhR,197,142,0.012567288242280483,3
seed_122,NR-AhR,14,143,0.012392743490636349,5
seed_122,NR-AhR,150,144,0.012377912178635597,3
seed_122,NR-AhR,42,145,0.012371944263577461,5
seed_122,NR-AhR,156,146,0.012354141101241112,2
seed_122,NR-AhR,170,147,0.012319294735789299,6
seed_122,NR-AhR,114,148,0.012258573435246944,7
seed_122,NR-AhR,4,149,0.012234595604240894,9
seed_122,NR-AhR,263,150,0.012162474915385246,6
seed_122,NR-AhR,171,151,0.012162037193775177,2
seed_122,NR-AhR,60,152,0.012076569721102715,3
seed_122,NR-AhR,111,153,0.012002110481262207,5
seed_122,NR-AhR,152,154,0.011815818957984447,3
seed_122,NR-AhR,82,155,0.011787892319262028,4
seed_122,NR-AhR,117,156,0.011764923110604286,7
seed_122,NR-AhR,298,157,0.011747637763619423,4
seed_122,NR-AhR,131,158,0.011710117571055889,2
seed_122,NR-AhR,288,159,0.011706696823239326,2
seed_122,NR-AhR,282,160,0.011643941514194012,3
seed_122,NR-AhR,159,161,0.011585157364606857,2
seed_122,NR-AhR,185,162,0.01154993660748005,3
seed_122,NR-AhR,100,163,0.011286097578704357,3
seed_122,NR-AhR,208,164,0.011271333321928978,3
seed_122,NR-AhR,90,165,0.01125453133136034,6
seed_122,NR-AhR,157,166,0.011252649128437042,2
seed_122,NR-AhR,162,167,0.011227861978113651,3
seed_122,NR-AhR,118,168,0.011220928281545639,4
seed_122,NR-AhR,198,169,0.011174391955137253,3
seed_122,NR-AhR,183,170,0.011173366568982601,7
seed_122,NR-AhR,230,171,0.01116943545639515,3
seed_122,NR-AhR,268,172,0.010991416871547699,4
seed_122,NR-AhR,177,173,0.010991310700774193,4
seed_122,NR-AhR,241,174,0.010931337252259254,3
seed_122,NR-AhR,176,175,0.010911709628999233,5
seed_122,NR-AhR,217,176,0.010816581547260284,4
seed_122,NR-AhR,120,177,0.010751516558229923,5
seed_122,NR-AhR,182,178,0.010648774914443493,2
seed_122,NR-AhR,246,179,0.01061881985515356,3
seed_122,NR-AhR,27,180,0.010580738075077534,8
seed_122,NR-AhR,5,181,0.01055050827562809,4
seed_122,NR-AhR,180,182,0.010495527647435665,5
seed_122,NR-AhR,3,183,0.010353109799325466,6
seed_122,NR-AhR,37,184,0.010350612923502922,7
seed_122,NR-AhR,261,185,0.01028635073453188,3
seed_122,NR-AhR,299,186,0.010282845236361027,7
seed_122,NR-AhR,278,187,0.010280707851052284,2
seed_122,NR-AhR,134,188,0.010162567719817162,3
seed_122,NR-AhR,40,189,0.010035836137831211,6
seed_122,NR-AhR,249,190,0.009985443204641342,3
seed_122,NR-AhR,201,191,0.009958568960428238,4
seed_122,NR-AhR,18,192,0.009919678792357445,4
seed_122,NR-AhR,292,193,0.009852685034275055,3
seed_122,NR-AhR,243,194,0.009844356216490269,2
seed_122,NR-AhR,154,195,0.009838556870818138,5
seed_122,NR-AhR,36,196,0.009830384515225887,7
seed_122,NR-AhR,115,197,0.009748294949531555,4
seed_122,NR-AhR,102,198,0.009704631753265858,6
seed_122,NR-AhR,101,199,0.009656601585447788,3
seed_122,NR-AhR,258,200,0.00964480359107256,3
seed_122,NR-AhR,25,201,0.009605244733393192,8
seed_122,NR-AhR,142,202,0.009467344731092453,3
seed_122,NR-AhR,187,203,0.009431802667677402,3
seed_122,NR-AhR,250,204,0.009423934854567051,4
seed_122,NR-AhR,284,205,0.00939080212265253,2
seed_122,NR-AhR,105,206,0.009340737015008926,3
seed_122,NR-AhR,146,207,0.009297816082835197,5
seed_122,NR-AhR,11,208,0.009270558133721352,2
seed_122,NR-AhR,163,209,0.00920871552079916,3
seed_122,NR-AhR,220,210,0.009156218729913235,2
seed_122,NR-AhR,285,211,0.00898812711238861,1
seed_122,NR-AhR,286,212,0.008947860449552536,2
seed_122,NR-AhR,87,213,0.008947464637458324,4
seed_122,NR-AhR,164,214,0.00892180111259222,2
seed_122,NR-AhR,221,215,0.008848598226904869,6
seed_122,NR-AhR,143,216,0.008833121508359909,5
seed_122,NR-AhR,149,217,0.008803015574812889,2
seed_122,NR-AhR,207,218,0.008801169693470001,2
seed_122,NR-AhR,137,219,0.008782824501395226,2
seed_122,NR-AhR,26,220,0.008774804882705212,4
seed_122,NR-AhR,125,221,0.008713438175618649,3
seed_122,NR-AhR,65,222,0.008522465825080872,3
seed_122,NR-AhR,212,223,0.008470405824482441,7
seed_122,NR-AhR,38,224,0.008393222466111183,4
seed_122,NR-AhR,103,225,0.008329435251653194,3
seed_122,NR-AhR,239,226,0.00817529670894146,3
seed_122,NR-AhR,294,227,0.008086316287517548,2
seed_122,NR-AhR,122,228,0.00797894224524498,6
seed_122,NR-AhR,227,229,0.007930994965136051,3
seed_122,NR-AhR,85,230,0.007924634031951427,3
seed_122,NR-AhR,231,231,0.007872023619711399,8
seed_122,NR-AhR,235,232,0.007799502927809954,5
seed_122,NR-AhR,226,233,0.007631614338606596,2
seed_122,NR-AhR,202,234,0.0076042781583964825,3
seed_122,NR-AhR,252,235,0.007593686692416668,4
seed_122,NR-AhR,141,236,0.0075395917519927025,2
seed_122,NR-AhR,95,237,0.007500024512410164,4
seed_122,NR-AhR,89,238,0.007468610070645809,3
seed_122,NR-AhR,167,239,0.007425209041684866,6
seed_122,NR-AhR,225,240,0.007372900377959013,6
seed_122,NR-AhR,269,241,0.007348767481744289,4
seed_122,NR-AhR,192,242,0.00705837644636631,3
seed_122,NR-AhR,181,243,0.006970846094191074,4
seed_122,NR-AhR,16,244,0.006934910546988249,4
seed_122,NR-AhR,213,245,0.00690588541328907,4
seed_122,NR-AhR,247,246,0.0068574766628444195,4
seed_122,NR-AhR,244,247,0.006850839592516422,1
seed_122,NR-AhR,165,248,0.006821208633482456,4
seed_122,NR-AhR,88,249,0.006786762271076441,4
seed_122,NR-AhR,275,250,0.006694679148495197,2
seed_122,NR-AhR,297,251,0.00655231112614274,1
seed_122,NR-AhR,262,252,0.006347804795950651,3
seed_122,NR-AhR,194,253,0.006317966617643833,3
seed_122,NR-AhR,132,254,0.006080205552279949,2
seed_122,NR-AhR,259,255,0.006070856936275959,2
seed_122,NR-AhR,20,256,0.005988639779388905,4
seed_122,NR-AhR,291,257,0.0058865319006145,2
seed_122,NR-AhR,68,258,0.005708411335945129,2
seed_122,NR-AhR,186,259,0.005634312517940998,3
seed_122,NR-AhR,138,260,0.005520631093531847,3
seed_122,NR-AhR,44,261,0.005515193101018667,3
seed_122,NR-AhR,248,262,0.005274801515042782,2
seed_122,NR-AhR,96,263,0.0051140254363417625,5
seed_122,NR-AhR,166,264,0.004991115070879459,6
seed_122,NR-AhR,76,265,0.004935662727802992,2
seed_122,NR-AhR,205,266,0.004929348360747099,3
seed_122,NR-AhR,9,267,0.004839805886149406,3
seed_122,NR-AhR,19,268,0.004762354306876659,4
seed_122,NR-AhR,218,269,0.004704450722783804,3
seed_122,NR-AhR,215,270,0.004574349150061607,4
seed_122,NR-AhR,273,271,0.00450691394507885,2
seed_122,NR-AhR,271,272,0.004481352865695953,3
seed_122,NR-AhR,196,273,0.004347120877355337,4
seed_122,NR-AhR,178,274,0.0043075052089989185,2
seed_122,NR-AhR,41,275,0.004237942397594452,2
seed_122,NR-AhR,238,276,0.004091648850589991,1
seed_122,NR-AhR,279,277,0.003934986889362335,2
seed_122,NR-AhR,295,278,0.003908149898052216,2
seed_122,NR-AhR,274,279,0.0038355172146111727,2
seed_122,NR-AhR,214,280,0.0038140013348311186,2
seed_122,NR-AhR,153,281,0.003648668760433793,2
seed_122,NR-AhR,240,282,0.003640193957835436,1
seed_122,NR-AhR,174,283,0.003559110453352332,2
seed_122,NR-AhR,199,284,0.0034980105701833963,2
seed_122,NR-AhR,289,285,0.0034359039273113012,2
seed_122,NR-AhR,255,286,0.0033693243749439716,2
seed_122,NR-AhR,203,287,0.003008110448718071,4
seed_122,NR-AhR,254,288,0.0029874953906983137,2
seed_122,NR-AhR,50,289,0.002829693490639329,3
seed_122,NR-AhR,223,290,0.0027855741791427135,2
seed_122,NR-AhR,272,291,0.002555478597059846,1
seed_122,NR-AhR,267,292,0.002450154395774007,2
seed_122,NR-AhR,234,293,0.0022483409848064184,2
seed_122,NR-AhR,224,294,0.0022129202261567116,2
seed_122,NR-AhR,253,295,0.0015815898077562451,1
seed_122,NR-AhR,265,296,0.0013634635834023356,1
seed_122,NR-AhR,277,297,0.0011783402878791094,1
seed_122,NR-AhR,266,298,0.0008599609136581421,1
seed_122,NR-AhR,281,299,0.0008326265960931778,1
seed_122,NR-ER-LBD,168,0,0.13782276213169098,79
seed_122,NR-ER-LBD,128,1,0.08328957110643387,42
seed_122,NR-ER-LBD,108,2,0.07771921157836914,14
seed_122,NR-ER-LBD,31,3,0.07492826879024506,20
seed_122,NR-ER-LBD,29,4,0.07270891219377518,39
seed_122,NR-ER-LBD,63,5,0.06978332251310349,51
seed_122,NR-ER-LBD,46,6,0.06840275973081589,13
seed_122,NR-ER-LBD,74,7,0.06824834644794464,19
seed_122,NR-ER-LBD,136,8,0.06597858667373657,18
seed_122,NR-ER-LBD,7,9,0.06528341770172119,33
seed_122,NR-ER-LBD,23,10,0.06475010514259338,30
seed_122,NR-ER-LBD,219,11,0.06452292203903198,16
seed_122,NR-ER-LBD,147,12,0.06422727555036545,16
seed_122,NR-ER-LBD,133,13,0.061421625316143036,6
seed_122,NR-ER-LBD,56,14,0.05869722366333008,17
seed_122,NR-ER-LBD,62,15,0.05741553753614426,24
seed_122,NR-ER-LBD,70,16,0.05535481497645378,27
seed_122,NR-ER-LBD,9,17,0.0544670931994915,3
seed_122,NR-ER-LBD,110,18,0.05393343046307564,20
seed_122,NR-ER-LBD,92,19,0.053893160074949265,21
seed_122,NR-ER-LBD,75,20,0.05370606854557991,13
seed_122,NR-ER-LBD,15,21,0.052750252187252045,26
seed_122,NR-ER-LBD,144,22,0.052626341581344604,7
seed_122,NR-ER-LBD,93,23,0.051816828548908234,16
seed_122,NR-ER-LBD,33,24,0.05177699029445648,17
seed_122,NR-ER-LBD,195,25,0.05169210210442543,11
seed_122,NR-ER-LBD,148,26,0.051472172141075134,14
seed_122,NR-ER-LBD,121,27,0.05067009478807449,7
seed_122,NR-ER-LBD,200,28,0.04935415834188461,8
seed_122,NR-ER-LBD,27,29,0.04909634590148926,8
seed_122,NR-ER-LBD,296,30,0.04905722662806511,10
seed_122,NR-ER-LBD,69,31,0.04904703050851822,8
seed_122,NR-ER-LBD,81,32,0.048847708851099014,19
seed_122,NR-ER-LBD,24,33,0.04658256471157074,21
seed_122,NR-ER-LBD,113,34,0.046553440392017365,13
seed_122,NR-ER-LBD,32,35,0.04590500891208649,8
seed_122,NR-ER-LBD,8,36,0.04574690759181976,6
seed_122,NR-ER-LBD,66,37,0.04562919959425926,13
seed_122,NR-ER-LBD,67,38,0.045613959431648254,16
seed_122,NR-ER-LBD,269,39,0.045330822467803955,4
seed_122,NR-ER-LBD,49,40,0.04470765218138695,17
seed_122,NR-ER-LBD,64,41,0.04459201917052269,7
seed_122,NR-ER-LBD,105,42,0.044523146003484726,3
seed_122,NR-ER-LBD,172,43,0.04412516579031944,4
seed_122,NR-ER-LBD,96,44,0.04407612979412079,5
seed_122,NR-ER-LBD,2,45,0.044012412428855896,14
seed_122,NR-ER-LBD,142,46,0.043923668563365936,3
seed_122,NR-ER-LBD,190,47,0.04390145093202591,13
seed_122,NR-ER-LBD,0,48,0.04384753480553627,20
seed_122,NR-ER-LBD,211,49,0.04365243762731552,13
seed_122,NR-ER-LBD,123,50,0.04277351498603821,11
seed_122,NR-ER-LBD,145,51,0.04224710911512375,17
seed_122,NR-ER-LBD,129,52,0.041451673954725266,9
seed_122,NR-ER-LBD,287,53,0.04125335067510605,8
seed_122,NR-ER-LBD,84,54,0.04096611589193344,15
seed_122,NR-ER-LBD,3,55,0.040773216634988785,6
seed_122,NR-ER-LBD,10,56,0.0403621532022953,17
seed_122,NR-ER-LBD,262,57,0.039951812475919724,3
seed_122,NR-ER-LBD,77,58,0.03981762379407883,5
seed_122,NR-ER-LBD,71,59,0.039811328053474426,11
seed_122,NR-ER-LBD,6,60,0.03965425491333008,18
seed_122,NR-ER-LBD,124,61,0.03923231363296509,4
seed_122,NR-ER-LBD,86,62,0.03904825076460838,9
seed_122,NR-ER-LBD,122,63,0.039026807993650436,6
seed_122,NR-ER-LBD,160,64,0.03894632309675217,11
seed_122,NR-ER-LBD,30,65,0.03859681263566017,5
seed_122,NR-ER-LBD,203,66,0.03848358243703842,4
seed_122,NR-ER-LBD,73,67,0.03806360438466072,16
seed_122,NR-ER-LBD,204,68,0.037940848618745804,7
seed_122,NR-ER-LBD,83,69,0.037664055824279785,9
seed_122,NR-ER-LBD,135,70,0.037606094032526016,9
seed_122,NR-ER-LBD,170,71,0.037556733936071396,6
seed_122,NR-ER-LBD,181,72,0.03755217790603638,4
seed_122,NR-ER-LBD,229,73,0.03751155361533165,7
seed_122,NR-ER-LBD,39,74,0.037424344569444656,9
seed_122,NR-ER-LBD,290,75,0.03739805147051811,10
seed_122,NR-ER-LBD,28,76,0.037393733859062195,7
seed_122,NR-ER-LBD,263,77,0.03711962699890137,6
seed_122,NR-ER-LBD,72,78,0.03703378513455391,15
seed_122,NR-ER-LBD,231,79,0.0365394651889801,8
seed_122,NR-ER-LBD,245,80,0.03630497679114342,15
seed_122,NR-ER-LBD,41,81,0.03588297963142395,2
seed_122,NR-ER-LBD,140,82,0.03588208183646202,19
seed_122,NR-ER-LBD,120,83,0.03563620150089264,5
seed_122,NR-ER-LBD,79,84,0.03550957143306732,9
seed_122,NR-ER-LBD,47,85,0.035331569612026215,4
seed_122,NR-ER-LBD,194,86,0.03525591269135475,3
seed_122,NR-ER-LBD,154,87,0.03518670052289963,5
seed_122,NR-ER-LBD,4,88,0.035148557275533676,9
seed_122,NR-ER-LBD,189,89,0.035132188349962234,9
seed_122,NR-ER-LBD,13,90,0.035041600465774536,6
seed_122,NR-ER-LBD,212,91,0.03471071645617485,7
seed_122,NR-ER-LBD,198,92,0.03469668701291084,3
seed_122,NR-ER-LBD,53,93,0.03456953912973404,6
seed_122,NR-ER-LBD,59,94,0.034309178590774536,8
seed_122,NR-ER-LBD,48,95,0.03411976993083954,7
seed_122,NR-ER-LBD,100,96,0.03405964747071266,3
seed_122,NR-ER-LBD,193,97,0.03402578458189964,9
seed_122,NR-ER-LBD,118,98,0.03388599306344986,4
seed_122,NR-ER-LBD,166,99,0.03367742896080017,6
seed_122,NR-ER-LBD,275,100,0.03328436613082886,2
seed_122,NR-ER-LBD,55,101,0.033240821212530136,6
seed_122,NR-ER-LBD,161,102,0.03320562466979027,2
seed_122,NR-ER-LBD,19,103,0.03314143046736717,4
seed_122,NR-ER-LBD,60,104,0.03306787088513374,3
seed_122,NR-ER-LBD,52,105,0.033007748425006866,16
seed_122,NR-ER-LBD,258,106,0.03275540843605995,3
seed_122,NR-ER-LBD,260,107,0.03271150588989258,5
seed_122,NR-ER-LBD,131,108,0.032426491379737854,2
seed_122,NR-ER-LBD,61,109,0.032302189618349075,6
seed_122,NR-ER-LBD,139,110,0.032288532704114914,12
seed_122,NR-ER-LBD,115,111,0.0322720967233181,4
seed_122,NR-ER-LBD,163,112,0.03203402832150459,3
seed_122,NR-ER-LBD,192,113,0.03202824294567108,3
seed_122,NR-ER-LBD,165,114,0.03200811892747879,4
seed_122,NR-ER-LBD,114,115,0.03193815425038338,7
seed_122,NR-ER-LBD,215,116,0.0319233275949955,4
seed_122,NR-ER-LBD,206,117,0.03178110718727112,4
seed_122,NR-ER-LBD,117,118,0.03170802816748619,7
seed_122,NR-ER-LBD,209,119,0.031624503433704376,7
seed_122,NR-ER-LBD,228,120,0.03150033950805664,4
seed_122,NR-ER-LBD,20,121,0.03104884922504425,4
seed_122,NR-ER-LBD,235,122,0.03088979423046112,5
seed_122,NR-ER-LBD,276,123,0.030737487599253654,8
seed_122,NR-ER-LBD,97,124,0.030573002994060516,2
seed_122,NR-ER-LBD,1,125,0.030498942360281944,6
seed_122,NR-ER-LBD,17,126,0.030364327132701874,5
seed_122,NR-ER-LBD,213,127,0.030261162668466568,4
seed_122,NR-ER-LBD,184,128,0.03016798011958599,7
seed_122,NR-ER-LBD,65,129,0.029957912862300873,3
seed_122,NR-ER-LBD,196,130,0.029522323980927467,4
seed_122,NR-ER-LBD,90,131,0.02943425439298153,6
seed_122,NR-ER-LBD,210,132,0.029291730374097824,6
seed_122,NR-ER-LBD,101,133,0.029223201796412468,3
seed_122,NR-ER-LBD,239,134,0.029172401875257492,3
seed_122,NR-ER-LBD,58,135,0.02916436269879341,10
seed_122,NR-ER-LBD,230,136,0.029075823724269867,3
seed_122,NR-ER-LBD,12,137,0.028850475326180458,6
seed_122,NR-ER-LBD,21,138,0.028820086270570755,13
seed_122,NR-ER-LBD,14,139,0.028728552162647247,5
seed_122,NR-ER-LBD,252,140,0.02857346460223198,4
seed_122,NR-ER-LBD,111,141,0.02833056077361107,5
seed_122,NR-ER-LBD,256,142,0.028314873576164246,2
seed_122,NR-ER-LBD,250,143,0.028299592435359955,4
seed_122,NR-ER-LBD,221,144,0.028105171397328377,6
seed_122,NR-ER-LBD,217,145,0.0280771367251873,4
seed_122,NR-ER-LBD,36,146,0.028013434261083603,7
seed_122,NR-ER-LBD,94,147,0.027957143262028694,2
seed_122,NR-ER-LBD,265,148,0.027842378243803978,1
seed_122,NR-ER-LBD,271,149,0.027576064690947533,3
seed_122,NR-ER-LBD,80,150,0.027541255578398705,8
seed_122,NR-ER-LBD,22,151,0.027226531878113747,13
seed_122,NR-ER-LBD,187,152,0.02720559947192669,3
seed_122,NR-ER-LBD,134,153,0.027196131646633148,3
seed_122,NR-ER-LBD,43,154,0.0271786917001009,9
seed_122,NR-ER-LBD,199,155,0.02705497108399868,2
seed_122,NR-ER-LBD,116,156,0.026865342631936073,3
seed_122,NR-ER-LBD,143,157,0.026777466759085655,5
seed_122,NR-ER-LBD,283,158,0.026674460619688034,2
seed_122,NR-ER-LBD,130,159,0.026573631912469864,4
seed_122,NR-ER-LBD,51,160,0.02650371938943863,10
seed_122,NR-ER-LBD,171,161,0.026502422988414764,2
seed_122,NR-ER-LBD,44,162,0.026296671479940414,3
seed_122,NR-ER-LBD,188,163,0.02581750601530075,2
seed_122,NR-ER-LBD,236,164,0.025713393464684486,3
seed_122,NR-ER-LBD,176,165,0.025553125888109207,5
seed_122,NR-ER-LBD,244,166,0.025404805317521095,1
seed_122,NR-ER-LBD,284,167,0.025193283334374428,2
seed_122,NR-ER-LBD,257,168,0.025182757526636124,8
seed_122,NR-ER-LBD,178,169,0.025137057527899742,2
seed_122,NR-ER-LBD,45,170,0.025137009099125862,8
seed_122,NR-ER-LBD,249,171,0.025089675560593605,3
seed_122,NR-ER-LBD,37,172,0.024768294766545296,7
seed_122,NR-ER-LBD,26,173,0.02461433969438076,4
seed_122,NR-ER-LBD,99,174,0.024553297087550163,7
seed_122,NR-ER-LBD,57,175,0.024546757340431213,9
seed_122,NR-ER-LBD,267,176,0.024523800238966942,2
seed_122,NR-ER-LBD,183,177,0.024348704144358635,7
seed_122,NR-ER-LBD,279,178,0.02432820200920105,2
seed_122,NR-ER-LBD,186,179,0.02430555410683155,3
seed_122,NR-ER-LBD,35,180,0.024262316524982452,4
seed_122,NR-ER-LBD,197,181,0.023987822234630585,3
seed_122,NR-ER-LBD,218,182,0.02388731949031353,3
seed_122,NR-ER-LBD,225,183,0.02384703978896141,6
seed_122,NR-ER-LBD,126,184,0.023726295679807663,10
seed_122,NR-ER-LBD,38,185,0.023524830117821693,4
seed_122,NR-ER-LBD,16,186,0.023505788296461105,4
seed_122,NR-ER-LBD,175,187,0.023491961881518364,9
seed_122,NR-ER-LBD,25,188,0.023252850398421288,8
seed_122,NR-ER-LBD,205,189,0.02323329821228981,3
seed_122,NR-ER-LBD,272,190,0.023198306560516357,1
seed_122,NR-ER-LBD,177,191,0.023021237924695015,4
seed_122,NR-ER-LBD,102,192,0.023013701662421227,6
seed_122,NR-ER-LBD,109,193,0.02282758615911007,7
seed_122,NR-ER-LBD,5,194,0.022699713706970215,4
seed_122,NR-ER-LBD,222,195,0.02236892282962799,4
seed_122,NR-ER-LBD,162,196,0.02227543666958809,3
seed_122,NR-ER-LBD,227,197,0.022260211408138275,3
seed_122,NR-ER-LBD,246,198,0.02204659767448902,3
seed_122,NR-ER-LBD,167,199,0.02168390527367592,6
seed_122,NR-ER-LBD,248,200,0.021190892904996872,2
seed_122,NR-ER-LBD,98,201,0.02110595628619194,2
seed_122,NR-ER-LBD,95,202,0.02085818350315094,4
seed_122,NR-ER-LBD,87,203,0.020786534994840622,4
seed_122,NR-ER-LBD,226,204,0.020705970004200935,2
seed_122,NR-ER-LBD,103,205,0.020634125918149948,3
seed_122,NR-ER-LBD,42,206,0.020457349717617035,5
seed_122,NR-ER-LBD,242,207,0.020341023802757263,6
seed_122,NR-ER-LBD,112,208,0.020323889330029488,10
seed_122,NR-ER-LBD,179,209,0.02012864127755165,3
seed_122,NR-ER-LBD,220,210,0.020079506561160088,2
seed_122,NR-ER-LBD,259,211,0.0200056042522192,2
seed_122,NR-ER-LBD,299,212,0.019873986020684242,7
seed_122,NR-ER-LBD,34,213,0.01974063366651535,5
seed_122,NR-ER-LBD,82,214,0.01967337355017662,4
seed_122,NR-ER-LBD,155,215,0.01960749737918377,3
seed_122,NR-ER-LBD,137,216,0.019404739141464233,2
seed_122,NR-ER-LBD,88,217,0.019288673996925354,4
seed_122,NR-ER-LBD,119,218,0.019032679498195648,2
seed_122,NR-ER-LBD,106,219,0.0190280694514513,4
seed_122,NR-ER-LBD,224,220,0.018996240571141243,2
seed_122,NR-ER-LBD,141,221,0.018850361928343773,2
seed_122,NR-ER-LBD,149,222,0.01884610764682293,2
seed_122,NR-ER-LBD,150,223,0.018786082044243813,3
seed_122,NR-ER-LBD,282,224,0.01877226121723652,3
seed_122,NR-ER-LBD,270,225,0.018536197021603584,4
seed_122,NR-ER-LBD,274,226,0.01848631165921688,2
seed_122,NR-ER-LBD,104,227,0.018390528857707977,4
seed_122,NR-ER-LBD,174,228,0.018175100907683372,2
seed_122,NR-ER-LBD,85,229,0.017913253977894783,3
seed_122,NR-ER-LBD,132,230,0.01751607283949852,2
seed_122,NR-ER-LBD,180,231,0.017147736623883247,5
seed_122,NR-ER-LBD,207,232,0.01709686778485775,2
seed_122,NR-ER-LBD,233,233,0.01705261506140232,6
seed_122,NR-ER-LBD,268,234,0.01704924926161766,4
seed_122,NR-ER-LBD,107,235,0.01696135103702545,6
seed_122,NR-ER-LBD,298,236,0.016818741336464882,4
seed_122,NR-ER-LBD,158,237,0.016801733523607254,3
seed_122,NR-ER-LBD,295,238,0.016718674451112747,2
seed_122,NR-ER-LBD,292,239,0.016682814806699753,3
seed_122,NR-ER-LBD,273,240,0.016465555876493454,2
seed_122,NR-ER-LBD,247,241,0.01646420918405056,4
seed_122,NR-ER-LBD,169,242,0.01639789715409279,8
seed_122,NR-ER-LBD,214,243,0.01629623770713806,2
seed_122,NR-ER-LBD,280,244,0.016242222860455513,3
seed_122,NR-ER-LBD,288,245,0.015965383499860764,2
seed_122,NR-ER-LBD,91,246,0.015920840203762054,6
seed_122,NR-ER-LBD,138,247,0.01576547883450985,3
seed_122,NR-ER-LBD,202,248,0.015640651807188988,3
seed_122,NR-ER-LBD,291,249,0.015526759438216686,2
seed_122,NR-ER-LBD,232,250,0.015433667227625847,2
seed_122,NR-ER-LBD,76,251,0.015285906381905079,2
seed_122,NR-ER-LBD,216,252,0.015237181447446346,2
seed_122,NR-ER-LBD,146,253,0.015204931609332561,5
seed_122,NR-ER-LBD,289,254,0.015084347687661648,2
seed_122,NR-ER-LBD,251,255,0.01503418292850256,3
seed_122,NR-ER-LBD,185,256,0.014752575196325779,3
seed_122,NR-ER-LBD,89,257,0.014701317064464092,3
seed_122,NR-ER-LBD,201,258,0.01469598338007927,4
seed_122,NR-ER-LBD,78,259,0.01468543242663145,5
seed_122,NR-ER-LBD,182,260,0.014665883965790272,2
seed_122,NR-ER-LBD,294,261,0.014596251770853996,2
seed_122,NR-ER-LBD,173,262,0.014335248619318008,4
seed_122,NR-ER-LBD,11,263,0.013665154576301575,2
seed_122,NR-ER-LBD,156,264,0.013476059772074223,2
seed_122,NR-ER-LBD,208,265,0.01335288304835558,3
seed_122,NR-ER-LBD,152,266,0.013333301059901714,3
seed_122,NR-ER-LBD,127,267,0.013308963738381863,4
seed_122,NR-ER-LBD,159,268,0.013208527117967606,2
seed_122,NR-ER-LBD,18,269,0.013063693419098854,4
seed_122,NR-ER-LBD,40,270,0.012957441620528698,6
seed_122,NR-ER-LBD,157,271,0.011179327964782715,2
seed_122,NR-ER-LBD,286,272,0.011009041219949722,2
seed_122,NR-ER-LBD,254,273,0.0107311075553298,2
seed_122,NR-ER-LBD,238,274,0.010441949591040611,1
seed_122,NR-ER-LBD,125,275,0.010438789613544941,3
seed_122,NR-ER-LBD,50,276,0.010396157391369343,3
seed_122,NR-ER-LBD,278,277,0.010176163166761398,2
seed_122,NR-ER-LBD,264,278,0.009998487308621407,3
seed_122,NR-ER-LBD,234,279,0.00994940660893917,2
seed_122,NR-ER-LBD,277,280,0.009721128270030022,1
seed_122,NR-ER-LBD,68,281,0.008159824647009373,2
seed_122,NR-ER-LBD,285,282,0.007901275530457497,1
seed_122,NR-ER-LBD,151,283,0.007418058812618256,2
seed_122,NR-ER-LBD,54,284,0.007415852975100279,5
seed_122,NR-ER-LBD,255,285,0.007310730405151844,2
seed_122,NR-ER-LBD,164,286,0.0072339423932135105,2
seed_122,NR-ER-LBD,223,287,0.0071386718191206455,2
seed_122,NR-ER-LBD,293,288,0.00669130589812994,3
seed_122,NR-ER-LBD,237,289,0.006460675969719887,2
seed_122,NR-ER-LBD,243,290,0.006199975498020649,2
seed_122,NR-ER-LBD,241,291,0.006068163085728884,3
seed_122,NR-ER-LBD,297,292,0.005955096799880266,1
seed_122,NR-ER-LBD,261,293,0.005949333310127258,3
seed_122,NR-ER-LBD,153,294,0.004606352187693119,2
seed_122,NR-ER-LBD,253,295,0.004218326881527901,1
seed_122,NR-ER-LBD,240,296,0.003894505789503455,1
seed_122,NR-ER-LBD,266,297,0.003831922309473157,1
seed_122,NR-ER-LBD,191,298,0.0035058236680924892,2
seed_122,NR-ER-LBD,281,299,0.0016253747744485736,1
seed_122,SR-ATAD5,168,0,0.011941364035010338,79
seed_122,SR-ATAD5,62,1,0.01165097951889038,24
seed_122,SR-ATAD5,63,2,0.011564421467483044,51
seed_122,SR-ATAD5,128,3,0.011552191339433193,42
seed_122,SR-ATAD5,10,4,0.011213964782655239,17
seed_122,SR-ATAD5,29,5,0.010647368617355824,39
seed_122,SR-ATAD5,15,6,0.010366728529334068,26
seed_122,SR-ATAD5,148,7,0.010303843766450882,14
seed_122,SR-ATAD5,51,8,0.010224269703030586,10
seed_122,SR-ATAD5,70,9,0.010112429969012737,27
seed_122,SR-ATAD5,23,10,0.009821983054280281,30
seed_122,SR-ATAD5,147,11,0.009655749425292015,16
seed_122,SR-ATAD5,7,12,0.009196062572300434,33
seed_122,SR-ATAD5,22,13,0.008831115439534187,13
seed_122,SR-ATAD5,152,14,0.008755270391702652,3
seed_122,SR-ATAD5,92,15,0.008688157424330711,21
seed_122,SR-ATAD5,33,16,0.008674433454871178,17
seed_122,SR-ATAD5,227,17,0.008637498132884502,3
seed_122,SR-ATAD5,74,18,0.008520297706127167,19
seed_122,SR-ATAD5,66,19,0.008505717851221561,13
seed_122,SR-ATAD5,86,20,0.008446276187896729,9
seed_122,SR-ATAD5,93,21,0.008372676558792591,16
seed_122,SR-ATAD5,81,22,0.008287190459668636,19
seed_122,SR-ATAD5,196,23,0.008235790766775608,4
seed_122,SR-ATAD5,136,24,0.008174926042556763,18
seed_122,SR-ATAD5,219,25,0.008037812076508999,16
seed_122,SR-ATAD5,139,26,0.007993247359991074,12
seed_122,SR-ATAD5,144,27,0.007838640362024307,7
seed_122,SR-ATAD5,0,28,0.007615887094289064,20
seed_122,SR-ATAD5,117,29,0.0075790961273014545,7
seed_122,SR-ATAD5,49,30,0.007573570590466261,17
seed_122,SR-ATAD5,67,31,0.007549751549959183,16
seed_122,SR-ATAD5,211,32,0.0075020198710262775,13
seed_122,SR-ATAD5,140,33,0.007498892489820719,19
seed_122,SR-ATAD5,71,34,0.00741615379229188,11
seed_122,SR-ATAD5,3,35,0.007401594892144203,6
seed_122,SR-ATAD5,181,36,0.007379708345979452,4
seed_122,SR-ATAD5,59,37,0.0072302259504795074,8
seed_122,SR-ATAD5,53,38,0.007216216530650854,6
seed_122,SR-ATAD5,268,39,0.007192427758127451,4
seed_122,SR-ATAD5,4,40,0.0070920679718256,9
seed_122,SR-ATAD5,145,41,0.0070566823706030846,17
seed_122,SR-ATAD5,299,42,0.0070013245567679405,7
seed_122,SR-ATAD5,79,43,0.006993934977799654,9
seed_122,SR-ATAD5,26,44,0.006991545669734478,4
seed_122,SR-ATAD5,146,45,0.006887929048389196,5
seed_122,SR-ATAD5,164,46,0.006860159337520599,2
seed_122,SR-ATAD5,121,47,0.006768850143998861,7
seed_122,SR-ATAD5,291,48,0.006756960414350033,2
seed_122,SR-ATAD5,108,49,0.006736734416335821,14
seed_122,SR-ATAD5,213,50,0.006708908826112747,4
seed_122,SR-ATAD5,56,51,0.006703211460262537,17
seed_122,SR-ATAD5,46,52,0.0066904425621032715,13
seed_122,SR-ATAD5,135,53,0.006684610154479742,9
seed_122,SR-ATAD5,48,54,0.00665299640968442,7
seed_122,SR-ATAD5,84,55,0.006613190285861492,15
seed_122,SR-ATAD5,155,56,0.006511350627988577,3
seed_122,SR-ATAD5,24,57,0.006423539482057095,21
seed_122,SR-ATAD5,198,58,0.006381089799106121,3
seed_122,SR-ATAD5,21,59,0.006367279216647148,13
seed_122,SR-ATAD5,290,60,0.006354627665132284,10
seed_122,SR-ATAD5,39,61,0.006346417125314474,9
seed_122,SR-ATAD5,2,62,0.006237654481083155,14
seed_122,SR-ATAD5,44,63,0.006231991108506918,3
seed_122,SR-ATAD5,13,64,0.006224116776138544,6
seed_122,SR-ATAD5,123,65,0.006155357230454683,11
seed_122,SR-ATAD5,30,66,0.0061219315975904465,5
seed_122,SR-ATAD5,169,67,0.006044954061508179,8
seed_122,SR-ATAD5,36,68,0.006023689638823271,7
seed_122,SR-ATAD5,98,69,0.0060008494183421135,2
seed_122,SR-ATAD5,246,70,0.005958036053925753,3
seed_122,SR-ATAD5,31,71,0.005940537434071302,20
seed_122,SR-ATAD5,113,72,0.005913120228797197,13
seed_122,SR-ATAD5,115,73,0.005898616276681423,4
seed_122,SR-ATAD5,35,74,0.005853951908648014,4
seed_122,SR-ATAD5,160,75,0.005829141475260258,11
seed_122,SR-ATAD5,276,76,0.00578034995123744,8
seed_122,SR-ATAD5,1,77,0.00574386166408658,6
seed_122,SR-ATAD5,34,78,0.0057279434986412525,5
seed_122,SR-ATAD5,126,79,0.005698460154235363,10
seed_122,SR-ATAD5,274,80,0.005696895997971296,2
seed_122,SR-ATAD5,104,81,0.005687539465725422,4
seed_122,SR-ATAD5,83,82,0.005621952470391989,9
seed_122,SR-ATAD5,73,83,0.005557773169130087,16
seed_122,SR-ATAD5,296,84,0.005513634532690048,10
seed_122,SR-ATAD5,195,85,0.005502169951796532,11
seed_122,SR-ATAD5,80,86,0.0054917712695896626,8
seed_122,SR-ATAD5,75,87,0.005445372778922319,13
seed_122,SR-ATAD5,112,88,0.005440525710582733,10
seed_122,SR-ATAD5,124,89,0.005423638969659805,4
seed_122,SR-ATAD5,282,90,0.005412003956735134,3
seed_122,SR-ATAD5,28,91,0.005398919805884361,7
seed_122,SR-ATAD5,99,92,0.005380108952522278,7
seed_122,SR-ATAD5,110,93,0.00534922257065773,20
seed_122,SR-ATAD5,101,94,0.005309845320880413,3
seed_122,SR-ATAD5,129,95,0.005305720493197441,9
seed_122,SR-ATAD5,229,96,0.005276016891002655,7
seed_122,SR-ATAD5,189,97,0.0052569154649972916,9
seed_122,SR-ATAD5,267,98,0.0052397530525922775,2
seed_122,SR-ATAD5,57,99,0.005226122215390205,9
seed_122,SR-ATAD5,166,100,0.005221813917160034,6
seed_122,SR-ATAD5,97,101,0.005218169651925564,2
seed_122,SR-ATAD5,61,102,0.0051915450021624565,6
seed_122,SR-ATAD5,204,103,0.005127682350575924,7
seed_122,SR-ATAD5,102,104,0.005122857633978128,6
seed_122,SR-ATAD5,177,105,0.005120056681334972,4
seed_122,SR-ATAD5,6,106,0.005064023658633232,18
seed_122,SR-ATAD5,245,107,0.005014028400182724,15
seed_122,SR-ATAD5,184,108,0.004993794951587915,7
seed_122,SR-ATAD5,64,109,0.004954571835696697,7
seed_122,SR-ATAD5,262,110,0.004953752271831036,3
seed_122,SR-ATAD5,43,111,0.004942722152918577,9
seed_122,SR-ATAD5,142,112,0.004938147962093353,3
seed_122,SR-ATAD5,162,113,0.00492869270965457,3
seed_122,SR-ATAD5,122,114,0.004919819068163633,6
seed_122,SR-ATAD5,72,115,0.00490584596991539,15
seed_122,SR-ATAD5,118,116,0.004897537641227245,4
seed_122,SR-ATAD5,14,117,0.004889386706054211,5
seed_122,SR-ATAD5,16,118,0.004861779510974884,4
seed_122,SR-ATAD5,89,119,0.004856915213167667,3
seed_122,SR-ATAD5,239,120,0.0048405760899186134,3
seed_122,SR-ATAD5,158,121,0.004826242104172707,3
seed_122,SR-ATAD5,27,122,0.004808961413800716,8
seed_122,SR-ATAD5,167,123,0.004799357615411282,6
seed_122,SR-ATAD5,87,124,0.004793550353497267,4
seed_122,SR-ATAD5,90,125,0.0047662821598351,6
seed_122,SR-ATAD5,200,126,0.004765786696225405,8
seed_122,SR-ATAD5,183,127,0.004749175626784563,7
seed_122,SR-ATAD5,52,128,0.004746661987155676,16
seed_122,SR-ATAD5,133,129,0.004682328552007675,6
seed_122,SR-ATAD5,96,130,0.004675327334553003,5
seed_122,SR-ATAD5,58,131,0.004663154948502779,10
seed_122,SR-ATAD5,231,132,0.00463490653783083,8
seed_122,SR-ATAD5,105,133,0.004631692543625832,3
seed_122,SR-ATAD5,116,134,0.004623440559953451,3
seed_122,SR-ATAD5,278,135,0.004600069019943476,2
seed_122,SR-ATAD5,17,136,0.0045599197037518024,5
seed_122,SR-ATAD5,88,137,0.004548714496195316,4
seed_122,SR-ATAD5,208,138,0.0044343010522425175,3
seed_122,SR-ATAD5,192,139,0.004423273261636496,3
seed_122,SR-ATAD5,233,140,0.004402369726449251,6
seed_122,SR-ATAD5,190,141,0.004338156897574663,13
seed_122,SR-ATAD5,95,142,0.004288424272090197,4
seed_122,SR-ATAD5,287,143,0.0042821066454052925,8
seed_122,SR-ATAD5,230,144,0.004278101492673159,3
seed_122,SR-ATAD5,237,145,0.004222203977406025,2
seed_122,SR-ATAD5,69,146,0.004208843689411879,8
seed_122,SR-ATAD5,161,147,0.0042009251192212105,2
seed_122,SR-ATAD5,175,148,0.004193381872028112,9
seed_122,SR-ATAD5,285,149,0.004182576667517424,1
seed_122,SR-ATAD5,76,150,0.0041732569225132465,2
seed_122,SR-ATAD5,19,151,0.00416258629411459,4
seed_122,SR-ATAD5,225,152,0.004146798979490995,6
seed_122,SR-ATAD5,205,153,0.0041282325983047485,3
seed_122,SR-ATAD5,193,154,0.004122180864214897,9
seed_122,SR-ATAD5,242,155,0.004121631383895874,6
seed_122,SR-ATAD5,40,156,0.004100111313164234,6
seed_122,SR-ATAD5,150,157,0.004075177945196629,3
seed_122,SR-ATAD5,260,158,0.004009694326668978,5
seed_122,SR-ATAD5,256,159,0.004005643539130688,2
seed_122,SR-ATAD5,45,160,0.003999631851911545,8
seed_122,SR-ATAD5,250,161,0.0039970288053154945,4
seed_122,SR-ATAD5,187,162,0.003980993293225765,3
seed_122,SR-ATAD5,114,163,0.003976691514253616,7
seed_122,SR-ATAD5,280,164,0.003976002335548401,3
seed_122,SR-ATAD5,138,165,0.003975667525082827,3
seed_122,SR-ATAD5,203,166,0.003955830354243517,4
seed_122,SR-ATAD5,132,167,0.00394904101267457,2
seed_122,SR-ATAD5,163,168,0.00392787205055356,3
seed_122,SR-ATAD5,283,169,0.00388778536580503,2
seed_122,SR-ATAD5,68,170,0.0038860058411955833,2
seed_122,SR-ATAD5,143,171,0.0038830656558275223,5
seed_122,SR-ATAD5,171,172,0.0038709461223334074,2
seed_122,SR-ATAD5,234,173,0.003865742590278387,2
seed_122,SR-ATAD5,249,174,0.003851670306175947,3
seed_122,SR-ATAD5,209,175,0.0038066536653786898,7
seed_122,SR-ATAD5,111,176,0.0037230870220810175,5
seed_122,SR-ATAD5,60,177,0.003690299578011036,3
seed_122,SR-ATAD5,18,178,0.0036841731052845716,4
seed_122,SR-ATAD5,257,179,0.0036838564556092024,8
seed_122,SR-ATAD5,173,180,0.003659768495708704,4
seed_122,SR-ATAD5,38,181,0.003650940954685211,4
seed_122,SR-ATAD5,130,182,0.0035882527008652687,4
seed_122,SR-ATAD5,106,183,0.0035581309348344803,4
seed_122,SR-ATAD5,210,184,0.003499074839055538,6
seed_122,SR-ATAD5,12,185,0.003462874097749591,6
seed_122,SR-ATAD5,206,186,0.0034441635943949223,4
seed_122,SR-ATAD5,176,187,0.0034384774044156075,5
seed_122,SR-ATAD5,228,188,0.003432911355048418,4
seed_122,SR-ATAD5,223,189,0.0034159612841904163,2
seed_122,SR-ATAD5,185,190,0.0033894232474267483,3
seed_122,SR-ATAD5,100,191,0.003384859301149845,3
seed_122,SR-ATAD5,107,192,0.0033739074133336544,6
seed_122,SR-ATAD5,212,193,0.0033653657883405685,7
seed_122,SR-ATAD5,179,194,0.0033302155788987875,3
seed_122,SR-ATAD5,286,195,0.0033299648202955723,2
seed_122,SR-ATAD5,293,196,0.0032984791323542595,3
seed_122,SR-ATAD5,8,197,0.0032850289717316628,6
seed_122,SR-ATAD5,221,198,0.003281983081251383,6
seed_122,SR-ATAD5,25,199,0.0032621074933558702,8
seed_122,SR-ATAD5,218,200,0.003254959126934409,3
seed_122,SR-ATAD5,77,201,0.0032490300945937634,5
seed_122,SR-ATAD5,273,202,0.0032225309405475855,2
seed_122,SR-ATAD5,271,203,0.003216790035367012,3
seed_122,SR-ATAD5,55,204,0.003200298175215721,6
seed_122,SR-ATAD5,220,205,0.0031632487662136555,2
seed_122,SR-ATAD5,217,206,0.0031364148017019033,4
seed_122,SR-ATAD5,37,207,0.003119681030511856,7
seed_122,SR-ATAD5,191,208,0.0030933283269405365,2
seed_122,SR-ATAD5,109,209,0.00308876927010715,7
seed_122,SR-ATAD5,284,210,0.003067866200581193,2
seed_122,SR-ATAD5,54,211,0.0030439053662121296,5
seed_122,SR-ATAD5,294,212,0.003041415475308895,2
seed_122,SR-ATAD5,226,213,0.0030283646192401648,2
seed_122,SR-ATAD5,240,214,0.002926221815869212,1
seed_122,SR-ATAD5,214,215,0.002857016632333398,2
seed_122,SR-ATAD5,297,216,0.002846173942089081,1
seed_122,SR-ATAD5,289,217,0.0027766739949584007,2
seed_122,SR-ATAD5,120,218,0.0027367514558136463,5
seed_122,SR-ATAD5,252,219,0.0026935923378914595,4
seed_122,SR-ATAD5,202,220,0.002691276604309678,3
seed_122,SR-ATAD5,154,221,0.002670111833140254,5
seed_122,SR-ATAD5,180,222,0.0026630896609276533,5
seed_122,SR-ATAD5,94,223,0.0026260248851031065,2
seed_122,SR-ATAD5,235,224,0.0026205359026789665,5
seed_122,SR-ATAD5,151,225,0.002611493691802025,2
seed_122,SR-ATAD5,32,226,0.0026106771547347307,8
seed_122,SR-ATAD5,78,227,0.0025958288460969925,5
seed_122,SR-ATAD5,170,228,0.0025810115039348602,6
seed_122,SR-ATAD5,197,229,0.002548168646171689,3
seed_122,SR-ATAD5,270,230,0.0025203272234648466,4
seed_122,SR-ATAD5,91,231,0.0024911246728152037,6
seed_122,SR-ATAD5,141,232,0.0024807879235595465,2
seed_122,SR-ATAD5,199,233,0.002395563991740346,2
seed_122,SR-ATAD5,298,234,0.002382068894803524,4
seed_122,SR-ATAD5,165,235,0.002370710950344801,4
seed_122,SR-ATAD5,264,236,0.002354654483497143,3
seed_122,SR-ATAD5,137,237,0.0023537955712527037,2
seed_122,SR-ATAD5,188,238,0.002327902475371957,2
seed_122,SR-ATAD5,47,239,0.0023225517943501472,4
seed_122,SR-ATAD5,247,240,0.002309799427166581,4
seed_122,SR-ATAD5,277,241,0.002293069614097476,1
seed_122,SR-ATAD5,292,242,0.0022441192995756865,3
seed_122,SR-ATAD5,103,243,0.00223789201118052,3
seed_122,SR-ATAD5,65,244,0.0022084000520408154,3
seed_122,SR-ATAD5,131,245,0.002173410262912512,2
seed_122,SR-ATAD5,5,246,0.0021411683410406113,4
seed_122,SR-ATAD5,50,247,0.002139876363798976,3
seed_122,SR-ATAD5,241,248,0.0021307538263499737,3
seed_122,SR-ATAD5,41,249,0.0021281386725604534,2
seed_122,SR-ATAD5,127,250,0.0020442716777324677,4
seed_122,SR-ATAD5,42,251,0.0020400178618729115,5
seed_122,SR-ATAD5,182,252,0.001992089906707406,2
seed_122,SR-ATAD5,275,253,0.0019792113453149796,2
seed_122,SR-ATAD5,224,254,0.0019720771815627813,2
seed_122,SR-ATAD5,258,255,0.001959472894668579,3
seed_122,SR-ATAD5,201,256,0.0019266786985099316,4
seed_122,SR-ATAD5,149,257,0.001906535355374217,2
seed_122,SR-ATAD5,232,258,0.0018549278611317277,2
seed_122,SR-ATAD5,222,259,0.0018506995402276516,4
seed_122,SR-ATAD5,261,260,0.0018441600259393454,3
seed_122,SR-ATAD5,172,261,0.0018239435739815235,4
seed_122,SR-ATAD5,157,262,0.0018106437055394053,2
seed_122,SR-ATAD5,216,263,0.0017765358788892627,2
seed_122,SR-ATAD5,82,264,0.0017756065353751183,4
seed_122,SR-ATAD5,20,265,0.0017721555195748806,4
seed_122,SR-ATAD5,125,266,0.0017669828375801444,3
seed_122,SR-ATAD5,251,267,0.0017611694056540728,3
seed_122,SR-ATAD5,9,268,0.0017310671973973513,3
seed_122,SR-ATAD5,85,269,0.0017198914429172873,3
seed_122,SR-ATAD5,207,270,0.00170858483761549,2
seed_122,SR-ATAD5,281,271,0.0016742035513743758,1
seed_122,SR-ATAD5,269,272,0.0016633415361866355,4
seed_122,SR-ATAD5,238,273,0.0016232382040470839,1
seed_122,SR-ATAD5,186,274,0.0016144376713782549,3
seed_122,SR-ATAD5,263,275,0.0015630125999450684,6
seed_122,SR-ATAD5,248,276,0.0015424044104292989,2
seed_122,SR-ATAD5,244,277,0.0015118082519620657,1
seed_122,SR-ATAD5,194,278,0.0015012037474662066,3
seed_122,SR-ATAD5,295,279,0.001491812290623784,2
seed_122,SR-ATAD5,134,280,0.0014855051413178444,3
seed_122,SR-ATAD5,279,281,0.0014365223469212651,2
seed_122,SR-ATAD5,119,282,0.0013624007115140557,2
seed_122,SR-ATAD5,215,283,0.0013170515885576606,4
seed_122,SR-ATAD5,243,284,0.001307156984694302,2
seed_122,SR-ATAD5,253,285,0.0012984247878193855,1
seed_122,SR-ATAD5,11,286,0.0012859973357990384,2
seed_122,SR-ATAD5,288,287,0.0012701884843409061,2
seed_122,SR-ATAD5,254,288,0.0012517099967226386,2
seed_122,SR-ATAD5,259,289,0.0012105630012229085,2
seed_122,SR-ATAD5,236,290,0.0011733364081010222,3
seed_122,SR-ATAD5,265,291,0.0010066241957247257,1
seed_122,SR-ATAD5,174,292,0.0009512808173894882,2
seed_122,SR-ATAD5,153,293,0.0008945458102971315,2
seed_122,SR-ATAD5,178,294,0.0007233169162645936,2
seed_122,SR-ATAD5,255,295,0.0006557946908287704,2
seed_122,SR-ATAD5,156,296,0.0005616189446300268,2
seed_122,SR-ATAD5,159,297,0.0003839579876512289,2
seed_122,SR-ATAD5,272,298,0.00030104280449450016,1
seed_122,SR-ATAD5,266,299,0.0001751070813043043,1
seed_122,SR-p53,168,0,0.05692585930228233,79
seed_122,SR-p53,128,1,0.05220820754766464,42
seed_122,SR-p53,23,2,0.04891599714756012,30
seed_122,SR-p53,63,3,0.04882850870490074,51
seed_122,SR-p53,39,4,0.045683156698942184,9
seed_122,SR-p53,29,5,0.04152331128716469,39
seed_122,SR-p53,70,6,0.04029218479990959,27
seed_122,SR-p53,15,7,0.040167007595300674,26
seed_122,SR-p53,110,8,0.04001970589160919,20
seed_122,SR-p53,83,9,0.03956130892038345,9
seed_122,SR-p53,24,10,0.03877006843686104,21
seed_122,SR-p53,148,11,0.03744129836559296,14
seed_122,SR-p53,92,12,0.03730974346399307,21
seed_122,SR-p53,175,13,0.03553701937198639,9
seed_122,SR-p53,46,14,0.03462632745504379,13
seed_122,SR-p53,282,15,0.0346132256090641,3
seed_122,SR-p53,74,16,0.034289222210645676,19
seed_122,SR-p53,219,17,0.03426383063197136,16
seed_122,SR-p53,10,18,0.033945269882678986,17
seed_122,SR-p53,245,19,0.03332817181944847,15
seed_122,SR-p53,7,20,0.033123575150966644,33
seed_122,SR-p53,64,21,0.0327083095908165,7
seed_122,SR-p53,88,22,0.03264015540480614,4
seed_122,SR-p53,194,23,0.032493673264980316,3
seed_122,SR-p53,113,24,0.03246789053082466,13
seed_122,SR-p53,21,25,0.032266441732645035,13
seed_122,SR-p53,93,26,0.03218255564570427,16
seed_122,SR-p53,17,27,0.031852032989263535,5
seed_122,SR-p53,67,28,0.031789377331733704,16
seed_122,SR-p53,90,29,0.03140981122851372,6
seed_122,SR-p53,140,30,0.031252048909664154,19
seed_122,SR-p53,142,31,0.030667435377836227,3
seed_122,SR-p53,145,32,0.030283048748970032,17
seed_122,SR-p53,42,33,0.030236681923270226,5
seed_122,SR-p53,6,34,0.029389945790171623,18
seed_122,SR-p53,84,35,0.029363185167312622,15
seed_122,SR-p53,25,36,0.029205769300460815,8
seed_122,SR-p53,147,37,0.02885156124830246,16
seed_122,SR-p53,189,38,0.02873295545578003,9
seed_122,SR-p53,32,39,0.028717821463942528,8
seed_122,SR-p53,200,40,0.028705351054668427,8
seed_122,SR-p53,193,41,0.02864576317369938,9
seed_122,SR-p53,54,42,0.028573637828230858,5
seed_122,SR-p53,211,43,0.028314603492617607,13
seed_122,SR-p53,108,44,0.028301037847995758,14
seed_122,SR-p53,38,45,0.028207572177052498,4
seed_122,SR-p53,81,46,0.028178533539175987,19
seed_122,SR-p53,162,47,0.028175052255392075,3
seed_122,SR-p53,230,48,0.02806696854531765,3
seed_122,SR-p53,45,49,0.027482058852910995,8
seed_122,SR-p53,66,50,0.02732916548848152,13
seed_122,SR-p53,31,51,0.027220923453569412,20
seed_122,SR-p53,296,52,0.027131877839565277,10
seed_122,SR-p53,62,53,0.027064813300967216,24
seed_122,SR-p53,137,54,0.02697030082345009,2
seed_122,SR-p53,256,55,0.02683827094733715,2
seed_122,SR-p53,51,56,0.02674453891813755,10
seed_122,SR-p53,72,57,0.02670338936150074,15
seed_122,SR-p53,52,58,0.026368923485279083,16
seed_122,SR-p53,59,59,0.026103397831320763,8
seed_122,SR-p53,56,60,0.025941289961338043,17
seed_122,SR-p53,210,61,0.02569575607776642,6
seed_122,SR-p53,86,62,0.025503436103463173,9
seed_122,SR-p53,53,63,0.025460325181484222,6
seed_122,SR-p53,249,64,0.025391656905412674,3
seed_122,SR-p53,243,65,0.02538176439702511,2
seed_122,SR-p53,0,66,0.025314828380942345,20
seed_122,SR-p53,136,67,0.025235051289200783,18
seed_122,SR-p53,226,68,0.025215649977326393,2
seed_122,SR-p53,43,69,0.02511468529701233,9
seed_122,SR-p53,135,70,0.024985715746879578,9
seed_122,SR-p53,217,71,0.024959787726402283,4
seed_122,SR-p53,73,72,0.024940937757492065,16
seed_122,SR-p53,33,73,0.024874694645404816,17
seed_122,SR-p53,290,74,0.024637354537844658,10
seed_122,SR-p53,190,75,0.024635085836052895,13
seed_122,SR-p53,40,76,0.024622462689876556,6
seed_122,SR-p53,129,77,0.02434670925140381,9
seed_122,SR-p53,199,78,0.024092910811305046,2
seed_122,SR-p53,196,79,0.024089619517326355,4
seed_122,SR-p53,144,80,0.02397620491683483,7
seed_122,SR-p53,3,81,0.02387274242937565,6
seed_122,SR-p53,192,82,0.023793792352080345,3
seed_122,SR-p53,22,83,0.023744892328977585,13
seed_122,SR-p53,102,84,0.023623565211892128,6
seed_122,SR-p53,99,85,0.023589204996824265,7
seed_122,SR-p53,195,86,0.023550141602754593,11
seed_122,SR-p53,36,87,0.023458795621991158,7
seed_122,SR-p53,13,88,0.023390747606754303,6
seed_122,SR-p53,125,89,0.023335786536335945,3
seed_122,SR-p53,178,90,0.02326093800365925,2
seed_122,SR-p53,115,91,0.023181257769465446,4
seed_122,SR-p53,121,92,0.02316863462328911,7
seed_122,SR-p53,174,93,0.023152174428105354,2
seed_122,SR-p53,235,94,0.023145707324147224,5
seed_122,SR-p53,177,95,0.023112062364816666,4
seed_122,SR-p53,274,96,0.023019446060061455,2
seed_122,SR-p53,227,97,0.022990567609667778,3
seed_122,SR-p53,82,98,0.02296193689107895,4
seed_122,SR-p53,2,99,0.02268020063638687,14
seed_122,SR-p53,123,100,0.022607866674661636,11
seed_122,SR-p53,276,101,0.022545333951711655,8
seed_122,SR-p53,277,102,0.022522689774632454,1
seed_122,SR-p53,231,103,0.022462716326117516,8
seed_122,SR-p53,103,104,0.02237502485513687,3
seed_122,SR-p53,104,105,0.022339966148138046,4
seed_122,SR-p53,16,106,0.02229985222220421,4
seed_122,SR-p53,205,107,0.022252583876252174,3
seed_122,SR-p53,156,108,0.022145673632621765,2
seed_122,SR-p53,238,109,0.02195931039750576,1
seed_122,SR-p53,264,110,0.021944133564829826,3
seed_122,SR-p53,95,111,0.021924501284956932,4
seed_122,SR-p53,209,112,0.02180824987590313,7
seed_122,SR-p53,61,113,0.021773483604192734,6
seed_122,SR-p53,126,114,0.021627824753522873,10
seed_122,SR-p53,184,115,0.021578723564743996,7
seed_122,SR-p53,198,116,0.021526366472244263,3
seed_122,SR-p53,4,117,0.02142527513206005,9
seed_122,SR-p53,132,118,0.02130303718149662,2
seed_122,SR-p53,265,119,0.021292582154273987,1
seed_122,SR-p53,57,120,0.02116011083126068,9
seed_122,SR-p53,181,121,0.021029748022556305,4
seed_122,SR-p53,44,122,0.021029558032751083,3
seed_122,SR-p53,75,123,0.02096487767994404,13
seed_122,SR-p53,186,124,0.020853528752923012,3
seed_122,SR-p53,117,125,0.02083338238298893,7
seed_122,SR-p53,139,126,0.020828669890761375,12
seed_122,SR-p53,242,127,0.02080516703426838,6
seed_122,SR-p53,109,128,0.020587153732776642,7
seed_122,SR-p53,80,129,0.020556293427944183,8
seed_122,SR-p53,280,130,0.02047554962337017,3
seed_122,SR-p53,150,131,0.020441893488168716,3
seed_122,SR-p53,107,132,0.0204039067029953,6
seed_122,SR-p53,79,133,0.02033734880387783,9
seed_122,SR-p53,94,134,0.020309915766119957,2
seed_122,SR-p53,224,135,0.02025705575942993,2
seed_122,SR-p53,233,136,0.020028220489621162,6
seed_122,SR-p53,120,137,0.02001947909593582,5
seed_122,SR-p53,116,138,0.019897177815437317,3
seed_122,SR-p53,183,139,0.01983497478067875,7
seed_122,SR-p53,213,140,0.019818589091300964,4
seed_122,SR-p53,220,141,0.01976676844060421,2
seed_122,SR-p53,261,142,0.019609028473496437,3
seed_122,SR-p53,71,143,0.01953135058283806,11
seed_122,SR-p53,112,144,0.019483840093016624,10
seed_122,SR-p53,35,145,0.01930019073188305,4
seed_122,SR-p53,166,146,0.019188109785318375,6
seed_122,SR-p53,149,147,0.019160950556397438,2
seed_122,SR-p53,229,148,0.019133977591991425,7
seed_122,SR-p53,85,149,0.01905052922666073,3
seed_122,SR-p53,19,150,0.018779397010803223,4
seed_122,SR-p53,49,151,0.018761975690722466,17
seed_122,SR-p53,221,152,0.01867707259953022,6
seed_122,SR-p53,69,153,0.0184746403247118,8
seed_122,SR-p53,48,154,0.018435193225741386,7
seed_122,SR-p53,163,155,0.01840895041823387,3
seed_122,SR-p53,133,156,0.01838621310889721,6
seed_122,SR-p53,253,157,0.018283924087882042,1
seed_122,SR-p53,173,158,0.018245698884129524,4
seed_122,SR-p53,143,159,0.0182283204048872,5
seed_122,SR-p53,161,160,0.01807992346584797,2
seed_122,SR-p53,204,161,0.01802009716629982,7
seed_122,SR-p53,225,162,0.017992619425058365,6
seed_122,SR-p53,98,163,0.01794033870100975,2
seed_122,SR-p53,30,164,0.017847711220383644,5
seed_122,SR-p53,294,165,0.01780737191438675,2
seed_122,SR-p53,169,166,0.01778515800833702,8
seed_122,SR-p53,212,167,0.017608528956770897,7
seed_122,SR-p53,8,168,0.01749657280743122,6
seed_122,SR-p53,185,169,0.017372921109199524,3
seed_122,SR-p53,134,170,0.017270253971219063,3
seed_122,SR-p53,5,171,0.017143933102488518,4
seed_122,SR-p53,14,172,0.01705325022339821,5
seed_122,SR-p53,260,173,0.017048118636012077,5
seed_122,SR-p53,12,174,0.01686292327940464,6
seed_122,SR-p53,55,175,0.01651742309331894,6
seed_122,SR-p53,77,176,0.016453947871923447,5
seed_122,SR-p53,58,177,0.016390550881624222,10
seed_122,SR-p53,167,178,0.016237493604421616,6
seed_122,SR-p53,20,179,0.01623433828353882,4
seed_122,SR-p53,287,180,0.01614132709801197,8
seed_122,SR-p53,28,181,0.01613411121070385,7
seed_122,SR-p53,187,182,0.01606844924390316,3
seed_122,SR-p53,27,183,0.01599828712642193,8
seed_122,SR-p53,141,184,0.01585831493139267,2
seed_122,SR-p53,206,185,0.01570987142622471,4
seed_122,SR-p53,106,186,0.015680518001317978,4
seed_122,SR-p53,146,187,0.015669284388422966,5
seed_122,SR-p53,254,188,0.015496892854571342,2
seed_122,SR-p53,37,189,0.015457859262824059,7
seed_122,SR-p53,160,190,0.015369321219623089,11
seed_122,SR-p53,124,191,0.015257541090250015,4
seed_122,SR-p53,237,192,0.015196001157164574,2
seed_122,SR-p53,218,193,0.014758547767996788,3
seed_122,SR-p53,176,194,0.014722811058163643,5
seed_122,SR-p53,114,195,0.014694889076054096,7
seed_122,SR-p53,279,196,0.014508839696645737,2
seed_122,SR-p53,130,197,0.014480123296380043,4
seed_122,SR-p53,152,198,0.014096418395638466,3
seed_122,SR-p53,26,199,0.013900107704102993,4
seed_122,SR-p53,271,200,0.013897852040827274,3
seed_122,SR-p53,60,201,0.013857632875442505,3
seed_122,SR-p53,89,202,0.013782196678221226,3
seed_122,SR-p53,34,203,0.013689951971173286,5
seed_122,SR-p53,151,204,0.013372546061873436,2
seed_122,SR-p53,286,205,0.013332365080714226,2
seed_122,SR-p53,138,206,0.013312709517776966,3
seed_122,SR-p53,47,207,0.013308603316545486,4
seed_122,SR-p53,100,208,0.013294222764670849,3
seed_122,SR-p53,228,209,0.01327410526573658,4
seed_122,SR-p53,241,210,0.01325928047299385,3
seed_122,SR-p53,172,211,0.013157469220459461,4
seed_122,SR-p53,236,212,0.01315132062882185,3
seed_122,SR-p53,215,213,0.013127781450748444,4
seed_122,SR-p53,232,214,0.013023977167904377,2
seed_122,SR-p53,118,215,0.012943395413458347,4
seed_122,SR-p53,202,216,0.012836749665439129,3
seed_122,SR-p53,203,217,0.01283643301576376,4
seed_122,SR-p53,270,218,0.01254248060286045,4
seed_122,SR-p53,157,219,0.01249642949551344,2
seed_122,SR-p53,251,220,0.012479156255722046,3
seed_122,SR-p53,165,221,0.012385614216327667,4
seed_122,SR-p53,65,222,0.012349450029432774,3
seed_122,SR-p53,299,223,0.012330427765846252,7
seed_122,SR-p53,179,224,0.012140876613557339,3
seed_122,SR-p53,91,225,0.012129832990467548,6
seed_122,SR-p53,96,226,0.012120856903493404,5
seed_122,SR-p53,1,227,0.012111520394682884,6
seed_122,SR-p53,18,228,0.01207461953163147,4
seed_122,SR-p53,208,229,0.01203241664916277,3
seed_122,SR-p53,288,230,0.011953759007155895,2
seed_122,SR-p53,259,231,0.011942650191485882,2
seed_122,SR-p53,78,232,0.011776703409850597,5
seed_122,SR-p53,247,233,0.011526125483214855,4
seed_122,SR-p53,97,234,0.011460146866738796,2
seed_122,SR-p53,197,235,0.01144662220031023,3
seed_122,SR-p53,269,236,0.011431830003857613,4
seed_122,SR-p53,263,237,0.011365368030965328,6
seed_122,SR-p53,291,238,0.01125295739620924,2
seed_122,SR-p53,188,239,0.011111532337963581,2
seed_122,SR-p53,292,240,0.010817082598805428,3
seed_122,SR-p53,180,241,0.010709621012210846,5
seed_122,SR-p53,295,242,0.010707193054258823,2
seed_122,SR-p53,216,243,0.010387741029262543,2
seed_122,SR-p53,250,244,0.010349920950829983,4
seed_122,SR-p53,239,245,0.01019419264048338,3
seed_122,SR-p53,101,246,0.010171959176659584,3
seed_122,SR-p53,223,247,0.01011811662465334,2
seed_122,SR-p53,298,248,0.010051843710243702,4
seed_122,SR-p53,127,249,0.010015697218477726,4
seed_122,SR-p53,246,250,0.009896448813378811,3
seed_122,SR-p53,257,251,0.009876655414700508,8
seed_122,SR-p53,275,252,0.009806418791413307,2
seed_122,SR-p53,111,253,0.009795109741389751,5
seed_122,SR-p53,122,254,0.009743533097207546,6
seed_122,SR-p53,214,255,0.009511175565421581,2
seed_122,SR-p53,41,256,0.009356793016195297,2
seed_122,SR-p53,222,257,0.009319387376308441,4
seed_122,SR-p53,293,258,0.009226130321621895,3
seed_122,SR-p53,255,259,0.00920360442250967,2
seed_122,SR-p53,170,260,0.009139765053987503,6
seed_122,SR-p53,164,261,0.009084049612283707,2
seed_122,SR-p53,9,262,0.009028065018355846,3
seed_122,SR-p53,240,263,0.009008411318063736,1
seed_122,SR-p53,11,264,0.008975911885499954,2
seed_122,SR-p53,252,265,0.008795731700956821,4
seed_122,SR-p53,201,266,0.008786571212112904,4
seed_122,SR-p53,131,267,0.008689889684319496,2
seed_122,SR-p53,285,268,0.008687744848430157,1
seed_122,SR-p53,281,269,0.008482541888952255,1
seed_122,SR-p53,262,270,0.008329727686941624,3
seed_122,SR-p53,284,271,0.008034017868340015,2
seed_122,SR-p53,87,272,0.007819585502147675,4
seed_122,SR-p53,278,273,0.007683407980948687,2
seed_122,SR-p53,50,274,0.007455066777765751,3
seed_122,SR-p53,171,275,0.007336226757615805,2
seed_122,SR-p53,154,276,0.007133435923606157,5
seed_122,SR-p53,258,277,0.0070761265233159065,3
seed_122,SR-p53,105,278,0.006842025090008974,3
seed_122,SR-p53,119,279,0.006811314728111029,2
seed_122,SR-p53,207,280,0.0067143747583031654,2
seed_122,SR-p53,155,281,0.00666228448972106,3
seed_122,SR-p53,268,282,0.006619526073336601,4
seed_122,SR-p53,153,283,0.006250249221920967,2
seed_122,SR-p53,283,284,0.006177796982228756,2
seed_122,SR-p53,273,285,0.005963130854070187,2
seed_122,SR-p53,76,286,0.005869240965694189,2
seed_122,SR-p53,267,287,0.00578427454456687,2
seed_122,SR-p53,68,288,0.005725453607738018,2
seed_122,SR-p53,158,289,0.005545512773096561,3
seed_122,SR-p53,234,290,0.0055249896831810474,2
seed_122,SR-p53,182,291,0.00511582288891077,2
seed_122,SR-p53,289,292,0.004376462195068598,2
seed_122,SR-p53,191,293,0.004376111086457968,2
seed_122,SR-p53,244,294,0.004196053370833397,1
seed_122,SR-p53,159,295,0.003829918336123228,2
seed_122,SR-p53,272,296,0.0037963311187922955,1
seed_122,SR-p53,248,297,0.0036380994133651257,2
seed_122,SR-p53,297,298,0.0031076741870492697,1
seed_122,SR-p53,266,299,0.0016802687896415591,1
seed_123,NR-AR,63,0,0.30048349499702454,51
seed_123,NR-AR,168,1,0.2819175720214844,79
seed_123,NR-AR,29,2,0.24791096150875092,39
seed_123,NR-AR,235,3,0.22823113203048706,5
seed_123,NR-AR,62,4,0.22571086883544922,24
seed_123,NR-AR,74,5,0.2248232066631317,19
seed_123,NR-AR,7,6,0.2174350619316101,33
seed_123,NR-AR,81,7,0.21263419091701508,19
seed_123,NR-AR,128,8,0.20321810245513916,42
seed_123,NR-AR,15,9,0.2030935287475586,26
seed_123,NR-AR,113,10,0.19899754226207733,13
seed_123,NR-AR,75,11,0.1939651221036911,13
seed_123,NR-AR,23,12,0.19326002895832062,30
seed_123,NR-AR,245,13,0.18829555809497833,15
seed_123,NR-AR,136,14,0.18826289474964142,18
seed_123,NR-AR,147,15,0.18355262279510498,16
seed_123,NR-AR,46,16,0.1833135038614273,13
seed_123,NR-AR,70,17,0.18157590925693512,27
seed_123,NR-AR,190,18,0.17878472805023193,13
seed_123,NR-AR,123,19,0.17608484625816345,11
seed_123,NR-AR,33,20,0.171680748462677,17
seed_123,NR-AR,92,21,0.1715676337480545,21
seed_123,NR-AR,110,22,0.17139029502868652,20
seed_123,NR-AR,140,23,0.16935837268829346,19
seed_123,NR-AR,59,24,0.1687690019607544,8
seed_123,NR-AR,49,25,0.1680469959974289,17
seed_123,NR-AR,25,26,0.16646993160247803,8
seed_123,NR-AR,66,27,0.16354066133499146,13
seed_123,NR-AR,257,28,0.16221046447753906,8
seed_123,NR-AR,144,29,0.1618223339319229,7
seed_123,NR-AR,211,30,0.1611696481704712,13
seed_123,NR-AR,96,31,0.15882253646850586,5
seed_123,NR-AR,184,32,0.15772585570812225,7
seed_123,NR-AR,135,33,0.15662093460559845,9
seed_123,NR-AR,2,34,0.15609104931354523,14
seed_123,NR-AR,48,35,0.15555043518543243,7
seed_123,NR-AR,129,36,0.15366707742214203,9
seed_123,NR-AR,108,37,0.15025247633457184,14
seed_123,NR-AR,252,38,0.149929478764534,4
seed_123,NR-AR,79,39,0.14864413440227509,9
seed_123,NR-AR,54,40,0.14791239798069,5
seed_123,NR-AR,67,41,0.14761565625667572,16
seed_123,NR-AR,133,42,0.1461883932352066,6
seed_123,NR-AR,0,43,0.14605394005775452,20
seed_123,NR-AR,90,44,0.1456988900899887,6
seed_123,NR-AR,31,45,0.14561066031455994,20
seed_123,NR-AR,142,46,0.14451228082180023,3
seed_123,NR-AR,198,47,0.14431697130203247,3
seed_123,NR-AR,53,48,0.14388804137706757,6
seed_123,NR-AR,24,49,0.1433892697095871,21
seed_123,NR-AR,91,50,0.1418384313583374,6
seed_123,NR-AR,69,51,0.1412578672170639,8
seed_123,NR-AR,117,52,0.14025913178920746,7
seed_123,NR-AR,157,53,0.1390151083469391,2
seed_123,NR-AR,139,54,0.13850241899490356,12
seed_123,NR-AR,264,55,0.1379857212305069,3
seed_123,NR-AR,57,56,0.1373884528875351,9
seed_123,NR-AR,8,57,0.13600324094295502,6
seed_123,NR-AR,180,58,0.13582710921764374,5
seed_123,NR-AR,10,59,0.13546867668628693,17
seed_123,NR-AR,146,60,0.13487648963928223,5
seed_123,NR-AR,21,61,0.1347772628068924,13
seed_123,NR-AR,84,62,0.13445720076560974,15
seed_123,NR-AR,17,63,0.13368725776672363,5
seed_123,NR-AR,83,64,0.13068509101867676,9
seed_123,NR-AR,12,65,0.12952308356761932,6
seed_123,NR-AR,86,66,0.12934042513370514,9
seed_123,NR-AR,287,67,0.12781575322151184,8
seed_123,NR-AR,56,68,0.1273491233587265,17
seed_123,NR-AR,6,69,0.12729161977767944,18
seed_123,NR-AR,80,70,0.1262577921152115,8
seed_123,NR-AR,4,71,0.12527009844779968,9
seed_123,NR-AR,52,72,0.1245495155453682,16
seed_123,NR-AR,93,73,0.12230309098958969,16
seed_123,NR-AR,299,74,0.12144085019826889,7
seed_123,NR-AR,224,75,0.12140285968780518,2
seed_123,NR-AR,145,76,0.12129037827253342,17
seed_123,NR-AR,104,77,0.12101320922374725,4
seed_123,NR-AR,73,78,0.12038347125053406,16
seed_123,NR-AR,28,79,0.11992212384939194,7
seed_123,NR-AR,241,80,0.11979808658361435,3
seed_123,NR-AR,233,81,0.11859124153852463,6
seed_123,NR-AR,22,82,0.11752383410930634,13
seed_123,NR-AR,36,83,0.11744897067546844,7
seed_123,NR-AR,276,84,0.11693879216909409,8
seed_123,NR-AR,78,85,0.11604530364274979,5
seed_123,NR-AR,138,86,0.11556898057460785,3
seed_123,NR-AR,40,87,0.11514513194561005,6
seed_123,NR-AR,160,88,0.11455234885215759,11
seed_123,NR-AR,155,89,0.11435140669345856,3
seed_123,NR-AR,30,90,0.11432473361492157,5
seed_123,NR-AR,296,91,0.11421625316143036,10
seed_123,NR-AR,229,92,0.11306372284889221,7
seed_123,NR-AR,148,93,0.11250858008861542,14
seed_123,NR-AR,206,94,0.11244891583919525,4
seed_123,NR-AR,263,95,0.11233409494161606,6
seed_123,NR-AR,256,96,0.11207059025764465,2
seed_123,NR-AR,269,97,0.11192978918552399,4
seed_123,NR-AR,18,98,0.11183611303567886,4
seed_123,NR-AR,13,99,0.11168012022972107,6
seed_123,NR-AR,242,100,0.1115509420633316,6
seed_123,NR-AR,192,101,0.11040082573890686,3
seed_123,NR-AR,3,102,0.11032725125551224,6
seed_123,NR-AR,185,103,0.10956325381994247,3
seed_123,NR-AR,200,104,0.10930900275707245,8
seed_123,NR-AR,107,105,0.10916713625192642,6
seed_123,NR-AR,213,106,0.10853260010480881,4
seed_123,NR-AR,109,107,0.1082380935549736,7
seed_123,NR-AR,58,108,0.10789498686790466,10
seed_123,NR-AR,71,109,0.1076696440577507,11
seed_123,NR-AR,51,110,0.10739345848560333,10
seed_123,NR-AR,26,111,0.10720641911029816,4
seed_123,NR-AR,204,112,0.1071351021528244,7
seed_123,NR-AR,177,113,0.10593721270561218,4
seed_123,NR-AR,114,114,0.10584382712841034,7
seed_123,NR-AR,250,115,0.10553041100502014,4
seed_123,NR-AR,38,116,0.1053682267665863,4
seed_123,NR-AR,134,117,0.10496316105127335,3
seed_123,NR-AR,189,118,0.10387872904539108,9
seed_123,NR-AR,289,119,0.10304103791713715,2
seed_123,NR-AR,290,120,0.10294190794229507,10
seed_123,NR-AR,275,121,0.10260172933340073,2
seed_123,NR-AR,212,122,0.1015593558549881,7
seed_123,NR-AR,243,123,0.10139013081789017,2
seed_123,NR-AR,89,124,0.10123434662818909,3
seed_123,NR-AR,151,125,0.10095401853322983,2
seed_123,NR-AR,219,126,0.10067681968212128,16
seed_123,NR-AR,126,127,0.10033594816923141,10
seed_123,NR-AR,272,128,0.0999772697687149,1
seed_123,NR-AR,72,129,0.09963851422071457,15
seed_123,NR-AR,193,130,0.0990893542766571,9
seed_123,NR-AR,44,131,0.09890013933181763,3
seed_123,NR-AR,203,132,0.0984644740819931,4
seed_123,NR-AR,124,133,0.09767478704452515,4
seed_123,NR-AR,281,134,0.09761813282966614,1
seed_123,NR-AR,60,135,0.0974593237042427,3
seed_123,NR-AR,50,136,0.09714484214782715,3
seed_123,NR-AR,105,137,0.09709829837083817,3
seed_123,NR-AR,199,138,0.09670347720384598,2
seed_123,NR-AR,99,139,0.09617802500724792,7
seed_123,NR-AR,39,140,0.09589183330535889,9
seed_123,NR-AR,222,141,0.09568905830383301,4
seed_123,NR-AR,277,142,0.09397179633378983,1
seed_123,NR-AR,169,143,0.09380798041820526,8
seed_123,NR-AR,188,144,0.09314380586147308,2
seed_123,NR-AR,20,145,0.0930754691362381,4
seed_123,NR-AR,279,146,0.0930139422416687,2
seed_123,NR-AR,19,147,0.09125901013612747,4
seed_123,NR-AR,298,148,0.09098449349403381,4
seed_123,NR-AR,230,149,0.09074201434850693,3
seed_123,NR-AR,103,150,0.0901981070637703,3
seed_123,NR-AR,61,151,0.08977800607681274,6
seed_123,NR-AR,127,152,0.0895906314253807,4
seed_123,NR-AR,35,153,0.0895688533782959,4
seed_123,NR-AR,172,154,0.08887043595314026,4
seed_123,NR-AR,158,155,0.08869630843400955,3
seed_123,NR-AR,112,156,0.08827368915081024,10
seed_123,NR-AR,122,157,0.08750082552433014,6
seed_123,NR-AR,45,158,0.08748345822095871,8
seed_123,NR-AR,1,159,0.08727364242076874,6
seed_123,NR-AR,231,160,0.08639480918645859,8
seed_123,NR-AR,205,161,0.08635179698467255,3
seed_123,NR-AR,167,162,0.08620063960552216,6
seed_123,NR-AR,240,163,0.0852218046784401,1
seed_123,NR-AR,43,164,0.08466187864542007,9
seed_123,NR-AR,248,165,0.08408693969249725,2
seed_123,NR-AR,163,166,0.08359045535326004,3
seed_123,NR-AR,121,167,0.08306264132261276,7
seed_123,NR-AR,37,168,0.08294234424829483,7
seed_123,NR-AR,111,169,0.08244197070598602,5
seed_123,NR-AR,265,170,0.0815863236784935,1
seed_123,NR-AR,221,171,0.08154477924108505,6
seed_123,NR-AR,175,172,0.08137613534927368,9
seed_123,NR-AR,156,173,0.08127586543560028,2
seed_123,NR-AR,173,174,0.08074300736188889,4
seed_123,NR-AR,261,175,0.0806824341416359,3
seed_123,NR-AR,65,176,0.08063755929470062,3
seed_123,NR-AR,259,177,0.08023341000080109,2
seed_123,NR-AR,238,178,0.07947012037038803,1
seed_123,NR-AR,42,179,0.07935231178998947,5
seed_123,NR-AR,292,180,0.07825121283531189,3
seed_123,NR-AR,236,181,0.07773520797491074,3
seed_123,NR-AR,181,182,0.07766509056091309,4
seed_123,NR-AR,201,183,0.07753375172615051,4
seed_123,NR-AR,215,184,0.07741682976484299,4
seed_123,NR-AR,225,185,0.07731389999389648,6
seed_123,NR-AR,278,186,0.0764702633023262,2
seed_123,NR-AR,239,187,0.0764693096280098,3
seed_123,NR-AR,95,188,0.07634913921356201,4
seed_123,NR-AR,262,189,0.07623985409736633,3
seed_123,NR-AR,132,190,0.07579374313354492,2
seed_123,NR-AR,153,191,0.07577356696128845,2
seed_123,NR-AR,191,192,0.07543782144784927,2
seed_123,NR-AR,282,193,0.07534343004226685,3
seed_123,NR-AR,64,194,0.07532081753015518,7
seed_123,NR-AR,32,195,0.07415946573019028,8
seed_123,NR-AR,27,196,0.07379139214754105,8
seed_123,NR-AR,268,197,0.07351035624742508,4
seed_123,NR-AR,77,198,0.07329727709293365,5
seed_123,NR-AR,174,199,0.07325391471385956,2
seed_123,NR-AR,209,200,0.07314886897802353,7
seed_123,NR-AR,294,201,0.07311160862445831,2
seed_123,NR-AR,273,202,0.07304386794567108,2
seed_123,NR-AR,130,203,0.07282546162605286,4
seed_123,NR-AR,166,204,0.0714571550488472,6
seed_123,NR-AR,41,205,0.07096301019191742,2
seed_123,NR-AR,141,206,0.0707373097538948,2
seed_123,NR-AR,258,207,0.07058446854352951,3
seed_123,NR-AR,116,208,0.0702013149857521,3
seed_123,NR-AR,220,209,0.06999467313289642,2
seed_123,NR-AR,244,210,0.06920946389436722,1
seed_123,NR-AR,179,211,0.0687393918633461,3
seed_123,NR-AR,210,212,0.06795991212129593,6
seed_123,NR-AR,202,213,0.06794733554124832,3
seed_123,NR-AR,197,214,0.06771448254585266,3
seed_123,NR-AR,82,215,0.06757278740406036,4
seed_123,NR-AR,106,216,0.06704805046319962,4
seed_123,NR-AR,246,217,0.0664619579911232,3
seed_123,NR-AR,228,218,0.06558255851268768,4
seed_123,NR-AR,291,219,0.06553317606449127,2
seed_123,NR-AR,118,220,0.06496717035770416,4
seed_123,NR-AR,34,221,0.06428253650665283,5
seed_123,NR-AR,165,222,0.06390338391065598,4
seed_123,NR-AR,253,223,0.06352249532938004,1
seed_123,NR-AR,267,224,0.0634993463754654,2
seed_123,NR-AR,102,225,0.06252778321504593,6
seed_123,NR-AR,161,226,0.061881065368652344,2
seed_123,NR-AR,194,227,0.061406299471855164,3
seed_123,NR-AR,178,228,0.061238959431648254,2
seed_123,NR-AR,186,229,0.06054525077342987,3
seed_123,NR-AR,227,230,0.059813596308231354,3
seed_123,NR-AR,120,231,0.059637706726789474,5
seed_123,NR-AR,101,232,0.059435512870550156,3
seed_123,NR-AR,195,233,0.0588039867579937,11
seed_123,NR-AR,183,234,0.05866565927863121,7
seed_123,NR-AR,143,235,0.058430422097444534,5
seed_123,NR-AR,115,236,0.05822005122900009,4
seed_123,NR-AR,154,237,0.05704506114125252,5
seed_123,NR-AR,55,238,0.05650366470217705,6
seed_123,NR-AR,251,239,0.05597306415438652,3
seed_123,NR-AR,217,240,0.05594826862215996,4
seed_123,NR-AR,207,241,0.055505819618701935,2
seed_123,NR-AR,5,242,0.05533784627914429,4
seed_123,NR-AR,76,243,0.054124440997838974,2
seed_123,NR-AR,249,244,0.05375126376748085,3
seed_123,NR-AR,98,245,0.05328916758298874,2
seed_123,NR-AR,214,246,0.05324406176805496,2
seed_123,NR-AR,87,247,0.05302601307630539,4
seed_123,NR-AR,16,248,0.05262012779712677,4
seed_123,NR-AR,11,249,0.05095881223678589,2
seed_123,NR-AR,280,250,0.04935803264379501,3
seed_123,NR-AR,14,251,0.049218665808439255,5
seed_123,NR-AR,152,252,0.04702222719788551,3
seed_123,NR-AR,149,253,0.04680611565709114,2
seed_123,NR-AR,271,254,0.045361556112766266,3
seed_123,NR-AR,162,255,0.04481599107384682,3
seed_123,NR-AR,284,256,0.04450718313455582,2
seed_123,NR-AR,47,257,0.04439029097557068,4
seed_123,NR-AR,196,258,0.04419592022895813,4
seed_123,NR-AR,286,259,0.042612358927726746,2
seed_123,NR-AR,232,260,0.041661642491817474,2
seed_123,NR-AR,150,261,0.040579695254564285,3
seed_123,NR-AR,68,262,0.039560843259096146,2
seed_123,NR-AR,187,263,0.03930285945534706,3
seed_123,NR-AR,270,264,0.03855672851204872,4
seed_123,NR-AR,85,265,0.03831300139427185,3
seed_123,NR-AR,9,266,0.038171909749507904,3
seed_123,NR-AR,260,267,0.03777102753520012,5
seed_123,NR-AR,218,268,0.0376167967915535,3
seed_123,NR-AR,94,269,0.03731212392449379,2
seed_123,NR-AR,171,270,0.034733280539512634,2
seed_123,NR-AR,247,271,0.03467223048210144,4
seed_123,NR-AR,295,272,0.03462112322449684,2
seed_123,NR-AR,159,273,0.03377760201692581,2
seed_123,NR-AR,283,274,0.03332797810435295,2
seed_123,NR-AR,288,275,0.03297651931643486,2
seed_123,NR-AR,88,276,0.03236093372106552,4
seed_123,NR-AR,176,277,0.03198818489909172,5
seed_123,NR-AR,100,278,0.03183356299996376,3
seed_123,NR-AR,170,279,0.031392913311719894,6
seed_123,NR-AR,125,280,0.030228497460484505,3
seed_123,NR-AR,131,281,0.02956564538180828,2
seed_123,NR-AR,254,282,0.02867901884019375,2
seed_123,NR-AR,293,283,0.027822546660900116,3
seed_123,NR-AR,237,284,0.027722934260964394,2
seed_123,NR-AR,266,285,0.02716117352247238,1
seed_123,NR-AR,208,286,0.027055462822318077,3
seed_123,NR-AR,223,287,0.022987989708781242,2
seed_123,NR-AR,182,288,0.022641444578766823,2
seed_123,NR-AR,274,289,0.022555164992809296,2
seed_123,NR-AR,297,290,0.018933242186903954,1
seed_123,NR-AR,97,291,0.018763387575745583,2
seed_123,NR-AR,234,292,0.01848844811320305,2
seed_123,NR-AR,285,293,0.01818052865564823,1
seed_123,NR-AR,216,294,0.016909683123230934,2
seed_123,NR-AR,226,295,0.015761762857437134,2
seed_123,NR-AR,137,296,0.014981403015553951,2
seed_123,NR-AR,119,297,0.012585030868649483,2
seed_123,NR-AR,164,298,0.012239107862114906,2
seed_123,NR-AR,255,299,0.011887451633810997,2
seed_123,NR-Aromatase,168,0,0.13669097423553467,79
seed_123,NR-Aromatase,29,1,0.12249363213777542,39
seed_123,NR-Aromatase,23,2,0.1152549684047699,30
seed_123,NR-Aromatase,63,3,0.11299007385969162,51
seed_123,NR-Aromatase,7,4,0.10996641963720322,33
seed_123,NR-Aromatase,128,5,0.10774318873882294,42
seed_123,NR-Aromatase,98,6,0.10423245280981064,2
seed_123,NR-Aromatase,209,7,0.10391468554735184,7
seed_123,NR-Aromatase,75,8,0.10045819729566574,13
seed_123,NR-Aromatase,33,9,0.09811747819185257,17
seed_123,NR-Aromatase,31,10,0.09627190232276917,20
seed_123,NR-Aromatase,49,11,0.09087488800287247,17
seed_123,NR-Aromatase,46,12,0.09050178527832031,13
seed_123,NR-Aromatase,6,13,0.0890297144651413,18
seed_123,NR-Aromatase,62,14,0.08890391141176224,24
seed_123,NR-Aromatase,167,15,0.08878777176141739,6
seed_123,NR-Aromatase,34,16,0.08723358064889908,5
seed_123,NR-Aromatase,67,17,0.08612202852964401,16
seed_123,NR-Aromatase,110,18,0.08479588478803635,20
seed_123,NR-Aromatase,15,19,0.08400721848011017,26
seed_123,NR-Aromatase,123,20,0.08246904611587524,11
seed_123,NR-Aromatase,74,21,0.0822979137301445,19
seed_123,NR-Aromatase,148,22,0.0813608318567276,14
seed_123,NR-Aromatase,93,23,0.08101081848144531,16
seed_123,NR-Aromatase,91,24,0.08027268946170807,6
seed_123,NR-Aromatase,268,25,0.07994350790977478,4
seed_123,NR-Aromatase,10,26,0.07964236289262772,17
seed_123,NR-Aromatase,39,27,0.07870270311832428,9
seed_123,NR-Aromatase,24,28,0.07741501927375793,21
seed_123,NR-Aromatase,140,29,0.0770164504647255,19
seed_123,NR-Aromatase,129,30,0.07652688026428223,9
seed_123,NR-Aromatase,289,31,0.07584047317504883,2
seed_123,NR-Aromatase,86,32,0.07555076479911804,9
seed_123,NR-Aromatase,14,33,0.0752953588962555,5
seed_123,NR-Aromatase,71,34,0.07430930435657501,11
seed_123,NR-Aromatase,169,35,0.07396633177995682,8
seed_123,NR-Aromatase,200,36,0.07390757650136948,8
seed_123,NR-Aromatase,84,37,0.07220122963190079,15
seed_123,NR-Aromatase,108,38,0.07135577499866486,14
seed_123,NR-Aromatase,245,39,0.07061166316270828,15
seed_123,NR-Aromatase,0,40,0.07019761204719543,20
seed_123,NR-Aromatase,18,41,0.06931208074092865,4
seed_123,NR-Aromatase,81,42,0.06926164776086807,19
seed_123,NR-Aromatase,220,43,0.06903363019227982,2
seed_123,NR-Aromatase,95,44,0.06874853372573853,4
seed_123,NR-Aromatase,276,45,0.06827180087566376,8
seed_123,NR-Aromatase,16,46,0.06820840388536453,4
seed_123,NR-Aromatase,136,47,0.06800679117441177,18
seed_123,NR-Aromatase,120,48,0.0678810328245163,5
seed_123,NR-Aromatase,219,49,0.06781302392482758,16
seed_123,NR-Aromatase,66,50,0.06715220212936401,13
seed_123,NR-Aromatase,176,51,0.06674760580062866,5
seed_123,NR-Aromatase,2,52,0.06635809689760208,14
seed_123,NR-Aromatase,147,53,0.06620320677757263,16
seed_123,NR-Aromatase,44,54,0.06609608232975006,3
seed_123,NR-Aromatase,177,55,0.06587562710046768,4
seed_123,NR-Aromatase,112,56,0.06524630635976791,10
seed_123,NR-Aromatase,43,57,0.06522765010595322,9
seed_123,NR-Aromatase,160,58,0.06484071910381317,11
seed_123,NR-Aromatase,38,59,0.06465783715248108,4
seed_123,NR-Aromatase,51,60,0.06452569365501404,10
seed_123,NR-Aromatase,193,61,0.06438744068145752,9
seed_123,NR-Aromatase,211,62,0.06434273719787598,13
seed_123,NR-Aromatase,21,63,0.06414305418729782,13
seed_123,NR-Aromatase,40,64,0.0638483315706253,6
seed_123,NR-Aromatase,92,65,0.06380533427000046,21
seed_123,NR-Aromatase,299,66,0.06338874995708466,7
seed_123,NR-Aromatase,253,67,0.0632624626159668,1
seed_123,NR-Aromatase,70,68,0.06269986182451248,27
seed_123,NR-Aromatase,212,69,0.06226790323853493,7
seed_123,NR-Aromatase,4,70,0.0620611272752285,9
seed_123,NR-Aromatase,57,71,0.062041278928518295,9
seed_123,NR-Aromatase,52,72,0.06203990802168846,16
seed_123,NR-Aromatase,205,73,0.061868295073509216,3
seed_123,NR-Aromatase,210,74,0.06184176728129387,6
seed_123,NR-Aromatase,69,75,0.06150089204311371,8
seed_123,NR-Aromatase,233,76,0.06112521514296532,6
seed_123,NR-Aromatase,127,77,0.061089999973773956,4
seed_123,NR-Aromatase,139,78,0.060991887003183365,12
seed_123,NR-Aromatase,58,79,0.06012875959277153,10
seed_123,NR-Aromatase,192,80,0.05952085554599762,3
seed_123,NR-Aromatase,229,81,0.058883801102638245,7
seed_123,NR-Aromatase,115,82,0.05861493572592735,4
seed_123,NR-Aromatase,144,83,0.058449745178222656,7
seed_123,NR-Aromatase,32,84,0.05774236097931862,8
seed_123,NR-Aromatase,204,85,0.057594142854213715,7
seed_123,NR-Aromatase,25,86,0.05745759606361389,8
seed_123,NR-Aromatase,45,87,0.057166121900081635,8
seed_123,NR-Aromatase,113,88,0.05651607736945152,13
seed_123,NR-Aromatase,5,89,0.05644400790333748,4
seed_123,NR-Aromatase,48,90,0.056047894060611725,7
seed_123,NR-Aromatase,145,91,0.05557393282651901,17
seed_123,NR-Aromatase,12,92,0.054909948259592056,6
seed_123,NR-Aromatase,287,93,0.05480579286813736,8
seed_123,NR-Aromatase,183,94,0.05467626452445984,7
seed_123,NR-Aromatase,103,95,0.05410407856106758,3
seed_123,NR-Aromatase,179,96,0.054051946848630905,3
seed_123,NR-Aromatase,90,97,0.05324927717447281,6
seed_123,NR-Aromatase,190,98,0.053120046854019165,13
seed_123,NR-Aromatase,135,99,0.053109344094991684,9
seed_123,NR-Aromatase,72,100,0.05307186394929886,15
seed_123,NR-Aromatase,263,101,0.052900753915309906,6
seed_123,NR-Aromatase,41,102,0.05281688645482063,2
seed_123,NR-Aromatase,133,103,0.05255993455648422,6
seed_123,NR-Aromatase,107,104,0.05236262083053589,6
seed_123,NR-Aromatase,73,105,0.05189989507198334,16
seed_123,NR-Aromatase,122,106,0.05175621062517166,6
seed_123,NR-Aromatase,231,107,0.051699720323085785,8
seed_123,NR-Aromatase,275,108,0.05115789920091629,2
seed_123,NR-Aromatase,126,109,0.050756409764289856,10
seed_123,NR-Aromatase,130,110,0.05061774328351021,4
seed_123,NR-Aromatase,26,111,0.050469595938920975,4
seed_123,NR-Aromatase,208,112,0.050392039120197296,3
seed_123,NR-Aromatase,218,113,0.05033532530069351,3
seed_123,NR-Aromatase,19,114,0.049948714673519135,4
seed_123,NR-Aromatase,202,115,0.049792442470788956,3
seed_123,NR-Aromatase,132,116,0.04967054724693298,2
seed_123,NR-Aromatase,119,117,0.049487464129924774,2
seed_123,NR-Aromatase,37,118,0.04941783472895622,7
seed_123,NR-Aromatase,109,119,0.04896916449069977,7
seed_123,NR-Aromatase,161,120,0.04857007414102554,2
seed_123,NR-Aromatase,188,121,0.048409368842840195,2
seed_123,NR-Aromatase,262,122,0.04806816950440407,3
seed_123,NR-Aromatase,225,123,0.04729228839278221,6
seed_123,NR-Aromatase,106,124,0.04724195599555969,4
seed_123,NR-Aromatase,55,125,0.04720431938767433,6
seed_123,NR-Aromatase,22,126,0.04713202640414238,13
seed_123,NR-Aromatase,8,127,0.04706306383013725,6
seed_123,NR-Aromatase,230,128,0.04696273431181908,3
seed_123,NR-Aromatase,13,129,0.04670879244804382,6
seed_123,NR-Aromatase,166,130,0.046703532338142395,6
seed_123,NR-Aromatase,104,131,0.04652608186006546,4
seed_123,NR-Aromatase,221,132,0.04647226631641388,6
seed_123,NR-Aromatase,36,133,0.04625893384218216,7
seed_123,NR-Aromatase,80,134,0.04601201415061951,8
seed_123,NR-Aromatase,42,135,0.04526560753583908,5
seed_123,NR-Aromatase,257,136,0.04520362243056297,8
seed_123,NR-Aromatase,296,137,0.045158617198467255,10
seed_123,NR-Aromatase,259,138,0.045109108090400696,2
seed_123,NR-Aromatase,59,139,0.04493405669927597,8
seed_123,NR-Aromatase,87,140,0.04443712532520294,4
seed_123,NR-Aromatase,96,141,0.04413975775241852,5
seed_123,NR-Aromatase,290,142,0.04386269673705101,10
seed_123,NR-Aromatase,79,143,0.04371466860175133,9
seed_123,NR-Aromatase,198,144,0.043667271733284,3
seed_123,NR-Aromatase,54,145,0.04359271004796028,5
seed_123,NR-Aromatase,241,146,0.04345623403787613,3
seed_123,NR-Aromatase,217,147,0.043299198150634766,4
seed_123,NR-Aromatase,89,148,0.04272850975394249,3
seed_123,NR-Aromatase,27,149,0.04251687228679657,8
seed_123,NR-Aromatase,187,150,0.042453788220882416,3
seed_123,NR-Aromatase,20,151,0.04217780381441116,4
seed_123,NR-Aromatase,28,152,0.042176634073257446,7
seed_123,NR-Aromatase,203,153,0.04179362580180168,4
seed_123,NR-Aromatase,189,154,0.041447415947914124,9
seed_123,NR-Aromatase,17,155,0.041342493146657944,5
seed_123,NR-Aromatase,228,156,0.04114968329668045,4
seed_123,NR-Aromatase,99,157,0.04090387746691704,7
seed_123,NR-Aromatase,146,158,0.04082980751991272,5
seed_123,NR-Aromatase,83,159,0.040649812668561935,9
seed_123,NR-Aromatase,141,160,0.040601056069135666,2
seed_123,NR-Aromatase,30,161,0.040278904139995575,5
seed_123,NR-Aromatase,149,162,0.040221165865659714,2
seed_123,NR-Aromatase,157,163,0.03988857939839363,2
seed_123,NR-Aromatase,251,164,0.03943941369652748,3
seed_123,NR-Aromatase,224,165,0.03936389461159706,2
seed_123,NR-Aromatase,226,166,0.039202895015478134,2
seed_123,NR-Aromatase,102,167,0.03916199877858162,6
seed_123,NR-Aromatase,248,168,0.038907404989004135,2
seed_123,NR-Aromatase,121,169,0.03872303292155266,7
seed_123,NR-Aromatase,199,170,0.03868087753653526,2
seed_123,NR-Aromatase,174,171,0.03859831392765045,2
seed_123,NR-Aromatase,250,172,0.038489487022161484,4
seed_123,NR-Aromatase,114,173,0.03839549794793129,7
seed_123,NR-Aromatase,195,174,0.03829272463917732,11
seed_123,NR-Aromatase,213,175,0.03816010802984238,4
seed_123,NR-Aromatase,159,176,0.038095325231552124,2
seed_123,NR-Aromatase,56,177,0.03751298040151596,17
seed_123,NR-Aromatase,201,178,0.037220366299152374,4
seed_123,NR-Aromatase,116,179,0.03708050400018692,3
seed_123,NR-Aromatase,117,180,0.037008851766586304,7
seed_123,NR-Aromatase,242,181,0.03679037094116211,6
seed_123,NR-Aromatase,53,182,0.03663821145892143,6
seed_123,NR-Aromatase,172,183,0.03640291839838028,4
seed_123,NR-Aromatase,280,184,0.035980723798274994,3
seed_123,NR-Aromatase,154,185,0.03581657260656357,5
seed_123,NR-Aromatase,175,186,0.03520937263965607,9
seed_123,NR-Aromatase,247,187,0.035143136978149414,4
seed_123,NR-Aromatase,164,188,0.03486179932951927,2
seed_123,NR-Aromatase,270,189,0.03468184173107147,4
seed_123,NR-Aromatase,150,190,0.03447473421692848,3
seed_123,NR-Aromatase,235,191,0.03429974615573883,5
seed_123,NR-Aromatase,61,192,0.03393682464957237,6
seed_123,NR-Aromatase,239,193,0.03378583490848541,3
seed_123,NR-Aromatase,142,194,0.03364023566246033,3
seed_123,NR-Aromatase,163,195,0.033316805958747864,3
seed_123,NR-Aromatase,278,196,0.033296942710876465,2
seed_123,NR-Aromatase,1,197,0.033055610954761505,6
seed_123,NR-Aromatase,215,198,0.032671213150024414,4
seed_123,NR-Aromatase,184,199,0.03251484036445618,7
seed_123,NR-Aromatase,293,200,0.03242449089884758,3
seed_123,NR-Aromatase,77,201,0.031994130462408066,5
seed_123,NR-Aromatase,274,202,0.031929563730955124,2
seed_123,NR-Aromatase,47,203,0.03166645020246506,4
seed_123,NR-Aromatase,94,204,0.03144744411110878,2
seed_123,NR-Aromatase,261,205,0.031332798302173615,3
seed_123,NR-Aromatase,207,206,0.03129815682768822,2
seed_123,NR-Aromatase,97,207,0.031064771115779877,2
seed_123,NR-Aromatase,118,208,0.030772846192121506,4
seed_123,NR-Aromatase,165,209,0.030725443735718727,4
seed_123,NR-Aromatase,243,210,0.030665097758173943,2
seed_123,NR-Aromatase,191,211,0.030478285625576973,2
seed_123,NR-Aromatase,153,212,0.030412642285227776,2
seed_123,NR-Aromatase,254,213,0.030330369248986244,2
seed_123,NR-Aromatase,124,214,0.030148280784487724,4
seed_123,NR-Aromatase,64,215,0.02982916682958603,7
seed_123,NR-Aromatase,216,216,0.02974327839910984,2
seed_123,NR-Aromatase,101,217,0.029699834063649178,3
seed_123,NR-Aromatase,105,218,0.029686521738767624,3
seed_123,NR-Aromatase,78,219,0.029234079644083977,5
seed_123,NR-Aromatase,82,220,0.02881033904850483,4
seed_123,NR-Aromatase,185,221,0.02880042791366577,3
seed_123,NR-Aromatase,11,222,0.028790907934308052,2
seed_123,NR-Aromatase,294,223,0.0287880040705204,2
seed_123,NR-Aromatase,143,224,0.02873767912387848,5
seed_123,NR-Aromatase,3,225,0.028464412316679955,6
seed_123,NR-Aromatase,162,226,0.02831055037677288,3
seed_123,NR-Aromatase,155,227,0.028304461389780045,3
seed_123,NR-Aromatase,125,228,0.02828788384795189,3
seed_123,NR-Aromatase,9,229,0.028162458911538124,3
seed_123,NR-Aromatase,138,230,0.027896469458937645,3
seed_123,NR-Aromatase,260,231,0.02765747718513012,5
seed_123,NR-Aromatase,227,232,0.027303073555231094,3
seed_123,NR-Aromatase,180,233,0.027126263827085495,5
seed_123,NR-Aromatase,281,234,0.02709685079753399,1
seed_123,NR-Aromatase,222,235,0.027067217975854874,4
seed_123,NR-Aromatase,246,236,0.026891149580478668,3
seed_123,NR-Aromatase,237,237,0.026803821325302124,2
seed_123,NR-Aromatase,223,238,0.02646567113697529,2
seed_123,NR-Aromatase,279,239,0.02570624276995659,2
seed_123,NR-Aromatase,256,240,0.025404008105397224,2
seed_123,NR-Aromatase,236,241,0.025073980912566185,3
seed_123,NR-Aromatase,65,242,0.024887070059776306,3
seed_123,NR-Aromatase,134,243,0.02462131716310978,3
seed_123,NR-Aromatase,297,244,0.024497296661138535,1
seed_123,NR-Aromatase,269,245,0.02448113262653351,4
seed_123,NR-Aromatase,100,246,0.02437714859843254,3
seed_123,NR-Aromatase,181,247,0.024352146312594414,4
seed_123,NR-Aromatase,68,248,0.02433757111430168,2
seed_123,NR-Aromatase,206,249,0.023848583921790123,4
seed_123,NR-Aromatase,88,250,0.023690834641456604,4
seed_123,NR-Aromatase,171,251,0.023656541481614113,2
seed_123,NR-Aromatase,158,252,0.02362675406038761,3
seed_123,NR-Aromatase,35,253,0.023271765559911728,4
seed_123,NR-Aromatase,285,254,0.022773850709199905,1
seed_123,NR-Aromatase,273,255,0.022493014112114906,2
seed_123,NR-Aromatase,298,256,0.022399690002202988,4
seed_123,NR-Aromatase,249,257,0.022209439426660538,3
seed_123,NR-Aromatase,173,258,0.021734826266765594,4
seed_123,NR-Aromatase,137,259,0.021414130926132202,2
seed_123,NR-Aromatase,151,260,0.02106264978647232,2
seed_123,NR-Aromatase,197,261,0.020316774025559425,3
seed_123,NR-Aromatase,295,262,0.020017512142658234,2
seed_123,NR-Aromatase,240,263,0.01987367309629917,1
seed_123,NR-Aromatase,266,264,0.01907704398036003,1
seed_123,NR-Aromatase,76,265,0.018614936619997025,2
seed_123,NR-Aromatase,244,266,0.018532875925302505,1
seed_123,NR-Aromatase,156,267,0.018370404839515686,2
seed_123,NR-Aromatase,182,268,0.01830439455807209,2
seed_123,NR-Aromatase,291,269,0.018268728628754616,2
seed_123,NR-Aromatase,170,270,0.017958873882889748,6
seed_123,NR-Aromatase,186,271,0.01787358522415161,3
seed_123,NR-Aromatase,178,272,0.017511526122689247,2
seed_123,NR-Aromatase,50,273,0.01744215004146099,3
seed_123,NR-Aromatase,85,274,0.016604743897914886,3
seed_123,NR-Aromatase,60,275,0.016152311116456985,3
seed_123,NR-Aromatase,196,276,0.016066765412688255,4
seed_123,NR-Aromatase,111,277,0.01600397378206253,5
seed_123,NR-Aromatase,252,278,0.015358997508883476,4
seed_123,NR-Aromatase,258,279,0.014964431524276733,3
seed_123,NR-Aromatase,214,280,0.014568732120096684,2
seed_123,NR-Aromatase,282,281,0.014091432094573975,3
seed_123,NR-Aromatase,292,282,0.01402878575026989,3
seed_123,NR-Aromatase,234,283,0.013781416229903698,2
seed_123,NR-Aromatase,194,284,0.013530117459595203,3
seed_123,NR-Aromatase,264,285,0.012059688568115234,3
seed_123,NR-Aromatase,152,286,0.012036253698170185,3
seed_123,NR-Aromatase,267,287,0.011828829534351826,2
seed_123,NR-Aromatase,283,288,0.009868361987173557,2
seed_123,NR-Aromatase,265,289,0.009493334218859673,1
seed_123,NR-Aromatase,255,290,0.009090106002986431,2
seed_123,NR-Aromatase,288,291,0.008797910064458847,2
seed_123,NR-Aromatase,131,292,0.007871163077652454,2
seed_123,NR-Aromatase,286,293,0.007790925446897745,2
seed_123,NR-Aromatase,284,294,0.007461259141564369,2
seed_123,NR-Aromatase,271,295,0.007046607788652182,3
seed_123,NR-Aromatase,232,296,0.007045476697385311,2
seed_123,NR-Aromatase,238,297,0.0036896064411848783,1
seed_123,NR-Aromatase,277,298,0.003656115848571062,1
seed_123,NR-Aromatase,272,299,0.0033132298849523067,1
seed_123,NR-PPAR-gamma,168,0,0.014190592803061008,79
seed_123,NR-PPAR-gamma,63,1,0.011874585412442684,51
seed_123,NR-PPAR-gamma,128,2,0.011485544964671135,42
seed_123,NR-PPAR-gamma,46,3,0.011071959510445595,13
seed_123,NR-PPAR-gamma,64,4,0.009530716575682163,7
seed_123,NR-PPAR-gamma,29,5,0.009219660423696041,39
seed_123,NR-PPAR-gamma,56,6,0.008973505347967148,17
seed_123,NR-PPAR-gamma,23,7,0.008874418213963509,30
seed_123,NR-PPAR-gamma,49,8,0.008873273618519306,17
seed_123,NR-PPAR-gamma,33,9,0.008856186643242836,17
seed_123,NR-PPAR-gamma,70,10,0.008770599961280823,27
seed_123,NR-PPAR-gamma,10,11,0.008743294514715672,17
seed_123,NR-PPAR-gamma,110,12,0.008649327792227268,20
seed_123,NR-PPAR-gamma,93,13,0.008538042195141315,16
seed_123,NR-PPAR-gamma,251,14,0.008464563637971878,3
seed_123,NR-PPAR-gamma,62,15,0.008431551046669483,24
seed_123,NR-PPAR-gamma,0,16,0.00834022369235754,20
seed_123,NR-PPAR-gamma,15,17,0.008318701758980751,26
seed_123,NR-PPAR-gamma,136,18,0.008194747380912304,18
seed_123,NR-PPAR-gamma,22,19,0.0081551568582654,13
seed_123,NR-PPAR-gamma,108,20,0.007901767268776894,14
seed_123,NR-PPAR-gamma,7,21,0.007797730155289173,33
seed_123,NR-PPAR-gamma,140,22,0.0077853724360466,19
seed_123,NR-PPAR-gamma,219,23,0.007714134640991688,16
seed_123,NR-PPAR-gamma,147,24,0.007558679208159447,16
seed_123,NR-PPAR-gamma,24,25,0.007531963754445314,21
seed_123,NR-PPAR-gamma,8,26,0.007170552387833595,6
seed_123,NR-PPAR-gamma,6,27,0.007158427499234676,18
seed_123,NR-PPAR-gamma,31,28,0.007107191253453493,20
seed_123,NR-PPAR-gamma,245,29,0.007090564351528883,15
seed_123,NR-PPAR-gamma,21,30,0.0070128850638866425,13
seed_123,NR-PPAR-gamma,53,31,0.006795690860599279,6
seed_123,NR-PPAR-gamma,74,32,0.006732515525072813,19
seed_123,NR-PPAR-gamma,148,33,0.006712818518280983,14
seed_123,NR-PPAR-gamma,39,34,0.006665460299700499,9
seed_123,NR-PPAR-gamma,83,35,0.006605580449104309,9
seed_123,NR-PPAR-gamma,125,36,0.006596941966563463,3
seed_123,NR-PPAR-gamma,55,37,0.006569972727447748,6
seed_123,NR-PPAR-gamma,69,38,0.006541029084473848,8
seed_123,NR-PPAR-gamma,139,39,0.006536311935633421,12
seed_123,NR-PPAR-gamma,121,40,0.006448458414524794,7
seed_123,NR-PPAR-gamma,160,41,0.006423523649573326,11
seed_123,NR-PPAR-gamma,16,42,0.006398819386959076,4
seed_123,NR-PPAR-gamma,19,43,0.006372994743287563,4
seed_123,NR-PPAR-gamma,283,44,0.006356833502650261,2
seed_123,NR-PPAR-gamma,129,45,0.006344612687826157,9
seed_123,NR-PPAR-gamma,112,46,0.0063202218152582645,10
seed_123,NR-PPAR-gamma,81,47,0.006311502773314714,19
seed_123,NR-PPAR-gamma,122,48,0.006283125840127468,6
seed_123,NR-PPAR-gamma,290,49,0.0062782540917396545,10
seed_123,NR-PPAR-gamma,109,50,0.006243094801902771,7
seed_123,NR-PPAR-gamma,92,51,0.006227060686796904,21
seed_123,NR-PPAR-gamma,34,52,0.00619414821267128,5
seed_123,NR-PPAR-gamma,48,53,0.006187844090163708,7
seed_123,NR-PPAR-gamma,32,54,0.006126781925559044,8
seed_123,NR-PPAR-gamma,3,55,0.006109065841883421,6
seed_123,NR-PPAR-gamma,98,56,0.0061082737520337105,2
seed_123,NR-PPAR-gamma,123,57,0.0060630133375525475,11
seed_123,NR-PPAR-gamma,276,58,0.0060171145014464855,8
seed_123,NR-PPAR-gamma,72,59,0.0059805978089571,15
seed_123,NR-PPAR-gamma,45,60,0.005905626807361841,8
seed_123,NR-PPAR-gamma,126,61,0.005892113782465458,10
seed_123,NR-PPAR-gamma,189,62,0.005889163818210363,9
seed_123,NR-PPAR-gamma,252,63,0.005877479910850525,4
seed_123,NR-PPAR-gamma,296,64,0.005827019922435284,10
seed_123,NR-PPAR-gamma,134,65,0.005781235173344612,3
seed_123,NR-PPAR-gamma,246,66,0.0057297199964523315,3
seed_123,NR-PPAR-gamma,54,67,0.0057031335309147835,5
seed_123,NR-PPAR-gamma,67,68,0.005673729814589024,16
seed_123,NR-PPAR-gamma,254,69,0.005649744067341089,2
seed_123,NR-PPAR-gamma,2,70,0.005642474628984928,14
seed_123,NR-PPAR-gamma,51,71,0.005634793546050787,10
seed_123,NR-PPAR-gamma,152,72,0.005536675453186035,3
seed_123,NR-PPAR-gamma,235,73,0.005485159810632467,5
seed_123,NR-PPAR-gamma,145,74,0.005436061881482601,17
seed_123,NR-PPAR-gamma,116,75,0.005425725132226944,3
seed_123,NR-PPAR-gamma,274,76,0.0054177953861653805,2
seed_123,NR-PPAR-gamma,135,77,0.005343671888113022,9
seed_123,NR-PPAR-gamma,42,78,0.0053209890611469746,5
seed_123,NR-PPAR-gamma,143,79,0.005308807827532291,5
seed_123,NR-PPAR-gamma,270,80,0.005296114832162857,4
seed_123,NR-PPAR-gamma,200,81,0.0052870516665279865,8
seed_123,NR-PPAR-gamma,257,82,0.005269633140414953,8
seed_123,NR-PPAR-gamma,4,83,0.00526168430224061,9
seed_123,NR-PPAR-gamma,175,84,0.0052482555620372295,9
seed_123,NR-PPAR-gamma,117,85,0.005248202942311764,7
seed_123,NR-PPAR-gamma,13,86,0.005231999792158604,6
seed_123,NR-PPAR-gamma,181,87,0.0052272421307861805,4
seed_123,NR-PPAR-gamma,5,88,0.005201546475291252,4
seed_123,NR-PPAR-gamma,68,89,0.005188806913793087,2
seed_123,NR-PPAR-gamma,73,90,0.005188513081520796,16
seed_123,NR-PPAR-gamma,204,91,0.005179996136575937,7
seed_123,NR-PPAR-gamma,113,92,0.005176394712179899,13
seed_123,NR-PPAR-gamma,43,93,0.005142077337950468,9
seed_123,NR-PPAR-gamma,28,94,0.005136567167937756,7
seed_123,NR-PPAR-gamma,84,95,0.005110451951622963,15
seed_123,NR-PPAR-gamma,66,96,0.0050958734937012196,13
seed_123,NR-PPAR-gamma,221,97,0.00505999568849802,6
seed_123,NR-PPAR-gamma,127,98,0.005045005585998297,4
seed_123,NR-PPAR-gamma,52,99,0.005005853716284037,16
seed_123,NR-PPAR-gamma,103,100,0.005001317709684372,3
seed_123,NR-PPAR-gamma,59,101,0.0049943700432777405,8
seed_123,NR-PPAR-gamma,211,102,0.004991650115698576,13
seed_123,NR-PPAR-gamma,86,103,0.004986458923667669,9
seed_123,NR-PPAR-gamma,213,104,0.004949075635522604,4
seed_123,NR-PPAR-gamma,144,105,0.004945302847772837,7
seed_123,NR-PPAR-gamma,133,106,0.00489839306101203,6
seed_123,NR-PPAR-gamma,61,107,0.0048947627656161785,6
seed_123,NR-PPAR-gamma,202,108,0.0048744590021669865,3
seed_123,NR-PPAR-gamma,183,109,0.00481767812743783,7
seed_123,NR-PPAR-gamma,195,110,0.004760081879794598,11
seed_123,NR-PPAR-gamma,20,111,0.004709063097834587,4
seed_123,NR-PPAR-gamma,75,112,0.004708451684564352,13
seed_123,NR-PPAR-gamma,297,113,0.004684953019022942,1
seed_123,NR-PPAR-gamma,228,114,0.0046782782301306725,4
seed_123,NR-PPAR-gamma,57,115,0.004638753365725279,9
seed_123,NR-PPAR-gamma,241,116,0.004622769076377153,3
seed_123,NR-PPAR-gamma,158,117,0.004604597110301256,3
seed_123,NR-PPAR-gamma,40,118,0.0045921457931399345,6
seed_123,NR-PPAR-gamma,196,119,0.004570114426314831,4
seed_123,NR-PPAR-gamma,38,120,0.004545783624053001,4
seed_123,NR-PPAR-gamma,80,121,0.0045339069329202175,8
seed_123,NR-PPAR-gamma,71,122,0.004521647933870554,11
seed_123,NR-PPAR-gamma,18,123,0.0045035541988909245,4
seed_123,NR-PPAR-gamma,298,124,0.004461053758859634,4
seed_123,NR-PPAR-gamma,249,125,0.00445878691971302,3
seed_123,NR-PPAR-gamma,261,126,0.004442946054041386,3
seed_123,NR-PPAR-gamma,190,127,0.004423820413649082,13
seed_123,NR-PPAR-gamma,222,128,0.0044090584851801395,4
seed_123,NR-PPAR-gamma,17,129,0.004394665826112032,5
seed_123,NR-PPAR-gamma,268,130,0.004383447580039501,4
seed_123,NR-PPAR-gamma,99,131,0.004379650112241507,7
seed_123,NR-PPAR-gamma,217,132,0.004352133255451918,4
seed_123,NR-PPAR-gamma,36,133,0.004351836629211903,7
seed_123,NR-PPAR-gamma,173,134,0.004329877905547619,4
seed_123,NR-PPAR-gamma,208,135,0.0043153041042387486,3
seed_123,NR-PPAR-gamma,165,136,0.004305433481931686,4
seed_123,NR-PPAR-gamma,263,137,0.00427662767469883,6
seed_123,NR-PPAR-gamma,197,138,0.004274642560631037,3
seed_123,NR-PPAR-gamma,169,139,0.004249901976436377,8
seed_123,NR-PPAR-gamma,299,140,0.0042162793688476086,7
seed_123,NR-PPAR-gamma,209,141,0.004196996334940195,7
seed_123,NR-PPAR-gamma,264,142,0.0041932337917387486,3
seed_123,NR-PPAR-gamma,91,143,0.004180727992206812,6
seed_123,NR-PPAR-gamma,206,144,0.004144088830798864,4
seed_123,NR-PPAR-gamma,138,145,0.004135626833885908,3
seed_123,NR-PPAR-gamma,107,146,0.0041244556196033955,6
seed_123,NR-PPAR-gamma,229,147,0.004110931884497404,7
seed_123,NR-PPAR-gamma,12,148,0.004108707420527935,6
seed_123,NR-PPAR-gamma,78,149,0.0040939305908977985,5
seed_123,NR-PPAR-gamma,47,150,0.004076662473380566,4
seed_123,NR-PPAR-gamma,177,151,0.0040507689118385315,4
seed_123,NR-PPAR-gamma,225,152,0.004041716456413269,6
seed_123,NR-PPAR-gamma,27,153,0.004035229794681072,8
seed_123,NR-PPAR-gamma,233,154,0.003992164973169565,6
seed_123,NR-PPAR-gamma,150,155,0.003979669418185949,3
seed_123,NR-PPAR-gamma,193,156,0.003968475386500359,9
seed_123,NR-PPAR-gamma,161,157,0.003949665930122137,2
seed_123,NR-PPAR-gamma,146,158,0.003943802788853645,5
seed_123,NR-PPAR-gamma,275,159,0.003941121976822615,2
seed_123,NR-PPAR-gamma,242,160,0.003909069113433361,6
seed_123,NR-PPAR-gamma,166,161,0.0038714611437171698,6
seed_123,NR-PPAR-gamma,247,162,0.0038562039844691753,4
seed_123,NR-PPAR-gamma,292,163,0.0038518335204571486,3
seed_123,NR-PPAR-gamma,102,164,0.0037991595454514027,6
seed_123,NR-PPAR-gamma,188,165,0.003748988499864936,2
seed_123,NR-PPAR-gamma,26,166,0.003718909341841936,4
seed_123,NR-PPAR-gamma,258,167,0.003712282981723547,3
seed_123,NR-PPAR-gamma,167,168,0.0037104906514286995,6
seed_123,NR-PPAR-gamma,79,169,0.0037069206591695547,9
seed_123,NR-PPAR-gamma,248,170,0.003682366805151105,2
seed_123,NR-PPAR-gamma,287,171,0.0036432466004043818,8
seed_123,NR-PPAR-gamma,37,172,0.003588465042412281,7
seed_123,NR-PPAR-gamma,35,173,0.003574974602088332,4
seed_123,NR-PPAR-gamma,184,174,0.0035617586690932512,7
seed_123,NR-PPAR-gamma,232,175,0.00353455962613225,2
seed_123,NR-PPAR-gamma,250,176,0.0035295765846967697,4
seed_123,NR-PPAR-gamma,163,177,0.003512023715302348,3
seed_123,NR-PPAR-gamma,157,178,0.003479486331343651,2
seed_123,NR-PPAR-gamma,260,179,0.0034764199517667294,5
seed_123,NR-PPAR-gamma,111,180,0.003468298353254795,5
seed_123,NR-PPAR-gamma,162,181,0.0034671123139560223,3
seed_123,NR-PPAR-gamma,185,182,0.003448344534263015,3
seed_123,NR-PPAR-gamma,114,183,0.0034475624561309814,7
seed_123,NR-PPAR-gamma,11,184,0.0034338911063969135,2
seed_123,NR-PPAR-gamma,1,185,0.0034291513729840517,6
seed_123,NR-PPAR-gamma,151,186,0.0034149372950196266,2
seed_123,NR-PPAR-gamma,186,187,0.003394526895135641,3
seed_123,NR-PPAR-gamma,155,188,0.0033880565315485,3
seed_123,NR-PPAR-gamma,137,189,0.0033384726848453283,2
seed_123,NR-PPAR-gamma,277,190,0.003327083308249712,1
seed_123,NR-PPAR-gamma,124,191,0.0033088861964643,4
seed_123,NR-PPAR-gamma,218,192,0.0032789339311420918,3
seed_123,NR-PPAR-gamma,87,193,0.0032635717652738094,4
seed_123,NR-PPAR-gamma,273,194,0.0032453688327223063,2
seed_123,NR-PPAR-gamma,212,195,0.0032384563237428665,7
seed_123,NR-PPAR-gamma,271,196,0.0032228806521743536,3
seed_123,NR-PPAR-gamma,76,197,0.0031827972270548344,2
seed_123,NR-PPAR-gamma,97,198,0.003177002537995577,2
seed_123,NR-PPAR-gamma,58,199,0.0031716322991997004,10
seed_123,NR-PPAR-gamma,230,200,0.0031696767546236515,3
seed_123,NR-PPAR-gamma,240,201,0.0031224291305989027,1
seed_123,NR-PPAR-gamma,89,202,0.0031095435842871666,3
seed_123,NR-PPAR-gamma,179,203,0.003098290879279375,3
seed_123,NR-PPAR-gamma,106,204,0.003086341777816415,4
seed_123,NR-PPAR-gamma,269,205,0.0030659663025289774,4
seed_123,NR-PPAR-gamma,288,206,0.0030442518182098866,2
seed_123,NR-PPAR-gamma,44,207,0.003042458090931177,3
seed_123,NR-PPAR-gamma,215,208,0.0030423938296735287,4
seed_123,NR-PPAR-gamma,187,209,0.0030112324748188257,3
seed_123,NR-PPAR-gamma,120,210,0.0029877324122935534,5
seed_123,NR-PPAR-gamma,90,211,0.002985167782753706,6
seed_123,NR-PPAR-gamma,191,212,0.00298069859854877,2
seed_123,NR-PPAR-gamma,176,213,0.0029418414924293756,5
seed_123,NR-PPAR-gamma,201,214,0.0029068898875266314,4
seed_123,NR-PPAR-gamma,130,215,0.002840946428477764,4
seed_123,NR-PPAR-gamma,156,216,0.0027983442414551973,2
seed_123,NR-PPAR-gamma,279,217,0.002796531654894352,2
seed_123,NR-PPAR-gamma,104,218,0.0027749701403081417,4
seed_123,NR-PPAR-gamma,291,219,0.002773066284134984,2
seed_123,NR-PPAR-gamma,278,220,0.002750722924247384,2
seed_123,NR-PPAR-gamma,105,221,0.0027440402191132307,3
seed_123,NR-PPAR-gamma,210,222,0.0027296612970530987,6
seed_123,NR-PPAR-gamma,272,223,0.0027225755620747805,1
seed_123,NR-PPAR-gamma,198,224,0.002685208572074771,3
seed_123,NR-PPAR-gamma,85,225,0.002683591330423951,3
seed_123,NR-PPAR-gamma,192,226,0.0026684850454330444,3
seed_123,NR-PPAR-gamma,231,227,0.0026343478821218014,8
seed_123,NR-PPAR-gamma,236,228,0.0024778100196272135,3
seed_123,NR-PPAR-gamma,207,229,0.0024640315677970648,2
seed_123,NR-PPAR-gamma,30,230,0.002445012563839555,5
seed_123,NR-PPAR-gamma,293,231,0.0024295058101415634,3
seed_123,NR-PPAR-gamma,280,232,0.0023842949885874987,3
seed_123,NR-PPAR-gamma,118,233,0.0023841862566769123,4
seed_123,NR-PPAR-gamma,194,234,0.0023688494693487883,3
seed_123,NR-PPAR-gamma,77,235,0.0023674762342125177,5
seed_123,NR-PPAR-gamma,182,236,0.002344232751056552,2
seed_123,NR-PPAR-gamma,295,237,0.00234422879293561,2
seed_123,NR-PPAR-gamma,171,238,0.0023313879501074553,2
seed_123,NR-PPAR-gamma,82,239,0.002329424489289522,4
seed_123,NR-PPAR-gamma,289,240,0.00232844240963459,2
seed_123,NR-PPAR-gamma,100,241,0.0023127382155507803,3
seed_123,NR-PPAR-gamma,265,242,0.0022940330673009157,1
seed_123,NR-PPAR-gamma,65,243,0.002284873276948929,3
seed_123,NR-PPAR-gamma,41,244,0.0022778986021876335,2
seed_123,NR-PPAR-gamma,88,245,0.0022760359570384026,4
seed_123,NR-PPAR-gamma,239,246,0.0022574507165700197,3
seed_123,NR-PPAR-gamma,203,247,0.002231828635558486,4
seed_123,NR-PPAR-gamma,227,248,0.002184326061978936,3
seed_123,NR-PPAR-gamma,180,249,0.002181731630116701,5
seed_123,NR-PPAR-gamma,95,250,0.0021784878335893154,4
seed_123,NR-PPAR-gamma,262,251,0.0021772896870970726,3
seed_123,NR-PPAR-gamma,172,252,0.002171378117054701,4
seed_123,NR-PPAR-gamma,25,253,0.0021677264012396336,8
seed_123,NR-PPAR-gamma,255,254,0.0021354258060455322,2
seed_123,NR-PPAR-gamma,178,255,0.0021210121922194958,2
seed_123,NR-PPAR-gamma,96,256,0.0020387412514537573,5
seed_123,NR-PPAR-gamma,205,257,0.0020128015894442797,3
seed_123,NR-PPAR-gamma,141,258,0.002006687456741929,2
seed_123,NR-PPAR-gamma,234,259,0.0020062956027686596,2
seed_123,NR-PPAR-gamma,174,260,0.0019599359948188066,2
seed_123,NR-PPAR-gamma,164,261,0.001945831230841577,2
seed_123,NR-PPAR-gamma,115,262,0.0019310105126351118,4
seed_123,NR-PPAR-gamma,101,263,0.0019277180545032024,3
seed_123,NR-PPAR-gamma,154,264,0.001912334468215704,5
seed_123,NR-PPAR-gamma,220,265,0.001909138634800911,2
seed_123,NR-PPAR-gamma,131,266,0.0018872711807489395,2
seed_123,NR-PPAR-gamma,256,267,0.0018640111666172743,2
seed_123,NR-PPAR-gamma,159,268,0.001817599288187921,2
seed_123,NR-PPAR-gamma,142,269,0.001800262019969523,3
seed_123,NR-PPAR-gamma,153,270,0.0017947927117347717,2
seed_123,NR-PPAR-gamma,60,271,0.0017771971179172397,3
seed_123,NR-PPAR-gamma,281,272,0.0017753991996869445,1
seed_123,NR-PPAR-gamma,132,273,0.0017118591349571943,2
seed_123,NR-PPAR-gamma,170,274,0.0016979913925752044,6
seed_123,NR-PPAR-gamma,238,275,0.0016692617209628224,1
seed_123,NR-PPAR-gamma,9,276,0.0016533383168280125,3
seed_123,NR-PPAR-gamma,223,277,0.0016241961857303977,2
seed_123,NR-PPAR-gamma,199,278,0.0016094661550596356,2
seed_123,NR-PPAR-gamma,259,279,0.0016032581916078925,2
seed_123,NR-PPAR-gamma,226,280,0.0015369898173958063,2
seed_123,NR-PPAR-gamma,224,281,0.001514068921096623,2
seed_123,NR-PPAR-gamma,14,282,0.0015098110307008028,5
seed_123,NR-PPAR-gamma,237,283,0.001493672956712544,2
seed_123,NR-PPAR-gamma,119,284,0.0014843862736597657,2
seed_123,NR-PPAR-gamma,284,285,0.001354697858914733,2
seed_123,NR-PPAR-gamma,267,286,0.0013283612206578255,2
seed_123,NR-PPAR-gamma,149,287,0.0013242049608379602,2
seed_123,NR-PPAR-gamma,286,288,0.001322451513260603,2
seed_123,NR-PPAR-gamma,94,289,0.0012856395915150642,2
seed_123,NR-PPAR-gamma,50,290,0.001251489156857133,3
seed_123,NR-PPAR-gamma,282,291,0.001246744766831398,3
seed_123,NR-PPAR-gamma,244,292,0.0011611714726313949,1
seed_123,NR-PPAR-gamma,214,293,0.0011449514422565699,2
seed_123,NR-PPAR-gamma,243,294,0.0010194142814725637,2
seed_123,NR-PPAR-gamma,294,295,0.0009124313364736736,2
seed_123,NR-PPAR-gamma,216,296,0.0008739330223761499,2
seed_123,NR-PPAR-gamma,266,297,0.0006522317416965961,1
seed_123,NR-PPAR-gamma,285,298,0.0005699406610801816,1
seed_123,NR-PPAR-gamma,253,299,0.00023009415599517524,1
seed_123,SR-HSE,168,0,0.12355272471904755,79
seed_123,SR-HSE,128,1,0.10626867413520813,42
seed_123,SR-HSE,63,2,0.09764977544546127,51
seed_123,SR-HSE,7,3,0.09560562670230865,33
seed_123,SR-HSE,24,4,0.08617941290140152,21
seed_123,SR-HSE,195,5,0.08299492299556732,11
seed_123,SR-HSE,62,6,0.08254531025886536,24
seed_123,SR-HSE,29,7,0.07989951223134995,39
seed_123,SR-HSE,15,8,0.07734338939189911,26
seed_123,SR-HSE,139,9,0.07599277049303055,12
seed_123,SR-HSE,70,10,0.07410882413387299,27
seed_123,SR-HSE,23,11,0.0738624706864357,30
seed_123,SR-HSE,38,12,0.07335970550775528,4
seed_123,SR-HSE,92,13,0.07314419746398926,21
seed_123,SR-HSE,211,14,0.072867751121521,13
seed_123,SR-HSE,110,15,0.07190325856208801,20
seed_123,SR-HSE,81,16,0.07028909027576447,19
seed_123,SR-HSE,52,17,0.06928668916225433,16
seed_123,SR-HSE,46,18,0.06784279644489288,13
seed_123,SR-HSE,80,19,0.06750406324863434,8
seed_123,SR-HSE,19,20,0.06704065948724747,4
seed_123,SR-HSE,73,21,0.0663641020655632,16
seed_123,SR-HSE,245,22,0.06527310609817505,15
seed_123,SR-HSE,287,23,0.06522148102521896,8
seed_123,SR-HSE,31,24,0.06344060599803925,20
seed_123,SR-HSE,10,25,0.06295151263475418,17
seed_123,SR-HSE,56,26,0.0629342570900917,17
seed_123,SR-HSE,64,27,0.06289298087358475,7
seed_123,SR-HSE,190,28,0.062419626861810684,13
seed_123,SR-HSE,95,29,0.062324702739715576,4
seed_123,SR-HSE,145,30,0.061646804213523865,17
seed_123,SR-HSE,209,31,0.05959165096282959,7
seed_123,SR-HSE,22,32,0.059240277856588364,13
seed_123,SR-HSE,72,33,0.05923634395003319,15
seed_123,SR-HSE,140,34,0.059211570769548416,19
seed_123,SR-HSE,74,35,0.05915187671780586,19
seed_123,SR-HSE,0,36,0.059029001742601395,20
seed_123,SR-HSE,129,37,0.0582745261490345,9
seed_123,SR-HSE,123,38,0.05823630094528198,11
seed_123,SR-HSE,135,39,0.05796932056546211,9
seed_123,SR-HSE,75,40,0.057763222604990005,13
seed_123,SR-HSE,67,41,0.05774439126253128,16
seed_123,SR-HSE,152,42,0.05765467882156372,3
seed_123,SR-HSE,102,43,0.05738033354282379,6
seed_123,SR-HSE,33,44,0.05730045214295387,17
seed_123,SR-HSE,84,45,0.05700697749853134,15
seed_123,SR-HSE,257,46,0.05678581818938255,8
seed_123,SR-HSE,147,47,0.056600652635097504,16
seed_123,SR-HSE,217,48,0.05630756914615631,4
seed_123,SR-HSE,6,49,0.05628139525651932,18
seed_123,SR-HSE,136,50,0.05622662231326103,18
seed_123,SR-HSE,167,51,0.056203898042440414,6
seed_123,SR-HSE,66,52,0.05555569380521774,13
seed_123,SR-HSE,69,53,0.05499939247965813,8
seed_123,SR-HSE,124,54,0.05488796532154083,4
seed_123,SR-HSE,39,55,0.05433952808380127,9
seed_123,SR-HSE,219,56,0.054185979068279266,16
seed_123,SR-HSE,169,57,0.05411435291171074,8
seed_123,SR-HSE,230,58,0.05386423319578171,3
seed_123,SR-HSE,193,59,0.05349210277199745,9
seed_123,SR-HSE,229,60,0.053319450467824936,7
seed_123,SR-HSE,148,61,0.0530368946492672,14
seed_123,SR-HSE,2,62,0.052859317511320114,14
seed_123,SR-HSE,252,63,0.0516238659620285,4
seed_123,SR-HSE,32,64,0.05104198306798935,8
seed_123,SR-HSE,71,65,0.05101485177874565,11
seed_123,SR-HSE,4,66,0.050935644656419754,9
seed_123,SR-HSE,235,67,0.05076252296566963,5
seed_123,SR-HSE,61,68,0.05025828257203102,6
seed_123,SR-HSE,225,69,0.04996008425951004,6
seed_123,SR-HSE,173,70,0.04977918416261673,4
seed_123,SR-HSE,59,71,0.04935448616743088,8
seed_123,SR-HSE,49,72,0.049260545521974564,17
seed_123,SR-HSE,112,73,0.04902951046824455,10
seed_123,SR-HSE,267,74,0.049006711691617966,2
seed_123,SR-HSE,43,75,0.04888082668185234,9
seed_123,SR-HSE,79,76,0.048604920506477356,9
seed_123,SR-HSE,182,77,0.04853013530373573,2
seed_123,SR-HSE,86,78,0.04851095750927925,9
seed_123,SR-HSE,21,79,0.04845618084073067,13
seed_123,SR-HSE,117,80,0.04835250973701477,7
seed_123,SR-HSE,290,81,0.0482097789645195,10
seed_123,SR-HSE,239,82,0.04816685616970062,3
seed_123,SR-HSE,283,83,0.04814840108156204,2
seed_123,SR-HSE,130,84,0.048134561628103256,4
seed_123,SR-HSE,231,85,0.04812559112906456,8
seed_123,SR-HSE,93,86,0.04720982164144516,16
seed_123,SR-HSE,189,87,0.046540770679712296,9
seed_123,SR-HSE,212,88,0.04614891856908798,7
seed_123,SR-HSE,3,89,0.04608558118343353,6
seed_123,SR-HSE,116,90,0.04581695795059204,3
seed_123,SR-HSE,57,91,0.04546639323234558,9
seed_123,SR-HSE,191,92,0.04525820165872574,2
seed_123,SR-HSE,113,93,0.04510503634810448,13
seed_123,SR-HSE,77,94,0.04461628198623657,5
seed_123,SR-HSE,216,95,0.0446154959499836,2
seed_123,SR-HSE,14,96,0.044602107256650925,5
seed_123,SR-HSE,87,97,0.04454115033149719,4
seed_123,SR-HSE,42,98,0.04446631297469139,5
seed_123,SR-HSE,200,99,0.044317759573459625,8
seed_123,SR-HSE,13,100,0.043543267995119095,6
seed_123,SR-HSE,12,101,0.043401964008808136,6
seed_123,SR-HSE,37,102,0.043325215578079224,7
seed_123,SR-HSE,120,103,0.0431121326982975,5
seed_123,SR-HSE,187,104,0.04293161258101463,3
seed_123,SR-HSE,194,105,0.042898405343294144,3
seed_123,SR-HSE,276,106,0.04275768622756004,8
seed_123,SR-HSE,25,107,0.04264415428042412,8
seed_123,SR-HSE,55,108,0.04246131330728531,6
seed_123,SR-HSE,258,109,0.042251501232385635,3
seed_123,SR-HSE,83,110,0.0415186807513237,9
seed_123,SR-HSE,213,111,0.04053657501935959,4
seed_123,SR-HSE,78,112,0.04041769355535507,5
seed_123,SR-HSE,40,113,0.04031042754650116,6
seed_123,SR-HSE,221,114,0.0401502288877964,6
seed_123,SR-HSE,166,115,0.03975620120763779,6
seed_123,SR-HSE,44,116,0.03906073421239853,3
seed_123,SR-HSE,121,117,0.03887646272778511,7
seed_123,SR-HSE,109,118,0.038770467042922974,7
seed_123,SR-HSE,108,119,0.038766030222177505,14
seed_123,SR-HSE,160,120,0.03863630071282387,11
seed_123,SR-HSE,90,121,0.038606610149145126,6
seed_123,SR-HSE,126,122,0.037944987416267395,10
seed_123,SR-HSE,85,123,0.03778427466750145,3
seed_123,SR-HSE,203,124,0.03776533156633377,4
seed_123,SR-HSE,206,125,0.03766711801290512,4
seed_123,SR-HSE,275,126,0.037347376346588135,2
seed_123,SR-HSE,122,127,0.03713604062795639,6
seed_123,SR-HSE,18,128,0.0371074303984642,4
seed_123,SR-HSE,280,129,0.03630254045128822,3
seed_123,SR-HSE,8,130,0.03626767173409462,6
seed_123,SR-HSE,144,131,0.03620201349258423,7
seed_123,SR-HSE,233,132,0.035964686423540115,6
seed_123,SR-HSE,30,133,0.03575989976525307,5
seed_123,SR-HSE,205,134,0.03574242442846298,3
seed_123,SR-HSE,268,135,0.035658057779073715,4
seed_123,SR-HSE,250,136,0.035596445202827454,4
seed_123,SR-HSE,244,137,0.03556444123387337,1
seed_123,SR-HSE,20,138,0.034963931888341904,4
seed_123,SR-HSE,183,139,0.034638721495866776,7
seed_123,SR-HSE,281,140,0.034217268228530884,1
seed_123,SR-HSE,155,141,0.0339847132563591,3
seed_123,SR-HSE,237,142,0.03378063440322876,2
seed_123,SR-HSE,175,143,0.033340636640787125,9
seed_123,SR-HSE,34,144,0.03331005573272705,5
seed_123,SR-HSE,240,145,0.033203065395355225,1
seed_123,SR-HSE,51,146,0.033182621002197266,10
seed_123,SR-HSE,154,147,0.033159952610731125,5
seed_123,SR-HSE,274,148,0.03291032835841179,2
seed_123,SR-HSE,227,149,0.032796770334243774,3
seed_123,SR-HSE,98,150,0.032318420708179474,2
seed_123,SR-HSE,27,151,0.0322544202208519,8
seed_123,SR-HSE,103,152,0.03216687962412834,3
seed_123,SR-HSE,279,153,0.03216467425227165,2
seed_123,SR-HSE,158,154,0.031465981155633926,3
seed_123,SR-HSE,198,155,0.031446367502212524,3
seed_123,SR-HSE,185,156,0.031228257343173027,3
seed_123,SR-HSE,177,157,0.031183291226625443,4
seed_123,SR-HSE,265,158,0.031041288748383522,1
seed_123,SR-HSE,47,159,0.031015459448099136,4
seed_123,SR-HSE,17,160,0.030628439038991928,5
seed_123,SR-HSE,143,161,0.030528079718351364,5
seed_123,SR-HSE,114,162,0.030508756637573242,7
seed_123,SR-HSE,266,163,0.03043821081519127,1
seed_123,SR-HSE,146,164,0.030364667996764183,5
seed_123,SR-HSE,296,165,0.02995981089770794,10
seed_123,SR-HSE,246,166,0.02983987145125866,3
seed_123,SR-HSE,82,167,0.029659107327461243,4
seed_123,SR-HSE,105,168,0.0296518262475729,3
seed_123,SR-HSE,299,169,0.029452446848154068,7
seed_123,SR-HSE,28,170,0.029262887313961983,7
seed_123,SR-HSE,201,171,0.029161930084228516,4
seed_123,SR-HSE,5,172,0.029105955734848976,4
seed_123,SR-HSE,180,173,0.028480201959609985,5
seed_123,SR-HSE,247,174,0.028459256514906883,4
seed_123,SR-HSE,172,175,0.028203193098306656,4
seed_123,SR-HSE,161,176,0.027784699574112892,2
seed_123,SR-HSE,65,177,0.0277719683945179,3
seed_123,SR-HSE,58,178,0.027550911530852318,10
seed_123,SR-HSE,91,179,0.027531642466783524,6
seed_123,SR-HSE,99,180,0.027402814477682114,7
seed_123,SR-HSE,236,181,0.027401980012655258,3
seed_123,SR-HSE,54,182,0.027388760820031166,5
seed_123,SR-HSE,26,183,0.027386438101530075,4
seed_123,SR-HSE,16,184,0.02729974500834942,4
seed_123,SR-HSE,96,185,0.027299612760543823,5
seed_123,SR-HSE,295,186,0.026873352006077766,2
seed_123,SR-HSE,271,187,0.026798591017723083,3
seed_123,SR-HSE,270,188,0.02672283537685871,4
seed_123,SR-HSE,264,189,0.026715900748968124,3
seed_123,SR-HSE,137,190,0.026609178632497787,2
seed_123,SR-HSE,94,191,0.0264790840446949,2
seed_123,SR-HSE,222,192,0.02634793519973755,4
seed_123,SR-HSE,138,193,0.02602309361100197,3
seed_123,SR-HSE,159,194,0.025727488100528717,2
seed_123,SR-HSE,9,195,0.02554093301296234,3
seed_123,SR-HSE,204,196,0.025463245809078217,7
seed_123,SR-HSE,48,197,0.02543814107775688,7
seed_123,SR-HSE,104,198,0.025361575186252594,4
seed_123,SR-HSE,125,199,0.025104455649852753,3
seed_123,SR-HSE,176,200,0.024912657216191292,5
seed_123,SR-HSE,60,201,0.024828657507896423,3
seed_123,SR-HSE,100,202,0.024723242968320847,3
seed_123,SR-HSE,133,203,0.024640213698148727,6
seed_123,SR-HSE,35,204,0.02420293539762497,4
seed_123,SR-HSE,210,205,0.024167966097593307,6
seed_123,SR-HSE,127,206,0.02383585274219513,4
seed_123,SR-HSE,179,207,0.023679764941334724,3
seed_123,SR-HSE,157,208,0.023546116426587105,2
seed_123,SR-HSE,1,209,0.023434167727828026,6
seed_123,SR-HSE,214,210,0.02331007830798626,2
seed_123,SR-HSE,142,211,0.023254437372088432,3
seed_123,SR-HSE,88,212,0.022945905104279518,4
seed_123,SR-HSE,101,213,0.022923553362488747,3
seed_123,SR-HSE,181,214,0.02291061356663704,4
seed_123,SR-HSE,115,215,0.022817961871623993,4
seed_123,SR-HSE,162,216,0.022733444347977638,3
seed_123,SR-HSE,118,217,0.022642482072114944,4
seed_123,SR-HSE,184,218,0.022445103153586388,7
seed_123,SR-HSE,288,219,0.022414740175008774,2
seed_123,SR-HSE,293,220,0.022238142788410187,3
seed_123,SR-HSE,286,221,0.0221332348883152,2
seed_123,SR-HSE,263,222,0.02193177491426468,6
seed_123,SR-HSE,97,223,0.021874958649277687,2
seed_123,SR-HSE,156,224,0.02185959555208683,2
seed_123,SR-HSE,36,225,0.02183891087770462,7
seed_123,SR-HSE,53,226,0.02166406810283661,6
seed_123,SR-HSE,111,227,0.021167699247598648,5
seed_123,SR-HSE,291,228,0.02105676382780075,2
seed_123,SR-HSE,241,229,0.020797759294509888,3
seed_123,SR-HSE,149,230,0.020684165880084038,2
seed_123,SR-HSE,208,231,0.020100342109799385,3
seed_123,SR-HSE,259,232,0.019879227504134178,2
seed_123,SR-HSE,45,233,0.019815806299448013,8
seed_123,SR-HSE,174,234,0.019682930782437325,2
seed_123,SR-HSE,170,235,0.01923173852264881,6
seed_123,SR-HSE,107,236,0.019206514582037926,6
seed_123,SR-HSE,242,237,0.019124113023281097,6
seed_123,SR-HSE,186,238,0.018869949504733086,3
seed_123,SR-HSE,164,239,0.018765753135085106,2
seed_123,SR-HSE,261,240,0.018629437312483788,3
seed_123,SR-HSE,153,241,0.018600674346089363,2
seed_123,SR-HSE,163,242,0.018056197091937065,3
seed_123,SR-HSE,223,243,0.01793588139116764,2
seed_123,SR-HSE,226,244,0.017793787643313408,2
seed_123,SR-HSE,297,245,0.017770567908883095,1
seed_123,SR-HSE,89,246,0.017399607226252556,3
seed_123,SR-HSE,165,247,0.017396684736013412,4
seed_123,SR-HSE,134,248,0.017315974459052086,3
seed_123,SR-HSE,292,249,0.017311088740825653,3
seed_123,SR-HSE,298,250,0.017256643623113632,4
seed_123,SR-HSE,197,251,0.016922056674957275,3
seed_123,SR-HSE,215,252,0.016757607460021973,4
seed_123,SR-HSE,228,253,0.01656350865960121,4
seed_123,SR-HSE,269,254,0.016398565843701363,4
seed_123,SR-HSE,249,255,0.016257187351584435,3
seed_123,SR-HSE,294,256,0.01602056995034218,2
seed_123,SR-HSE,255,257,0.015880044549703598,2
seed_123,SR-HSE,119,258,0.015850426629185677,2
seed_123,SR-HSE,196,259,0.01571843773126602,4
seed_123,SR-HSE,260,260,0.015715235844254494,5
seed_123,SR-HSE,282,261,0.015630027279257774,3
seed_123,SR-HSE,192,262,0.015540776774287224,3
seed_123,SR-HSE,218,263,0.015535902231931686,3
seed_123,SR-HSE,278,264,0.015395424328744411,2
seed_123,SR-HSE,41,265,0.014959520660340786,2
seed_123,SR-HSE,256,266,0.014883404597640038,2
seed_123,SR-HSE,171,267,0.014723606407642365,2
seed_123,SR-HSE,150,268,0.014697968028485775,3
seed_123,SR-HSE,76,269,0.014544885605573654,2
seed_123,SR-HSE,248,270,0.014415067620575428,2
seed_123,SR-HSE,220,271,0.01398902665823698,2
seed_123,SR-HSE,243,272,0.01396512147039175,2
seed_123,SR-HSE,106,273,0.013907507993280888,4
seed_123,SR-HSE,50,274,0.01387670449912548,3
seed_123,SR-HSE,141,275,0.013649110682308674,2
seed_123,SR-HSE,68,276,0.013096103444695473,2
seed_123,SR-HSE,262,277,0.013034739531576633,3
seed_123,SR-HSE,188,278,0.012837736867368221,2
seed_123,SR-HSE,277,279,0.012728788889944553,1
seed_123,SR-HSE,199,280,0.012687435373663902,2
seed_123,SR-HSE,273,281,0.011918262578547001,2
seed_123,SR-HSE,151,282,0.011740373447537422,2
seed_123,SR-HSE,11,283,0.01146392710506916,2
seed_123,SR-HSE,232,284,0.010859629139304161,2
seed_123,SR-HSE,202,285,0.010731743648648262,3
seed_123,SR-HSE,207,286,0.010500852018594742,2
seed_123,SR-HSE,178,287,0.010463490150868893,2
seed_123,SR-HSE,254,288,0.009934742003679276,2
seed_123,SR-HSE,131,289,0.009225045330822468,2
seed_123,SR-HSE,289,290,0.008579806424677372,2
seed_123,SR-HSE,234,291,0.008240068331360817,2
seed_123,SR-HSE,253,292,0.007857350632548332,1
seed_123,SR-HSE,284,293,0.006701400503516197,2
seed_123,SR-HSE,251,294,0.0065188962034881115,3
seed_123,SR-HSE,238,295,0.005593376699835062,1
seed_123,SR-HSE,224,296,0.004587261937558651,2
seed_123,SR-HSE,132,297,0.004199215676635504,2
seed_123,SR-HSE,285,298,0.003648910904303193,1
seed_123,SR-HSE,272,299,0.0035394993610680103,1
seed_123,NR-AR-LBD,63,0,0.035071536898612976,51
seed_123,NR-AR-LBD,168,1,0.030085885897278786,79
seed_123,NR-AR-LBD,23,2,0.028749946504831314,30
seed_123,NR-AR-LBD,276,3,0.02567894756793976,8
seed_123,NR-AR-LBD,90,4,0.025568921118974686,6
seed_123,NR-AR-LBD,7,5,0.024375978857278824,33
seed_123,NR-AR-LBD,36,6,0.024233663454651833,7
seed_123,NR-AR-LBD,15,7,0.02385832369327545,26
seed_123,NR-AR-LBD,29,8,0.02361304685473442,39
seed_123,NR-AR-LBD,49,9,0.02320004440844059,17
seed_123,NR-AR-LBD,92,10,0.022963417693972588,21
seed_123,NR-AR-LBD,24,11,0.02285805158317089,21
seed_123,NR-AR-LBD,169,12,0.022788600996136665,8
seed_123,NR-AR-LBD,110,13,0.022768497467041016,20
seed_123,NR-AR-LBD,71,14,0.02218361757695675,11
seed_123,NR-AR-LBD,6,15,0.021753408014774323,18
seed_123,NR-AR-LBD,21,16,0.021650006994605064,13
seed_123,NR-AR-LBD,128,17,0.021640071645379066,42
seed_123,NR-AR-LBD,219,18,0.021433696150779724,16
seed_123,NR-AR-LBD,84,19,0.021120475605130196,15
seed_123,NR-AR-LBD,33,20,0.021003352478146553,17
seed_123,NR-AR-LBD,13,21,0.02044123038649559,6
seed_123,NR-AR-LBD,1,22,0.020094886422157288,6
seed_123,NR-AR-LBD,113,23,0.019922059029340744,13
seed_123,NR-AR-LBD,0,24,0.01964825578033924,20
seed_123,NR-AR-LBD,74,25,0.019535351544618607,19
seed_123,NR-AR-LBD,22,26,0.018747279420495033,13
seed_123,NR-AR-LBD,209,27,0.018397420644760132,7
seed_123,NR-AR-LBD,99,28,0.0183209590613842,7
seed_123,NR-AR-LBD,146,29,0.018243640661239624,5
seed_123,NR-AR-LBD,46,30,0.01786857657134533,13
seed_123,NR-AR-LBD,145,31,0.017863932996988297,17
seed_123,NR-AR-LBD,88,32,0.017811818048357964,4
seed_123,NR-AR-LBD,204,33,0.017717350274324417,7
seed_123,NR-AR-LBD,40,34,0.01769336871802807,6
seed_123,NR-AR-LBD,245,35,0.017583701759576797,15
seed_123,NR-AR-LBD,117,36,0.017458749935030937,7
seed_123,NR-AR-LBD,62,37,0.01723163016140461,24
seed_123,NR-AR-LBD,17,38,0.017228739336133003,5
seed_123,NR-AR-LBD,10,39,0.01693810150027275,17
seed_123,NR-AR-LBD,81,40,0.01693037897348404,19
seed_123,NR-AR-LBD,211,41,0.016820259392261505,13
seed_123,NR-AR-LBD,107,42,0.016753211617469788,6
seed_123,NR-AR-LBD,105,43,0.016564790159463882,3
seed_123,NR-AR-LBD,51,44,0.016563596203923225,10
seed_123,NR-AR-LBD,26,45,0.016469836235046387,4
seed_123,NR-AR-LBD,66,46,0.016383754089474678,13
seed_123,NR-AR-LBD,136,47,0.01626390963792801,18
seed_123,NR-AR-LBD,75,48,0.016217174008488655,13
seed_123,NR-AR-LBD,93,49,0.016136515885591507,16
seed_123,NR-AR-LBD,264,50,0.01581084169447422,3
seed_123,NR-AR-LBD,48,51,0.015735942870378494,7
seed_123,NR-AR-LBD,31,52,0.01572541519999504,20
seed_123,NR-AR-LBD,70,53,0.015165251679718494,27
seed_123,NR-AR-LBD,178,54,0.01476150844246149,2
seed_123,NR-AR-LBD,123,55,0.01469331979751587,11
seed_123,NR-AR-LBD,82,56,0.014672191813588142,4
seed_123,NR-AR-LBD,200,57,0.014634991064667702,8
seed_123,NR-AR-LBD,4,58,0.014550534076988697,9
seed_123,NR-AR-LBD,228,59,0.01453184150159359,4
seed_123,NR-AR-LBD,147,60,0.01434173621237278,16
seed_123,NR-AR-LBD,39,61,0.01421352382749319,9
seed_123,NR-AR-LBD,173,62,0.014158280566334724,4
seed_123,NR-AR-LBD,78,63,0.014116342179477215,5
seed_123,NR-AR-LBD,56,64,0.014084416441619396,17
seed_123,NR-AR-LBD,57,65,0.014082241803407669,9
seed_123,NR-AR-LBD,73,66,0.013827571645379066,16
seed_123,NR-AR-LBD,184,67,0.013819124549627304,7
seed_123,NR-AR-LBD,190,68,0.013751882128417492,13
seed_123,NR-AR-LBD,241,69,0.01369683537632227,3
seed_123,NR-AR-LBD,140,70,0.01368201058357954,19
seed_123,NR-AR-LBD,217,71,0.013622092083096504,4
seed_123,NR-AR-LBD,67,72,0.013499382883310318,16
seed_123,NR-AR-LBD,38,73,0.013408899307250977,4
seed_123,NR-AR-LBD,126,74,0.01333082839846611,10
seed_123,NR-AR-LBD,69,75,0.013321397826075554,8
seed_123,NR-AR-LBD,44,76,0.013044650666415691,3
seed_123,NR-AR-LBD,142,77,0.01304236613214016,3
seed_123,NR-AR-LBD,255,78,0.012973458506166935,2
seed_123,NR-AR-LBD,52,79,0.012937270104885101,16
seed_123,NR-AR-LBD,144,80,0.012937220744788647,7
seed_123,NR-AR-LBD,139,81,0.012812202796339989,12
seed_123,NR-AR-LBD,72,82,0.012776247225701809,15
seed_123,NR-AR-LBD,30,83,0.012764009647071362,5
seed_123,NR-AR-LBD,27,84,0.01272312831133604,8
seed_123,NR-AR-LBD,280,85,0.012690460309386253,3
seed_123,NR-AR-LBD,54,86,0.012647033669054508,5
seed_123,NR-AR-LBD,260,87,0.01257783081382513,5
seed_123,NR-AR-LBD,135,88,0.012461047619581223,9
seed_123,NR-AR-LBD,296,89,0.012397922575473785,10
seed_123,NR-AR-LBD,112,90,0.012276139110326767,10
seed_123,NR-AR-LBD,148,91,0.012218382209539413,14
seed_123,NR-AR-LBD,108,92,0.012157297693192959,14
seed_123,NR-AR-LBD,189,93,0.01209823414683342,9
seed_123,NR-AR-LBD,127,94,0.012068101204931736,4
seed_123,NR-AR-LBD,226,95,0.012035341002047062,2
seed_123,NR-AR-LBD,43,96,0.01187302079051733,9
seed_123,NR-AR-LBD,150,97,0.011787950061261654,3
seed_123,NR-AR-LBD,202,98,0.011778067797422409,3
seed_123,NR-AR-LBD,212,99,0.0117422454059124,7
seed_123,NR-AR-LBD,287,100,0.011716133914887905,8
seed_123,NR-AR-LBD,79,101,0.01167843583971262,9
seed_123,NR-AR-LBD,229,102,0.011669876985251904,7
seed_123,NR-AR-LBD,60,103,0.01163692306727171,3
seed_123,NR-AR-LBD,83,104,0.011562737636268139,9
seed_123,NR-AR-LBD,8,105,0.011515594087541103,6
seed_123,NR-AR-LBD,59,106,0.011456274427473545,8
seed_123,NR-AR-LBD,199,107,0.011413856409490108,2
seed_123,NR-AR-LBD,14,108,0.011313632130622864,5
seed_123,NR-AR-LBD,213,109,0.01130636315792799,4
seed_123,NR-AR-LBD,37,110,0.011280477978289127,7
seed_123,NR-AR-LBD,187,111,0.011270193383097649,3
seed_123,NR-AR-LBD,195,112,0.011266124434769154,11
seed_123,NR-AR-LBD,160,113,0.011220863088965416,11
seed_123,NR-AR-LBD,166,114,0.011140826158225536,6
seed_123,NR-AR-LBD,240,115,0.011125391349196434,1
seed_123,NR-AR-LBD,143,116,0.01100143976509571,5
seed_123,NR-AR-LBD,28,117,0.010981417261064053,7
seed_123,NR-AR-LBD,231,118,0.010882553644478321,8
seed_123,NR-AR-LBD,201,119,0.010868760757148266,4
seed_123,NR-AR-LBD,289,120,0.010840050876140594,2
seed_123,NR-AR-LBD,2,121,0.01083436794579029,14
seed_123,NR-AR-LBD,290,122,0.010785216465592384,10
seed_123,NR-AR-LBD,86,123,0.010698224417865276,9
seed_123,NR-AR-LBD,177,124,0.01068307738751173,4
seed_123,NR-AR-LBD,274,125,0.01067793183028698,2
seed_123,NR-AR-LBD,116,126,0.010630008764564991,3
seed_123,NR-AR-LBD,242,127,0.010594516061246395,6
seed_123,NR-AR-LBD,210,128,0.010578111745417118,6
seed_123,NR-AR-LBD,267,129,0.010449599474668503,2
seed_123,NR-AR-LBD,64,130,0.01044672355055809,7
seed_123,NR-AR-LBD,257,131,0.010431424714624882,8
seed_123,NR-AR-LBD,247,132,0.01039818488061428,4
seed_123,NR-AR-LBD,129,133,0.010332846082746983,9
seed_123,NR-AR-LBD,34,134,0.010286710225045681,5
seed_123,NR-AR-LBD,271,135,0.010264754295349121,3
seed_123,NR-AR-LBD,124,136,0.010247714817523956,4
seed_123,NR-AR-LBD,196,137,0.01010594516992569,4
seed_123,NR-AR-LBD,96,138,0.009943103417754173,5
seed_123,NR-AR-LBD,193,139,0.00994273740798235,9
seed_123,NR-AR-LBD,262,140,0.009922930970788002,3
seed_123,NR-AR-LBD,133,141,0.009884093888103962,6
seed_123,NR-AR-LBD,246,142,0.009820455685257912,3
seed_123,NR-AR-LBD,158,143,0.009709595702588558,3
seed_123,NR-AR-LBD,249,144,0.009671374224126339,3
seed_123,NR-AR-LBD,252,145,0.009613340720534325,4
seed_123,NR-AR-LBD,259,146,0.009599866345524788,2
seed_123,NR-AR-LBD,277,147,0.00949969794601202,1
seed_123,NR-AR-LBD,53,148,0.009497621096670628,6
seed_123,NR-AR-LBD,12,149,0.009481248445808887,6
seed_123,NR-AR-LBD,3,150,0.009480087086558342,6
seed_123,NR-AR-LBD,20,151,0.009442035108804703,4
seed_123,NR-AR-LBD,163,152,0.00935384165495634,3
seed_123,NR-AR-LBD,230,153,0.009226221591234207,3
seed_123,NR-AR-LBD,32,154,0.009198079816997051,8
seed_123,NR-AR-LBD,192,155,0.00912175327539444,3
seed_123,NR-AR-LBD,225,156,0.009113903157413006,6
seed_123,NR-AR-LBD,170,157,0.009051445871591568,6
seed_123,NR-AR-LBD,235,158,0.008997476659715176,5
seed_123,NR-AR-LBD,233,159,0.00896010547876358,6
seed_123,NR-AR-LBD,114,160,0.00879303552210331,7
seed_123,NR-AR-LBD,194,161,0.008727043867111206,3
seed_123,NR-AR-LBD,111,162,0.00870252400636673,5
seed_123,NR-AR-LBD,104,163,0.008701109327375889,4
seed_123,NR-AR-LBD,165,164,0.008695484139025211,4
seed_123,NR-AR-LBD,203,165,0.008682874031364918,4
seed_123,NR-AR-LBD,299,166,0.008558399975299835,7
seed_123,NR-AR-LBD,121,167,0.008544239215552807,7
seed_123,NR-AR-LBD,221,168,0.00853371899574995,6
seed_123,NR-AR-LBD,234,169,0.008529767394065857,2
seed_123,NR-AR-LBD,122,170,0.008506353944540024,6
seed_123,NR-AR-LBD,87,171,0.008467832580208778,4
seed_123,NR-AR-LBD,11,172,0.00846521370112896,2
seed_123,NR-AR-LBD,100,173,0.008446784690022469,3
seed_123,NR-AR-LBD,106,174,0.008430156856775284,4
seed_123,NR-AR-LBD,55,175,0.008417245000600815,6
seed_123,NR-AR-LBD,243,176,0.008414078503847122,2
seed_123,NR-AR-LBD,191,177,0.008398633450269699,2
seed_123,NR-AR-LBD,155,178,0.00836418941617012,3
seed_123,NR-AR-LBD,95,179,0.008282213471829891,4
seed_123,NR-AR-LBD,85,180,0.008259331807494164,3
seed_123,NR-AR-LBD,115,181,0.008232133463025093,4
seed_123,NR-AR-LBD,5,182,0.008203248493373394,4
seed_123,NR-AR-LBD,269,183,0.008196832612156868,4
seed_123,NR-AR-LBD,223,184,0.00819399207830429,2
seed_123,NR-AR-LBD,167,185,0.008175015449523926,6
seed_123,NR-AR-LBD,45,186,0.008098100312054157,8
seed_123,NR-AR-LBD,198,187,0.007893910631537437,3
seed_123,NR-AR-LBD,9,188,0.007885608822107315,3
seed_123,NR-AR-LBD,239,189,0.00784786231815815,3
seed_123,NR-AR-LBD,180,190,0.007832182571291924,5
seed_123,NR-AR-LBD,176,191,0.007823225110769272,5
seed_123,NR-AR-LBD,91,192,0.0078107924200594425,6
seed_123,NR-AR-LBD,251,193,0.007792455144226551,3
seed_123,NR-AR-LBD,35,194,0.00779056828469038,4
seed_123,NR-AR-LBD,102,195,0.007786615751683712,6
seed_123,NR-AR-LBD,25,196,0.007746425457298756,8
seed_123,NR-AR-LBD,103,197,0.007705960422754288,3
seed_123,NR-AR-LBD,214,198,0.007658244576305151,2
seed_123,NR-AR-LBD,220,199,0.007562322076410055,2
seed_123,NR-AR-LBD,175,200,0.007545560598373413,9
seed_123,NR-AR-LBD,272,201,0.007507153786718845,1
seed_123,NR-AR-LBD,152,202,0.007495804689824581,3
seed_123,NR-AR-LBD,58,203,0.007338098715990782,10
seed_123,NR-AR-LBD,80,204,0.007251386530697346,8
seed_123,NR-AR-LBD,130,205,0.007242479361593723,4
seed_123,NR-AR-LBD,181,206,0.00723600247874856,4
seed_123,NR-AR-LBD,292,207,0.007196792867034674,3
seed_123,NR-AR-LBD,47,208,0.007132453378289938,4
seed_123,NR-AR-LBD,288,209,0.00708374846726656,2
seed_123,NR-AR-LBD,41,210,0.007034489419311285,2
seed_123,NR-AR-LBD,205,211,0.0069814203307032585,3
seed_123,NR-AR-LBD,109,212,0.00697445310652256,7
seed_123,NR-AR-LBD,19,213,0.006952266674488783,4
seed_123,NR-AR-LBD,278,214,0.0069451844319701195,2
seed_123,NR-AR-LBD,294,215,0.006926081143319607,2
seed_123,NR-AR-LBD,215,216,0.006841820664703846,4
seed_123,NR-AR-LBD,89,217,0.006812234874814749,3
seed_123,NR-AR-LBD,273,218,0.006546430289745331,2
seed_123,NR-AR-LBD,248,219,0.006521533243358135,2
seed_123,NR-AR-LBD,157,220,0.006490020547062159,2
seed_123,NR-AR-LBD,16,221,0.006487710401415825,4
seed_123,NR-AR-LBD,118,222,0.006472212728112936,4
seed_123,NR-AR-LBD,50,223,0.006330772768706083,3
seed_123,NR-AR-LBD,159,224,0.006329584866762161,2
seed_123,NR-AR-LBD,183,225,0.00632066186517477,7
seed_123,NR-AR-LBD,101,226,0.00628108624368906,3
seed_123,NR-AR-LBD,224,227,0.006278062704950571,2
seed_123,NR-AR-LBD,197,228,0.006224269047379494,3
seed_123,NR-AR-LBD,61,229,0.00621183542534709,6
seed_123,NR-AR-LBD,261,230,0.006210950668901205,3
seed_123,NR-AR-LBD,265,231,0.006210122723132372,1
seed_123,NR-AR-LBD,137,232,0.006162520032376051,2
seed_123,NR-AR-LBD,42,233,0.006140518002212048,5
seed_123,NR-AR-LBD,162,234,0.0061179655604064465,3
seed_123,NR-AR-LBD,185,235,0.006113136187195778,3
seed_123,NR-AR-LBD,18,236,0.006078017875552177,4
seed_123,NR-AR-LBD,120,237,0.006072082091122866,5
seed_123,NR-AR-LBD,138,238,0.0060707274824380875,3
seed_123,NR-AR-LBD,154,239,0.005902308039367199,5
seed_123,NR-AR-LBD,172,240,0.005735472310334444,4
seed_123,NR-AR-LBD,119,241,0.005714536644518375,2
seed_123,NR-AR-LBD,182,242,0.005665672477334738,2
seed_123,NR-AR-LBD,236,243,0.005652939435094595,3
seed_123,NR-AR-LBD,263,244,0.00561704533174634,6
seed_123,NR-AR-LBD,232,245,0.005608322564512491,2
seed_123,NR-AR-LBD,98,246,0.005572688765823841,2
seed_123,NR-AR-LBD,295,247,0.005538861267268658,2
seed_123,NR-AR-LBD,188,248,0.005536936689168215,2
seed_123,NR-AR-LBD,68,249,0.005531039088964462,2
seed_123,NR-AR-LBD,206,250,0.0053675537928938866,4
seed_123,NR-AR-LBD,174,251,0.005174718797206879,2
seed_123,NR-AR-LBD,151,252,0.00516374409198761,2
seed_123,NR-AR-LBD,298,253,0.005119549576193094,4
seed_123,NR-AR-LBD,132,254,0.005097216460853815,2
seed_123,NR-AR-LBD,164,255,0.005051673389971256,2
seed_123,NR-AR-LBD,77,256,0.005044101271778345,5
seed_123,NR-AR-LBD,156,257,0.004990403540432453,2
seed_123,NR-AR-LBD,208,258,0.004979505203664303,3
seed_123,NR-AR-LBD,268,259,0.004738480318337679,4
seed_123,NR-AR-LBD,227,260,0.004671881441026926,3
seed_123,NR-AR-LBD,222,261,0.00465944642201066,4
seed_123,NR-AR-LBD,97,262,0.004604823887348175,2
seed_123,NR-AR-LBD,179,263,0.004572126083076,3
seed_123,NR-AR-LBD,161,264,0.004331399220973253,2
seed_123,NR-AR-LBD,218,265,0.0042939987033605576,3
seed_123,NR-AR-LBD,186,266,0.004183775279670954,3
seed_123,NR-AR-LBD,253,267,0.004152966197580099,1
seed_123,NR-AR-LBD,285,268,0.004117066506296396,1
seed_123,NR-AR-LBD,258,269,0.004040266387164593,3
seed_123,NR-AR-LBD,131,270,0.003994833678007126,2
seed_123,NR-AR-LBD,149,271,0.003988263197243214,2
seed_123,NR-AR-LBD,65,272,0.003892340464517474,3
seed_123,NR-AR-LBD,270,273,0.003805271815508604,4
seed_123,NR-AR-LBD,254,274,0.003700297325849533,2
seed_123,NR-AR-LBD,171,275,0.003681089263409376,2
seed_123,NR-AR-LBD,256,276,0.0036525949835777283,2
seed_123,NR-AR-LBD,207,277,0.003496997756883502,2
seed_123,NR-AR-LBD,284,278,0.00348668172955513,2
seed_123,NR-AR-LBD,134,279,0.0034527729731053114,3
seed_123,NR-AR-LBD,94,280,0.003445475595071912,2
seed_123,NR-AR-LBD,293,281,0.0034431114327162504,3
seed_123,NR-AR-LBD,282,282,0.0032959328964352608,3
seed_123,NR-AR-LBD,266,283,0.0032460184302181005,1
seed_123,NR-AR-LBD,286,284,0.0032441134098917246,2
seed_123,NR-AR-LBD,250,285,0.0032073212787508965,4
seed_123,NR-AR-LBD,153,286,0.0030354559421539307,2
seed_123,NR-AR-LBD,216,287,0.0029753530398011208,2
seed_123,NR-AR-LBD,141,288,0.002865068381652236,2
seed_123,NR-AR-LBD,291,289,0.0027468691114336252,2
seed_123,NR-AR-LBD,237,290,0.002641818020492792,2
seed_123,NR-AR-LBD,76,291,0.002495964989066124,2
seed_123,NR-AR-LBD,125,292,0.002484842436388135,3
seed_123,NR-AR-LBD,275,293,0.0023822670336812735,2
seed_123,NR-AR-LBD,283,294,0.0023200165014714003,2
seed_123,NR-AR-LBD,297,295,0.002139466116204858,1
seed_123,NR-AR-LBD,244,296,0.0021377941593527794,1
seed_123,NR-AR-LBD,279,297,0.0020889814477413893,2
seed_123,NR-AR-LBD,238,298,0.0017146584577858448,1
seed_123,NR-AR-LBD,281,299,0.0007495776517316699,1
seed_123,NR-ER,168,0,0.2775123715400696,79
seed_123,NR-ER,63,1,0.25390318036079407,51
seed_123,NR-ER,23,2,0.2311529666185379,30
seed_123,NR-ER,7,3,0.1973056048154831,33
seed_123,NR-ER,128,4,0.19690610468387604,42
seed_123,NR-ER,229,5,0.1907600462436676,7
seed_123,NR-ER,69,6,0.19015894830226898,8
seed_123,NR-ER,148,7,0.18800482153892517,14
seed_123,NR-ER,29,8,0.17693370580673218,39
seed_123,NR-ER,62,9,0.17430363595485687,24
seed_123,NR-ER,70,10,0.17272064089775085,27
seed_123,NR-ER,15,11,0.1692882627248764,26
seed_123,NR-ER,54,12,0.16826486587524414,5
seed_123,NR-ER,113,13,0.1679742932319641,13
seed_123,NR-ER,140,14,0.16679464280605316,19
seed_123,NR-ER,219,15,0.15932855010032654,16
seed_123,NR-ER,49,16,0.15834210813045502,17
seed_123,NR-ER,39,17,0.1577860563993454,9
seed_123,NR-ER,56,18,0.15764646232128143,17
seed_123,NR-ER,46,19,0.15519358217716217,13
seed_123,NR-ER,104,20,0.15440893173217773,4
seed_123,NR-ER,130,21,0.15390101075172424,4
seed_123,NR-ER,126,22,0.15183185040950775,10
seed_123,NR-ER,10,23,0.15157301723957062,17
seed_123,NR-ER,204,24,0.151299387216568,7
seed_123,NR-ER,269,25,0.15032827854156494,4
seed_123,NR-ER,262,26,0.14878614246845245,3
seed_123,NR-ER,123,27,0.14874836802482605,11
seed_123,NR-ER,74,28,0.14843086898326874,19
seed_123,NR-ER,92,29,0.1470373272895813,21
seed_123,NR-ER,216,30,0.1459217369556427,2
seed_123,NR-ER,21,31,0.14580658078193665,13
seed_123,NR-ER,245,32,0.14520101249217987,15
seed_123,NR-ER,249,33,0.1450449377298355,3
seed_123,NR-ER,145,34,0.14415740966796875,17
seed_123,NR-ER,81,35,0.14378783106803894,19
seed_123,NR-ER,57,36,0.14297142624855042,9
seed_123,NR-ER,84,37,0.14283393323421478,15
seed_123,NR-ER,96,38,0.14177295565605164,5
seed_123,NR-ER,167,39,0.14173901081085205,6
seed_123,NR-ER,108,40,0.14027290046215057,14
seed_123,NR-ER,147,41,0.14024414122104645,16
seed_123,NR-ER,198,42,0.13702921569347382,3
seed_123,NR-ER,169,43,0.13683795928955078,8
seed_123,NR-ER,284,44,0.13647417724132538,2
seed_123,NR-ER,110,45,0.13586129248142242,20
seed_123,NR-ER,40,46,0.13557294011116028,6
seed_123,NR-ER,48,47,0.13514403998851776,7
seed_123,NR-ER,52,48,0.13457831740379333,16
seed_123,NR-ER,136,49,0.13381117582321167,18
seed_123,NR-ER,31,50,0.13314032554626465,20
seed_123,NR-ER,165,51,0.13285645842552185,4
seed_123,NR-ER,44,52,0.13271282613277435,3
seed_123,NR-ER,71,53,0.13088519871234894,11
seed_123,NR-ER,232,54,0.13065901398658752,2
seed_123,NR-ER,93,55,0.13046208024024963,16
seed_123,NR-ER,200,56,0.12934309244155884,8
seed_123,NR-ER,122,57,0.12882983684539795,6
seed_123,NR-ER,51,58,0.12856419384479523,10
seed_123,NR-ER,135,59,0.12808836996555328,9
seed_123,NR-ER,4,60,0.12771908938884735,9
seed_123,NR-ER,75,61,0.12631826102733612,13
seed_123,NR-ER,247,62,0.1259678304195404,4
seed_123,NR-ER,33,63,0.1256631761789322,17
seed_123,NR-ER,265,64,0.12446382641792297,1
seed_123,NR-ER,129,65,0.12283159047365189,9
seed_123,NR-ER,30,66,0.12263457477092743,5
seed_123,NR-ER,24,67,0.12259746342897415,21
seed_123,NR-ER,17,68,0.12029226124286652,5
seed_123,NR-ER,0,69,0.11995324492454529,20
seed_123,NR-ER,166,70,0.11862345784902573,6
seed_123,NR-ER,1,71,0.11855145543813705,6
seed_123,NR-ER,37,72,0.11851690709590912,7
seed_123,NR-ER,83,73,0.11760813742876053,9
seed_123,NR-ER,6,74,0.11753398925065994,18
seed_123,NR-ER,228,75,0.11726833134889603,4
seed_123,NR-ER,36,76,0.1169818565249443,7
seed_123,NR-ER,190,77,0.11696253716945648,13
seed_123,NR-ER,32,78,0.11670293658971786,8
seed_123,NR-ER,120,79,0.11617249250411987,5
seed_123,NR-ER,77,80,0.11579503118991852,5
seed_123,NR-ER,183,81,0.11565898358821869,7
seed_123,NR-ER,195,82,0.11435329914093018,11
seed_123,NR-ER,197,83,0.11338113248348236,3
seed_123,NR-ER,139,84,0.11290816962718964,12
seed_123,NR-ER,13,85,0.11266905814409256,6
seed_123,NR-ER,55,86,0.1125999391078949,6
seed_123,NR-ER,53,87,0.11220529675483704,6
seed_123,NR-ER,90,88,0.11142567545175552,6
seed_123,NR-ER,66,89,0.11059851944446564,13
seed_123,NR-ER,175,90,0.11048492789268494,9
seed_123,NR-ER,193,91,0.10914435982704163,9
seed_123,NR-ER,109,92,0.10897637158632278,7
seed_123,NR-ER,206,93,0.10888023674488068,4
seed_123,NR-ER,99,94,0.10762452334165573,7
seed_123,NR-ER,34,95,0.10613776743412018,5
seed_123,NR-ER,45,96,0.10573162138462067,8
seed_123,NR-ER,59,97,0.10569777339696884,8
seed_123,NR-ER,78,98,0.1050013080239296,5
seed_123,NR-ER,117,99,0.10477949678897858,7
seed_123,NR-ER,64,100,0.10444378852844238,7
seed_123,NR-ER,160,101,0.103981614112854,11
seed_123,NR-ER,79,102,0.10354352742433548,9
seed_123,NR-ER,121,103,0.10320873558521271,7
seed_123,NR-ER,276,104,0.10266163945198059,8
seed_123,NR-ER,72,105,0.10262215882539749,15
seed_123,NR-ER,60,106,0.10224291682243347,3
seed_123,NR-ER,225,107,0.10203126817941666,6
seed_123,NR-ER,144,108,0.10128451138734818,7
seed_123,NR-ER,67,109,0.10088224709033966,16
seed_123,NR-ER,91,110,0.09998108446598053,6
seed_123,NR-ER,291,111,0.09860071539878845,2
seed_123,NR-ER,290,112,0.09848187118768692,10
seed_123,NR-ER,210,113,0.09819500893354416,6
seed_123,NR-ER,233,114,0.09792857617139816,6
seed_123,NR-ER,211,115,0.09725295752286911,13
seed_123,NR-ER,19,116,0.09695157408714294,4
seed_123,NR-ER,257,117,0.09671730548143387,8
seed_123,NR-ER,252,118,0.09655587375164032,4
seed_123,NR-ER,105,119,0.0965125784277916,3
seed_123,NR-ER,102,120,0.09614009410142899,6
seed_123,NR-ER,28,121,0.09597297012805939,7
seed_123,NR-ER,73,122,0.09575751423835754,16
seed_123,NR-ER,226,123,0.09540516883134842,2
seed_123,NR-ER,154,124,0.09426937997341156,5
seed_123,NR-ER,111,125,0.09382512420415878,5
seed_123,NR-ER,203,126,0.09320437908172607,4
seed_123,NR-ER,127,127,0.09234867990016937,4
seed_123,NR-ER,50,128,0.09189758449792862,3
seed_123,NR-ER,42,129,0.09174525737762451,5
seed_123,NR-ER,199,130,0.09058380126953125,2
seed_123,NR-ER,114,131,0.09002802520990372,7
seed_123,NR-ER,47,132,0.08990968018770218,4
seed_123,NR-ER,2,133,0.08989322185516357,14
seed_123,NR-ER,163,134,0.08982560783624649,3
seed_123,NR-ER,5,135,0.08974769711494446,4
seed_123,NR-ER,22,136,0.08968168497085571,13
seed_123,NR-ER,220,137,0.0895628035068512,2
seed_123,NR-ER,288,138,0.08912143111228943,2
seed_123,NR-ER,20,139,0.08864250779151917,4
seed_123,NR-ER,16,140,0.08856485784053802,4
seed_123,NR-ER,196,141,0.08726634830236435,4
seed_123,NR-ER,138,142,0.08690805733203888,3
seed_123,NR-ER,227,143,0.08662145584821701,3
seed_123,NR-ER,235,144,0.08627725392580032,5
seed_123,NR-ER,86,145,0.08588740974664688,9
seed_123,NR-ER,263,146,0.08546710014343262,6
seed_123,NR-ER,173,147,0.08394245058298111,4
seed_123,NR-ER,181,148,0.08350876718759537,4
seed_123,NR-ER,180,149,0.0834212452173233,5
seed_123,NR-ER,80,150,0.0829441025853157,8
seed_123,NR-ER,164,151,0.0827673152089119,2
seed_123,NR-ER,143,152,0.08228569477796555,5
seed_123,NR-ER,14,153,0.08222097158432007,5
seed_123,NR-ER,159,154,0.08192717283964157,2
seed_123,NR-ER,107,155,0.08095698058605194,6
seed_123,NR-ER,27,156,0.0798695906996727,8
seed_123,NR-ER,296,157,0.07953031361103058,10
seed_123,NR-ER,261,158,0.07933902740478516,3
seed_123,NR-ER,112,159,0.07912461459636688,10
seed_123,NR-ER,61,160,0.07898973673582077,6
seed_123,NR-ER,155,161,0.077604740858078,3
seed_123,NR-ER,18,162,0.07686682045459747,4
seed_123,NR-ER,179,163,0.07613328099250793,3
seed_123,NR-ER,116,164,0.0760851800441742,3
seed_123,NR-ER,184,165,0.07605434209108353,7
seed_123,NR-ER,149,166,0.07603581249713898,2
seed_123,NR-ER,221,167,0.07566920667886734,6
seed_123,NR-ER,205,168,0.07479725778102875,3
seed_123,NR-ER,231,169,0.07468632608652115,8
seed_123,NR-ER,286,170,0.07423486560583115,2
seed_123,NR-ER,158,171,0.07335422933101654,3
seed_123,NR-ER,280,172,0.07332521677017212,3
seed_123,NR-ER,191,173,0.0732836127281189,2
seed_123,NR-ER,3,174,0.07322864979505539,6
seed_123,NR-ER,43,175,0.07295535504817963,9
seed_123,NR-ER,287,176,0.07254350185394287,8
seed_123,NR-ER,218,177,0.07223779708147049,3
seed_123,NR-ER,11,178,0.07212667912244797,2
seed_123,NR-ER,209,179,0.07188931852579117,7
seed_123,NR-ER,103,180,0.07174596190452576,3
seed_123,NR-ER,172,181,0.07116664946079254,4
seed_123,NR-ER,189,182,0.07088544964790344,9
seed_123,NR-ER,212,183,0.0701250210404396,7
seed_123,NR-ER,194,184,0.07006915658712387,3
seed_123,NR-ER,101,185,0.07004191726446152,3
seed_123,NR-ER,118,186,0.06966319680213928,4
seed_123,NR-ER,289,187,0.0691792368888855,2
seed_123,NR-ER,125,188,0.06821829080581665,3
seed_123,NR-ER,131,189,0.06805921345949173,2
seed_123,NR-ER,85,190,0.06571860611438751,3
seed_123,NR-ER,248,191,0.06523878127336502,2
seed_123,NR-ER,68,192,0.06503485888242722,2
seed_123,NR-ER,25,193,0.06436973065137863,8
seed_123,NR-ER,142,194,0.06421428173780441,3
seed_123,NR-ER,124,195,0.0639905333518982,4
seed_123,NR-ER,12,196,0.06387492269277573,6
seed_123,NR-ER,240,197,0.06323714554309845,1
seed_123,NR-ER,141,198,0.06313000619411469,2
seed_123,NR-ER,97,199,0.06278431415557861,2
seed_123,NR-ER,201,200,0.06275656819343567,4
seed_123,NR-ER,299,201,0.06258582323789597,7
seed_123,NR-ER,294,202,0.06178443133831024,2
seed_123,NR-ER,26,203,0.06163659691810608,4
seed_123,NR-ER,146,204,0.061361249536275864,5
seed_123,NR-ER,41,205,0.06108119338750839,2
seed_123,NR-ER,293,206,0.05990702658891678,3
seed_123,NR-ER,251,207,0.05961943045258522,3
seed_123,NR-ER,250,208,0.059436485171318054,4
seed_123,NR-ER,259,209,0.05900023132562637,2
seed_123,NR-ER,268,210,0.058622341603040695,4
seed_123,NR-ER,152,211,0.05837555602192879,3
seed_123,NR-ER,298,212,0.058328524231910706,4
seed_123,NR-ER,178,213,0.05819343030452728,2
seed_123,NR-ER,260,214,0.058099281042814255,5
seed_123,NR-ER,161,215,0.05778234824538231,2
seed_123,NR-ER,223,216,0.05763423442840576,2
seed_123,NR-ER,98,217,0.057366743683815,2
seed_123,NR-ER,115,218,0.057015836238861084,4
seed_123,NR-ER,274,219,0.05616392195224762,2
seed_123,NR-ER,177,220,0.05613947659730911,4
seed_123,NR-ER,230,221,0.056133393198251724,3
seed_123,NR-ER,151,222,0.0560612715780735,2
seed_123,NR-ER,106,223,0.05579648166894913,4
seed_123,NR-ER,38,224,0.0557762011885643,4
seed_123,NR-ER,89,225,0.05576527863740921,3
seed_123,NR-ER,256,226,0.05514991655945778,2
seed_123,NR-ER,87,227,0.0549582876265049,4
seed_123,NR-ER,237,228,0.05458517372608185,2
seed_123,NR-ER,65,229,0.05449824407696724,3
seed_123,NR-ER,58,230,0.05407799407839775,10
seed_123,NR-ER,255,231,0.05392279475927353,2
seed_123,NR-ER,8,232,0.05389640852808952,6
seed_123,NR-ER,82,233,0.05315618962049484,4
seed_123,NR-ER,246,234,0.05314553901553154,3
seed_123,NR-ER,213,235,0.0530175045132637,4
seed_123,NR-ER,176,236,0.05225590988993645,5
seed_123,NR-ER,217,237,0.0514507032930851,4
seed_123,NR-ER,133,238,0.051390569657087326,6
seed_123,NR-ER,214,239,0.04959217458963394,2
seed_123,NR-ER,94,240,0.0495772548019886,2
seed_123,NR-ER,242,241,0.049475278705358505,6
seed_123,NR-ER,271,242,0.04916522651910782,3
seed_123,NR-ER,119,243,0.048894863575696945,2
seed_123,NR-ER,134,244,0.04859289154410362,3
seed_123,NR-ER,270,245,0.047750361263751984,4
seed_123,NR-ER,241,246,0.04771626368165016,3
seed_123,NR-ER,244,247,0.04757712408900261,1
seed_123,NR-ER,224,248,0.04699540138244629,2
seed_123,NR-ER,76,249,0.04677422344684601,2
seed_123,NR-ER,187,250,0.046640992164611816,3
seed_123,NR-ER,35,251,0.0463840514421463,4
seed_123,NR-ER,283,252,0.04488186910748482,2
seed_123,NR-ER,174,253,0.04464125260710716,2
seed_123,NR-ER,254,254,0.04432216286659241,2
seed_123,NR-ER,150,255,0.044210322201251984,3
seed_123,NR-ER,208,256,0.04414408281445503,3
seed_123,NR-ER,215,257,0.042858242988586426,4
seed_123,NR-ER,243,258,0.042544469237327576,2
seed_123,NR-ER,9,259,0.042283378541469574,3
seed_123,NR-ER,264,260,0.04219778627157211,3
seed_123,NR-ER,162,261,0.04214095696806908,3
seed_123,NR-ER,170,262,0.04197118431329727,6
seed_123,NR-ER,258,263,0.04184942692518234,3
seed_123,NR-ER,239,264,0.040907278656959534,3
seed_123,NR-ER,222,265,0.04077104851603508,4
seed_123,NR-ER,186,266,0.04063801094889641,3
seed_123,NR-ER,282,267,0.04059144854545593,3
seed_123,NR-ER,88,268,0.040566008538007736,4
seed_123,NR-ER,207,269,0.04028390347957611,2
seed_123,NR-ER,275,270,0.038880787789821625,2
seed_123,NR-ER,202,271,0.03739134594798088,3
seed_123,NR-ER,236,272,0.03697521239519119,3
seed_123,NR-ER,279,273,0.036710694432258606,2
seed_123,NR-ER,292,274,0.03609781339764595,3
seed_123,NR-ER,253,275,0.034130800515413284,1
seed_123,NR-ER,295,276,0.03339896351099014,2
seed_123,NR-ER,185,277,0.03336074575781822,3
seed_123,NR-ER,182,278,0.03270474821329117,2
seed_123,NR-ER,153,279,0.031457409262657166,2
seed_123,NR-ER,272,280,0.03097367286682129,1
seed_123,NR-ER,234,281,0.030151089653372765,2
seed_123,NR-ER,95,282,0.029895134270191193,4
seed_123,NR-ER,157,283,0.02919267676770687,2
seed_123,NR-ER,137,284,0.02842719852924347,2
seed_123,NR-ER,277,285,0.02759549207985401,1
seed_123,NR-ER,156,286,0.026427054777741432,2
seed_123,NR-ER,171,287,0.026402177289128304,2
seed_123,NR-ER,273,288,0.021191099658608437,2
seed_123,NR-ER,285,289,0.020875832065939903,1
seed_123,NR-ER,100,290,0.020802799612283707,3
seed_123,NR-ER,132,291,0.019776972010731697,2
seed_123,NR-ER,281,292,0.01973772421479225,1
seed_123,NR-ER,267,293,0.019635239616036415,2
seed_123,NR-ER,278,294,0.019359132274985313,2
seed_123,NR-ER,266,295,0.019143743440508842,1
seed_123,NR-ER,188,296,0.01733645237982273,2
seed_123,NR-ER,192,297,0.017144441604614258,3
seed_123,NR-ER,297,298,0.013369417749345303,1
seed_123,NR-ER,238,299,0.010859299451112747,1
seed_123,SR-ARE,168,0,0.10286862403154373,79
seed_123,SR-ARE,63,1,0.08143202215433121,51
seed_123,SR-ARE,29,2,0.07627475261688232,39
seed_123,SR-ARE,128,3,0.07514084875583649,42
seed_123,SR-ARE,75,4,0.07471299171447754,13
seed_123,SR-ARE,23,5,0.06995879858732224,30
seed_123,SR-ARE,62,6,0.06983933597803116,24
seed_123,SR-ARE,136,7,0.06924208253622055,18
seed_123,SR-ARE,145,8,0.06505663692951202,17
seed_123,SR-ARE,21,9,0.06484337896108627,13
seed_123,SR-ARE,31,10,0.06386461108922958,20
seed_123,SR-ARE,147,11,0.06218774616718292,16
seed_123,SR-ARE,140,12,0.06070268154144287,19
seed_123,SR-ARE,92,13,0.06051449477672577,21
seed_123,SR-ARE,15,14,0.06040802597999573,26
seed_123,SR-ARE,7,15,0.0603349506855011,33
seed_123,SR-ARE,24,16,0.0586094930768013,21
seed_123,SR-ARE,110,17,0.055377256125211716,20
seed_123,SR-ARE,56,18,0.054362017661333084,17
seed_123,SR-ARE,54,19,0.05403141304850578,5
seed_123,SR-ARE,33,20,0.0539584755897522,17
seed_123,SR-ARE,2,21,0.053453922271728516,14
seed_123,SR-ARE,262,22,0.05255814641714096,3
seed_123,SR-ARE,170,23,0.05230746045708656,6
seed_123,SR-ARE,10,24,0.05178304761648178,17
seed_123,SR-ARE,84,25,0.05149688944220543,15
seed_123,SR-ARE,53,26,0.050816457718610764,6
seed_123,SR-ARE,274,27,0.050436243414878845,2
seed_123,SR-ARE,129,28,0.04995182156562805,9
seed_123,SR-ARE,17,29,0.04938249662518501,5
seed_123,SR-ARE,13,30,0.049318086355924606,6
seed_123,SR-ARE,6,31,0.04915253818035126,18
seed_123,SR-ARE,144,32,0.048837870359420776,7
seed_123,SR-ARE,93,33,0.04830285906791687,16
seed_123,SR-ARE,28,34,0.0482696108520031,7
seed_123,SR-ARE,103,35,0.047886136919260025,3
seed_123,SR-ARE,70,36,0.04787065088748932,27
seed_123,SR-ARE,195,37,0.04739284887909889,11
seed_123,SR-ARE,200,38,0.04694892838597298,8
seed_123,SR-ARE,81,39,0.046549078077077866,19
seed_123,SR-ARE,175,40,0.046506915241479874,9
seed_123,SR-ARE,73,41,0.04636991769075394,16
seed_123,SR-ARE,39,42,0.04558075964450836,9
seed_123,SR-ARE,241,43,0.04556579142808914,3
seed_123,SR-ARE,127,44,0.04554620385169983,4
seed_123,SR-ARE,276,45,0.04536639526486397,8
seed_123,SR-ARE,55,46,0.045283690094947815,6
seed_123,SR-ARE,0,47,0.045173849910497665,20
seed_123,SR-ARE,48,48,0.04477555677294731,7
seed_123,SR-ARE,22,49,0.0445469506084919,13
seed_123,SR-ARE,86,50,0.044476788491010666,9
seed_123,SR-ARE,113,51,0.04445703327655792,13
seed_123,SR-ARE,87,52,0.04435346648097038,4
seed_123,SR-ARE,225,53,0.04393439739942551,6
seed_123,SR-ARE,251,54,0.0438036285340786,3
seed_123,SR-ARE,49,55,0.043567292392253876,17
seed_123,SR-ARE,112,56,0.043551284819841385,10
seed_123,SR-ARE,74,57,0.043000273406505585,19
seed_123,SR-ARE,160,58,0.04298761114478111,11
seed_123,SR-ARE,14,59,0.0427311472594738,5
seed_123,SR-ARE,148,60,0.04264938086271286,14
seed_123,SR-ARE,190,61,0.042593296617269516,13
seed_123,SR-ARE,123,62,0.042437877506017685,11
seed_123,SR-ARE,68,63,0.04228852689266205,2
seed_123,SR-ARE,38,64,0.0422280952334404,4
seed_123,SR-ARE,207,65,0.041961006820201874,2
seed_123,SR-ARE,299,66,0.04189383611083031,7
seed_123,SR-ARE,118,67,0.04156917333602905,4
seed_123,SR-ARE,97,68,0.04142721742391586,2
seed_123,SR-ARE,266,69,0.04125296697020531,1
seed_123,SR-ARE,3,70,0.04125087708234787,6
seed_123,SR-ARE,69,71,0.040870118886232376,8
seed_123,SR-ARE,122,72,0.040689971297979355,6
seed_123,SR-ARE,167,73,0.040587641298770905,6
seed_123,SR-ARE,43,74,0.04026799649000168,9
seed_123,SR-ARE,16,75,0.03975994139909744,4
seed_123,SR-ARE,245,76,0.03943817317485809,15
seed_123,SR-ARE,236,77,0.03940386325120926,3
seed_123,SR-ARE,177,78,0.039340391755104065,4
seed_123,SR-ARE,67,79,0.03917303681373596,16
seed_123,SR-ARE,244,80,0.03898019343614578,1
seed_123,SR-ARE,8,81,0.03880804777145386,6
seed_123,SR-ARE,79,82,0.03835197910666466,9
seed_123,SR-ARE,80,83,0.03828278183937073,8
seed_123,SR-ARE,193,84,0.03817698732018471,9
seed_123,SR-ARE,233,85,0.03808068856596947,6
seed_123,SR-ARE,249,86,0.03790665790438652,3
seed_123,SR-ARE,83,87,0.037699174135923386,9
seed_123,SR-ARE,59,88,0.037696611136198044,8
seed_123,SR-ARE,219,89,0.0372278168797493,16
seed_123,SR-ARE,36,90,0.03689873591065407,7
seed_123,SR-ARE,30,91,0.03673550859093666,5
seed_123,SR-ARE,76,92,0.03666650503873825,2
seed_123,SR-ARE,139,93,0.036091625690460205,12
seed_123,SR-ARE,155,94,0.03606262430548668,3
seed_123,SR-ARE,210,95,0.03594337776303291,6
seed_123,SR-ARE,289,96,0.035924892872571945,2
seed_123,SR-ARE,25,97,0.03530874475836754,8
seed_123,SR-ARE,18,98,0.03521306812763214,4
seed_123,SR-ARE,258,99,0.03520553186535835,3
seed_123,SR-ARE,162,100,0.03506757318973541,3
seed_123,SR-ARE,296,101,0.034879788756370544,10
seed_123,SR-ARE,270,102,0.034838080406188965,4
seed_123,SR-ARE,137,103,0.034786734730005264,2
seed_123,SR-ARE,108,104,0.034709539264440536,14
seed_123,SR-ARE,52,105,0.03469916060566902,16
seed_123,SR-ARE,185,106,0.03430572897195816,3
seed_123,SR-ARE,211,107,0.03421377018094063,13
seed_123,SR-ARE,71,108,0.03379969671368599,11
seed_123,SR-ARE,27,109,0.033751823008060455,8
seed_123,SR-ARE,166,110,0.03344877436757088,6
seed_123,SR-ARE,57,111,0.03333533555269241,9
seed_123,SR-ARE,1,112,0.0330803282558918,6
seed_123,SR-ARE,32,113,0.03302200138568878,8
seed_123,SR-ARE,5,114,0.032934412360191345,4
seed_123,SR-ARE,280,115,0.03266340121626854,3
seed_123,SR-ARE,234,116,0.03248388320207596,2
seed_123,SR-ARE,107,117,0.03227462247014046,6
seed_123,SR-ARE,120,118,0.03221876546740532,5
seed_123,SR-ARE,101,119,0.032053638249635696,3
seed_123,SR-ARE,40,120,0.0320020392537117,6
seed_123,SR-ARE,169,121,0.03199296444654465,8
seed_123,SR-ARE,146,122,0.03169994428753853,5
seed_123,SR-ARE,26,123,0.03162325546145439,4
seed_123,SR-ARE,273,124,0.03156521916389465,2
seed_123,SR-ARE,109,125,0.031557656824588776,7
seed_123,SR-ARE,46,126,0.03144415095448494,13
seed_123,SR-ARE,45,127,0.031370989978313446,8
seed_123,SR-ARE,72,128,0.031187886372208595,15
seed_123,SR-ARE,198,129,0.031058400869369507,3
seed_123,SR-ARE,267,130,0.031004907563328743,2
seed_123,SR-ARE,124,131,0.030936019495129585,4
seed_123,SR-ARE,178,132,0.030690470710396767,2
seed_123,SR-ARE,181,133,0.030576353892683983,4
seed_123,SR-ARE,212,134,0.03054169751703739,7
seed_123,SR-ARE,242,135,0.03052649274468422,6
seed_123,SR-ARE,98,136,0.03050355426967144,2
seed_123,SR-ARE,105,137,0.029943030327558517,3
seed_123,SR-ARE,290,138,0.02972540445625782,10
seed_123,SR-ARE,265,139,0.02970920316874981,1
seed_123,SR-ARE,143,140,0.029683174565434456,5
seed_123,SR-ARE,58,141,0.0296170711517334,10
seed_123,SR-ARE,91,142,0.02937779389321804,6
seed_123,SR-ARE,135,143,0.029270680621266365,9
seed_123,SR-ARE,173,144,0.02921513468027115,4
seed_123,SR-ARE,174,145,0.02911490388214588,2
seed_123,SR-ARE,250,146,0.028904622420668602,4
seed_123,SR-ARE,257,147,0.028743380680680275,8
seed_123,SR-ARE,42,148,0.028178725391626358,5
seed_123,SR-ARE,222,149,0.02812250331044197,4
seed_123,SR-ARE,260,150,0.028108414262533188,5
seed_123,SR-ARE,163,151,0.02785993553698063,3
seed_123,SR-ARE,231,152,0.027798565104603767,8
seed_123,SR-ARE,220,153,0.027542337775230408,2
seed_123,SR-ARE,196,154,0.02731846086680889,4
seed_123,SR-ARE,50,155,0.0272457804530859,3
seed_123,SR-ARE,130,156,0.02699718251824379,4
seed_123,SR-ARE,102,157,0.02692749910056591,6
seed_123,SR-ARE,228,158,0.026840757578611374,4
seed_123,SR-ARE,51,159,0.02678360603749752,10
seed_123,SR-ARE,182,160,0.026610029861330986,2
seed_123,SR-ARE,287,161,0.026597291231155396,8
seed_123,SR-ARE,271,162,0.02656148187816143,3
seed_123,SR-ARE,96,163,0.026306793093681335,5
seed_123,SR-ARE,184,164,0.026280399411916733,7
seed_123,SR-ARE,85,165,0.026256509125232697,3
seed_123,SR-ARE,243,166,0.02615552581846714,2
seed_123,SR-ARE,229,167,0.02609267272055149,7
seed_123,SR-ARE,203,168,0.026060517877340317,4
seed_123,SR-ARE,64,169,0.02594301663339138,7
seed_123,SR-ARE,117,170,0.02593665011227131,7
seed_123,SR-ARE,12,171,0.025876587256789207,6
seed_123,SR-ARE,89,172,0.025399165228009224,3
seed_123,SR-ARE,151,173,0.02537922002375126,2
seed_123,SR-ARE,4,174,0.02527928352355957,9
seed_123,SR-ARE,218,175,0.02525317668914795,3
seed_123,SR-ARE,90,176,0.025252677500247955,6
seed_123,SR-ARE,197,177,0.025170721113681793,3
seed_123,SR-ARE,269,178,0.02472185343503952,4
seed_123,SR-ARE,66,179,0.024607209488749504,13
seed_123,SR-ARE,232,180,0.024477645754814148,2
seed_123,SR-ARE,263,181,0.024421580135822296,6
seed_123,SR-ARE,204,182,0.02434285543859005,7
seed_123,SR-ARE,223,183,0.024267610162496567,2
seed_123,SR-ARE,240,184,0.024045702069997787,1
seed_123,SR-ARE,35,185,0.02402069978415966,4
seed_123,SR-ARE,152,186,0.0238617155700922,3
seed_123,SR-ARE,206,187,0.023778656497597694,4
seed_123,SR-ARE,246,188,0.023669322952628136,3
seed_123,SR-ARE,235,189,0.02338816598057747,5
seed_123,SR-ARE,209,190,0.023358024656772614,7
seed_123,SR-ARE,237,191,0.02320674993097782,2
seed_123,SR-ARE,256,192,0.02311733365058899,2
seed_123,SR-ARE,226,193,0.023097990080714226,2
seed_123,SR-ARE,294,194,0.022999105975031853,2
seed_123,SR-ARE,34,195,0.022860271856188774,5
seed_123,SR-ARE,264,196,0.022857198491692543,3
seed_123,SR-ARE,164,197,0.022785630077123642,2
seed_123,SR-ARE,37,198,0.022723956033587456,7
seed_123,SR-ARE,126,199,0.022674428299069405,10
seed_123,SR-ARE,165,200,0.022596340626478195,4
seed_123,SR-ARE,216,201,0.02255459874868393,2
seed_123,SR-ARE,189,202,0.02219075709581375,9
seed_123,SR-ARE,116,203,0.022190609946846962,3
seed_123,SR-ARE,77,204,0.0221472829580307,5
seed_123,SR-ARE,99,205,0.022052593529224396,7
seed_123,SR-ARE,205,206,0.022039439529180527,3
seed_123,SR-ARE,217,207,0.02197847329080105,4
seed_123,SR-ARE,133,208,0.02195834554731846,6
seed_123,SR-ARE,115,209,0.021722985431551933,4
seed_123,SR-ARE,183,210,0.021649206057190895,7
seed_123,SR-ARE,11,211,0.021480251103639603,2
seed_123,SR-ARE,283,212,0.02141856774687767,2
seed_123,SR-ARE,121,213,0.02135821431875229,7
seed_123,SR-ARE,78,214,0.021327940747141838,5
seed_123,SR-ARE,95,215,0.021320022642612457,4
seed_123,SR-ARE,88,216,0.021142948418855667,4
seed_123,SR-ARE,19,217,0.020965255796909332,4
seed_123,SR-ARE,298,218,0.02094109170138836,4
seed_123,SR-ARE,111,219,0.020782403647899628,5
seed_123,SR-ARE,288,220,0.020670117810368538,2
seed_123,SR-ARE,248,221,0.020532701164484024,2
seed_123,SR-ARE,284,222,0.02033305913209915,2
seed_123,SR-ARE,150,223,0.01998741552233696,3
seed_123,SR-ARE,221,224,0.019823234528303146,6
seed_123,SR-ARE,176,225,0.019672762602567673,5
seed_123,SR-ARE,293,226,0.01952291466295719,3
seed_123,SR-ARE,179,227,0.019344808533787727,3
seed_123,SR-ARE,82,228,0.019283080473542213,4
seed_123,SR-ARE,213,229,0.019264141097664833,4
seed_123,SR-ARE,154,230,0.018882978707551956,5
seed_123,SR-ARE,61,231,0.01866718754172325,6
seed_123,SR-ARE,215,232,0.01858830824494362,4
seed_123,SR-ARE,60,233,0.018137037754058838,3
seed_123,SR-ARE,159,234,0.018012963235378265,2
seed_123,SR-ARE,114,235,0.017599381506443024,7
seed_123,SR-ARE,125,236,0.017432335764169693,3
seed_123,SR-ARE,192,237,0.017419543117284775,3
seed_123,SR-ARE,275,238,0.017347296699881554,2
seed_123,SR-ARE,44,239,0.01723780483007431,3
seed_123,SR-ARE,100,240,0.017184341326355934,3
seed_123,SR-ARE,208,241,0.017091179266572,3
seed_123,SR-ARE,186,242,0.01693386770784855,3
seed_123,SR-ARE,142,243,0.01675930805504322,3
seed_123,SR-ARE,254,244,0.016610147431492805,2
seed_123,SR-ARE,259,245,0.016552025452256203,2
seed_123,SR-ARE,239,246,0.015876498073339462,3
seed_123,SR-ARE,201,247,0.015749359503388405,4
seed_123,SR-ARE,161,248,0.01573830470442772,2
seed_123,SR-ARE,132,249,0.01547299325466156,2
seed_123,SR-ARE,247,250,0.01542573980987072,4
seed_123,SR-ARE,291,251,0.014906368218362331,2
seed_123,SR-ARE,104,252,0.01477394625544548,4
seed_123,SR-ARE,47,253,0.014469863846898079,4
seed_123,SR-ARE,119,254,0.014382830820977688,2
seed_123,SR-ARE,172,255,0.014203806407749653,4
seed_123,SR-ARE,106,256,0.013959706760942936,4
seed_123,SR-ARE,227,257,0.013812890276312828,3
seed_123,SR-ARE,224,258,0.013356577605009079,2
seed_123,SR-ARE,285,259,0.013135060667991638,1
seed_123,SR-ARE,156,260,0.01258311327546835,2
seed_123,SR-ARE,279,261,0.012540770694613457,2
seed_123,SR-ARE,158,262,0.012365670874714851,3
seed_123,SR-ARE,255,263,0.01231195405125618,2
seed_123,SR-ARE,153,264,0.01197158731520176,2
seed_123,SR-ARE,191,265,0.011907829903066158,2
seed_123,SR-ARE,282,266,0.01157594844698906,3
seed_123,SR-ARE,278,267,0.011448267847299576,2
seed_123,SR-ARE,199,268,0.011244365945458412,2
seed_123,SR-ARE,141,269,0.011213462799787521,2
seed_123,SR-ARE,138,270,0.010785912163555622,3
seed_123,SR-ARE,268,271,0.010668228380382061,4
seed_123,SR-ARE,202,272,0.010526550933718681,3
seed_123,SR-ARE,180,273,0.010426511988043785,5
seed_123,SR-ARE,252,274,0.010365304537117481,4
seed_123,SR-ARE,230,275,0.010220875963568687,3
seed_123,SR-ARE,9,276,0.010191768407821655,3
seed_123,SR-ARE,20,277,0.009547032415866852,4
seed_123,SR-ARE,188,278,0.009398393332958221,2
seed_123,SR-ARE,171,279,0.00914615485817194,2
seed_123,SR-ARE,187,280,0.008895616978406906,3
seed_123,SR-ARE,238,281,0.008745605126023293,1
seed_123,SR-ARE,65,282,0.008712458424270153,3
seed_123,SR-ARE,214,283,0.008687595836818218,2
seed_123,SR-ARE,194,284,0.008508515544235706,3
seed_123,SR-ARE,261,285,0.008452235721051693,3
seed_123,SR-ARE,134,286,0.00804008450359106,3
seed_123,SR-ARE,277,287,0.007660836447030306,1
seed_123,SR-ARE,131,288,0.007535552140325308,2
seed_123,SR-ARE,286,289,0.007221126463264227,2
seed_123,SR-ARE,253,290,0.007141565438359976,1
seed_123,SR-ARE,94,291,0.006993495859205723,2
seed_123,SR-ARE,292,292,0.006559963338077068,3
seed_123,SR-ARE,149,293,0.006055943667888641,2
seed_123,SR-ARE,281,294,0.003928447607904673,1
seed_123,SR-ARE,157,295,0.0038420092314481735,2
seed_123,SR-ARE,295,296,0.003712242469191551,2
seed_123,SR-ARE,297,297,0.0034085866063833237,1
seed_123,SR-ARE,41,298,0.003321317257359624,2
seed_123,SR-ARE,272,299,0.0023707158397883177,1
seed_123,SR-MMP,168,0,0.06863752752542496,79
seed_123,SR-MMP,63,1,0.06659959256649017,51
seed_123,SR-MMP,15,2,0.06361260265111923,26
seed_123,SR-MMP,29,3,0.059160687029361725,39
seed_123,SR-MMP,23,4,0.056568779051303864,30
seed_123,SR-MMP,113,5,0.05530847981572151,13
seed_123,SR-MMP,136,6,0.05447180196642876,18
seed_123,SR-MMP,128,7,0.05326410382986069,42
seed_123,SR-MMP,62,8,0.05181684345006943,24
seed_123,SR-MMP,147,9,0.04985906928777695,16
seed_123,SR-MMP,7,10,0.04864460602402687,33
seed_123,SR-MMP,31,11,0.04806153476238251,20
seed_123,SR-MMP,51,12,0.047366611659526825,10
seed_123,SR-MMP,140,13,0.04683690518140793,19
seed_123,SR-MMP,3,14,0.046695027500391006,6
seed_123,SR-MMP,6,15,0.04641985520720482,18
seed_123,SR-MMP,74,16,0.04633433371782303,19
seed_123,SR-MMP,211,17,0.045744456350803375,13
seed_123,SR-MMP,2,18,0.04501761496067047,14
seed_123,SR-MMP,200,19,0.04492637887597084,8
seed_123,SR-MMP,49,20,0.04445191100239754,17
seed_123,SR-MMP,92,21,0.044337548315525055,21
seed_123,SR-MMP,110,22,0.04419078305363655,20
seed_123,SR-MMP,14,23,0.0436597540974617,5
seed_123,SR-MMP,56,24,0.043105196207761765,17
seed_123,SR-MMP,219,25,0.042262692004442215,16
seed_123,SR-MMP,276,26,0.04213062301278114,8
seed_123,SR-MMP,104,27,0.04141400009393692,4
seed_123,SR-MMP,129,28,0.041394446045160294,9
seed_123,SR-MMP,163,29,0.040994878858327866,3
seed_123,SR-MMP,145,30,0.04073187708854675,17
seed_123,SR-MMP,86,31,0.040124014019966125,9
seed_123,SR-MMP,67,32,0.03981475904583931,16
seed_123,SR-MMP,10,33,0.03963838145136833,17
seed_123,SR-MMP,33,34,0.03943387418985367,17
seed_123,SR-MMP,256,35,0.03900580108165741,2
seed_123,SR-MMP,195,36,0.03897836431860924,11
seed_123,SR-MMP,46,37,0.03874008357524872,13
seed_123,SR-MMP,144,38,0.03860724717378616,7
seed_123,SR-MMP,108,39,0.03766205906867981,14
seed_123,SR-MMP,245,40,0.037531778216362,15
seed_123,SR-MMP,70,41,0.03753130882978439,27
seed_123,SR-MMP,81,42,0.03751495108008385,19
seed_123,SR-MMP,121,43,0.03708363324403763,7
seed_123,SR-MMP,17,44,0.03651432320475578,5
seed_123,SR-MMP,233,45,0.03626173734664917,6
seed_123,SR-MMP,22,46,0.0361836701631546,13
seed_123,SR-MMP,184,47,0.03583862632513046,7
seed_123,SR-MMP,66,48,0.035656776279211044,13
seed_123,SR-MMP,260,49,0.03514821082353592,5
seed_123,SR-MMP,258,50,0.034955110400915146,3
seed_123,SR-MMP,123,51,0.03441281616687775,11
seed_123,SR-MMP,64,52,0.03414086624979973,7
seed_123,SR-MMP,21,53,0.03404812514781952,13
seed_123,SR-MMP,120,54,0.033956777304410934,5
seed_123,SR-MMP,162,55,0.03383629769086838,3
seed_123,SR-MMP,222,56,0.033792752772569656,4
seed_123,SR-MMP,93,57,0.03357429802417755,16
seed_123,SR-MMP,193,58,0.03325565531849861,9
seed_123,SR-MMP,290,59,0.03308266028761864,10
seed_123,SR-MMP,157,60,0.03307006135582924,2
seed_123,SR-MMP,37,61,0.03299066796898842,7
seed_123,SR-MMP,167,62,0.03272656723856926,6
seed_123,SR-MMP,53,63,0.032564450055360794,6
seed_123,SR-MMP,12,64,0.0325518473982811,6
seed_123,SR-MMP,148,65,0.03250108286738396,14
seed_123,SR-MMP,24,66,0.032060593366622925,21
seed_123,SR-MMP,190,67,0.032039593905210495,13
seed_123,SR-MMP,1,68,0.03182147443294525,6
seed_123,SR-MMP,284,69,0.03148317337036133,2
seed_123,SR-MMP,72,70,0.03144979476928711,15
seed_123,SR-MMP,99,71,0.031248752027750015,7
seed_123,SR-MMP,26,72,0.031053617596626282,4
seed_123,SR-MMP,187,73,0.031044049188494682,3
seed_123,SR-MMP,249,74,0.03084687888622284,3
seed_123,SR-MMP,217,75,0.03083302266895771,4
seed_123,SR-MMP,0,76,0.030691474676132202,20
seed_123,SR-MMP,142,77,0.03060923144221306,3
seed_123,SR-MMP,73,78,0.03059135004878044,16
seed_123,SR-MMP,252,79,0.030498940497636795,4
seed_123,SR-MMP,122,80,0.030494753271341324,6
seed_123,SR-MMP,91,81,0.030143316835165024,6
seed_123,SR-MMP,5,82,0.030018385499715805,4
seed_123,SR-MMP,241,83,0.02979867346584797,3
seed_123,SR-MMP,39,84,0.029641233384609222,9
seed_123,SR-MMP,32,85,0.02955164760351181,8
seed_123,SR-MMP,242,86,0.02941812016069889,6
seed_123,SR-MMP,220,87,0.029285237193107605,2
seed_123,SR-MMP,34,88,0.029214760288596153,5
seed_123,SR-MMP,43,89,0.02920416183769703,9
seed_123,SR-MMP,112,90,0.029166316613554955,10
seed_123,SR-MMP,138,91,0.02912449836730957,3
seed_123,SR-MMP,8,92,0.028763586655259132,6
seed_123,SR-MMP,198,93,0.028590906411409378,3
seed_123,SR-MMP,202,94,0.028280865401029587,3
seed_123,SR-MMP,118,95,0.028279270976781845,4
seed_123,SR-MMP,48,96,0.02806253731250763,7
seed_123,SR-MMP,166,97,0.02803908661007881,6
seed_123,SR-MMP,287,98,0.028026988729834557,8
seed_123,SR-MMP,228,99,0.02794991061091423,4
seed_123,SR-MMP,173,100,0.027947381138801575,4
seed_123,SR-MMP,111,101,0.027860503643751144,5
seed_123,SR-MMP,44,102,0.027837632223963737,3
seed_123,SR-MMP,117,103,0.027793126180768013,7
seed_123,SR-MMP,293,104,0.027729984372854233,3
seed_123,SR-MMP,96,105,0.027531759813427925,5
seed_123,SR-MMP,160,106,0.027446908876299858,11
seed_123,SR-MMP,107,107,0.027409974485635757,6
seed_123,SR-MMP,115,108,0.027407215908169746,4
seed_123,SR-MMP,124,109,0.027407146990299225,4
seed_123,SR-MMP,52,110,0.027402127161622047,16
seed_123,SR-MMP,294,111,0.027250945568084717,2
seed_123,SR-MMP,88,112,0.027187379077076912,4
seed_123,SR-MMP,38,113,0.02715633064508438,4
seed_123,SR-MMP,262,114,0.026881728321313858,3
seed_123,SR-MMP,135,115,0.026857608929276466,9
seed_123,SR-MMP,30,116,0.026807470247149467,5
seed_123,SR-MMP,229,117,0.02668057009577751,7
seed_123,SR-MMP,250,118,0.026493685320019722,4
seed_123,SR-MMP,36,119,0.02643446996808052,7
seed_123,SR-MMP,177,120,0.026417508721351624,4
seed_123,SR-MMP,90,121,0.026403851807117462,6
seed_123,SR-MMP,25,122,0.026337269693613052,8
seed_123,SR-MMP,268,123,0.02632185071706772,4
seed_123,SR-MMP,84,124,0.026178568601608276,15
seed_123,SR-MMP,280,125,0.026176046580076218,3
seed_123,SR-MMP,286,126,0.026154084131121635,2
seed_123,SR-MMP,196,127,0.026018090546131134,4
seed_123,SR-MMP,292,128,0.025982346385717392,3
seed_123,SR-MMP,208,129,0.02594693936407566,3
seed_123,SR-MMP,127,130,0.025889405980706215,4
seed_123,SR-MMP,165,131,0.0253291055560112,4
seed_123,SR-MMP,85,132,0.025092054158449173,3
seed_123,SR-MMP,230,133,0.024990882724523544,3
seed_123,SR-MMP,169,134,0.024938421323895454,8
seed_123,SR-MMP,27,135,0.02486853115260601,8
seed_123,SR-MMP,289,136,0.02485109679400921,2
seed_123,SR-MMP,212,137,0.024812353774905205,7
seed_123,SR-MMP,183,138,0.024790633469820023,7
seed_123,SR-MMP,47,139,0.024714449420571327,4
seed_123,SR-MMP,79,140,0.024701738730072975,9
seed_123,SR-MMP,71,141,0.024432994425296783,11
seed_123,SR-MMP,126,142,0.024261165410280228,10
seed_123,SR-MMP,80,143,0.024256670847535133,8
seed_123,SR-MMP,61,144,0.02425464242696762,6
seed_123,SR-MMP,28,145,0.024197891354560852,7
seed_123,SR-MMP,4,146,0.02401123382151127,9
seed_123,SR-MMP,210,147,0.02393011562526226,6
seed_123,SR-MMP,205,148,0.023878414183855057,3
seed_123,SR-MMP,149,149,0.023811979219317436,2
seed_123,SR-MMP,95,150,0.023732099682092667,4
seed_123,SR-MMP,55,151,0.02370361052453518,6
seed_123,SR-MMP,9,152,0.023678036406636238,3
seed_123,SR-MMP,156,153,0.023574098944664,2
seed_123,SR-MMP,132,154,0.023532448336482048,2
seed_123,SR-MMP,263,155,0.023488955572247505,6
seed_123,SR-MMP,298,156,0.02346983551979065,4
seed_123,SR-MMP,172,157,0.02341630309820175,4
seed_123,SR-MMP,143,158,0.023195728659629822,5
seed_123,SR-MMP,234,159,0.02317703329026699,2
seed_123,SR-MMP,83,160,0.02250358648598194,9
seed_123,SR-MMP,75,161,0.022498413920402527,13
seed_123,SR-MMP,257,162,0.02243785187602043,8
seed_123,SR-MMP,45,163,0.022220110520720482,8
seed_123,SR-MMP,206,164,0.022172389551997185,4
seed_123,SR-MMP,178,165,0.022106295451521873,2
seed_123,SR-MMP,299,166,0.02204706333577633,7
seed_123,SR-MMP,153,167,0.021917445585131645,2
seed_123,SR-MMP,189,168,0.021738095209002495,9
seed_123,SR-MMP,270,169,0.02167532406747341,4
seed_123,SR-MMP,175,170,0.021323293447494507,9
seed_123,SR-MMP,288,171,0.02102922834455967,2
seed_123,SR-MMP,20,172,0.02102212980389595,4
seed_123,SR-MMP,204,173,0.02101707085967064,7
seed_123,SR-MMP,239,174,0.020803606137633324,3
seed_123,SR-MMP,216,175,0.020801078528165817,2
seed_123,SR-MMP,69,176,0.020217658951878548,8
seed_123,SR-MMP,218,177,0.020014507696032524,3
seed_123,SR-MMP,87,178,0.020011991262435913,4
seed_123,SR-MMP,164,179,0.01981090009212494,2
seed_123,SR-MMP,58,180,0.01979641057550907,10
seed_123,SR-MMP,185,181,0.01976524293422699,3
seed_123,SR-MMP,186,182,0.01975158229470253,3
seed_123,SR-MMP,188,183,0.01957648992538452,2
seed_123,SR-MMP,215,184,0.019509736448526382,4
seed_123,SR-MMP,182,185,0.019441118463873863,2
seed_123,SR-MMP,236,186,0.01931905932724476,3
seed_123,SR-MMP,296,187,0.019202394410967827,10
seed_123,SR-MMP,254,188,0.01917705312371254,2
seed_123,SR-MMP,13,189,0.019171271473169327,6
seed_123,SR-MMP,278,190,0.019135454669594765,2
seed_123,SR-MMP,181,191,0.01873244345188141,4
seed_123,SR-MMP,41,192,0.018581269308924675,2
seed_123,SR-MMP,40,193,0.01843731291592121,6
seed_123,SR-MMP,116,194,0.018097098916769028,3
seed_123,SR-MMP,155,195,0.017993438988924026,3
seed_123,SR-MMP,231,196,0.01798202469944954,8
seed_123,SR-MMP,282,197,0.0178422462195158,3
seed_123,SR-MMP,18,198,0.017792915925383568,4
seed_123,SR-MMP,176,199,0.017736390233039856,5
seed_123,SR-MMP,274,200,0.017731884494423866,2
seed_123,SR-MMP,139,201,0.017563408240675926,12
seed_123,SR-MMP,203,202,0.01755039393901825,4
seed_123,SR-MMP,50,203,0.01743161864578724,3
seed_123,SR-MMP,251,204,0.017408762127161026,3
seed_123,SR-MMP,152,205,0.017385508865118027,3
seed_123,SR-MMP,82,206,0.01735585927963257,4
seed_123,SR-MMP,283,207,0.017308184877038002,2
seed_123,SR-MMP,102,208,0.017285557463765144,6
seed_123,SR-MMP,60,209,0.017113538458943367,3
seed_123,SR-MMP,35,210,0.017070725560188293,4
seed_123,SR-MMP,109,211,0.016803650185465813,7
seed_123,SR-MMP,54,212,0.016764679923653603,5
seed_123,SR-MMP,235,213,0.016728932037949562,5
seed_123,SR-MMP,77,214,0.016572175547480583,5
seed_123,SR-MMP,151,215,0.016374412924051285,2
seed_123,SR-MMP,78,216,0.016353070735931396,5
seed_123,SR-MMP,170,217,0.01634351909160614,6
seed_123,SR-MMP,221,218,0.016297368332743645,6
seed_123,SR-MMP,161,219,0.016158506274223328,2
seed_123,SR-MMP,269,220,0.016129275783896446,4
seed_123,SR-MMP,192,221,0.016055002808570862,3
seed_123,SR-MMP,97,222,0.01581880822777748,2
seed_123,SR-MMP,297,223,0.015763016417622566,1
seed_123,SR-MMP,227,224,0.01545624528080225,3
seed_123,SR-MMP,105,225,0.015326462686061859,3
seed_123,SR-MMP,76,226,0.014801294542849064,2
seed_123,SR-MMP,209,227,0.014797448180615902,7
seed_123,SR-MMP,137,228,0.014777085743844509,2
seed_123,SR-MMP,133,229,0.014591878280043602,6
seed_123,SR-MMP,194,230,0.014521025121212006,3
seed_123,SR-MMP,271,231,0.014439267106354237,3
seed_123,SR-MMP,295,232,0.014325114898383617,2
seed_123,SR-MMP,180,233,0.014210504479706287,5
seed_123,SR-MMP,223,234,0.014192629605531693,2
seed_123,SR-MMP,197,235,0.01411464437842369,3
seed_123,SR-MMP,261,236,0.013933854177594185,3
seed_123,SR-MMP,213,237,0.013692691922187805,4
seed_123,SR-MMP,281,238,0.013691969215869904,1
seed_123,SR-MMP,146,239,0.013635342940688133,5
seed_123,SR-MMP,201,240,0.013634370639920235,4
seed_123,SR-MMP,277,241,0.013576023280620575,1
seed_123,SR-MMP,42,242,0.013446795754134655,5
seed_123,SR-MMP,225,243,0.013349163345992565,6
seed_123,SR-MMP,291,244,0.01329061109572649,2
seed_123,SR-MMP,11,245,0.013204991817474365,2
seed_123,SR-MMP,114,246,0.01316507812589407,7
seed_123,SR-MMP,246,247,0.013076982460916042,3
seed_123,SR-MMP,16,248,0.012919088825583458,4
seed_123,SR-MMP,237,249,0.01285623200237751,2
seed_123,SR-MMP,174,250,0.012587342411279678,2
seed_123,SR-MMP,243,251,0.0125200180336833,2
seed_123,SR-MMP,57,252,0.012394639663398266,9
seed_123,SR-MMP,125,253,0.01236242800951004,3
seed_123,SR-MMP,59,254,0.012163033708930016,8
seed_123,SR-MMP,255,255,0.012083497829735279,2
seed_123,SR-MMP,247,256,0.01208315696567297,4
seed_123,SR-MMP,285,257,0.012068905867636204,1
seed_123,SR-MMP,150,258,0.012062011286616325,3
seed_123,SR-MMP,103,259,0.011983952485024929,3
seed_123,SR-MMP,130,260,0.011944664642214775,4
seed_123,SR-MMP,207,261,0.011757328175008297,2
seed_123,SR-MMP,159,262,0.011698448099195957,2
seed_123,SR-MMP,98,263,0.011684826575219631,2
seed_123,SR-MMP,199,264,0.011492089368402958,2
seed_123,SR-MMP,94,265,0.011042371392250061,2
seed_123,SR-MMP,238,266,0.010968572460114956,1
seed_123,SR-MMP,279,267,0.010873762890696526,2
seed_123,SR-MMP,100,268,0.01067375484853983,3
seed_123,SR-MMP,19,269,0.0106588676571846,4
seed_123,SR-MMP,264,270,0.010570584796369076,3
seed_123,SR-MMP,265,271,0.010472167283296585,1
seed_123,SR-MMP,68,272,0.010468356311321259,2
seed_123,SR-MMP,191,273,0.010371026583015919,2
seed_123,SR-MMP,226,274,0.0103036193177104,2
seed_123,SR-MMP,65,275,0.0102198775857687,3
seed_123,SR-MMP,106,276,0.010132983326911926,4
seed_123,SR-MMP,119,277,0.010027098469436169,2
seed_123,SR-MMP,179,278,0.009459561668336391,3
seed_123,SR-MMP,224,279,0.008242106065154076,2
seed_123,SR-MMP,89,280,0.00823003239929676,3
seed_123,SR-MMP,267,281,0.008161202073097229,2
seed_123,SR-MMP,232,282,0.00793395098298788,2
seed_123,SR-MMP,259,283,0.007656947709619999,2
seed_123,SR-MMP,134,284,0.007489193696528673,3
seed_123,SR-MMP,248,285,0.00712711364030838,2
seed_123,SR-MMP,131,286,0.0070398482494056225,2
seed_123,SR-MMP,171,287,0.0070113530382514,2
seed_123,SR-MMP,275,288,0.006907834205776453,2
seed_123,SR-MMP,141,289,0.006617007777094841,2
seed_123,SR-MMP,154,290,0.006491292733699083,5
seed_123,SR-MMP,158,291,0.00633676303550601,3
seed_123,SR-MMP,266,292,0.0060105337761342525,1
seed_123,SR-MMP,244,293,0.00564972497522831,1
seed_123,SR-MMP,214,294,0.005425225477665663,2
seed_123,SR-MMP,272,295,0.004647168796509504,1
seed_123,SR-MMP,101,296,0.0037810856010764837,3
seed_123,SR-MMP,240,297,0.0022728729527443647,1
seed_123,SR-MMP,273,298,0.0022459139581769705,2
seed_123,SR-MMP,253,299,0.001927019446156919,1
seed_123,NR-AhR,63,0,0.19684113562107086,51
seed_123,NR-AhR,168,1,0.19209516048431396,79
seed_123,NR-AhR,29,2,0.19017766416072845,39
seed_123,NR-AhR,136,3,0.17050661146640778,18
seed_123,NR-AhR,129,4,0.16887998580932617,9
seed_123,NR-AhR,23,5,0.16129790246486664,30
seed_123,NR-AhR,75,6,0.15672820806503296,13
seed_123,NR-AhR,62,7,0.15518800914287567,24
seed_123,NR-AhR,112,8,0.15011993050575256,10
seed_123,NR-AhR,140,9,0.1488199681043625,19
seed_123,NR-AhR,128,10,0.1484638899564743,42
seed_123,NR-AhR,92,11,0.14732997119426727,21
seed_123,NR-AhR,145,12,0.14675623178482056,17
seed_123,NR-AhR,84,13,0.14313919842243195,15
seed_123,NR-AhR,6,14,0.1407013237476349,18
seed_123,NR-AhR,35,15,0.13951903581619263,4
seed_123,NR-AhR,24,16,0.13764826953411102,21
seed_123,NR-AhR,15,17,0.13369107246398926,26
seed_123,NR-AhR,31,18,0.13340722024440765,20
seed_123,NR-AhR,280,19,0.13041864335536957,3
seed_123,NR-AhR,21,20,0.12902531027793884,13
seed_123,NR-AhR,258,21,0.12180204689502716,3
seed_123,NR-AhR,33,22,0.12072645127773285,17
seed_123,NR-AhR,148,23,0.11998341977596283,14
seed_123,NR-AhR,183,24,0.1197350025177002,7
seed_123,NR-AhR,229,25,0.1184953823685646,7
seed_123,NR-AhR,108,26,0.1184832900762558,14
seed_123,NR-AhR,190,27,0.11804884672164917,13
seed_123,NR-AhR,72,28,0.11750030517578125,15
seed_123,NR-AhR,219,29,0.11710931360721588,16
seed_123,NR-AhR,110,30,0.11673090606927872,20
seed_123,NR-AhR,172,31,0.11632991582155228,4
seed_123,NR-AhR,46,32,0.11558040231466293,13
seed_123,NR-AhR,93,33,0.1151067242026329,16
seed_123,NR-AhR,17,34,0.11424410343170166,5
seed_123,NR-AhR,64,35,0.11322400718927383,7
seed_123,NR-AhR,81,36,0.11191300302743912,19
seed_123,NR-AhR,7,37,0.11063399165868759,33
seed_123,NR-AhR,73,38,0.11060628294944763,16
seed_123,NR-AhR,39,39,0.10951428860425949,9
seed_123,NR-AhR,193,40,0.10786014050245285,9
seed_123,NR-AhR,58,41,0.10657573491334915,10
seed_123,NR-AhR,8,42,0.10618636012077332,6
seed_123,NR-AhR,245,43,0.10502900183200836,15
seed_123,NR-AhR,80,44,0.10423783957958221,8
seed_123,NR-AhR,56,45,0.10412701219320297,17
seed_123,NR-AhR,242,46,0.10397874563932419,6
seed_123,NR-AhR,288,47,0.10381142050027847,2
seed_123,NR-AhR,70,48,0.10354495048522949,27
seed_123,NR-AhR,0,49,0.10338647663593292,20
seed_123,NR-AhR,22,50,0.10244039446115494,13
seed_123,NR-AhR,107,51,0.10235825926065445,6
seed_123,NR-AhR,86,52,0.10178066045045853,9
seed_123,NR-AhR,4,53,0.10026442259550095,9
seed_123,NR-AhR,83,54,0.09955286979675293,9
seed_123,NR-AhR,69,55,0.0990406796336174,8
seed_123,NR-AhR,116,56,0.09859146922826767,3
seed_123,NR-AhR,173,57,0.09797903895378113,4
seed_123,NR-AhR,147,58,0.0971975177526474,16
seed_123,NR-AhR,123,59,0.09690441936254501,11
seed_123,NR-AhR,296,60,0.0968991070985794,10
seed_123,NR-AhR,30,61,0.09675181657075882,5
seed_123,NR-AhR,156,62,0.09641966223716736,2
seed_123,NR-AhR,160,63,0.09581401199102402,11
seed_123,NR-AhR,169,64,0.09553030878305435,8
seed_123,NR-AhR,55,65,0.09506090730428696,6
seed_123,NR-AhR,210,66,0.094842329621315,6
seed_123,NR-AhR,10,67,0.09452873468399048,17
seed_123,NR-AhR,276,68,0.09442645311355591,8
seed_123,NR-AhR,51,69,0.0941518098115921,10
seed_123,NR-AhR,99,70,0.09388081729412079,7
seed_123,NR-AhR,204,71,0.09363484382629395,7
seed_123,NR-AhR,294,72,0.0927107036113739,2
seed_123,NR-AhR,28,73,0.0915074571967125,7
seed_123,NR-AhR,2,74,0.09088423103094101,14
seed_123,NR-AhR,189,75,0.09065106511116028,9
seed_123,NR-AhR,106,76,0.08875267207622528,4
seed_123,NR-AhR,57,77,0.08818969130516052,9
seed_123,NR-AhR,97,78,0.08778848499059677,2
seed_123,NR-AhR,133,79,0.08764781057834625,6
seed_123,NR-AhR,118,80,0.08739405125379562,4
seed_123,NR-AhR,211,81,0.08727887272834778,13
seed_123,NR-AhR,14,82,0.08672351390123367,5
seed_123,NR-AhR,49,83,0.08660830557346344,17
seed_123,NR-AhR,89,84,0.08657270669937134,3
seed_123,NR-AhR,127,85,0.08618783950805664,4
seed_123,NR-AhR,154,86,0.085733562707901,5
seed_123,NR-AhR,43,87,0.08547911047935486,9
seed_123,NR-AhR,113,88,0.0848124772310257,13
seed_123,NR-AhR,287,89,0.08471139520406723,8
seed_123,NR-AhR,209,90,0.08391528576612473,7
seed_123,NR-AhR,298,91,0.08379235118627548,4
seed_123,NR-AhR,59,92,0.08362984657287598,8
seed_123,NR-AhR,231,93,0.08340145647525787,8
seed_123,NR-AhR,61,94,0.08329860121011734,6
seed_123,NR-AhR,195,95,0.08289708197116852,11
seed_123,NR-AhR,66,96,0.08260709047317505,13
seed_123,NR-AhR,27,97,0.08251112699508667,8
seed_123,NR-AhR,126,98,0.08146046102046967,10
seed_123,NR-AhR,18,99,0.08140134811401367,4
seed_123,NR-AhR,256,100,0.08076923340559006,2
seed_123,NR-AhR,105,101,0.08074387162923813,3
seed_123,NR-AhR,201,102,0.08049046993255615,4
seed_123,NR-AhR,79,103,0.0795542374253273,9
seed_123,NR-AhR,283,104,0.0794055238366127,2
seed_123,NR-AhR,104,105,0.07903926074504852,4
seed_123,NR-AhR,74,106,0.07885993272066116,19
seed_123,NR-AhR,175,107,0.0788094624876976,9
seed_123,NR-AhR,184,108,0.07874306291341782,7
seed_123,NR-AhR,273,109,0.07848555594682693,2
seed_123,NR-AhR,67,110,0.07775980979204178,16
seed_123,NR-AhR,290,111,0.07757188379764557,10
seed_123,NR-AhR,260,112,0.07756791263818741,5
seed_123,NR-AhR,45,113,0.07724009454250336,8
seed_123,NR-AhR,32,114,0.07651884853839874,8
seed_123,NR-AhR,284,115,0.07609079033136368,2
seed_123,NR-AhR,222,116,0.07586085051298141,4
seed_123,NR-AhR,53,117,0.0749293640255928,6
seed_123,NR-AhR,12,118,0.0748244971036911,6
seed_123,NR-AhR,25,119,0.07466915249824524,8
seed_123,NR-AhR,124,120,0.07426165044307709,4
seed_123,NR-AhR,139,121,0.07412003725767136,12
seed_123,NR-AhR,120,122,0.07384366542100906,5
seed_123,NR-AhR,102,123,0.07253561913967133,6
seed_123,NR-AhR,232,124,0.07246618717908859,2
seed_123,NR-AhR,216,125,0.07173068076372147,2
seed_123,NR-AhR,114,126,0.07159806042909622,7
seed_123,NR-AhR,167,127,0.07128974795341492,6
seed_123,NR-AhR,212,128,0.07105740904808044,7
seed_123,NR-AhR,263,129,0.0708787590265274,6
seed_123,NR-AhR,198,130,0.07070145756006241,3
seed_123,NR-AhR,20,131,0.07037052512168884,4
seed_123,NR-AhR,233,132,0.07013098150491714,6
seed_123,NR-AhR,47,133,0.07006349414587021,4
seed_123,NR-AhR,171,134,0.06981436908245087,2
seed_123,NR-AhR,103,135,0.06948036700487137,3
seed_123,NR-AhR,135,136,0.06926384568214417,9
seed_123,NR-AhR,179,137,0.06865715235471725,3
seed_123,NR-AhR,44,138,0.06846892833709717,3
seed_123,NR-AhR,157,139,0.06842654198408127,2
seed_123,NR-AhR,122,140,0.06820795685052872,6
seed_123,NR-AhR,91,141,0.06818583607673645,6
seed_123,NR-AhR,185,142,0.06731991469860077,3
seed_123,NR-AhR,151,143,0.06660744547843933,2
seed_123,NR-AhR,16,144,0.06539017707109451,4
seed_123,NR-AhR,132,145,0.06506534665822983,2
seed_123,NR-AhR,213,146,0.06485796719789505,4
seed_123,NR-AhR,291,147,0.06443650275468826,2
seed_123,NR-AhR,228,148,0.06426467001438141,4
seed_123,NR-AhR,1,149,0.06419262290000916,6
seed_123,NR-AhR,54,150,0.06322252005338669,5
seed_123,NR-AhR,251,151,0.062395937740802765,3
seed_123,NR-AhR,176,152,0.06208563968539238,5
seed_123,NR-AhR,248,153,0.06144389510154724,2
seed_123,NR-AhR,13,154,0.061111319810152054,6
seed_123,NR-AhR,90,155,0.060746390372514725,6
seed_123,NR-AhR,174,156,0.06072612106800079,2
seed_123,NR-AhR,121,157,0.06027957424521446,7
seed_123,NR-AhR,166,158,0.05972762033343315,6
seed_123,NR-AhR,268,159,0.05950360745191574,4
seed_123,NR-AhR,60,160,0.059109803289175034,3
seed_123,NR-AhR,221,161,0.05906354635953903,6
seed_123,NR-AhR,293,162,0.0589870847761631,3
seed_123,NR-AhR,264,163,0.058875199407339096,3
seed_123,NR-AhR,48,164,0.058355625718832016,7
seed_123,NR-AhR,206,165,0.05819792300462723,4
seed_123,NR-AhR,42,166,0.05818729102611542,5
seed_123,NR-AhR,180,167,0.05806044861674309,5
seed_123,NR-AhR,52,168,0.05783625692129135,16
seed_123,NR-AhR,117,169,0.057507697492837906,7
seed_123,NR-AhR,87,170,0.05715426430106163,4
seed_123,NR-AhR,203,171,0.05712205916643143,4
seed_123,NR-AhR,155,172,0.05698327720165253,3
seed_123,NR-AhR,278,173,0.05696433037519455,2
seed_123,NR-AhR,38,174,0.05677306652069092,4
seed_123,NR-AhR,142,175,0.05651889368891716,3
seed_123,NR-AhR,78,176,0.056311190128326416,5
seed_123,NR-AhR,119,177,0.05619486793875694,2
seed_123,NR-AhR,130,178,0.05617514252662659,4
seed_123,NR-AhR,96,179,0.05601096153259277,5
seed_123,NR-AhR,200,180,0.0558212548494339,8
seed_123,NR-AhR,150,181,0.05566665157675743,3
seed_123,NR-AhR,88,182,0.055426642298698425,4
seed_123,NR-AhR,98,183,0.05503358319401741,2
seed_123,NR-AhR,271,184,0.05432003363966942,3
seed_123,NR-AhR,65,185,0.05385484918951988,3
seed_123,NR-AhR,146,186,0.05248214676976204,5
seed_123,NR-AhR,191,187,0.05226335674524307,2
seed_123,NR-AhR,77,188,0.05185306817293167,5
seed_123,NR-AhR,254,189,0.051610976457595825,2
seed_123,NR-AhR,181,190,0.051578909158706665,4
seed_123,NR-AhR,299,191,0.051284100860357285,7
seed_123,NR-AhR,161,192,0.05119547247886658,2
seed_123,NR-AhR,95,193,0.051160410046577454,4
seed_123,NR-AhR,34,194,0.050956085324287415,5
seed_123,NR-AhR,131,195,0.05084926262497902,2
seed_123,NR-AhR,26,196,0.050481654703617096,4
seed_123,NR-AhR,37,197,0.049958501011133194,7
seed_123,NR-AhR,9,198,0.049753881990909576,3
seed_123,NR-AhR,262,199,0.04967343434691429,3
seed_123,NR-AhR,3,200,0.049384281039237976,6
seed_123,NR-AhR,144,201,0.04854470491409302,7
seed_123,NR-AhR,241,202,0.04835548251867294,3
seed_123,NR-AhR,100,203,0.047891873866319656,3
seed_123,NR-AhR,199,204,0.04724063724279404,2
seed_123,NR-AhR,141,205,0.04708532243967056,2
seed_123,NR-AhR,164,206,0.046892616897821426,2
seed_123,NR-AhR,275,207,0.04668588563799858,2
seed_123,NR-AhR,178,208,0.046591464430093765,2
seed_123,NR-AhR,215,209,0.04647700861096382,4
seed_123,NR-AhR,71,210,0.046359799802303314,11
seed_123,NR-AhR,41,211,0.046121612191200256,2
seed_123,NR-AhR,5,212,0.04573775827884674,4
seed_123,NR-AhR,250,213,0.04521779716014862,4
seed_123,NR-AhR,257,214,0.044989027082920074,8
seed_123,NR-AhR,109,215,0.04498399794101715,7
seed_123,NR-AhR,249,216,0.04481412097811699,3
seed_123,NR-AhR,36,217,0.04472972825169563,7
seed_123,NR-AhR,208,218,0.04450275003910065,3
seed_123,NR-AhR,40,219,0.04440142586827278,6
seed_123,NR-AhR,165,220,0.044371891766786575,4
seed_123,NR-AhR,149,221,0.04435281455516815,2
seed_123,NR-AhR,182,222,0.04385978728532791,2
seed_123,NR-AhR,163,223,0.04383435845375061,3
seed_123,NR-AhR,159,224,0.043318625539541245,2
seed_123,NR-AhR,227,225,0.04330095276236534,3
seed_123,NR-AhR,134,226,0.043175432831048965,3
seed_123,NR-AhR,205,227,0.04297983646392822,3
seed_123,NR-AhR,202,228,0.04267080873250961,3
seed_123,NR-AhR,285,229,0.042365800589323044,1
seed_123,NR-AhR,244,230,0.04207547381520271,1
seed_123,NR-AhR,220,231,0.04172739386558533,2
seed_123,NR-AhR,269,232,0.04105859249830246,4
seed_123,NR-AhR,235,233,0.04079850763082504,5
seed_123,NR-AhR,162,234,0.040679071098566055,3
seed_123,NR-AhR,270,235,0.039952632039785385,4
seed_123,NR-AhR,217,236,0.039723414927721024,4
seed_123,NR-AhR,239,237,0.03869865834712982,3
seed_123,NR-AhR,223,238,0.038431666791439056,2
seed_123,NR-AhR,274,239,0.03785495087504387,2
seed_123,NR-AhR,115,240,0.037671368569135666,4
seed_123,NR-AhR,246,241,0.037467602640390396,3
seed_123,NR-AhR,226,242,0.03680466488003731,2
seed_123,NR-AhR,11,243,0.036464180797338486,2
seed_123,NR-AhR,267,244,0.03606600686907768,2
seed_123,NR-AhR,125,245,0.035926975309848785,3
seed_123,NR-AhR,207,246,0.035498637706041336,2
seed_123,NR-AhR,111,247,0.03533245250582695,5
seed_123,NR-AhR,158,248,0.035327933728694916,3
seed_123,NR-AhR,261,249,0.034879859536886215,3
seed_123,NR-AhR,265,250,0.034748904407024384,1
seed_123,NR-AhR,243,251,0.03432000055909157,2
seed_123,NR-AhR,94,252,0.03428388386964798,2
seed_123,NR-AhR,153,253,0.03386473283171654,2
seed_123,NR-AhR,152,254,0.033662036061286926,3
seed_123,NR-AhR,297,255,0.033350590616464615,1
seed_123,NR-AhR,230,256,0.0332963764667511,3
seed_123,NR-AhR,234,257,0.03323714807629585,2
seed_123,NR-AhR,143,258,0.03270595520734787,5
seed_123,NR-AhR,225,259,0.03244766592979431,6
seed_123,NR-AhR,295,260,0.031806282699108124,2
seed_123,NR-AhR,237,261,0.03174638748168945,2
seed_123,NR-AhR,177,262,0.03165002912282944,4
seed_123,NR-AhR,266,263,0.03158007562160492,1
seed_123,NR-AhR,194,264,0.031242895871400833,3
seed_123,NR-AhR,252,265,0.03103833645582199,4
seed_123,NR-AhR,137,266,0.03098321333527565,2
seed_123,NR-AhR,286,267,0.030864223837852478,2
seed_123,NR-AhR,289,268,0.030367257073521614,2
seed_123,NR-AhR,188,269,0.030063612386584282,2
seed_123,NR-AhR,19,270,0.029694387689232826,4
seed_123,NR-AhR,82,271,0.02939578890800476,4
seed_123,NR-AhR,247,272,0.029192063957452774,4
seed_123,NR-AhR,68,273,0.0289517343044281,2
seed_123,NR-AhR,138,274,0.02857404761016369,3
seed_123,NR-AhR,214,275,0.02846691384911537,2
seed_123,NR-AhR,85,276,0.028360547497868538,3
seed_123,NR-AhR,76,277,0.028218120336532593,2
seed_123,NR-AhR,50,278,0.02785908244550228,3
seed_123,NR-AhR,170,279,0.027830734848976135,6
seed_123,NR-AhR,236,280,0.027578577399253845,3
seed_123,NR-AhR,187,281,0.027458880096673965,3
seed_123,NR-AhR,224,282,0.02651933953166008,2
seed_123,NR-AhR,192,283,0.025855405256152153,3
seed_123,NR-AhR,279,284,0.02581491507589817,2
seed_123,NR-AhR,218,285,0.02461899444460869,3
seed_123,NR-AhR,197,286,0.02451326511800289,3
seed_123,NR-AhR,292,287,0.02425575628876686,3
seed_123,NR-AhR,196,288,0.024119168519973755,4
seed_123,NR-AhR,101,289,0.023492982611060143,3
seed_123,NR-AhR,282,290,0.02331424318253994,3
seed_123,NR-AhR,186,291,0.022916294634342194,3
seed_123,NR-AhR,238,292,0.021762344986200333,1
seed_123,NR-AhR,259,293,0.02150942012667656,2
seed_123,NR-AhR,281,294,0.014536610804498196,1
seed_123,NR-AhR,255,295,0.014107746072113514,2
seed_123,NR-AhR,240,296,0.00981217622756958,1
seed_123,NR-AhR,253,297,0.009341836906969547,1
seed_123,NR-AhR,272,298,0.006213619839400053,1
seed_123,NR-AhR,277,299,0.004329173360019922,1
seed_123,NR-ER-LBD,168,0,0.039058808237314224,79
seed_123,NR-ER-LBD,219,1,0.03374583646655083,16
seed_123,NR-ER-LBD,128,2,0.031488530337810516,42
seed_123,NR-ER-LBD,31,3,0.031020483002066612,20
seed_123,NR-ER-LBD,63,4,0.029348934069275856,51
seed_123,NR-ER-LBD,46,5,0.026830997318029404,13
seed_123,NR-ER-LBD,0,6,0.0254229623824358,20
seed_123,NR-ER-LBD,23,7,0.02485991269350052,30
seed_123,NR-ER-LBD,93,8,0.02474626712501049,16
seed_123,NR-ER-LBD,74,9,0.024527665227651596,19
seed_123,NR-ER-LBD,29,10,0.02440919540822506,39
seed_123,NR-ER-LBD,69,11,0.02384137362241745,8
seed_123,NR-ER-LBD,70,12,0.023838398978114128,27
seed_123,NR-ER-LBD,59,13,0.0237212423235178,8
seed_123,NR-ER-LBD,108,14,0.023337051272392273,14
seed_123,NR-ER-LBD,7,15,0.022813979536294937,33
seed_123,NR-ER-LBD,269,16,0.022689376026391983,4
seed_123,NR-ER-LBD,15,17,0.022607991471886635,26
seed_123,NR-ER-LBD,133,18,0.022098815068602562,6
seed_123,NR-ER-LBD,136,19,0.02112370915710926,18
seed_123,NR-ER-LBD,62,20,0.020423730835318565,24
seed_123,NR-ER-LBD,229,21,0.019960198551416397,7
seed_123,NR-ER-LBD,32,22,0.019900653511285782,8
seed_123,NR-ER-LBD,161,23,0.019686248153448105,2
seed_123,NR-ER-LBD,6,24,0.0194411501288414,18
seed_123,NR-ER-LBD,49,25,0.019292954355478287,17
seed_123,NR-ER-LBD,64,26,0.01892155408859253,7
seed_123,NR-ER-LBD,57,27,0.01876658760011196,9
seed_123,NR-ER-LBD,129,28,0.01864205300807953,9
seed_123,NR-ER-LBD,121,29,0.018446041271090508,7
seed_123,NR-ER-LBD,145,30,0.01827327534556389,17
seed_123,NR-ER-LBD,56,31,0.01826462522149086,17
seed_123,NR-ER-LBD,124,32,0.01808885857462883,4
seed_123,NR-ER-LBD,274,33,0.018062079325318336,2
seed_123,NR-ER-LBD,257,34,0.01786615513265133,8
seed_123,NR-ER-LBD,33,35,0.017733365297317505,17
seed_123,NR-ER-LBD,204,36,0.017567381262779236,7
seed_123,NR-ER-LBD,245,37,0.017419924959540367,15
seed_123,NR-ER-LBD,81,38,0.017354167997837067,19
seed_123,NR-ER-LBD,28,39,0.01718347705900669,7
seed_123,NR-ER-LBD,148,40,0.017106711864471436,14
seed_123,NR-ER-LBD,98,41,0.01696997880935669,2
seed_123,NR-ER-LBD,235,42,0.01681007631123066,5
seed_123,NR-ER-LBD,296,43,0.016809236258268356,10
seed_123,NR-ER-LBD,86,44,0.01669527031481266,9
seed_123,NR-ER-LBD,160,45,0.016670404002070427,11
seed_123,NR-ER-LBD,147,46,0.01666434481739998,16
seed_123,NR-ER-LBD,110,47,0.016548505052924156,20
seed_123,NR-ER-LBD,175,48,0.016527140513062477,9
seed_123,NR-ER-LBD,262,49,0.01639983244240284,3
seed_123,NR-ER-LBD,92,50,0.01635773293673992,21
seed_123,NR-ER-LBD,200,51,0.01632566563785076,8
seed_123,NR-ER-LBD,140,52,0.0162478219717741,19
seed_123,NR-ER-LBD,208,53,0.016188548877835274,3
seed_123,NR-ER-LBD,72,54,0.016093935817480087,15
seed_123,NR-ER-LBD,112,55,0.01598932407796383,10
seed_123,NR-ER-LBD,181,56,0.015932468697428703,4
seed_123,NR-ER-LBD,2,57,0.015918102115392685,14
seed_123,NR-ER-LBD,10,58,0.01590709760785103,17
seed_123,NR-ER-LBD,37,59,0.015880528837442398,7
seed_123,NR-ER-LBD,211,60,0.015833254903554916,13
seed_123,NR-ER-LBD,192,61,0.015794219449162483,3
seed_123,NR-ER-LBD,99,62,0.015678703784942627,7
seed_123,NR-ER-LBD,135,63,0.015556908212602139,9
seed_123,NR-ER-LBD,8,64,0.015543660148978233,6
seed_123,NR-ER-LBD,17,65,0.015451972372829914,5
seed_123,NR-ER-LBD,183,66,0.015193267725408077,7
seed_123,NR-ER-LBD,139,67,0.015146556310355663,12
seed_123,NR-ER-LBD,84,68,0.01497986912727356,15
seed_123,NR-ER-LBD,258,69,0.014965525828301907,3
seed_123,NR-ER-LBD,52,70,0.014923715963959694,16
seed_123,NR-ER-LBD,53,71,0.014880551025271416,6
seed_123,NR-ER-LBD,4,72,0.014825294725596905,9
seed_123,NR-ER-LBD,236,73,0.014689496718347073,3
seed_123,NR-ER-LBD,16,74,0.014519836753606796,4
seed_123,NR-ER-LBD,123,75,0.014273211359977722,11
seed_123,NR-ER-LBD,290,76,0.014179077930748463,10
seed_123,NR-ER-LBD,223,77,0.013947712257504463,2
seed_123,NR-ER-LBD,1,78,0.013918308541178703,6
seed_123,NR-ER-LBD,117,79,0.01383469719439745,7
seed_123,NR-ER-LBD,24,80,0.013770924881100655,21
seed_123,NR-ER-LBD,242,81,0.013698415830731392,6
seed_123,NR-ER-LBD,194,82,0.013668046332895756,3
seed_123,NR-ER-LBD,210,83,0.013631747104227543,6
seed_123,NR-ER-LBD,217,84,0.013569935224950314,4
seed_123,NR-ER-LBD,169,85,0.01347404159605503,8
seed_123,NR-ER-LBD,96,86,0.013344649225473404,5
seed_123,NR-ER-LBD,166,87,0.013323716819286346,6
seed_123,NR-ER-LBD,144,88,0.013315401040017605,7
seed_123,NR-ER-LBD,172,89,0.013150987215340137,4
seed_123,NR-ER-LBD,51,90,0.012989620678126812,10
seed_123,NR-ER-LBD,177,91,0.01296449638903141,4
seed_123,NR-ER-LBD,228,92,0.012934993021190166,4
seed_123,NR-ER-LBD,190,93,0.012882526032626629,13
seed_123,NR-ER-LBD,111,94,0.012846620753407478,5
seed_123,NR-ER-LBD,118,95,0.012813940644264221,4
seed_123,NR-ER-LBD,45,96,0.012793212197721004,8
seed_123,NR-ER-LBD,102,97,0.012785537168383598,6
seed_123,NR-ER-LBD,36,98,0.012664585374295712,7
seed_123,NR-ER-LBD,106,99,0.012661821208894253,4
seed_123,NR-ER-LBD,252,100,0.012631922028958797,4
seed_123,NR-ER-LBD,66,101,0.012560389935970306,13
seed_123,NR-ER-LBD,12,102,0.012551547028124332,6
seed_123,NR-ER-LBD,40,103,0.012541694566607475,6
seed_123,NR-ER-LBD,75,104,0.012530493550002575,13
seed_123,NR-ER-LBD,283,105,0.012484460137784481,2
seed_123,NR-ER-LBD,195,106,0.012366308830678463,11
seed_123,NR-ER-LBD,167,107,0.01235774252563715,6
seed_123,NR-ER-LBD,83,108,0.012346888892352581,9
seed_123,NR-ER-LBD,27,109,0.012311358936131,8
seed_123,NR-ER-LBD,132,110,0.012280485592782497,2
seed_123,NR-ER-LBD,131,111,0.012265427969396114,2
seed_123,NR-ER-LBD,19,112,0.012210337445139885,4
seed_123,NR-ER-LBD,22,113,0.012138109654188156,13
seed_123,NR-ER-LBD,263,114,0.012120061554014683,6
seed_123,NR-ER-LBD,113,115,0.012118693441152573,13
seed_123,NR-ER-LBD,213,116,0.012090515345335007,4
seed_123,NR-ER-LBD,142,117,0.012030019424855709,3
seed_123,NR-ER-LBD,202,118,0.01201110240072012,3
seed_123,NR-ER-LBD,48,119,0.011990676634013653,7
seed_123,NR-ER-LBD,122,120,0.011962209828197956,6
seed_123,NR-ER-LBD,206,121,0.011948542669415474,4
seed_123,NR-ER-LBD,126,122,0.011860574595630169,10
seed_123,NR-ER-LBD,203,123,0.01169596053659916,4
seed_123,NR-ER-LBD,291,124,0.011440396308898926,2
seed_123,NR-ER-LBD,233,125,0.011428761295974255,6
seed_123,NR-ER-LBD,25,126,0.01137675903737545,8
seed_123,NR-ER-LBD,205,127,0.011316721327602863,3
seed_123,NR-ER-LBD,165,128,0.011230658739805222,4
seed_123,NR-ER-LBD,199,129,0.011124307289719582,2
seed_123,NR-ER-LBD,55,130,0.011107400991022587,6
seed_123,NR-ER-LBD,287,131,0.011028772220015526,8
seed_123,NR-ER-LBD,141,132,0.011015837080776691,2
seed_123,NR-ER-LBD,73,133,0.010972170159220695,16
seed_123,NR-ER-LBD,170,134,0.010926290415227413,6
seed_123,NR-ER-LBD,239,135,0.010909991338849068,3
seed_123,NR-ER-LBD,79,136,0.010740578174591064,9
seed_123,NR-ER-LBD,180,137,0.010732065886259079,5
seed_123,NR-ER-LBD,159,138,0.010650070384144783,2
seed_123,NR-ER-LBD,198,139,0.01062865648418665,3
seed_123,NR-ER-LBD,21,140,0.010556957684457302,13
seed_123,NR-ER-LBD,196,141,0.010540023446083069,4
seed_123,NR-ER-LBD,231,142,0.010539662092924118,8
seed_123,NR-ER-LBD,13,143,0.010509617626667023,6
seed_123,NR-ER-LBD,146,144,0.010461979545652866,5
seed_123,NR-ER-LBD,234,145,0.010397486388683319,2
seed_123,NR-ER-LBD,34,146,0.010352857410907745,5
seed_123,NR-ER-LBD,151,147,0.010351810604333878,2
seed_123,NR-ER-LBD,41,148,0.010219724848866463,2
seed_123,NR-ER-LBD,14,149,0.010172290727496147,5
seed_123,NR-ER-LBD,18,150,0.010153883136808872,4
seed_123,NR-ER-LBD,3,151,0.01012497115880251,6
seed_123,NR-ER-LBD,184,152,0.009998960420489311,7
seed_123,NR-ER-LBD,246,153,0.00999448448419571,3
seed_123,NR-ER-LBD,120,154,0.009989099577069283,5
seed_123,NR-ER-LBD,221,155,0.00994552206248045,6
seed_123,NR-ER-LBD,182,156,0.009844450280070305,2
seed_123,NR-ER-LBD,58,157,0.009827449917793274,10
seed_123,NR-ER-LBD,47,158,0.00980414915829897,4
seed_123,NR-ER-LBD,71,159,0.0097756152972579,11
seed_123,NR-ER-LBD,90,160,0.00976248737424612,6
seed_123,NR-ER-LBD,39,161,0.009744876064360142,9
seed_123,NR-ER-LBD,115,162,0.009729903191328049,4
seed_123,NR-ER-LBD,103,163,0.009642035700380802,3
seed_123,NR-ER-LBD,179,164,0.009641566313803196,3
seed_123,NR-ER-LBD,281,165,0.00960184819996357,1
seed_123,NR-ER-LBD,227,166,0.009562415070831776,3
seed_123,NR-ER-LBD,107,167,0.009552540257573128,6
seed_123,NR-ER-LBD,30,168,0.009527047164738178,5
seed_123,NR-ER-LBD,176,169,0.009447382763028145,5
seed_123,NR-ER-LBD,298,170,0.009401063434779644,4
seed_123,NR-ER-LBD,77,171,0.009400179609656334,5
seed_123,NR-ER-LBD,271,172,0.009388436563313007,3
seed_123,NR-ER-LBD,44,173,0.009379502385854721,3
seed_123,NR-ER-LBD,65,174,0.009351348504424095,3
seed_123,NR-ER-LBD,189,175,0.009329022839665413,9
seed_123,NR-ER-LBD,114,176,0.009312348440289497,7
seed_123,NR-ER-LBD,35,177,0.009251952171325684,4
seed_123,NR-ER-LBD,193,178,0.009187445975840092,9
seed_123,NR-ER-LBD,191,179,0.00918054673820734,2
seed_123,NR-ER-LBD,158,180,0.009139207191765308,3
seed_123,NR-ER-LBD,67,181,0.009110217913985252,16
seed_123,NR-ER-LBD,270,182,0.00910206139087677,4
seed_123,NR-ER-LBD,230,183,0.008992190472781658,3
seed_123,NR-ER-LBD,154,184,0.008986189030110836,5
seed_123,NR-ER-LBD,85,185,0.008950939401984215,3
seed_123,NR-ER-LBD,11,186,0.008948830887675285,2
seed_123,NR-ER-LBD,94,187,0.008920525200664997,2
seed_123,NR-ER-LBD,101,188,0.008910589851439,3
seed_123,NR-ER-LBD,5,189,0.008908270858228207,4
seed_123,NR-ER-LBD,249,190,0.008857239037752151,3
seed_123,NR-ER-LBD,260,191,0.008853742852807045,5
seed_123,NR-ER-LBD,105,192,0.008848344907164574,3
seed_123,NR-ER-LBD,68,193,0.008747569285333157,2
seed_123,NR-ER-LBD,212,194,0.008582642301917076,7
seed_123,NR-ER-LBD,220,195,0.008577345870435238,2
seed_123,NR-ER-LBD,277,196,0.008525057695806026,1
seed_123,NR-ER-LBD,186,197,0.008522299118340015,3
seed_123,NR-ER-LBD,279,198,0.008480126038193703,2
seed_123,NR-ER-LBD,78,199,0.008435028605163097,5
seed_123,NR-ER-LBD,209,200,0.008433663286268711,7
seed_123,NR-ER-LBD,80,201,0.008340459316968918,8
seed_123,NR-ER-LBD,119,202,0.008324101567268372,2
seed_123,NR-ER-LBD,222,203,0.008322050794959068,4
seed_123,NR-ER-LBD,294,204,0.008189939893782139,2
seed_123,NR-ER-LBD,248,205,0.00814178865402937,2
seed_123,NR-ER-LBD,226,206,0.008112829178571701,2
seed_123,NR-ER-LBD,100,207,0.008098865859210491,3
seed_123,NR-ER-LBD,149,208,0.008018641732633114,2
seed_123,NR-ER-LBD,251,209,0.008006922900676727,3
seed_123,NR-ER-LBD,187,210,0.007973866537213326,3
seed_123,NR-ER-LBD,43,211,0.007952634245157242,9
seed_123,NR-ER-LBD,275,212,0.00793935265392065,2
seed_123,NR-ER-LBD,272,213,0.007933922111988068,1
seed_123,NR-ER-LBD,173,214,0.007883593440055847,4
seed_123,NR-ER-LBD,256,215,0.007874109782278538,2
seed_123,NR-ER-LBD,247,216,0.00785866193473339,4
seed_123,NR-ER-LBD,91,217,0.007716718129813671,6
seed_123,NR-ER-LBD,125,218,0.007679827511310577,3
seed_123,NR-ER-LBD,224,219,0.007641363423317671,2
seed_123,NR-ER-LBD,163,220,0.007620131131261587,3
seed_123,NR-ER-LBD,109,221,0.0075622969307005405,7
seed_123,NR-ER-LBD,197,222,0.007555866613984108,3
seed_123,NR-ER-LBD,218,223,0.007447395008057356,3
seed_123,NR-ER-LBD,162,224,0.007431181147694588,3
seed_123,NR-ER-LBD,171,225,0.007392161525785923,2
seed_123,NR-ER-LBD,60,226,0.007371080573648214,3
seed_123,NR-ER-LBD,276,227,0.007323171477764845,8
seed_123,NR-ER-LBD,174,228,0.007298148237168789,2
seed_123,NR-ER-LBD,26,229,0.007247701287269592,4
seed_123,NR-ER-LBD,54,230,0.007223188877105713,5
seed_123,NR-ER-LBD,88,231,0.007162387482821941,4
seed_123,NR-ER-LBD,299,232,0.007150514982640743,7
seed_123,NR-ER-LBD,61,233,0.007125253323465586,6
seed_123,NR-ER-LBD,137,234,0.00702245905995369,2
seed_123,NR-ER-LBD,250,235,0.006942238193005323,4
seed_123,NR-ER-LBD,215,236,0.006860499270260334,4
seed_123,NR-ER-LBD,104,237,0.006830609403550625,4
seed_123,NR-ER-LBD,225,238,0.006665646098554134,6
seed_123,NR-ER-LBD,89,239,0.006628512404859066,3
seed_123,NR-ER-LBD,138,240,0.006518286187201738,3
seed_123,NR-ER-LBD,282,241,0.0064698802307248116,3
seed_123,NR-ER-LBD,134,242,0.006435377057641745,3
seed_123,NR-ER-LBD,292,243,0.0064073787070810795,3
seed_123,NR-ER-LBD,286,244,0.006353609263896942,2
seed_123,NR-ER-LBD,42,245,0.006351102609187365,5
seed_123,NR-ER-LBD,130,246,0.006307839881628752,4
seed_123,NR-ER-LBD,155,247,0.006307654082775116,3
seed_123,NR-ER-LBD,20,248,0.006240957882255316,4
seed_123,NR-ER-LBD,267,249,0.00620747497305274,2
seed_123,NR-ER-LBD,280,250,0.006141559686511755,3
seed_123,NR-ER-LBD,127,251,0.00608475599437952,4
seed_123,NR-ER-LBD,143,252,0.006076664198189974,5
seed_123,NR-ER-LBD,264,253,0.006067890673875809,3
seed_123,NR-ER-LBD,9,254,0.006038718856871128,3
seed_123,NR-ER-LBD,153,255,0.0059908293187618256,2
seed_123,NR-ER-LBD,254,256,0.005860569886863232,2
seed_123,NR-ER-LBD,255,257,0.005767764523625374,2
seed_123,NR-ER-LBD,295,258,0.0057001980021595955,2
seed_123,NR-ER-LBD,38,259,0.00561183225363493,4
seed_123,NR-ER-LBD,201,260,0.005552120041102171,4
seed_123,NR-ER-LBD,87,261,0.005412822589278221,4
seed_123,NR-ER-LBD,185,262,0.005160885397344828,3
seed_123,NR-ER-LBD,289,263,0.005145451053977013,2
seed_123,NR-ER-LBD,152,264,0.005140777677297592,3
seed_123,NR-ER-LBD,50,265,0.005053824279457331,3
seed_123,NR-ER-LBD,241,266,0.00505193741992116,3
seed_123,NR-ER-LBD,95,267,0.00493545550853014,4
seed_123,NR-ER-LBD,116,268,0.00489353621378541,3
seed_123,NR-ER-LBD,244,269,0.004769560415297747,1
seed_123,NR-ER-LBD,178,270,0.004711668007075787,2
seed_123,NR-ER-LBD,261,271,0.004623887594789267,3
seed_123,NR-ER-LBD,216,272,0.004613094963133335,2
seed_123,NR-ER-LBD,259,273,0.004564554896205664,2
seed_123,NR-ER-LBD,82,274,0.00453134486451745,4
seed_123,NR-ER-LBD,273,275,0.004463318269699812,2
seed_123,NR-ER-LBD,164,276,0.004376170225441456,2
seed_123,NR-ER-LBD,97,277,0.00436371611431241,2
seed_123,NR-ER-LBD,150,278,0.004334786906838417,3
seed_123,NR-ER-LBD,188,279,0.0041200220584869385,2
seed_123,NR-ER-LBD,207,280,0.004116169176995754,2
seed_123,NR-ER-LBD,265,281,0.004099707584828138,1
seed_123,NR-ER-LBD,238,282,0.004003061912953854,1
seed_123,NR-ER-LBD,76,283,0.003793042618781328,2
seed_123,NR-ER-LBD,268,284,0.0037772562354803085,4
seed_123,NR-ER-LBD,232,285,0.0036053648218512535,2
seed_123,NR-ER-LBD,157,286,0.0035929400473833084,2
seed_123,NR-ER-LBD,156,287,0.0032664043828845024,2
seed_123,NR-ER-LBD,285,288,0.003242622362449765,1
seed_123,NR-ER-LBD,237,289,0.0028138356283307076,2
seed_123,NR-ER-LBD,284,290,0.0027732462622225285,2
seed_123,NR-ER-LBD,214,291,0.0026500034146010876,2
seed_123,NR-ER-LBD,288,292,0.002578333020210266,2
seed_123,NR-ER-LBD,293,293,0.002226764801889658,3
seed_123,NR-ER-LBD,240,294,0.0021625279914587736,1
seed_123,NR-ER-LBD,243,295,0.0017115356167778373,2
seed_123,NR-ER-LBD,266,296,0.0017102638958021998,1
seed_123,NR-ER-LBD,297,297,0.0013205910800024867,1
seed_123,NR-ER-LBD,278,298,0.001258557545952499,2
seed_123,NR-ER-LBD,253,299,0.0008291538688354194,1
seed_123,SR-ATAD5,168,0,0.03063146583735943,79
seed_123,SR-ATAD5,23,1,0.027385026216506958,30
seed_123,SR-ATAD5,10,2,0.024167979136109352,17
seed_123,SR-ATAD5,63,3,0.023899108171463013,51
seed_123,SR-ATAD5,62,4,0.023610925301909447,24
seed_123,SR-ATAD5,128,5,0.01984674297273159,42
seed_123,SR-ATAD5,121,6,0.018704261630773544,7
seed_123,SR-ATAD5,15,7,0.018673235550522804,26
seed_123,SR-ATAD5,147,8,0.018480852246284485,16
seed_123,SR-ATAD5,33,9,0.01839248090982437,17
seed_123,SR-ATAD5,139,10,0.017828814685344696,12
seed_123,SR-ATAD5,92,11,0.01757596619427204,21
seed_123,SR-ATAD5,81,12,0.017491677775979042,19
seed_123,SR-ATAD5,117,13,0.01710580661892891,7
seed_123,SR-ATAD5,66,14,0.017037639394402504,13
seed_123,SR-ATAD5,51,15,0.017029110342264175,10
seed_123,SR-ATAD5,219,16,0.016738679260015488,16
seed_123,SR-ATAD5,29,17,0.01642897166311741,39
seed_123,SR-ATAD5,57,18,0.01578514464199543,9
seed_123,SR-ATAD5,146,19,0.015706002712249756,5
seed_123,SR-ATAD5,285,20,0.015687866136431694,1
seed_123,SR-ATAD5,22,21,0.015610451810061932,13
seed_123,SR-ATAD5,135,22,0.01559510175138712,9
seed_123,SR-ATAD5,24,23,0.015500825829803944,21
seed_123,SR-ATAD5,0,24,0.015410957857966423,20
seed_123,SR-ATAD5,70,25,0.015334882773458958,27
seed_123,SR-ATAD5,140,26,0.015153196640312672,19
seed_123,SR-ATAD5,108,27,0.015129662118852139,14
seed_123,SR-ATAD5,53,28,0.014998210594058037,6
seed_123,SR-ATAD5,74,29,0.014978540129959583,19
seed_123,SR-ATAD5,7,30,0.014814279042184353,33
seed_123,SR-ATAD5,144,31,0.01470466610044241,7
seed_123,SR-ATAD5,59,32,0.014646603725850582,8
seed_123,SR-ATAD5,84,33,0.014613796025514603,15
seed_123,SR-ATAD5,256,34,0.014578070491552353,2
seed_123,SR-ATAD5,113,35,0.014504970982670784,13
seed_123,SR-ATAD5,31,36,0.014483952894806862,20
seed_123,SR-ATAD5,190,37,0.014202889055013657,13
seed_123,SR-ATAD5,110,38,0.014014234766364098,20
seed_123,SR-ATAD5,181,39,0.01390028279274702,4
seed_123,SR-ATAD5,48,40,0.01370940636843443,7
seed_123,SR-ATAD5,93,41,0.013683132827281952,16
seed_123,SR-ATAD5,112,42,0.013636085204780102,10
seed_123,SR-ATAD5,212,43,0.013514981605112553,7
seed_123,SR-ATAD5,90,44,0.01350101176649332,6
seed_123,SR-ATAD5,126,45,0.013499168679118156,10
seed_123,SR-ATAD5,14,46,0.013415085151791573,5
seed_123,SR-ATAD5,296,47,0.013406088575720787,10
seed_123,SR-ATAD5,196,48,0.013358589261770248,4
seed_123,SR-ATAD5,86,49,0.013212583027780056,9
seed_123,SR-ATAD5,145,50,0.013110432773828506,17
seed_123,SR-ATAD5,46,51,0.012877202592790127,13
seed_123,SR-ATAD5,200,52,0.01281043142080307,8
seed_123,SR-ATAD5,39,53,0.012681323103606701,9
seed_123,SR-ATAD5,4,54,0.012658131308853626,9
seed_123,SR-ATAD5,72,55,0.012564933858811855,15
seed_123,SR-ATAD5,136,56,0.012563196010887623,18
seed_123,SR-ATAD5,287,57,0.012402590364217758,8
seed_123,SR-ATAD5,99,58,0.012384295463562012,7
seed_123,SR-ATAD5,211,59,0.012247368693351746,13
seed_123,SR-ATAD5,27,60,0.012241649441421032,8
seed_123,SR-ATAD5,26,61,0.012219196185469627,4
seed_123,SR-ATAD5,3,62,0.012215809896588326,6
seed_123,SR-ATAD5,268,63,0.012212145142257214,4
seed_123,SR-ATAD5,225,64,0.012097340077161789,6
seed_123,SR-ATAD5,78,65,0.012052513659000397,5
seed_123,SR-ATAD5,227,66,0.011979804374277592,3
seed_123,SR-ATAD5,69,67,0.011960671283304691,8
seed_123,SR-ATAD5,21,68,0.01194637082517147,13
seed_123,SR-ATAD5,42,69,0.011941002681851387,5
seed_123,SR-ATAD5,129,70,0.011937379837036133,9
seed_123,SR-ATAD5,75,71,0.011902032420039177,13
seed_123,SR-ATAD5,245,72,0.011784758418798447,15
seed_123,SR-ATAD5,49,73,0.011682082898914814,17
seed_123,SR-ATAD5,199,74,0.01164783351123333,2
seed_123,SR-ATAD5,30,75,0.011635592207312584,5
seed_123,SR-ATAD5,2,76,0.011608158238232136,14
seed_123,SR-ATAD5,6,77,0.011570282280445099,18
seed_123,SR-ATAD5,263,78,0.011558418162167072,6
seed_123,SR-ATAD5,233,79,0.011556203477084637,6
seed_123,SR-ATAD5,8,80,0.011531062424182892,6
seed_123,SR-ATAD5,103,81,0.011466308496892452,3
seed_123,SR-ATAD5,195,82,0.011432097293436527,11
seed_123,SR-ATAD5,193,83,0.011426006443798542,9
seed_123,SR-ATAD5,209,84,0.011422338895499706,7
seed_123,SR-ATAD5,262,85,0.011364048346877098,3
seed_123,SR-ATAD5,179,86,0.01132921501994133,3
seed_123,SR-ATAD5,169,87,0.011249005794525146,8
seed_123,SR-ATAD5,25,88,0.011183121241629124,8
seed_123,SR-ATAD5,290,89,0.011134350672364235,10
seed_123,SR-ATAD5,204,90,0.011126826517283916,7
seed_123,SR-ATAD5,61,91,0.0110667385160923,6
seed_123,SR-ATAD5,20,92,0.010991236194968224,4
seed_123,SR-ATAD5,83,93,0.010941501706838608,9
seed_123,SR-ATAD5,52,94,0.010870315134525299,16
seed_123,SR-ATAD5,170,95,0.01075757760554552,6
seed_123,SR-ATAD5,183,96,0.010749279521405697,7
seed_123,SR-ATAD5,80,97,0.010724566876888275,8
seed_123,SR-ATAD5,115,98,0.01071098167449236,4
seed_123,SR-ATAD5,32,99,0.010681753046810627,8
seed_123,SR-ATAD5,67,100,0.01060733012855053,16
seed_123,SR-ATAD5,131,101,0.010598856024444103,2
seed_123,SR-ATAD5,167,102,0.010584176518023014,6
seed_123,SR-ATAD5,47,103,0.010482856072485447,4
seed_123,SR-ATAD5,73,104,0.010429427027702332,16
seed_123,SR-ATAD5,243,105,0.010398187674582005,2
seed_123,SR-ATAD5,257,106,0.010373787954449654,8
seed_123,SR-ATAD5,106,107,0.010151347145438194,4
seed_123,SR-ATAD5,40,108,0.01004587672650814,6
seed_123,SR-ATAD5,79,109,0.010036307387053967,9
seed_123,SR-ATAD5,299,110,0.01003406010568142,7
seed_123,SR-ATAD5,109,111,0.010000351816415787,7
seed_123,SR-ATAD5,252,112,0.009866805747151375,4
seed_123,SR-ATAD5,44,113,0.009859878569841385,3
seed_123,SR-ATAD5,96,114,0.009858187288045883,5
seed_123,SR-ATAD5,13,115,0.009818816557526588,6
seed_123,SR-ATAD5,260,116,0.009817173704504967,5
seed_123,SR-ATAD5,298,117,0.009799771942198277,4
seed_123,SR-ATAD5,160,118,0.009703703224658966,11
seed_123,SR-ATAD5,111,119,0.009692179039120674,5
seed_123,SR-ATAD5,116,120,0.00966882798820734,3
seed_123,SR-ATAD5,189,121,0.009549852460622787,9
seed_123,SR-ATAD5,28,122,0.009534083306789398,7
seed_123,SR-ATAD5,114,123,0.009514297358691692,7
seed_123,SR-ATAD5,95,124,0.009440090507268906,4
seed_123,SR-ATAD5,1,125,0.009438585489988327,6
seed_123,SR-ATAD5,17,126,0.009423949755728245,5
seed_123,SR-ATAD5,176,127,0.009383943863213062,5
seed_123,SR-ATAD5,229,128,0.00932733528316021,7
seed_123,SR-ATAD5,38,129,0.009266196750104427,4
seed_123,SR-ATAD5,162,130,0.009264613501727581,3
seed_123,SR-ATAD5,278,131,0.009193088859319687,2
seed_123,SR-ATAD5,148,132,0.009187697432935238,14
seed_123,SR-ATAD5,37,133,0.009154542349278927,7
seed_123,SR-ATAD5,152,134,0.00913226418197155,3
seed_123,SR-ATAD5,54,135,0.00910838320851326,5
seed_123,SR-ATAD5,102,136,0.009079181589186192,6
seed_123,SR-ATAD5,77,137,0.009072310291230679,5
seed_123,SR-ATAD5,132,138,0.008979166857898235,2
seed_123,SR-ATAD5,258,139,0.008854804560542107,3
seed_123,SR-ATAD5,206,140,0.008828086778521538,4
seed_123,SR-ATAD5,210,141,0.008824590593576431,6
seed_123,SR-ATAD5,43,142,0.008770553395152092,9
seed_123,SR-ATAD5,249,143,0.008724802173674107,3
seed_123,SR-ATAD5,45,144,0.008702961727976799,8
seed_123,SR-ATAD5,282,145,0.008700085803866386,3
seed_123,SR-ATAD5,184,146,0.008694883435964584,7
seed_123,SR-ATAD5,124,147,0.008661759085953236,4
seed_123,SR-ATAD5,35,148,0.0086583336815238,4
seed_123,SR-ATAD5,228,149,0.008657773956656456,4
seed_123,SR-ATAD5,9,150,0.008598809130489826,3
seed_123,SR-ATAD5,158,151,0.008444039151072502,3
seed_123,SR-ATAD5,120,152,0.008401765488088131,5
seed_123,SR-ATAD5,36,153,0.008391131646931171,7
seed_123,SR-ATAD5,294,154,0.008313458412885666,2
seed_123,SR-ATAD5,58,155,0.008312217891216278,10
seed_123,SR-ATAD5,127,156,0.008281766436994076,4
seed_123,SR-ATAD5,159,157,0.008215578272938728,2
seed_123,SR-ATAD5,101,158,0.008178038522601128,3
seed_123,SR-ATAD5,166,159,0.008142774924635887,6
seed_123,SR-ATAD5,65,160,0.008041615597903728,3
seed_123,SR-ATAD5,165,161,0.008008811622858047,4
seed_123,SR-ATAD5,173,162,0.007968530990183353,4
seed_123,SR-ATAD5,222,163,0.007950120605528355,4
seed_123,SR-ATAD5,98,164,0.007948582991957664,2
seed_123,SR-ATAD5,64,165,0.007938100956380367,7
seed_123,SR-ATAD5,85,166,0.007929274812340736,3
seed_123,SR-ATAD5,276,167,0.00786685012280941,8
seed_123,SR-ATAD5,223,168,0.007760161999613047,2
seed_123,SR-ATAD5,100,169,0.007734282873570919,3
seed_123,SR-ATAD5,289,170,0.007719362620264292,2
seed_123,SR-ATAD5,5,171,0.0076811788603663445,4
seed_123,SR-ATAD5,220,172,0.007666736841201782,2
seed_123,SR-ATAD5,76,173,0.007619806565344334,2
seed_123,SR-ATAD5,71,174,0.0075914254412055016,11
seed_123,SR-ATAD5,56,175,0.00756697915494442,17
seed_123,SR-ATAD5,55,176,0.007541581988334656,6
seed_123,SR-ATAD5,218,177,0.0075246188789606094,3
seed_123,SR-ATAD5,123,178,0.007516419980674982,11
seed_123,SR-ATAD5,180,179,0.007512503303587437,5
seed_123,SR-ATAD5,122,180,0.007486728951334953,6
seed_123,SR-ATAD5,192,181,0.007479142863303423,3
seed_123,SR-ATAD5,150,182,0.007472827099263668,3
seed_123,SR-ATAD5,11,183,0.0074724783189594746,2
seed_123,SR-ATAD5,107,184,0.007438131608068943,6
seed_123,SR-ATAD5,12,185,0.007422289345413446,6
seed_123,SR-ATAD5,50,186,0.007394976448267698,3
seed_123,SR-ATAD5,274,187,0.007389489095658064,2
seed_123,SR-ATAD5,34,188,0.007358665578067303,5
seed_123,SR-ATAD5,234,189,0.007315398659557104,2
seed_123,SR-ATAD5,201,190,0.007306832820177078,4
seed_123,SR-ATAD5,291,191,0.007294143084436655,2
seed_123,SR-ATAD5,89,192,0.007266867905855179,3
seed_123,SR-ATAD5,293,193,0.007252875715494156,3
seed_123,SR-ATAD5,239,194,0.00724694412201643,3
seed_123,SR-ATAD5,18,195,0.007213822565972805,4
seed_123,SR-ATAD5,177,196,0.007172238081693649,4
seed_123,SR-ATAD5,155,197,0.007070776540786028,3
seed_123,SR-ATAD5,231,198,0.0070116869173944,8
seed_123,SR-ATAD5,203,199,0.00698125408962369,4
seed_123,SR-ATAD5,214,200,0.0069382525980472565,2
seed_123,SR-ATAD5,185,201,0.006935704965144396,3
seed_123,SR-ATAD5,143,202,0.0069142840802669525,5
seed_123,SR-ATAD5,104,203,0.006909855641424656,4
seed_123,SR-ATAD5,88,204,0.006887800060212612,4
seed_123,SR-ATAD5,270,205,0.006880385801196098,4
seed_123,SR-ATAD5,216,206,0.00674799969419837,2
seed_123,SR-ATAD5,153,207,0.006710466463118792,2
seed_123,SR-ATAD5,164,208,0.006627124268561602,2
seed_123,SR-ATAD5,130,209,0.0064565259963274,4
seed_123,SR-ATAD5,87,210,0.006401306949555874,4
seed_123,SR-ATAD5,16,211,0.00632720161229372,4
seed_123,SR-ATAD5,247,212,0.006299062166363001,4
seed_123,SR-ATAD5,208,213,0.0062975711189210415,3
seed_123,SR-ATAD5,161,214,0.0062663359567523,2
seed_123,SR-ATAD5,91,215,0.006240910850465298,6
seed_123,SR-ATAD5,205,216,0.006240446586161852,3
seed_123,SR-ATAD5,244,217,0.006215824745595455,1
seed_123,SR-ATAD5,232,218,0.006215512286871672,2
seed_123,SR-ATAD5,197,219,0.006139259319752455,3
seed_123,SR-ATAD5,241,220,0.006105757784098387,3
seed_123,SR-ATAD5,134,221,0.006085650995373726,3
seed_123,SR-ATAD5,142,222,0.006053215824067593,3
seed_123,SR-ATAD5,217,223,0.006035896949470043,4
seed_123,SR-ATAD5,175,224,0.005958240013569593,9
seed_123,SR-ATAD5,265,225,0.005946418270468712,1
seed_123,SR-ATAD5,19,226,0.005932622589170933,4
seed_123,SR-ATAD5,248,227,0.005835651885718107,2
seed_123,SR-ATAD5,194,228,0.005805692635476589,3
seed_123,SR-ATAD5,273,229,0.00578099163249135,2
seed_123,SR-ATAD5,202,230,0.00573211582377553,3
seed_123,SR-ATAD5,105,231,0.005716454703360796,3
seed_123,SR-ATAD5,253,232,0.0057149319909513,1
seed_123,SR-ATAD5,226,233,0.005696382373571396,2
seed_123,SR-ATAD5,187,234,0.005685979966074228,3
seed_123,SR-ATAD5,60,235,0.005683183670043945,3
seed_123,SR-ATAD5,178,236,0.0056787640787661076,2
seed_123,SR-ATAD5,246,237,0.005595546681433916,3
seed_123,SR-ATAD5,242,238,0.005495039746165276,6
seed_123,SR-ATAD5,279,239,0.005470488220453262,2
seed_123,SR-ATAD5,154,240,0.005460807122290134,5
seed_123,SR-ATAD5,259,241,0.005446762312203646,2
seed_123,SR-ATAD5,261,242,0.005406818352639675,3
seed_123,SR-ATAD5,138,243,0.00537852430716157,3
seed_123,SR-ATAD5,280,244,0.005342442076653242,3
seed_123,SR-ATAD5,237,245,0.0052515557035803795,2
seed_123,SR-ATAD5,213,246,0.005241583567112684,4
seed_123,SR-ATAD5,236,247,0.005041210446506739,3
seed_123,SR-ATAD5,157,248,0.004771532490849495,2
seed_123,SR-ATAD5,221,249,0.004732751287519932,6
seed_123,SR-ATAD5,133,250,0.004593252204358578,6
seed_123,SR-ATAD5,286,251,0.004545423202216625,2
seed_123,SR-ATAD5,172,252,0.004517845809459686,4
seed_123,SR-ATAD5,283,253,0.004404221661388874,2
seed_123,SR-ATAD5,97,254,0.004281971603631973,2
seed_123,SR-ATAD5,186,255,0.00421328516677022,3
seed_123,SR-ATAD5,215,256,0.004210459068417549,4
seed_123,SR-ATAD5,198,257,0.004186729434877634,3
seed_123,SR-ATAD5,68,258,0.004104619845747948,2
seed_123,SR-ATAD5,191,259,0.004094891715794802,2
seed_123,SR-ATAD5,269,260,0.004091739188879728,4
seed_123,SR-ATAD5,255,261,0.004048009868711233,2
seed_123,SR-ATAD5,224,262,0.004004675894975662,2
seed_123,SR-ATAD5,271,263,0.003969873301684856,3
seed_123,SR-ATAD5,188,264,0.003966681659221649,2
seed_123,SR-ATAD5,250,265,0.0038857036270201206,4
seed_123,SR-ATAD5,275,266,0.003613305976614356,2
seed_123,SR-ATAD5,235,267,0.003497134894132614,5
seed_123,SR-ATAD5,292,268,0.0034133524168282747,3
seed_123,SR-ATAD5,297,269,0.003398747416213155,1
seed_123,SR-ATAD5,149,270,0.0033312176819890738,2
seed_123,SR-ATAD5,41,271,0.003243629354983568,2
seed_123,SR-ATAD5,163,272,0.003170901210978627,3
seed_123,SR-ATAD5,182,273,0.003157647792249918,2
seed_123,SR-ATAD5,118,274,0.0030300773214548826,4
seed_123,SR-ATAD5,125,275,0.0030129181686788797,3
seed_123,SR-ATAD5,266,276,0.002946920692920685,1
seed_123,SR-ATAD5,82,277,0.0029130016919225454,4
seed_123,SR-ATAD5,277,278,0.00284607638604939,1
seed_123,SR-ATAD5,230,279,0.00278113572858274,3
seed_123,SR-ATAD5,295,280,0.0027322627138346434,2
seed_123,SR-ATAD5,288,281,0.002662158105522394,2
seed_123,SR-ATAD5,141,282,0.002628572750836611,2
seed_123,SR-ATAD5,174,283,0.002590691903606057,2
seed_123,SR-ATAD5,151,284,0.0025733793154358864,2
seed_123,SR-ATAD5,240,285,0.002517047803848982,1
seed_123,SR-ATAD5,119,286,0.002487909747287631,2
seed_123,SR-ATAD5,207,287,0.0023650084622204304,2
seed_123,SR-ATAD5,254,288,0.0023401277139782906,2
seed_123,SR-ATAD5,156,289,0.0023163356818258762,2
seed_123,SR-ATAD5,251,290,0.0021562157198786736,3
seed_123,SR-ATAD5,137,291,0.002152766566723585,2
seed_123,SR-ATAD5,284,292,0.001981689827516675,2
seed_123,SR-ATAD5,171,293,0.001830248162150383,2
seed_123,SR-ATAD5,272,294,0.0015068654902279377,1
seed_123,SR-ATAD5,264,295,0.0014007060090079904,3
seed_123,SR-ATAD5,267,296,0.0013793298276141286,2
seed_123,SR-ATAD5,281,297,0.0013717530528083444,1
seed_123,SR-ATAD5,94,298,0.0013625012943521142,2
seed_123,SR-ATAD5,238,299,0.0005958147230558097,1
seed_123,SR-p53,168,0,0.08104540407657623,79
seed_123,SR-p53,29,1,0.060879722237586975,39
seed_123,SR-p53,23,2,0.05996732413768768,30
seed_123,SR-p53,63,3,0.055660754442214966,51
seed_123,SR-p53,110,4,0.05014472454786301,20
seed_123,SR-p53,81,5,0.04975583776831627,19
seed_123,SR-p53,31,6,0.04963155835866928,20
seed_123,SR-p53,128,7,0.04928183928132057,42
seed_123,SR-p53,33,8,0.04700683429837227,17
seed_123,SR-p53,190,9,0.0455247201025486,13
seed_123,SR-p53,15,10,0.04535696655511856,26
seed_123,SR-p53,147,11,0.04422255605459213,16
seed_123,SR-p53,211,12,0.04338811710476875,13
seed_123,SR-p53,108,13,0.04319021850824356,14
seed_123,SR-p53,70,14,0.04300941526889801,27
seed_123,SR-p53,10,15,0.042879123240709305,17
seed_123,SR-p53,39,16,0.042713671922683716,9
seed_123,SR-p53,258,17,0.04248315095901489,3
seed_123,SR-p53,32,18,0.04169923812150955,8
seed_123,SR-p53,136,19,0.04106077551841736,18
seed_123,SR-p53,6,20,0.04055292159318924,18
seed_123,SR-p53,52,21,0.040286239236593246,16
seed_123,SR-p53,245,22,0.0397966168820858,15
seed_123,SR-p53,140,23,0.039747174829244614,19
seed_123,SR-p53,104,24,0.039594005793333054,4
seed_123,SR-p53,67,25,0.03868623450398445,16
seed_123,SR-p53,92,26,0.03863181918859482,21
seed_123,SR-p53,7,27,0.038059432059526443,33
seed_123,SR-p53,192,28,0.03767088055610657,3
seed_123,SR-p53,49,29,0.03750156611204147,17
seed_123,SR-p53,148,30,0.03747301176190376,14
seed_123,SR-p53,46,31,0.037027888000011444,13
seed_123,SR-p53,24,32,0.03692929074168205,21
seed_123,SR-p53,0,33,0.03649342060089111,20
seed_123,SR-p53,74,34,0.036329202353954315,19
seed_123,SR-p53,267,35,0.035783007740974426,2
seed_123,SR-p53,93,36,0.035300664603710175,16
seed_123,SR-p53,132,37,0.034535013139247894,2
seed_123,SR-p53,144,38,0.034401725977659225,7
seed_123,SR-p53,80,39,0.0340518020093441,8
seed_123,SR-p53,43,40,0.03400392457842827,9
seed_123,SR-p53,51,41,0.03383643180131912,10
seed_123,SR-p53,217,42,0.03368808701634407,4
seed_123,SR-p53,22,43,0.033053942024707794,13
seed_123,SR-p53,84,44,0.032987080514431,15
seed_123,SR-p53,219,45,0.03297213092446327,16
seed_123,SR-p53,129,46,0.03295644000172615,9
seed_123,SR-p53,62,47,0.03286082670092583,24
seed_123,SR-p53,55,48,0.032850079238414764,6
seed_123,SR-p53,175,49,0.03271234780550003,9
seed_123,SR-p53,86,50,0.032595228403806686,9
seed_123,SR-p53,184,51,0.03216412290930748,7
seed_123,SR-p53,204,52,0.031993139535188675,7
seed_123,SR-p53,121,53,0.0318877212703228,7
seed_123,SR-p53,13,54,0.03162342309951782,6
seed_123,SR-p53,103,55,0.031210431829094887,3
seed_123,SR-p53,282,56,0.03118932992219925,3
seed_123,SR-p53,90,57,0.031019486486911774,6
seed_123,SR-p53,8,58,0.03093739226460457,6
seed_123,SR-p53,36,59,0.030852321535348892,7
seed_123,SR-p53,112,60,0.030836321413517,10
seed_123,SR-p53,83,61,0.0307382270693779,9
seed_123,SR-p53,176,62,0.030728857964277267,5
seed_123,SR-p53,66,63,0.030556652694940567,13
seed_123,SR-p53,57,64,0.030529407784342766,9
seed_123,SR-p53,21,65,0.03052419424057007,13
seed_123,SR-p53,195,66,0.030489614233374596,11
seed_123,SR-p53,117,67,0.030443275347352028,7
seed_123,SR-p53,48,68,0.030380528420209885,7
seed_123,SR-p53,152,69,0.030379604548215866,3
seed_123,SR-p53,189,70,0.03018341399729252,9
seed_123,SR-p53,91,71,0.030115215107798576,6
seed_123,SR-p53,185,72,0.030010711401700974,3
seed_123,SR-p53,229,73,0.029904643073678017,7
seed_123,SR-p53,183,74,0.029708338901400566,7
seed_123,SR-p53,72,75,0.029696181416511536,15
seed_123,SR-p53,167,76,0.0296261478215456,6
seed_123,SR-p53,200,77,0.029395312070846558,8
seed_123,SR-p53,227,78,0.029211923480033875,3
seed_123,SR-p53,123,79,0.029179787263274193,11
seed_123,SR-p53,73,80,0.029077649116516113,16
seed_123,SR-p53,113,81,0.028961656615138054,13
seed_123,SR-p53,4,82,0.028930431231856346,9
seed_123,SR-p53,157,83,0.028897464275360107,2
seed_123,SR-p53,193,84,0.02888886071741581,9
seed_123,SR-p53,75,85,0.028539935126900673,13
seed_123,SR-p53,277,86,0.028436297550797462,1
seed_123,SR-p53,133,87,0.02826976217329502,6
seed_123,SR-p53,61,88,0.028101906180381775,6
seed_123,SR-p53,145,89,0.028032418340444565,17
seed_123,SR-p53,285,90,0.028018087148666382,1
seed_123,SR-p53,155,91,0.02774410881102085,3
seed_123,SR-p53,233,92,0.027687616646289825,6
seed_123,SR-p53,38,93,0.0274937953799963,4
seed_123,SR-p53,56,94,0.027389096096158028,17
seed_123,SR-p53,79,95,0.027309881523251534,9
seed_123,SR-p53,45,96,0.02701527625322342,8
seed_123,SR-p53,64,97,0.02697891741991043,7
seed_123,SR-p53,87,98,0.02674390748143196,4
seed_123,SR-p53,47,99,0.026500631123781204,4
seed_123,SR-p53,163,100,0.026317549869418144,3
seed_123,SR-p53,99,101,0.026278825476765633,7
seed_123,SR-p53,102,102,0.02625322714447975,6
seed_123,SR-p53,170,103,0.026236796751618385,6
seed_123,SR-p53,213,104,0.02620426006615162,4
seed_123,SR-p53,236,105,0.026189396157860756,3
seed_123,SR-p53,131,106,0.026126490905880928,2
seed_123,SR-p53,71,107,0.026125025004148483,11
seed_123,SR-p53,178,108,0.02598051354289055,2
seed_123,SR-p53,2,109,0.02588990144431591,14
seed_123,SR-p53,235,110,0.025864742696285248,5
seed_123,SR-p53,160,111,0.02581430971622467,11
seed_123,SR-p53,42,112,0.02556663192808628,5
seed_123,SR-p53,199,113,0.02550775744020939,2
seed_123,SR-p53,126,114,0.024990586563944817,10
seed_123,SR-p53,82,115,0.02483372390270233,4
seed_123,SR-p53,242,116,0.024742504581809044,6
seed_123,SR-p53,239,117,0.024658432230353355,3
seed_123,SR-p53,202,118,0.02465449459850788,3
seed_123,SR-p53,165,119,0.024487612769007683,4
seed_123,SR-p53,25,120,0.02439846284687519,8
seed_123,SR-p53,156,121,0.024367548525333405,2
seed_123,SR-p53,88,122,0.024131491780281067,4
seed_123,SR-p53,276,123,0.024028481915593147,8
seed_123,SR-p53,169,124,0.023713914677500725,8
seed_123,SR-p53,37,125,0.023637158796191216,7
seed_123,SR-p53,125,126,0.023570256307721138,3
seed_123,SR-p53,210,127,0.02353408932685852,6
seed_123,SR-p53,59,128,0.023515945300459862,8
seed_123,SR-p53,249,129,0.023358730599284172,3
seed_123,SR-p53,143,130,0.023274319246411324,5
seed_123,SR-p53,159,131,0.02326568029820919,2
seed_123,SR-p53,289,132,0.023072004318237305,2
seed_123,SR-p53,138,133,0.022844290360808372,3
seed_123,SR-p53,69,134,0.022693319246172905,8
seed_123,SR-p53,221,135,0.022565247491002083,6
seed_123,SR-p53,26,136,0.02253585495054722,4
seed_123,SR-p53,260,137,0.02247924916446209,5
seed_123,SR-p53,174,138,0.022471917793154716,2
seed_123,SR-p53,252,139,0.022223366424441338,4
seed_123,SR-p53,135,140,0.02215450070798397,9
seed_123,SR-p53,12,141,0.022040823474526405,6
seed_123,SR-p53,177,142,0.02194102108478546,4
seed_123,SR-p53,30,143,0.021899856626987457,5
seed_123,SR-p53,290,144,0.02188330888748169,10
seed_123,SR-p53,197,145,0.021751768887043,3
seed_123,SR-p53,40,146,0.0217292457818985,6
seed_123,SR-p53,198,147,0.021454522386193275,3
seed_123,SR-p53,265,148,0.021241357550024986,1
seed_123,SR-p53,142,149,0.021124176681041718,3
seed_123,SR-p53,296,150,0.02082575112581253,10
seed_123,SR-p53,58,151,0.02065921574831009,10
seed_123,SR-p53,149,152,0.020626889541745186,2
seed_123,SR-p53,17,153,0.02061416395008564,5
seed_123,SR-p53,271,154,0.020494353026151657,3
seed_123,SR-p53,18,155,0.02043825015425682,4
seed_123,SR-p53,180,156,0.020422160625457764,5
seed_123,SR-p53,95,157,0.02035672217607498,4
seed_123,SR-p53,187,158,0.020292537286877632,3
seed_123,SR-p53,269,159,0.020251592621207237,4
seed_123,SR-p53,264,160,0.020176643505692482,3
seed_123,SR-p53,222,161,0.019917447119951248,4
seed_123,SR-p53,116,162,0.019838273525238037,3
seed_123,SR-p53,77,163,0.019789718091487885,5
seed_123,SR-p53,34,164,0.019715063273906708,5
seed_123,SR-p53,120,165,0.019646020606160164,5
seed_123,SR-p53,205,166,0.01951872929930687,3
seed_123,SR-p53,238,167,0.01942196488380432,1
seed_123,SR-p53,212,168,0.019243741407990456,7
seed_123,SR-p53,54,169,0.019219480454921722,5
seed_123,SR-p53,9,170,0.019168203696608543,3
seed_123,SR-p53,291,171,0.018828371539711952,2
seed_123,SR-p53,225,172,0.018821312114596367,6
seed_123,SR-p53,231,173,0.018696695566177368,8
seed_123,SR-p53,100,174,0.018676375970244408,3
seed_123,SR-p53,20,175,0.018502356484532356,4
seed_123,SR-p53,28,176,0.018464194610714912,7
seed_123,SR-p53,243,177,0.0184162650257349,2
seed_123,SR-p53,96,178,0.01838776469230652,5
seed_123,SR-p53,89,179,0.018367789685726166,3
seed_123,SR-p53,14,180,0.01833474263548851,5
seed_123,SR-p53,27,181,0.018280452117323875,8
seed_123,SR-p53,299,182,0.018115319311618805,7
seed_123,SR-p53,68,183,0.017949692904949188,2
seed_123,SR-p53,280,184,0.017914164811372757,3
seed_123,SR-p53,196,185,0.017779720947146416,4
seed_123,SR-p53,263,186,0.01776919700205326,6
seed_123,SR-p53,124,187,0.017619816586375237,4
seed_123,SR-p53,209,188,0.017595019191503525,7
seed_123,SR-p53,218,189,0.017522623762488365,3
seed_123,SR-p53,115,190,0.017436817288398743,4
seed_123,SR-p53,254,191,0.017317749559879303,2
seed_123,SR-p53,298,192,0.01728314533829689,4
seed_123,SR-p53,166,193,0.017257053405046463,6
seed_123,SR-p53,273,194,0.01723569631576538,2
seed_123,SR-p53,97,195,0.017065485939383507,2
seed_123,SR-p53,261,196,0.01657525822520256,3
seed_123,SR-p53,109,197,0.01645592786371708,7
seed_123,SR-p53,256,198,0.01644669659435749,2
seed_123,SR-p53,181,199,0.016407985240221024,4
seed_123,SR-p53,272,200,0.01629609800875187,1
seed_123,SR-p53,284,201,0.016059594228863716,2
seed_123,SR-p53,274,202,0.016007227823138237,2
seed_123,SR-p53,60,203,0.015866126865148544,3
seed_123,SR-p53,139,204,0.015773147344589233,12
seed_123,SR-p53,162,205,0.015764085575938225,3
seed_123,SR-p53,35,206,0.015761133283376694,4
seed_123,SR-p53,146,207,0.01573988050222397,5
seed_123,SR-p53,127,208,0.015736473724246025,4
seed_123,SR-p53,241,209,0.01568799652159214,3
seed_123,SR-p53,206,210,0.01561914011836052,4
seed_123,SR-p53,188,211,0.015475671738386154,2
seed_123,SR-p53,230,212,0.015416095964610577,3
seed_123,SR-p53,270,213,0.01541442982852459,4
seed_123,SR-p53,130,214,0.015287484042346478,4
seed_123,SR-p53,173,215,0.015180918388068676,4
seed_123,SR-p53,228,216,0.015158170834183693,4
seed_123,SR-p53,215,217,0.0151338130235672,4
seed_123,SR-p53,172,218,0.015016471035778522,4
seed_123,SR-p53,226,219,0.014881517738103867,2
seed_123,SR-p53,44,220,0.014846483245491982,3
seed_123,SR-p53,114,221,0.01479913480579853,7
seed_123,SR-p53,111,222,0.014772904105484486,5
seed_123,SR-p53,240,223,0.01440972089767456,1
seed_123,SR-p53,107,224,0.01436748169362545,6
seed_123,SR-p53,1,225,0.014301180839538574,6
seed_123,SR-p53,203,226,0.01425966713577509,4
seed_123,SR-p53,118,227,0.014251955784857273,4
seed_123,SR-p53,216,228,0.013857768848538399,2
seed_123,SR-p53,106,229,0.013032298535108566,4
seed_123,SR-p53,5,230,0.012783002108335495,4
seed_123,SR-p53,122,231,0.012727491557598114,6
seed_123,SR-p53,297,232,0.012719864957034588,1
seed_123,SR-p53,237,233,0.012630392797291279,2
seed_123,SR-p53,3,234,0.012619977816939354,6
seed_123,SR-p53,234,235,0.012432461604475975,2
seed_123,SR-p53,253,236,0.01229982078075409,1
seed_123,SR-p53,158,237,0.01229394692927599,3
seed_123,SR-p53,224,238,0.012206575833261013,2
seed_123,SR-p53,220,239,0.012106621637940407,2
seed_123,SR-p53,250,240,0.012087471783161163,4
seed_123,SR-p53,141,241,0.011925620958209038,2
seed_123,SR-p53,137,242,0.011880447156727314,2
seed_123,SR-p53,247,243,0.01177975907921791,4
seed_123,SR-p53,278,244,0.011718072928488255,2
seed_123,SR-p53,154,245,0.0115763945505023,5
seed_123,SR-p53,85,246,0.011518747545778751,3
seed_123,SR-p53,287,247,0.011470849625766277,8
seed_123,SR-p53,283,248,0.011165563948452473,2
seed_123,SR-p53,179,249,0.01113036647439003,3
seed_123,SR-p53,201,250,0.011060342192649841,4
seed_123,SR-p53,94,251,0.010979190468788147,2
seed_123,SR-p53,150,252,0.01089266873896122,3
seed_123,SR-p53,50,253,0.010850442573428154,3
seed_123,SR-p53,191,254,0.010450146161019802,2
seed_123,SR-p53,255,255,0.010435277596116066,2
seed_123,SR-p53,257,256,0.010306796990334988,8
seed_123,SR-p53,53,257,0.010190818458795547,6
seed_123,SR-p53,268,258,0.009823218919336796,4
seed_123,SR-p53,19,259,0.009821915067732334,4
seed_123,SR-p53,246,260,0.009814535267651081,3
seed_123,SR-p53,292,261,0.009767473675310612,3
seed_123,SR-p53,164,262,0.009741428308188915,2
seed_123,SR-p53,251,263,0.009559260681271553,3
seed_123,SR-p53,262,264,0.009477389976382256,3
seed_123,SR-p53,223,265,0.009395718574523926,2
seed_123,SR-p53,295,266,0.009097711183130741,2
seed_123,SR-p53,279,267,0.009068017825484276,2
seed_123,SR-p53,119,268,0.008625976741313934,2
seed_123,SR-p53,105,269,0.008559281006455421,3
seed_123,SR-p53,214,270,0.008396957069635391,2
seed_123,SR-p53,171,271,0.008252306841313839,2
seed_123,SR-p53,16,272,0.008097267709672451,4
seed_123,SR-p53,151,273,0.008067398332059383,2
seed_123,SR-p53,186,274,0.007832875475287437,3
seed_123,SR-p53,11,275,0.007561067584902048,2
seed_123,SR-p53,286,276,0.007560516241937876,2
seed_123,SR-p53,293,277,0.007548086810857058,3
seed_123,SR-p53,232,278,0.007293077651411295,2
seed_123,SR-p53,101,279,0.007263132371008396,3
seed_123,SR-p53,281,280,0.007221074774861336,1
seed_123,SR-p53,41,281,0.007219207473099232,2
seed_123,SR-p53,78,282,0.007070338353514671,5
seed_123,SR-p53,182,283,0.006729770451784134,2
seed_123,SR-p53,288,284,0.0067123062908649445,2
seed_123,SR-p53,266,285,0.006617735605686903,1
seed_123,SR-p53,208,286,0.006596376188099384,3
seed_123,SR-p53,153,287,0.006591347511857748,2
seed_123,SR-p53,275,288,0.006456667557358742,2
seed_123,SR-p53,98,289,0.006331710610538721,2
seed_123,SR-p53,294,290,0.006287020165473223,2
seed_123,SR-p53,194,291,0.005991294514387846,3
seed_123,SR-p53,65,292,0.005846227053552866,3
seed_123,SR-p53,161,293,0.005800704937428236,2
seed_123,SR-p53,244,294,0.005437115672975779,1
seed_123,SR-p53,134,295,0.005257440265268087,3
seed_123,SR-p53,248,296,0.004419007804244757,2
seed_123,SR-p53,76,297,0.004073861986398697,2
seed_123,SR-p53,259,298,0.003356542671099305,2
seed_123,SR-p53,207,299,0.0031173094175755978,2
seed_124,NR-AR,63,0,0.1678430587053299,51
seed_124,NR-AR,168,1,0.15705320239067078,79
seed_124,NR-AR,23,2,0.15571434795856476,30
seed_124,NR-AR,128,3,0.13976550102233887,42
seed_124,NR-AR,7,4,0.1234455555677414,33
seed_124,NR-AR,70,5,0.12321130931377411,27
seed_124,NR-AR,33,6,0.12296387553215027,17
seed_124,NR-AR,49,7,0.12182579189538956,17
seed_124,NR-AR,15,8,0.1198074147105217,26
seed_124,NR-AR,110,9,0.11666906625032425,20
seed_124,NR-AR,29,10,0.11644050478935242,39
seed_124,NR-AR,62,11,0.11527498811483383,24
seed_124,NR-AR,31,12,0.11491148918867111,20
seed_124,NR-AR,66,13,0.11261824518442154,13
seed_124,NR-AR,140,14,0.10386428982019424,19
seed_124,NR-AR,81,15,0.10321389138698578,19
seed_124,NR-AR,113,16,0.10311712324619293,13
seed_124,NR-AR,136,17,0.09944141656160355,18
seed_124,NR-AR,133,18,0.09878509491682053,6
seed_124,NR-AR,92,19,0.09825404733419418,21
seed_124,NR-AR,160,20,0.0966479629278183,11
seed_124,NR-AR,2,21,0.09650290757417679,14
seed_124,NR-AR,296,22,0.09522315114736557,10
seed_124,NR-AR,6,23,0.09448729455471039,18
seed_124,NR-AR,74,24,0.09433475136756897,19
seed_124,NR-AR,200,25,0.09315216541290283,8
seed_124,NR-AR,221,26,0.092839814722538,6
seed_124,NR-AR,289,27,0.09281041473150253,2
seed_124,NR-AR,198,28,0.09234018623828888,3
seed_124,NR-AR,245,29,0.09200741350650787,15
seed_124,NR-AR,27,30,0.09166431427001953,8
seed_124,NR-AR,21,31,0.09116477519273758,13
seed_124,NR-AR,10,32,0.08764101564884186,17
seed_124,NR-AR,67,33,0.08762183785438538,16
seed_124,NR-AR,275,34,0.0872080847620964,2
seed_124,NR-AR,145,35,0.08702529966831207,17
seed_124,NR-AR,229,36,0.0870022252202034,7
seed_124,NR-AR,51,37,0.08687029778957367,10
seed_124,NR-AR,24,38,0.0865699052810669,21
seed_124,NR-AR,189,39,0.086222805082798,9
seed_124,NR-AR,57,40,0.08608201891183853,9
seed_124,NR-AR,93,41,0.08570307493209839,16
seed_124,NR-AR,108,42,0.08525612205266953,14
seed_124,NR-AR,71,43,0.08482972532510757,11
seed_124,NR-AR,166,44,0.08407516032457352,6
seed_124,NR-AR,82,45,0.08401494473218918,4
seed_124,NR-AR,0,46,0.08372248709201813,20
seed_124,NR-AR,194,47,0.08369613438844681,3
seed_124,NR-AR,88,48,0.08354336023330688,4
seed_124,NR-AR,73,49,0.08227665722370148,16
seed_124,NR-AR,264,50,0.08198538422584534,3
seed_124,NR-AR,207,51,0.08196515589952469,2
seed_124,NR-AR,46,52,0.0816836804151535,13
seed_124,NR-AR,190,53,0.08161019533872604,13
seed_124,NR-AR,147,54,0.08113107085227966,16
seed_124,NR-AR,211,55,0.0811050534248352,13
seed_124,NR-AR,273,56,0.08074493706226349,2
seed_124,NR-AR,271,57,0.08012587577104568,3
seed_124,NR-AR,53,58,0.07993163168430328,6
seed_124,NR-AR,126,59,0.0798192024230957,10
seed_124,NR-AR,86,60,0.07902918010950089,9
seed_124,NR-AR,72,61,0.07899159938097,15
seed_124,NR-AR,257,62,0.07795310765504837,8
seed_124,NR-AR,235,63,0.07775576412677765,5
seed_124,NR-AR,139,64,0.0772402212023735,12
seed_124,NR-AR,213,65,0.07721303403377533,4
seed_124,NR-AR,78,66,0.07714789360761642,5
seed_124,NR-AR,184,67,0.07622602581977844,7
seed_124,NR-AR,4,68,0.07521822303533554,9
seed_124,NR-AR,59,69,0.07510247081518173,8
seed_124,NR-AR,163,70,0.07417678833007812,3
seed_124,NR-AR,138,71,0.07416541129350662,3
seed_124,NR-AR,1,72,0.07406280189752579,6
seed_124,NR-AR,267,73,0.07390376180410385,2
seed_124,NR-AR,179,74,0.07339043915271759,3
seed_124,NR-AR,75,75,0.07320066541433334,13
seed_124,NR-AR,144,76,0.0729665458202362,7
seed_124,NR-AR,219,77,0.07241210341453552,16
seed_124,NR-AR,96,78,0.07234302908182144,5
seed_124,NR-AR,18,79,0.07218746840953827,4
seed_124,NR-AR,148,80,0.07186248898506165,14
seed_124,NR-AR,56,81,0.07181300967931747,17
seed_124,NR-AR,169,82,0.07177796959877014,8
seed_124,NR-AR,69,83,0.07158195227384567,8
seed_124,NR-AR,104,84,0.07126787304878235,4
seed_124,NR-AR,79,85,0.07107187807559967,9
seed_124,NR-AR,129,86,0.07076369971036911,9
seed_124,NR-AR,279,87,0.07071033865213394,2
seed_124,NR-AR,215,88,0.07056783139705658,4
seed_124,NR-AR,134,89,0.07018434256315231,3
seed_124,NR-AR,84,90,0.07005998492240906,15
seed_124,NR-AR,40,91,0.0688985213637352,6
seed_124,NR-AR,241,92,0.06856215745210648,3
seed_124,NR-AR,193,93,0.06852181255817413,9
seed_124,NR-AR,25,94,0.0683603435754776,8
seed_124,NR-AR,231,95,0.06745672971010208,8
seed_124,NR-AR,98,96,0.06744033843278885,2
seed_124,NR-AR,123,97,0.0671360120177269,11
seed_124,NR-AR,249,98,0.0666467472910881,3
seed_124,NR-AR,206,99,0.06635734438896179,4
seed_124,NR-AR,122,100,0.06622976064682007,6
seed_124,NR-AR,32,101,0.06604495644569397,8
seed_124,NR-AR,52,102,0.0656050518155098,16
seed_124,NR-AR,95,103,0.06526317447423935,4
seed_124,NR-AR,30,104,0.06523675471544266,5
seed_124,NR-AR,268,105,0.06487342715263367,4
seed_124,NR-AR,22,106,0.06410340219736099,13
seed_124,NR-AR,43,107,0.06403245776891708,9
seed_124,NR-AR,261,108,0.0637257918715477,3
seed_124,NR-AR,121,109,0.06337186694145203,7
seed_124,NR-AR,36,110,0.06328261643648148,7
seed_124,NR-AR,64,111,0.063259057700634,7
seed_124,NR-AR,187,112,0.062386028468608856,3
seed_124,NR-AR,107,113,0.06221906095743179,6
seed_124,NR-AR,172,114,0.0617951899766922,4
seed_124,NR-AR,175,115,0.06124841049313545,9
seed_124,NR-AR,287,116,0.06071911379694939,8
seed_124,NR-AR,17,117,0.06013935059309006,5
seed_124,NR-AR,157,118,0.05975881963968277,2
seed_124,NR-AR,26,119,0.059623703360557556,4
seed_124,NR-AR,54,120,0.05957354977726936,5
seed_124,NR-AR,48,121,0.05950167775154114,7
seed_124,NR-AR,238,122,0.059135958552360535,1
seed_124,NR-AR,276,123,0.0589141808450222,8
seed_124,NR-AR,117,124,0.05852268263697624,7
seed_124,NR-AR,269,125,0.05820358544588089,4
seed_124,NR-AR,210,126,0.05811222270131111,6
seed_124,NR-AR,91,127,0.05795653164386749,6
seed_124,NR-AR,127,128,0.05795074254274368,4
seed_124,NR-AR,90,129,0.057614583522081375,6
seed_124,NR-AR,142,130,0.05751602351665497,3
seed_124,NR-AR,99,131,0.05748390778899193,7
seed_124,NR-AR,13,132,0.056450385600328445,6
seed_124,NR-AR,60,133,0.056323468685150146,3
seed_124,NR-AR,8,134,0.056069500744342804,6
seed_124,NR-AR,192,135,0.05564529076218605,3
seed_124,NR-AR,173,136,0.055303268134593964,4
seed_124,NR-AR,135,137,0.05529716983437538,9
seed_124,NR-AR,212,138,0.05527082085609436,7
seed_124,NR-AR,28,139,0.05526438727974892,7
seed_124,NR-AR,177,140,0.05510663986206055,4
seed_124,NR-AR,3,141,0.05501718074083328,6
seed_124,NR-AR,20,142,0.054999228566884995,4
seed_124,NR-AR,204,143,0.0546596497297287,7
seed_124,NR-AR,132,144,0.05462118238210678,2
seed_124,NR-AR,290,145,0.05457131937146187,10
seed_124,NR-AR,233,146,0.05454238876700401,6
seed_124,NR-AR,83,147,0.054467152804136276,9
seed_124,NR-AR,11,148,0.05357736721634865,2
seed_124,NR-AR,201,149,0.05307653546333313,4
seed_124,NR-AR,252,150,0.052798498421907425,4
seed_124,NR-AR,185,151,0.0526667945086956,3
seed_124,NR-AR,224,152,0.052638210356235504,2
seed_124,NR-AR,243,153,0.052576854825019836,2
seed_124,NR-AR,61,154,0.05231568589806557,6
seed_124,NR-AR,222,155,0.05228622257709503,4
seed_124,NR-AR,227,156,0.05190858244895935,3
seed_124,NR-AR,55,157,0.05131697282195091,6
seed_124,NR-AR,146,158,0.051112692803144455,5
seed_124,NR-AR,130,159,0.05096587538719177,4
seed_124,NR-AR,37,160,0.05077380686998367,7
seed_124,NR-AR,281,161,0.050438374280929565,1
seed_124,NR-AR,228,162,0.050352975726127625,4
seed_124,NR-AR,297,163,0.050238236784935,1
seed_124,NR-AR,80,164,0.049935732036828995,8
seed_124,NR-AR,265,165,0.049510419368743896,1
seed_124,NR-AR,246,166,0.049270372837781906,3
seed_124,NR-AR,103,167,0.048725780099630356,3
seed_124,NR-AR,259,168,0.04869676008820534,2
seed_124,NR-AR,50,169,0.04848606139421463,3
seed_124,NR-AR,102,170,0.04833223298192024,6
seed_124,NR-AR,19,171,0.04825970157980919,4
seed_124,NR-AR,87,172,0.04810949042439461,4
seed_124,NR-AR,284,173,0.04787897318601608,2
seed_124,NR-AR,47,174,0.0477631650865078,4
seed_124,NR-AR,150,175,0.04752495139837265,3
seed_124,NR-AR,203,176,0.04723702743649483,4
seed_124,NR-AR,218,177,0.04710769280791283,3
seed_124,NR-AR,105,178,0.04681893438100815,3
seed_124,NR-AR,68,179,0.046175096184015274,2
seed_124,NR-AR,109,180,0.04583723843097687,7
seed_124,NR-AR,253,181,0.0457654632627964,1
seed_124,NR-AR,35,182,0.04574069753289223,4
seed_124,NR-AR,195,183,0.04568454995751381,11
seed_124,NR-AR,208,184,0.04546184837818146,3
seed_124,NR-AR,12,185,0.045195914804935455,6
seed_124,NR-AR,247,186,0.04514472186565399,4
seed_124,NR-AR,45,187,0.04514137655496597,8
seed_124,NR-AR,165,188,0.045084793120622635,4
seed_124,NR-AR,223,189,0.04501520097255707,2
seed_124,NR-AR,125,190,0.04459192231297493,3
seed_124,NR-AR,214,191,0.0443977415561676,2
seed_124,NR-AR,209,192,0.04422808438539505,7
seed_124,NR-AR,248,193,0.04421165958046913,2
seed_124,NR-AR,280,194,0.04412270337343216,3
seed_124,NR-AR,156,195,0.04381107911467552,2
seed_124,NR-AR,220,196,0.043802984058856964,2
seed_124,NR-AR,112,197,0.04379769787192345,10
seed_124,NR-AR,118,198,0.043780986219644547,4
seed_124,NR-AR,65,199,0.0437508299946785,3
seed_124,NR-AR,251,200,0.04351723939180374,3
seed_124,NR-AR,230,201,0.043424736708402634,3
seed_124,NR-AR,42,202,0.04315011948347092,5
seed_124,NR-AR,197,203,0.043088868260383606,3
seed_124,NR-AR,256,204,0.042939022183418274,2
seed_124,NR-AR,39,205,0.04271076247096062,9
seed_124,NR-AR,141,206,0.04267466813325882,2
seed_124,NR-AR,167,207,0.04256759583950043,6
seed_124,NR-AR,151,208,0.04206540808081627,2
seed_124,NR-AR,38,209,0.04166948050260544,4
seed_124,NR-AR,111,210,0.04105624556541443,5
seed_124,NR-AR,239,211,0.04098191112279892,3
seed_124,NR-AR,34,212,0.04027378186583519,5
seed_124,NR-AR,149,213,0.04020370543003082,2
seed_124,NR-AR,116,214,0.040025658905506134,3
seed_124,NR-AR,232,215,0.040024854242801666,2
seed_124,NR-AR,106,216,0.039569608867168427,4
seed_124,NR-AR,225,217,0.03955288603901863,6
seed_124,NR-AR,263,218,0.039233505725860596,6
seed_124,NR-AR,137,219,0.03846445307135582,2
seed_124,NR-AR,234,220,0.0384567566215992,2
seed_124,NR-AR,236,221,0.03826165199279785,3
seed_124,NR-AR,282,222,0.03814751282334328,3
seed_124,NR-AR,255,223,0.03806829825043678,2
seed_124,NR-AR,178,224,0.03773302957415581,2
seed_124,NR-AR,244,225,0.037529196590185165,1
seed_124,NR-AR,183,226,0.037522777915000916,7
seed_124,NR-AR,44,227,0.037459347397089005,3
seed_124,NR-AR,295,228,0.03738309442996979,2
seed_124,NR-AR,77,229,0.03709138184785843,5
seed_124,NR-AR,278,230,0.03706496208906174,2
seed_124,NR-AR,258,231,0.036893874406814575,3
seed_124,NR-AR,205,232,0.03646903857588768,3
seed_124,NR-AR,181,233,0.03630055487155914,4
seed_124,NR-AR,114,234,0.03581380844116211,7
seed_124,NR-AR,293,235,0.035693712532520294,3
seed_124,NR-AR,14,236,0.03568492829799652,5
seed_124,NR-AR,115,237,0.03556452691555023,4
seed_124,NR-AR,174,238,0.03519599139690399,2
seed_124,NR-AR,124,239,0.035115331411361694,4
seed_124,NR-AR,158,240,0.03472037613391876,3
seed_124,NR-AR,58,241,0.034677594900131226,10
seed_124,NR-AR,120,242,0.03351873531937599,5
seed_124,NR-AR,131,243,0.033494021743535995,2
seed_124,NR-AR,191,244,0.03325631842017174,2
seed_124,NR-AR,202,245,0.03315982595086098,3
seed_124,NR-AR,299,246,0.032484494149684906,7
seed_124,NR-AR,155,247,0.032283905893564224,3
seed_124,NR-AR,216,248,0.0322149321436882,2
seed_124,NR-AR,76,249,0.031812671571969986,2
seed_124,NR-AR,298,250,0.031484827399253845,4
seed_124,NR-AR,242,251,0.030972475185990334,6
seed_124,NR-AR,294,252,0.03070015460252762,2
seed_124,NR-AR,217,253,0.030386412516236305,4
seed_124,NR-AR,161,254,0.03028513863682747,2
seed_124,NR-AR,154,255,0.030164051800966263,5
seed_124,NR-AR,250,256,0.029933687299489975,4
seed_124,NR-AR,283,257,0.029871871694922447,2
seed_124,NR-AR,16,258,0.029797721654176712,4
seed_124,NR-AR,180,259,0.02863362245261669,5
seed_124,NR-AR,89,260,0.028501778841018677,3
seed_124,NR-AR,5,261,0.02816765010356903,4
seed_124,NR-AR,237,262,0.02766798436641693,2
seed_124,NR-AR,288,263,0.02757037617266178,2
seed_124,NR-AR,196,264,0.02727368101477623,4
seed_124,NR-AR,152,265,0.025915296748280525,3
seed_124,NR-AR,262,266,0.025866053998470306,3
seed_124,NR-AR,272,267,0.02582705020904541,1
seed_124,NR-AR,270,268,0.025822386145591736,4
seed_124,NR-AR,286,269,0.025714211165905,2
seed_124,NR-AR,162,270,0.024881429970264435,3
seed_124,NR-AR,260,271,0.024823876097798347,5
seed_124,NR-AR,85,272,0.023872701451182365,3
seed_124,NR-AR,254,273,0.023487607017159462,2
seed_124,NR-AR,171,274,0.02342420071363449,2
seed_124,NR-AR,240,275,0.02329704724252224,1
seed_124,NR-AR,41,276,0.023159338161349297,2
seed_124,NR-AR,274,277,0.02304265648126602,2
seed_124,NR-AR,170,278,0.022923026233911514,6
seed_124,NR-AR,277,279,0.02161554805934429,1
seed_124,NR-AR,97,280,0.021504821255803108,2
seed_124,NR-AR,292,281,0.021159308031201363,3
seed_124,NR-AR,101,282,0.020823413506150246,3
seed_124,NR-AR,100,283,0.02059483900666237,3
seed_124,NR-AR,143,284,0.020433278754353523,5
seed_124,NR-AR,291,285,0.02034781314432621,2
seed_124,NR-AR,176,286,0.01986851915717125,5
seed_124,NR-AR,226,287,0.01734171062707901,2
seed_124,NR-AR,188,288,0.016819940879940987,2
seed_124,NR-AR,119,289,0.01645100861787796,2
seed_124,NR-AR,9,290,0.014607379212975502,3
seed_124,NR-AR,266,291,0.013656072318553925,1
seed_124,NR-AR,186,292,0.013491938821971416,3
seed_124,NR-AR,164,293,0.011329425498843193,2
seed_124,NR-AR,153,294,0.010692673735320568,2
seed_124,NR-AR,182,295,0.01035218220204115,2
seed_124,NR-AR,199,296,0.009505195543169975,2
seed_124,NR-AR,159,297,0.008872727863490582,2
seed_124,NR-AR,94,298,0.008791208267211914,2
seed_124,NR-AR,285,299,0.002863112837076187,1
seed_124,NR-Aromatase,168,0,0.028571393340826035,79
seed_124,NR-Aromatase,23,1,0.021997997537255287,30
seed_124,NR-Aromatase,29,2,0.021681183949112892,39
seed_124,NR-Aromatase,128,3,0.020084073767066002,42
seed_124,NR-Aromatase,63,4,0.01999819278717041,51
seed_124,NR-Aromatase,245,5,0.01654133014380932,15
seed_124,NR-Aromatase,219,6,0.0164443738758564,16
seed_124,NR-Aromatase,33,7,0.0163996834307909,17
seed_124,NR-Aromatase,6,8,0.016382135450839996,18
seed_124,NR-Aromatase,7,9,0.01624278537929058,33
seed_124,NR-Aromatase,15,10,0.015901299193501472,26
seed_124,NR-Aromatase,290,11,0.015549222007393837,10
seed_124,NR-Aromatase,129,12,0.015378710813820362,9
seed_124,NR-Aromatase,169,13,0.015272880904376507,8
seed_124,NR-Aromatase,0,14,0.0152041120454669,20
seed_124,NR-Aromatase,75,15,0.01466995570808649,13
seed_124,NR-Aromatase,92,16,0.014641440473496914,21
seed_124,NR-Aromatase,86,17,0.014502172358334064,9
seed_124,NR-Aromatase,62,18,0.013531791046261787,24
seed_124,NR-Aromatase,166,19,0.013393095694482327,6
seed_124,NR-Aromatase,84,20,0.013264035806059837,15
seed_124,NR-Aromatase,46,21,0.01316909585148096,13
seed_124,NR-Aromatase,49,22,0.013152573257684708,17
seed_124,NR-Aromatase,287,23,0.013065541163086891,8
seed_124,NR-Aromatase,147,24,0.013020571321249008,16
seed_124,NR-Aromatase,10,25,0.013017893768846989,17
seed_124,NR-Aromatase,110,26,0.01301729679107666,20
seed_124,NR-Aromatase,18,27,0.012961264699697495,4
seed_124,NR-Aromatase,209,28,0.012949470430612564,7
seed_124,NR-Aromatase,70,29,0.012912547215819359,27
seed_124,NR-Aromatase,52,30,0.01275714859366417,16
seed_124,NR-Aromatase,81,31,0.012696641497313976,19
seed_124,NR-Aromatase,125,32,0.012675700709223747,3
seed_124,NR-Aromatase,140,33,0.012660891748964787,19
seed_124,NR-Aromatase,31,34,0.012505603022873402,20
seed_124,NR-Aromatase,87,35,0.012477844953536987,4
seed_124,NR-Aromatase,148,36,0.012428645975887775,14
seed_124,NR-Aromatase,212,37,0.012268099933862686,7
seed_124,NR-Aromatase,258,38,0.012238703668117523,3
seed_124,NR-Aromatase,14,39,0.012228883802890778,5
seed_124,NR-Aromatase,213,40,0.012180723249912262,4
seed_124,NR-Aromatase,24,41,0.012161369435489178,21
seed_124,NR-Aromatase,193,42,0.012147732079029083,9
seed_124,NR-Aromatase,37,43,0.012134723365306854,7
seed_124,NR-Aromatase,192,44,0.012134023942053318,3
seed_124,NR-Aromatase,102,45,0.011948591098189354,6
seed_124,NR-Aromatase,108,46,0.011809224262833595,14
seed_124,NR-Aromatase,205,47,0.011660335585474968,3
seed_124,NR-Aromatase,5,48,0.011650117114186287,4
seed_124,NR-Aromatase,74,49,0.01149783656001091,19
seed_124,NR-Aromatase,123,50,0.011440779082477093,11
seed_124,NR-Aromatase,177,51,0.011371408589184284,4
seed_124,NR-Aromatase,43,52,0.011332030408084393,9
seed_124,NR-Aromatase,190,53,0.011298231780529022,13
seed_124,NR-Aromatase,90,54,0.011220751330256462,6
seed_124,NR-Aromatase,71,55,0.011170074343681335,11
seed_124,NR-Aromatase,22,56,0.01112441811710596,13
seed_124,NR-Aromatase,79,57,0.011041597463190556,9
seed_124,NR-Aromatase,66,58,0.01103728637099266,13
seed_124,NR-Aromatase,21,59,0.011027902364730835,13
seed_124,NR-Aromatase,113,60,0.010946637950837612,13
seed_124,NR-Aromatase,51,61,0.010908948257565498,10
seed_124,NR-Aromatase,121,62,0.010880045592784882,7
seed_124,NR-Aromatase,189,63,0.010873769409954548,9
seed_124,NR-Aromatase,276,64,0.010828631930053234,8
seed_124,NR-Aromatase,289,65,0.010788132436573505,2
seed_124,NR-Aromatase,143,66,0.01075967587530613,5
seed_124,NR-Aromatase,278,67,0.010708596557378769,2
seed_124,NR-Aromatase,2,68,0.010615665465593338,14
seed_124,NR-Aromatase,89,69,0.010602099820971489,3
seed_124,NR-Aromatase,4,70,0.010590475983917713,9
seed_124,NR-Aromatase,104,71,0.01050176564604044,4
seed_124,NR-Aromatase,67,72,0.01049768179655075,16
seed_124,NR-Aromatase,139,73,0.010280981659889221,12
seed_124,NR-Aromatase,56,74,0.010062147863209248,17
seed_124,NR-Aromatase,57,75,0.010039621032774448,9
seed_124,NR-Aromatase,136,76,0.010007408447563648,18
seed_124,NR-Aromatase,95,77,0.009985987097024918,4
seed_124,NR-Aromatase,93,78,0.00997873768210411,16
seed_124,NR-Aromatase,115,79,0.009944984689354897,4
seed_124,NR-Aromatase,28,80,0.009913329035043716,7
seed_124,NR-Aromatase,48,81,0.009832274168729782,7
seed_124,NR-Aromatase,145,82,0.009636912494897842,17
seed_124,NR-Aromatase,126,83,0.009619396179914474,10
seed_124,NR-Aromatase,295,84,0.009599779732525349,2
seed_124,NR-Aromatase,160,85,0.00958254560828209,11
seed_124,NR-Aromatase,13,86,0.009570131078362465,6
seed_124,NR-Aromatase,211,87,0.009475438855588436,13
seed_124,NR-Aromatase,72,88,0.009440213441848755,15
seed_124,NR-Aromatase,260,89,0.009306530468165874,5
seed_124,NR-Aromatase,146,90,0.0092997457832098,5
seed_124,NR-Aromatase,135,91,0.009293762035667896,9
seed_124,NR-Aromatase,275,92,0.009225636720657349,2
seed_124,NR-Aromatase,77,93,0.009200140833854675,5
seed_124,NR-Aromatase,16,94,0.009179593995213509,4
seed_124,NR-Aromatase,280,95,0.0091795539483428,3
seed_124,NR-Aromatase,96,96,0.009164725430309772,5
seed_124,NR-Aromatase,266,97,0.009135928936302662,1
seed_124,NR-Aromatase,267,98,0.009069305844604969,2
seed_124,NR-Aromatase,69,99,0.009031737223267555,8
seed_124,NR-Aromatase,195,100,0.008993856608867645,11
seed_124,NR-Aromatase,27,101,0.00891923625022173,8
seed_124,NR-Aromatase,239,102,0.008915804326534271,3
seed_124,NR-Aromatase,130,103,0.00890575721859932,4
seed_124,NR-Aromatase,42,104,0.00889833364635706,5
seed_124,NR-Aromatase,270,105,0.008881490677595139,4
seed_124,NR-Aromatase,120,106,0.008847552351653576,5
seed_124,NR-Aromatase,159,107,0.00873236171901226,2
seed_124,NR-Aromatase,100,108,0.008730055764317513,3
seed_124,NR-Aromatase,251,109,0.008621972054243088,3
seed_124,NR-Aromatase,197,110,0.008575606159865856,3
seed_124,NR-Aromatase,235,111,0.008566580712795258,5
seed_124,NR-Aromatase,263,112,0.008558784611523151,6
seed_124,NR-Aromatase,45,113,0.008545788936316967,8
seed_124,NR-Aromatase,200,114,0.008475358597934246,8
seed_124,NR-Aromatase,3,115,0.008332820609211922,6
seed_124,NR-Aromatase,222,116,0.008101903833448887,4
seed_124,NR-Aromatase,237,117,0.008065840229392052,2
seed_124,NR-Aromatase,94,118,0.008037389256060123,2
seed_124,NR-Aromatase,257,119,0.008029322139918804,8
seed_124,NR-Aromatase,230,120,0.007989127188920975,3
seed_124,NR-Aromatase,99,121,0.007978039793670177,7
seed_124,NR-Aromatase,98,122,0.007952376268804073,2
seed_124,NR-Aromatase,112,123,0.007823804393410683,10
seed_124,NR-Aromatase,226,124,0.007786537986248732,2
seed_124,NR-Aromatase,25,125,0.007767167408019304,8
seed_124,NR-Aromatase,198,126,0.007719603832811117,3
seed_124,NR-Aromatase,163,127,0.007682087365537882,3
seed_124,NR-Aromatase,39,128,0.00766409607604146,9
seed_124,NR-Aromatase,253,129,0.007654926273971796,1
seed_124,NR-Aromatase,44,130,0.007619611918926239,3
seed_124,NR-Aromatase,229,131,0.007606066297739744,7
seed_124,NR-Aromatase,182,132,0.007604158017784357,2
seed_124,NR-Aromatase,1,133,0.007577528245747089,6
seed_124,NR-Aromatase,196,134,0.007571860682219267,4
seed_124,NR-Aromatase,283,135,0.00754883699119091,2
seed_124,NR-Aromatase,183,136,0.007535615935921669,7
seed_124,NR-Aromatase,273,137,0.007513894699513912,2
seed_124,NR-Aromatase,247,138,0.007501754444092512,4
seed_124,NR-Aromatase,167,139,0.007487018592655659,6
seed_124,NR-Aromatase,80,140,0.007478353567421436,8
seed_124,NR-Aromatase,32,141,0.007464379537850618,8
seed_124,NR-Aromatase,176,142,0.007463842164725065,5
seed_124,NR-Aromatase,138,143,0.007361039984971285,3
seed_124,NR-Aromatase,218,144,0.007299440447241068,3
seed_124,NR-Aromatase,297,145,0.007282126694917679,1
seed_124,NR-Aromatase,36,146,0.007267453242093325,7
seed_124,NR-Aromatase,231,147,0.007249854505062103,8
seed_124,NR-Aromatase,299,148,0.007123958319425583,7
seed_124,NR-Aromatase,204,149,0.007101679686456919,7
seed_124,NR-Aromatase,144,150,0.00710116233676672,7
seed_124,NR-Aromatase,296,151,0.007089120335876942,10
seed_124,NR-Aromatase,225,152,0.007088952232152224,6
seed_124,NR-Aromatase,217,153,0.007073244545608759,4
seed_124,NR-Aromatase,73,154,0.007070007734000683,16
seed_124,NR-Aromatase,208,155,0.007065609563142061,3
seed_124,NR-Aromatase,58,156,0.007058579474687576,10
seed_124,NR-Aromatase,55,157,0.007054231129586697,6
seed_124,NR-Aromatase,184,158,0.007008813321590424,7
seed_124,NR-Aromatase,187,159,0.007007818203419447,3
seed_124,NR-Aromatase,107,160,0.006981404963880777,6
seed_124,NR-Aromatase,83,161,0.006920928601175547,9
seed_124,NR-Aromatase,142,162,0.006896228063851595,3
seed_124,NR-Aromatase,8,163,0.00683717941865325,6
seed_124,NR-Aromatase,132,164,0.0068167392164468765,2
seed_124,NR-Aromatase,220,165,0.006806610617786646,2
seed_124,NR-Aromatase,224,166,0.006773698143661022,2
seed_124,NR-Aromatase,150,167,0.0067658922635018826,3
seed_124,NR-Aromatase,116,168,0.00675059063360095,3
seed_124,NR-Aromatase,12,169,0.0067470017820596695,6
seed_124,NR-Aromatase,114,170,0.006729994900524616,7
seed_124,NR-Aromatase,97,171,0.006726943422108889,2
seed_124,NR-Aromatase,61,172,0.006682414561510086,6
seed_124,NR-Aromatase,20,173,0.006554055958986282,4
seed_124,NR-Aromatase,133,174,0.006525909993797541,6
seed_124,NR-Aromatase,17,175,0.006505252793431282,5
seed_124,NR-Aromatase,181,176,0.00648095365613699,4
seed_124,NR-Aromatase,298,177,0.006459770258516073,4
seed_124,NR-Aromatase,210,178,0.0064253550954163074,6
seed_124,NR-Aromatase,122,179,0.006412860471755266,6
seed_124,NR-Aromatase,216,180,0.006386419292539358,2
seed_124,NR-Aromatase,53,181,0.006379347760230303,6
seed_124,NR-Aromatase,164,182,0.006348913069814444,2
seed_124,NR-Aromatase,64,183,0.0063434867188334465,7
seed_124,NR-Aromatase,249,184,0.006332252640277147,3
seed_124,NR-Aromatase,41,185,0.006330154836177826,2
seed_124,NR-Aromatase,127,186,0.006256455089896917,4
seed_124,NR-Aromatase,279,187,0.006248156540095806,2
seed_124,NR-Aromatase,117,188,0.006203179247677326,7
seed_124,NR-Aromatase,285,189,0.006151686422526836,1
seed_124,NR-Aromatase,173,190,0.006088461261242628,4
seed_124,NR-Aromatase,264,191,0.006053017918020487,3
seed_124,NR-Aromatase,76,192,0.006012316327542067,2
seed_124,NR-Aromatase,137,193,0.005983530078083277,2
seed_124,NR-Aromatase,65,194,0.005935433320701122,3
seed_124,NR-Aromatase,34,195,0.005909171421080828,5
seed_124,NR-Aromatase,103,196,0.005881433840841055,3
seed_124,NR-Aromatase,124,197,0.0058747692964971066,4
seed_124,NR-Aromatase,59,198,0.005858168471604586,8
seed_124,NR-Aromatase,199,199,0.005839156918227673,2
seed_124,NR-Aromatase,78,200,0.0058112130500376225,5
seed_124,NR-Aromatase,175,201,0.005791699048131704,9
seed_124,NR-Aromatase,254,202,0.005764676257967949,2
seed_124,NR-Aromatase,288,203,0.005739545449614525,2
seed_124,NR-Aromatase,242,204,0.005699880886822939,6
seed_124,NR-Aromatase,105,205,0.005698089487850666,3
seed_124,NR-Aromatase,232,206,0.005650384817272425,2
seed_124,NR-Aromatase,233,207,0.0056251720525324345,6
seed_124,NR-Aromatase,262,208,0.005609594751149416,3
seed_124,NR-Aromatase,215,209,0.005574358627200127,4
seed_124,NR-Aromatase,227,210,0.005574278067797422,3
seed_124,NR-Aromatase,265,211,0.005554456729441881,1
seed_124,NR-Aromatase,268,212,0.005474058911204338,4
seed_124,NR-Aromatase,82,213,0.005472914781421423,4
seed_124,NR-Aromatase,40,214,0.005400076974183321,6
seed_124,NR-Aromatase,185,215,0.005383881274610758,3
seed_124,NR-Aromatase,241,216,0.005373075604438782,3
seed_124,NR-Aromatase,293,217,0.005294394213706255,3
seed_124,NR-Aromatase,119,218,0.005179131869226694,2
seed_124,NR-Aromatase,9,219,0.005145588889718056,3
seed_124,NR-Aromatase,228,220,0.005135225597769022,4
seed_124,NR-Aromatase,261,221,0.005091758444905281,3
seed_124,NR-Aromatase,271,222,0.005067622754722834,3
seed_124,NR-Aromatase,30,223,0.005051367916166782,5
seed_124,NR-Aromatase,180,224,0.005033374298363924,5
seed_124,NR-Aromatase,35,225,0.004976186901330948,4
seed_124,NR-Aromatase,91,226,0.004967811517417431,6
seed_124,NR-Aromatase,250,227,0.004941614810377359,4
seed_124,NR-Aromatase,174,228,0.004874048288911581,2
seed_124,NR-Aromatase,272,229,0.004865147639065981,1
seed_124,NR-Aromatase,106,230,0.0048297978937625885,4
seed_124,NR-Aromatase,194,231,0.004776905756443739,3
seed_124,NR-Aromatase,162,232,0.004743117373436689,3
seed_124,NR-Aromatase,85,233,0.0047342670150101185,3
seed_124,NR-Aromatase,284,234,0.004691638983786106,2
seed_124,NR-Aromatase,191,235,0.004612441174685955,2
seed_124,NR-Aromatase,158,236,0.004600875545293093,3
seed_124,NR-Aromatase,54,237,0.004584461450576782,5
seed_124,NR-Aromatase,238,238,0.004563282243907452,1
seed_124,NR-Aromatase,60,239,0.004438912495970726,3
seed_124,NR-Aromatase,178,240,0.004435610957443714,2
seed_124,NR-Aromatase,19,241,0.0043765343725681305,4
seed_124,NR-Aromatase,186,242,0.004358986858278513,3
seed_124,NR-Aromatase,26,243,0.004349381662905216,4
seed_124,NR-Aromatase,149,244,0.004319616127759218,2
seed_124,NR-Aromatase,248,245,0.004225942771881819,2
seed_124,NR-Aromatase,154,246,0.004213215783238411,5
seed_124,NR-Aromatase,152,247,0.004212029278278351,3
seed_124,NR-Aromatase,11,248,0.004201672505587339,2
seed_124,NR-Aromatase,170,249,0.004186670295894146,6
seed_124,NR-Aromatase,111,250,0.004090846516191959,5
seed_124,NR-Aromatase,282,251,0.004084608983248472,3
seed_124,NR-Aromatase,47,252,0.003988005220890045,4
seed_124,NR-Aromatase,109,253,0.003900382900610566,7
seed_124,NR-Aromatase,88,254,0.0038776856381446123,4
seed_124,NR-Aromatase,243,255,0.0038761950563639402,2
seed_124,NR-Aromatase,292,256,0.003839573822915554,3
seed_124,NR-Aromatase,38,257,0.003805428510531783,4
seed_124,NR-Aromatase,161,258,0.0037968060933053493,2
seed_124,NR-Aromatase,68,259,0.003780507715418935,2
seed_124,NR-Aromatase,206,260,0.0037322898861020803,4
seed_124,NR-Aromatase,201,261,0.0037258886732161045,4
seed_124,NR-Aromatase,207,262,0.0037250337190926075,2
seed_124,NR-Aromatase,141,263,0.0036439874675124884,2
seed_124,NR-Aromatase,188,264,0.003583288751542568,2
seed_124,NR-Aromatase,223,265,0.0034384317696094513,2
seed_124,NR-Aromatase,118,266,0.003426450537517667,4
seed_124,NR-Aromatase,286,267,0.0034145370591431856,2
seed_124,NR-Aromatase,101,268,0.0033188844099640846,3
seed_124,NR-Aromatase,221,269,0.0033117791172116995,6
seed_124,NR-Aromatase,259,270,0.0032899335492402315,2
seed_124,NR-Aromatase,156,271,0.003273701062425971,2
seed_124,NR-Aromatase,256,272,0.0032099911477416754,2
seed_124,NR-Aromatase,202,273,0.0031618934590369463,3
seed_124,NR-Aromatase,165,274,0.0031269933097064495,4
seed_124,NR-Aromatase,269,275,0.0030978205613791943,4
seed_124,NR-Aromatase,179,276,0.0030478353146463633,3
seed_124,NR-Aromatase,246,277,0.002980815712362528,3
seed_124,NR-Aromatase,50,278,0.002877861261367798,3
seed_124,NR-Aromatase,203,279,0.002839527791365981,4
seed_124,NR-Aromatase,214,280,0.002795788226649165,2
seed_124,NR-Aromatase,236,281,0.0027518002316355705,3
seed_124,NR-Aromatase,172,282,0.0026791158597916365,4
seed_124,NR-Aromatase,151,283,0.002600178588181734,2
seed_124,NR-Aromatase,131,284,0.0023455095943063498,2
seed_124,NR-Aromatase,157,285,0.0023404264356940985,2
seed_124,NR-Aromatase,171,286,0.0022833060938864946,2
seed_124,NR-Aromatase,153,287,0.002108267042785883,2
seed_124,NR-Aromatase,252,288,0.0020459487568587065,4
seed_124,NR-Aromatase,155,289,0.001973441569134593,3
seed_124,NR-Aromatase,234,290,0.0019103556405752897,2
seed_124,NR-Aromatase,291,291,0.0017866035923361778,2
seed_124,NR-Aromatase,277,292,0.0017771285492926836,1
seed_124,NR-Aromatase,240,293,0.0017612219089642167,1
seed_124,NR-Aromatase,134,294,0.0015596068697050214,3
seed_124,NR-Aromatase,274,295,0.0015537134604528546,2
seed_124,NR-Aromatase,255,296,0.0013739850837737322,2
seed_124,NR-Aromatase,244,297,0.0013135668123140931,1
seed_124,NR-Aromatase,294,298,0.0010044206865131855,2
seed_124,NR-Aromatase,281,299,0.0008508759783580899,1
seed_124,NR-PPAR-gamma,168,0,0.03382190689444542,79
seed_124,NR-PPAR-gamma,63,1,0.03323972225189209,51
seed_124,NR-PPAR-gamma,46,2,0.02472919411957264,13
seed_124,NR-PPAR-gamma,93,3,0.023658525198698044,16
seed_124,NR-PPAR-gamma,3,4,0.02364305593073368,6
seed_124,NR-PPAR-gamma,29,5,0.023642025887966156,39
seed_124,NR-PPAR-gamma,128,6,0.021899262443184853,42
seed_124,NR-PPAR-gamma,113,7,0.021821653470396996,13
seed_124,NR-PPAR-gamma,140,8,0.02161947451531887,19
seed_124,NR-PPAR-gamma,7,9,0.02009178325533867,33
seed_124,NR-PPAR-gamma,15,10,0.01944919116795063,26
seed_124,NR-PPAR-gamma,92,11,0.019119739532470703,21
seed_124,NR-PPAR-gamma,23,12,0.01900712214410305,30
seed_124,NR-PPAR-gamma,19,13,0.018991025164723396,4
seed_124,NR-PPAR-gamma,22,14,0.018543004989624023,13
seed_124,NR-PPAR-gamma,136,15,0.018424017354846,18
seed_124,NR-PPAR-gamma,0,16,0.01841149292886257,20
seed_124,NR-PPAR-gamma,274,17,0.018339049071073532,2
seed_124,NR-PPAR-gamma,10,18,0.01825771853327751,17
seed_124,NR-PPAR-gamma,62,19,0.01821276918053627,24
seed_124,NR-PPAR-gamma,31,20,0.01787438616156578,20
seed_124,NR-PPAR-gamma,70,21,0.017656464129686356,27
seed_124,NR-PPAR-gamma,129,22,0.01748214103281498,9
seed_124,NR-PPAR-gamma,110,23,0.017456678673624992,20
seed_124,NR-PPAR-gamma,122,24,0.017052114009857178,6
seed_124,NR-PPAR-gamma,24,25,0.0169965922832489,21
seed_124,NR-PPAR-gamma,81,26,0.016807807609438896,19
seed_124,NR-PPAR-gamma,39,27,0.01665402390062809,9
seed_124,NR-PPAR-gamma,42,28,0.01646035723388195,5
seed_124,NR-PPAR-gamma,123,29,0.01643066294491291,11
seed_124,NR-PPAR-gamma,67,30,0.016317984089255333,16
seed_124,NR-PPAR-gamma,2,31,0.0163054671138525,14
seed_124,NR-PPAR-gamma,6,32,0.01629388891160488,18
seed_124,NR-PPAR-gamma,221,33,0.01625909097492695,6
seed_124,NR-PPAR-gamma,152,34,0.015993399545550346,3
seed_124,NR-PPAR-gamma,56,35,0.01584152691066265,17
seed_124,NR-PPAR-gamma,210,36,0.015841277316212654,6
seed_124,NR-PPAR-gamma,33,37,0.015829861164093018,17
seed_124,NR-PPAR-gamma,74,38,0.015607950277626514,19
seed_124,NR-PPAR-gamma,121,39,0.015579959377646446,7
seed_124,NR-PPAR-gamma,83,40,0.015568237751722336,9
seed_124,NR-PPAR-gamma,75,41,0.015562274493277073,13
seed_124,NR-PPAR-gamma,99,42,0.015328319743275642,7
seed_124,NR-PPAR-gamma,255,43,0.015182388946413994,2
seed_124,NR-PPAR-gamma,116,44,0.015130255371332169,3
seed_124,NR-PPAR-gamma,160,45,0.015024016611278057,11
seed_124,NR-PPAR-gamma,17,46,0.014588436111807823,5
seed_124,NR-PPAR-gamma,109,47,0.014546663500368595,7
seed_124,NR-PPAR-gamma,112,48,0.014459317550063133,10
seed_124,NR-PPAR-gamma,49,49,0.014236179180443287,17
seed_124,NR-PPAR-gamma,195,50,0.014145997352898121,11
seed_124,NR-PPAR-gamma,290,51,0.014051195234060287,10
seed_124,NR-PPAR-gamma,245,52,0.014022918418049812,15
seed_124,NR-PPAR-gamma,4,53,0.013935522176325321,9
seed_124,NR-PPAR-gamma,147,54,0.013921337202191353,16
seed_124,NR-PPAR-gamma,251,55,0.013821732252836227,3
seed_124,NR-PPAR-gamma,21,56,0.013694915920495987,13
seed_124,NR-PPAR-gamma,47,57,0.013679543510079384,4
seed_124,NR-PPAR-gamma,126,58,0.013531938195228577,10
seed_124,NR-PPAR-gamma,69,59,0.013411756604909897,8
seed_124,NR-PPAR-gamma,72,60,0.013390193693339825,15
seed_124,NR-PPAR-gamma,36,61,0.013316985219717026,7
seed_124,NR-PPAR-gamma,78,62,0.013214441016316414,5
seed_124,NR-PPAR-gamma,264,63,0.013147497549653053,3
seed_124,NR-PPAR-gamma,231,64,0.013002225197851658,8
seed_124,NR-PPAR-gamma,217,65,0.012858552858233452,4
seed_124,NR-PPAR-gamma,145,66,0.012835693545639515,17
seed_124,NR-PPAR-gamma,294,67,0.012830818071961403,2
seed_124,NR-PPAR-gamma,64,68,0.012818426825106144,7
seed_124,NR-PPAR-gamma,73,69,0.012782171368598938,16
seed_124,NR-PPAR-gamma,219,70,0.01277158409357071,16
seed_124,NR-PPAR-gamma,18,71,0.012701486237347126,4
seed_124,NR-PPAR-gamma,148,72,0.012636816129088402,14
seed_124,NR-PPAR-gamma,66,73,0.012510464526712894,13
seed_124,NR-PPAR-gamma,134,74,0.012401391752064228,3
seed_124,NR-PPAR-gamma,169,75,0.012379777617752552,8
seed_124,NR-PPAR-gamma,5,76,0.012353138066828251,4
seed_124,NR-PPAR-gamma,52,77,0.01225478108972311,16
seed_124,NR-PPAR-gamma,59,78,0.01221419870853424,8
seed_124,NR-PPAR-gamma,190,79,0.012212387286126614,13
seed_124,NR-PPAR-gamma,222,80,0.012078013271093369,4
seed_124,NR-PPAR-gamma,100,81,0.012055053375661373,3
seed_124,NR-PPAR-gamma,84,82,0.012008845806121826,15
seed_124,NR-PPAR-gamma,89,83,0.012004047632217407,3
seed_124,NR-PPAR-gamma,283,84,0.011966733261942863,2
seed_124,NR-PPAR-gamma,175,85,0.011935022659599781,9
seed_124,NR-PPAR-gamma,146,86,0.011896573007106781,5
seed_124,NR-PPAR-gamma,57,87,0.011864915490150452,9
seed_124,NR-PPAR-gamma,54,88,0.011861137114465237,5
seed_124,NR-PPAR-gamma,233,89,0.011810680851340294,6
seed_124,NR-PPAR-gamma,14,90,0.011709357611835003,5
seed_124,NR-PPAR-gamma,299,91,0.011635204777121544,7
seed_124,NR-PPAR-gamma,298,92,0.011610390618443489,4
seed_124,NR-PPAR-gamma,258,93,0.011514607816934586,3
seed_124,NR-PPAR-gamma,144,94,0.011462291702628136,7
seed_124,NR-PPAR-gamma,277,95,0.011454199440777302,1
seed_124,NR-PPAR-gamma,200,96,0.011343205347657204,8
seed_124,NR-PPAR-gamma,114,97,0.011341255158185959,7
seed_124,NR-PPAR-gamma,167,98,0.011339230462908745,6
seed_124,NR-PPAR-gamma,65,99,0.011309556663036346,3
seed_124,NR-PPAR-gamma,184,100,0.01129458099603653,7
seed_124,NR-PPAR-gamma,103,101,0.011292903684079647,3
seed_124,NR-PPAR-gamma,51,102,0.011269021779298782,10
seed_124,NR-PPAR-gamma,173,103,0.011252820491790771,4
seed_124,NR-PPAR-gamma,228,104,0.01120365783572197,4
seed_124,NR-PPAR-gamma,218,105,0.011197642423212528,3
seed_124,NR-PPAR-gamma,209,106,0.011138648726046085,7
seed_124,NR-PPAR-gamma,32,107,0.011130782775580883,8
seed_124,NR-PPAR-gamma,235,108,0.011014088988304138,5
seed_124,NR-PPAR-gamma,86,109,0.010950732976198196,9
seed_124,NR-PPAR-gamma,158,110,0.010831590741872787,3
seed_124,NR-PPAR-gamma,16,111,0.010756732895970345,4
seed_124,NR-PPAR-gamma,257,112,0.010748562403023243,8
seed_124,NR-PPAR-gamma,71,113,0.010740522295236588,11
seed_124,NR-PPAR-gamma,61,114,0.010711678303778172,6
seed_124,NR-PPAR-gamma,139,115,0.010692192241549492,12
seed_124,NR-PPAR-gamma,28,116,0.010659323073923588,7
seed_124,NR-PPAR-gamma,260,117,0.0106550557538867,5
seed_124,NR-PPAR-gamma,256,118,0.0106344660744071,2
seed_124,NR-PPAR-gamma,108,119,0.010599877685308456,14
seed_124,NR-PPAR-gamma,296,120,0.010569455102086067,10
seed_124,NR-PPAR-gamma,13,121,0.010520987212657928,6
seed_124,NR-PPAR-gamma,225,122,0.010504096746444702,6
seed_124,NR-PPAR-gamma,208,123,0.010439458303153515,3
seed_124,NR-PPAR-gamma,196,124,0.010352976620197296,4
seed_124,NR-PPAR-gamma,48,125,0.010321165435016155,7
seed_124,NR-PPAR-gamma,53,126,0.010245987214148045,6
seed_124,NR-PPAR-gamma,269,127,0.010225849226117134,4
seed_124,NR-PPAR-gamma,26,128,0.01010158285498619,4
seed_124,NR-PPAR-gamma,43,129,0.010093225166201591,9
seed_124,NR-PPAR-gamma,267,130,0.010070523247122765,2
seed_124,NR-PPAR-gamma,37,131,0.009979920461773872,7
seed_124,NR-PPAR-gamma,187,132,0.00991542637348175,3
seed_124,NR-PPAR-gamma,27,133,0.009805872105062008,8
seed_124,NR-PPAR-gamma,130,134,0.009804544039070606,4
seed_124,NR-PPAR-gamma,101,135,0.009736842475831509,3
seed_124,NR-PPAR-gamma,20,136,0.009728447534143925,4
seed_124,NR-PPAR-gamma,45,137,0.00966058298945427,8
seed_124,NR-PPAR-gamma,107,138,0.009576363489031792,6
seed_124,NR-PPAR-gamma,215,139,0.009570955298841,4
seed_124,NR-PPAR-gamma,249,140,0.009512614458799362,3
seed_124,NR-PPAR-gamma,206,141,0.009506100788712502,4
seed_124,NR-PPAR-gamma,124,142,0.009369988925755024,4
seed_124,NR-PPAR-gamma,270,143,0.009358443319797516,4
seed_124,NR-PPAR-gamma,143,144,0.009228892624378204,5
seed_124,NR-PPAR-gamma,157,145,0.009150962345302105,2
seed_124,NR-PPAR-gamma,272,146,0.009145491756498814,1
seed_124,NR-PPAR-gamma,183,147,0.009144514799118042,7
seed_124,NR-PPAR-gamma,276,148,0.00913156382739544,8
seed_124,NR-PPAR-gamma,102,149,0.009002558887004852,6
seed_124,NR-PPAR-gamma,204,150,0.008919176645576954,7
seed_124,NR-PPAR-gamma,293,151,0.008841787464916706,3
seed_124,NR-PPAR-gamma,133,152,0.008802889846265316,6
seed_124,NR-PPAR-gamma,161,153,0.008683454245328903,2
seed_124,NR-PPAR-gamma,55,154,0.008667106740176678,6
seed_124,NR-PPAR-gamma,181,155,0.00866236723959446,4
seed_124,NR-PPAR-gamma,211,156,0.008643819019198418,13
seed_124,NR-PPAR-gamma,165,157,0.008537567220628262,4
seed_124,NR-PPAR-gamma,25,158,0.008484535850584507,8
seed_124,NR-PPAR-gamma,80,159,0.00847783125936985,8
seed_124,NR-PPAR-gamma,8,160,0.00842711329460144,6
seed_124,NR-PPAR-gamma,297,161,0.008402315899729729,1
seed_124,NR-PPAR-gamma,216,162,0.008307304233312607,2
seed_124,NR-PPAR-gamma,261,163,0.008224262855947018,3
seed_124,NR-PPAR-gamma,118,164,0.008217846974730492,4
seed_124,NR-PPAR-gamma,213,165,0.008188807405531406,4
seed_124,NR-PPAR-gamma,202,166,0.008177421987056732,3
seed_124,NR-PPAR-gamma,104,167,0.008153068833053112,4
seed_124,NR-PPAR-gamma,254,168,0.008147905580699444,2
seed_124,NR-PPAR-gamma,137,169,0.008118243888020515,2
seed_124,NR-PPAR-gamma,189,170,0.008059975691139698,9
seed_124,NR-PPAR-gamma,265,171,0.008051745593547821,1
seed_124,NR-PPAR-gamma,271,172,0.008039683103561401,3
seed_124,NR-PPAR-gamma,132,173,0.007991003803908825,2
seed_124,NR-PPAR-gamma,12,174,0.0079502547159791,6
seed_124,NR-PPAR-gamma,58,175,0.007935997098684311,10
seed_124,NR-PPAR-gamma,178,176,0.007879813201725483,2
seed_124,NR-PPAR-gamma,150,177,0.00782776065170765,3
seed_124,NR-PPAR-gamma,279,178,0.007823515683412552,2
seed_124,NR-PPAR-gamma,197,179,0.007820739410817623,3
seed_124,NR-PPAR-gamma,191,180,0.007744496688246727,2
seed_124,NR-PPAR-gamma,289,181,0.007737862411886454,2
seed_124,NR-PPAR-gamma,151,182,0.007704597897827625,2
seed_124,NR-PPAR-gamma,115,183,0.007671949453651905,4
seed_124,NR-PPAR-gamma,223,184,0.007628511171787977,2
seed_124,NR-PPAR-gamma,40,185,0.007607034873217344,6
seed_124,NR-PPAR-gamma,287,186,0.007521102670580149,8
seed_124,NR-PPAR-gamma,203,187,0.007451275363564491,4
seed_124,NR-PPAR-gamma,44,188,0.0073664686642587185,3
seed_124,NR-PPAR-gamma,117,189,0.007361721247434616,7
seed_124,NR-PPAR-gamma,207,190,0.00723620830103755,2
seed_124,NR-PPAR-gamma,201,191,0.007230108138173819,4
seed_124,NR-PPAR-gamma,177,192,0.007202286273241043,4
seed_124,NR-PPAR-gamma,135,193,0.0071791172958910465,9
seed_124,NR-PPAR-gamma,77,194,0.007153219543397427,5
seed_124,NR-PPAR-gamma,229,195,0.007146183401346207,7
seed_124,NR-PPAR-gamma,246,196,0.007089755963534117,3
seed_124,NR-PPAR-gamma,193,197,0.007070912513881922,9
seed_124,NR-PPAR-gamma,198,198,0.006889902986586094,3
seed_124,NR-PPAR-gamma,159,199,0.006864877417683601,2
seed_124,NR-PPAR-gamma,85,200,0.006837764754891396,3
seed_124,NR-PPAR-gamma,119,201,0.0067117223516106606,2
seed_124,NR-PPAR-gamma,106,202,0.006667738314718008,4
seed_124,NR-PPAR-gamma,263,203,0.006537716370075941,6
seed_124,NR-PPAR-gamma,96,204,0.006467810366302729,5
seed_124,NR-PPAR-gamma,166,205,0.006444291677325964,6
seed_124,NR-PPAR-gamma,153,206,0.006443144287914038,2
seed_124,NR-PPAR-gamma,212,207,0.006423575337976217,7
seed_124,NR-PPAR-gamma,120,208,0.0064080217853188515,5
seed_124,NR-PPAR-gamma,236,209,0.006395663134753704,3
seed_124,NR-PPAR-gamma,275,210,0.006379362195730209,2
seed_124,NR-PPAR-gamma,91,211,0.006364260334521532,6
seed_124,NR-PPAR-gamma,141,212,0.006355992518365383,2
seed_124,NR-PPAR-gamma,227,213,0.006324270274490118,3
seed_124,NR-PPAR-gamma,111,214,0.006213855464011431,5
seed_124,NR-PPAR-gamma,163,215,0.006208939477801323,3
seed_124,NR-PPAR-gamma,125,216,0.006187538616359234,3
seed_124,NR-PPAR-gamma,95,217,0.006168673746287823,4
seed_124,NR-PPAR-gamma,192,218,0.006154320668429136,3
seed_124,NR-PPAR-gamma,291,219,0.006132323760539293,2
seed_124,NR-PPAR-gamma,98,220,0.006126506719738245,2
seed_124,NR-PPAR-gamma,172,221,0.006114908494055271,4
seed_124,NR-PPAR-gamma,259,222,0.0060533396899700165,2
seed_124,NR-PPAR-gamma,170,223,0.006049144547432661,6
seed_124,NR-PPAR-gamma,282,224,0.005972393322736025,3
seed_124,NR-PPAR-gamma,199,225,0.005937631707638502,2
seed_124,NR-PPAR-gamma,185,226,0.005900959484279156,3
seed_124,NR-PPAR-gamma,171,227,0.0058404747396707535,2
seed_124,NR-PPAR-gamma,247,228,0.005833816714584827,4
seed_124,NR-PPAR-gamma,220,229,0.005817099008709192,2
seed_124,NR-PPAR-gamma,34,230,0.005701556336134672,5
seed_124,NR-PPAR-gamma,38,231,0.005691217258572578,4
seed_124,NR-PPAR-gamma,87,232,0.005598291754722595,4
seed_124,NR-PPAR-gamma,230,233,0.005584556143730879,3
seed_124,NR-PPAR-gamma,295,234,0.005579951219260693,2
seed_124,NR-PPAR-gamma,138,235,0.0055767749436199665,3
seed_124,NR-PPAR-gamma,180,236,0.005565809551626444,5
seed_124,NR-PPAR-gamma,248,237,0.005553717724978924,2
seed_124,NR-PPAR-gamma,262,238,0.005539477337151766,3
seed_124,NR-PPAR-gamma,268,239,0.005421806592494249,4
seed_124,NR-PPAR-gamma,76,240,0.005398095585405827,2
seed_124,NR-PPAR-gamma,242,241,0.0053978185169398785,6
seed_124,NR-PPAR-gamma,90,242,0.005394010338932276,6
seed_124,NR-PPAR-gamma,60,243,0.00534460972994566,3
seed_124,NR-PPAR-gamma,179,244,0.005336197093129158,3
seed_124,NR-PPAR-gamma,232,245,0.005311101675033569,2
seed_124,NR-PPAR-gamma,252,246,0.005310285370796919,4
seed_124,NR-PPAR-gamma,284,247,0.00530531071126461,2
seed_124,NR-PPAR-gamma,79,248,0.005300614982843399,9
seed_124,NR-PPAR-gamma,194,249,0.005214884411543608,3
seed_124,NR-PPAR-gamma,273,250,0.005209295079112053,2
seed_124,NR-PPAR-gamma,149,251,0.005181680899113417,2
seed_124,NR-PPAR-gamma,241,252,0.00500502809882164,3
seed_124,NR-PPAR-gamma,1,253,0.00498187867924571,6
seed_124,NR-PPAR-gamma,82,254,0.004949436988681555,4
seed_124,NR-PPAR-gamma,176,255,0.004923693835735321,5
seed_124,NR-PPAR-gamma,105,256,0.004873346537351608,3
seed_124,NR-PPAR-gamma,88,257,0.0048509277403354645,4
seed_124,NR-PPAR-gamma,239,258,0.004837719723582268,3
seed_124,NR-PPAR-gamma,234,259,0.004813976585865021,2
seed_124,NR-PPAR-gamma,9,260,0.004792721942067146,3
seed_124,NR-PPAR-gamma,154,261,0.004751281812787056,5
seed_124,NR-PPAR-gamma,224,262,0.004648788366466761,2
seed_124,NR-PPAR-gamma,68,263,0.004591182805597782,2
seed_124,NR-PPAR-gamma,288,264,0.004547856282442808,2
seed_124,NR-PPAR-gamma,155,265,0.004452573601156473,3
seed_124,NR-PPAR-gamma,280,266,0.004286767449229956,3
seed_124,NR-PPAR-gamma,243,267,0.004235732369124889,2
seed_124,NR-PPAR-gamma,226,268,0.004154156427830458,2
seed_124,NR-PPAR-gamma,214,269,0.004073139745742083,2
seed_124,NR-PPAR-gamma,286,270,0.004003799054771662,2
seed_124,NR-PPAR-gamma,50,271,0.003882815595716238,3
seed_124,NR-PPAR-gamma,244,272,0.003808537730947137,1
seed_124,NR-PPAR-gamma,41,273,0.0037017452996224165,2
seed_124,NR-PPAR-gamma,30,274,0.0036786990240216255,5
seed_124,NR-PPAR-gamma,127,275,0.003564073471352458,4
seed_124,NR-PPAR-gamma,174,276,0.0035142970737069845,2
seed_124,NR-PPAR-gamma,131,277,0.0033636046573519707,2
seed_124,NR-PPAR-gamma,94,278,0.0032595598604530096,2
seed_124,NR-PPAR-gamma,11,279,0.0032522128894925117,2
seed_124,NR-PPAR-gamma,237,280,0.0032238815911114216,2
seed_124,NR-PPAR-gamma,35,281,0.0031334911473095417,4
seed_124,NR-PPAR-gamma,285,282,0.0031267376616597176,1
seed_124,NR-PPAR-gamma,188,283,0.003116954118013382,2
seed_124,NR-PPAR-gamma,278,284,0.0030273098964244127,2
seed_124,NR-PPAR-gamma,253,285,0.003025399288162589,1
seed_124,NR-PPAR-gamma,182,286,0.002985539147630334,2
seed_124,NR-PPAR-gamma,292,287,0.002980493474751711,3
seed_124,NR-PPAR-gamma,156,288,0.0029589207842946053,2
seed_124,NR-PPAR-gamma,205,289,0.002684446284547448,3
seed_124,NR-PPAR-gamma,142,290,0.0026738655287772417,3
seed_124,NR-PPAR-gamma,281,291,0.0026423500385135412,1
seed_124,NR-PPAR-gamma,250,292,0.0026266195345669985,4
seed_124,NR-PPAR-gamma,162,293,0.0024782323744148016,3
seed_124,NR-PPAR-gamma,240,294,0.0024418658576905727,1
seed_124,NR-PPAR-gamma,186,295,0.002293248428031802,3
seed_124,NR-PPAR-gamma,266,296,0.002187334233894944,1
seed_124,NR-PPAR-gamma,164,297,0.0016878093592822552,2
seed_124,NR-PPAR-gamma,97,298,0.0015297705540433526,2
seed_124,NR-PPAR-gamma,238,299,0.0009283153340220451,1
seed_124,SR-HSE,168,0,0.018559427931904793,79
seed_124,SR-HSE,24,1,0.015127180144190788,21
seed_124,SR-HSE,63,2,0.014692442491650581,51
seed_124,SR-HSE,15,3,0.013361664488911629,26
seed_124,SR-HSE,128,4,0.013324377126991749,42
seed_124,SR-HSE,31,5,0.012985742650926113,20
seed_124,SR-HSE,245,6,0.0129185039550066,15
seed_124,SR-HSE,29,7,0.012014719657599926,39
seed_124,SR-HSE,92,8,0.0119429100304842,21
seed_124,SR-HSE,81,9,0.011922727338969707,19
seed_124,SR-HSE,7,10,0.011598852463066578,33
seed_124,SR-HSE,23,11,0.011533514596521854,30
seed_124,SR-HSE,67,12,0.011401651427149773,16
seed_124,SR-HSE,46,13,0.011280558072030544,13
seed_124,SR-HSE,135,14,0.011003931052982807,9
seed_124,SR-HSE,0,15,0.01098515186458826,20
seed_124,SR-HSE,193,16,0.010505222715437412,9
seed_124,SR-HSE,83,17,0.010222307406365871,9
seed_124,SR-HSE,195,18,0.010196158662438393,11
seed_124,SR-HSE,56,19,0.010081738233566284,17
seed_124,SR-HSE,42,20,0.009930526837706566,5
seed_124,SR-HSE,219,21,0.009682361036539078,16
seed_124,SR-HSE,136,22,0.009458321146667004,18
seed_124,SR-HSE,2,23,0.009458055719733238,14
seed_124,SR-HSE,75,24,0.009444410912692547,13
seed_124,SR-HSE,62,25,0.009415244683623314,24
seed_124,SR-HSE,200,26,0.00928565301001072,8
seed_124,SR-HSE,150,27,0.009209142066538334,3
seed_124,SR-HSE,73,28,0.009138855151832104,16
seed_124,SR-HSE,49,29,0.008985938504338264,17
seed_124,SR-HSE,144,30,0.008963263593614101,7
seed_124,SR-HSE,21,31,0.008913461118936539,13
seed_124,SR-HSE,147,32,0.008895205333828926,16
seed_124,SR-HSE,33,33,0.008828511461615562,17
seed_124,SR-HSE,74,34,0.008826976642012596,19
seed_124,SR-HSE,6,35,0.008750194683670998,18
seed_124,SR-HSE,102,36,0.008707127533853054,6
seed_124,SR-HSE,166,37,0.008595598861575127,6
seed_124,SR-HSE,59,38,0.008584782481193542,8
seed_124,SR-HSE,64,39,0.008430015295743942,7
seed_124,SR-HSE,52,40,0.008311040699481964,16
seed_124,SR-HSE,124,41,0.008246383629739285,4
seed_124,SR-HSE,290,42,0.008172528818249702,10
seed_124,SR-HSE,169,43,0.008049546740949154,8
seed_124,SR-HSE,10,44,0.008023426868021488,17
seed_124,SR-HSE,25,45,0.00800807774066925,8
seed_124,SR-HSE,43,46,0.007986539974808693,9
seed_124,SR-HSE,32,47,0.007975660264492035,8
seed_124,SR-HSE,44,48,0.007975451648235321,3
seed_124,SR-HSE,110,49,0.007943893782794476,20
seed_124,SR-HSE,148,50,0.007921397686004639,14
seed_124,SR-HSE,146,51,0.007909887470304966,5
seed_124,SR-HSE,229,52,0.007867873646318913,7
seed_124,SR-HSE,145,53,0.007807691115885973,17
seed_124,SR-HSE,189,54,0.007801372092217207,9
seed_124,SR-HSE,223,55,0.007800827268511057,2
seed_124,SR-HSE,206,56,0.007774687837809324,4
seed_124,SR-HSE,86,57,0.007749503944069147,9
seed_124,SR-HSE,140,58,0.0077308411709964275,19
seed_124,SR-HSE,55,59,0.007720618508756161,6
seed_124,SR-HSE,51,60,0.0076981536112725735,10
seed_124,SR-HSE,211,61,0.007586612831801176,13
seed_124,SR-HSE,117,62,0.007571106776595116,7
seed_124,SR-HSE,112,63,0.007482357323169708,10
seed_124,SR-HSE,113,64,0.007460616063326597,13
seed_124,SR-HSE,190,65,0.0074346670880913734,13
seed_124,SR-HSE,139,66,0.007432523649185896,12
seed_124,SR-HSE,129,67,0.00739546911790967,9
seed_124,SR-HSE,79,68,0.007363592740148306,9
seed_124,SR-HSE,173,69,0.0073581477627158165,4
seed_124,SR-HSE,203,70,0.007349299732595682,4
seed_124,SR-HSE,22,71,0.00732308579608798,13
seed_124,SR-HSE,72,72,0.00731942942366004,15
seed_124,SR-HSE,93,73,0.007300075143575668,16
seed_124,SR-HSE,288,74,0.00724779674783349,2
seed_124,SR-HSE,28,75,0.007216541096568108,7
seed_124,SR-HSE,242,76,0.007132855709642172,6
seed_124,SR-HSE,283,77,0.007121616043150425,2
seed_124,SR-HSE,95,78,0.0071158697828650475,4
seed_124,SR-HSE,194,79,0.006966279353946447,3
seed_124,SR-HSE,61,80,0.006924545392394066,6
seed_124,SR-HSE,120,81,0.006921947002410889,5
seed_124,SR-HSE,69,82,0.006868196651339531,8
seed_124,SR-HSE,37,83,0.006830624770373106,7
seed_124,SR-HSE,48,84,0.006810812279582024,7
seed_124,SR-HSE,39,85,0.006758296396583319,9
seed_124,SR-HSE,116,86,0.006749143358319998,3
seed_124,SR-HSE,210,87,0.006651804782450199,6
seed_124,SR-HSE,250,88,0.006630802061408758,4
seed_124,SR-HSE,94,89,0.006616674363613129,2
seed_124,SR-HSE,5,90,0.0065482426434755325,4
seed_124,SR-HSE,90,91,0.006546734366565943,6
seed_124,SR-HSE,70,92,0.00651140371337533,27
seed_124,SR-HSE,66,93,0.006486186292022467,13
seed_124,SR-HSE,184,94,0.0064581711776554585,7
seed_124,SR-HSE,225,95,0.006421277765184641,6
seed_124,SR-HSE,156,96,0.006358761340379715,2
seed_124,SR-HSE,30,97,0.006332258693873882,5
seed_124,SR-HSE,224,98,0.006330076139420271,2
seed_124,SR-HSE,3,99,0.006299320608377457,6
seed_124,SR-HSE,78,100,0.006291919853538275,5
seed_124,SR-HSE,262,101,0.006269676610827446,3
seed_124,SR-HSE,14,102,0.00626526540145278,5
seed_124,SR-HSE,157,103,0.006203686818480492,2
seed_124,SR-HSE,274,104,0.006178081501275301,2
seed_124,SR-HSE,216,105,0.006157874595373869,2
seed_124,SR-HSE,122,106,0.006148285698145628,6
seed_124,SR-HSE,176,107,0.0061255996115505695,5
seed_124,SR-HSE,19,108,0.006125444080680609,4
seed_124,SR-HSE,246,109,0.006117510609328747,3
seed_124,SR-HSE,181,110,0.00611124699935317,4
seed_124,SR-HSE,1,111,0.006097385659813881,6
seed_124,SR-HSE,71,112,0.006084885448217392,11
seed_124,SR-HSE,196,113,0.006058064755052328,4
seed_124,SR-HSE,38,114,0.006049963179975748,4
seed_124,SR-HSE,54,115,0.006019240710884333,5
seed_124,SR-HSE,268,116,0.005992990918457508,4
seed_124,SR-HSE,238,117,0.005968881770968437,1
seed_124,SR-HSE,123,118,0.005961092654615641,11
seed_124,SR-HSE,222,119,0.005938454531133175,4
seed_124,SR-HSE,114,120,0.005927011836320162,7
seed_124,SR-HSE,84,121,0.005911600310355425,15
seed_124,SR-HSE,100,122,0.005911352578550577,3
seed_124,SR-HSE,202,123,0.005843777675181627,3
seed_124,SR-HSE,134,124,0.005840416997671127,3
seed_124,SR-HSE,209,125,0.005833576433360577,7
seed_124,SR-HSE,261,126,0.005830859299749136,3
seed_124,SR-HSE,160,127,0.005742284934967756,11
seed_124,SR-HSE,143,128,0.005700746085494757,5
seed_124,SR-HSE,115,129,0.005698257125914097,4
seed_124,SR-HSE,276,130,0.005679519847035408,8
seed_124,SR-HSE,57,131,0.005655432119965553,9
seed_124,SR-HSE,97,132,0.005611984059214592,2
seed_124,SR-HSE,247,133,0.005606858991086483,4
seed_124,SR-HSE,47,134,0.005605858284980059,4
seed_124,SR-HSE,233,135,0.005557550583034754,6
seed_124,SR-HSE,80,136,0.005532527342438698,8
seed_124,SR-HSE,183,137,0.005500324536114931,7
seed_124,SR-HSE,263,138,0.005493721459060907,6
seed_124,SR-HSE,60,139,0.0054767923429608345,3
seed_124,SR-HSE,121,140,0.005440043285489082,7
seed_124,SR-HSE,257,141,0.005433518439531326,8
seed_124,SR-HSE,4,142,0.005420559551566839,9
seed_124,SR-HSE,99,143,0.00538893835619092,7
seed_124,SR-HSE,36,144,0.005388742312788963,7
seed_124,SR-HSE,235,145,0.005305325612425804,5
seed_124,SR-HSE,167,146,0.005288797430694103,6
seed_124,SR-HSE,26,147,0.005267393309623003,4
seed_124,SR-HSE,227,148,0.005250684451311827,3
seed_124,SR-HSE,287,149,0.005247070454061031,8
seed_124,SR-HSE,271,150,0.00519391056150198,3
seed_124,SR-HSE,296,151,0.005185141693800688,10
seed_124,SR-HSE,91,152,0.005164034198969603,6
seed_124,SR-HSE,212,153,0.0051339054480195045,7
seed_124,SR-HSE,264,154,0.005115755368024111,3
seed_124,SR-HSE,82,155,0.005100570153445005,4
seed_124,SR-HSE,258,156,0.005048392340540886,3
seed_124,SR-HSE,133,157,0.0050328681245446205,6
seed_124,SR-HSE,163,158,0.005025949794799089,3
seed_124,SR-HSE,179,159,0.004996150732040405,3
seed_124,SR-HSE,149,160,0.00497936038300395,2
seed_124,SR-HSE,96,161,0.0049594854936003685,5
seed_124,SR-HSE,237,162,0.0049213021993637085,2
seed_124,SR-HSE,218,163,0.004916452802717686,3
seed_124,SR-HSE,249,164,0.004914907272905111,3
seed_124,SR-HSE,260,165,0.004909766372293234,5
seed_124,SR-HSE,161,166,0.004874225240200758,2
seed_124,SR-HSE,45,167,0.004864732269197702,8
seed_124,SR-HSE,40,168,0.0048510171473026276,6
seed_124,SR-HSE,138,169,0.004849561955779791,3
seed_124,SR-HSE,213,170,0.004842422436922789,4
seed_124,SR-HSE,204,171,0.004841214511543512,7
seed_124,SR-HSE,108,172,0.0048019192181527615,14
seed_124,SR-HSE,89,173,0.004777185618877411,3
seed_124,SR-HSE,197,174,0.004718711134046316,3
seed_124,SR-HSE,201,175,0.004712195601314306,4
seed_124,SR-HSE,103,176,0.0047075566835701466,3
seed_124,SR-HSE,220,177,0.004602208733558655,2
seed_124,SR-HSE,18,178,0.004594364669173956,4
seed_124,SR-HSE,65,179,0.0045745219103991985,3
seed_124,SR-HSE,12,180,0.004512515384703875,6
seed_124,SR-HSE,180,181,0.00450363103300333,5
seed_124,SR-HSE,153,182,0.004499989561736584,2
seed_124,SR-HSE,215,183,0.004498602822422981,4
seed_124,SR-HSE,158,184,0.004421741236001253,3
seed_124,SR-HSE,130,185,0.0044211759231984615,4
seed_124,SR-HSE,162,186,0.004376375116407871,3
seed_124,SR-HSE,295,187,0.00436759926378727,2
seed_124,SR-HSE,297,188,0.004361248109489679,1
seed_124,SR-HSE,231,189,0.004354186821728945,8
seed_124,SR-HSE,27,190,0.004352986346930265,8
seed_124,SR-HSE,127,191,0.004328764975070953,4
seed_124,SR-HSE,20,192,0.004319432191550732,4
seed_124,SR-HSE,53,193,0.0043022604659199715,6
seed_124,SR-HSE,50,194,0.004289424512535334,3
seed_124,SR-HSE,234,195,0.004174757283180952,2
seed_124,SR-HSE,154,196,0.004154217429459095,5
seed_124,SR-HSE,217,197,0.004125786013901234,4
seed_124,SR-HSE,109,198,0.004123463295400143,7
seed_124,SR-HSE,294,199,0.004101061262190342,2
seed_124,SR-HSE,199,200,0.004085473250597715,2
seed_124,SR-HSE,192,201,0.004046935122460127,3
seed_124,SR-HSE,299,202,0.0040306588634848595,7
seed_124,SR-HSE,106,203,0.004010336939245462,4
seed_124,SR-HSE,228,204,0.003999820910394192,4
seed_124,SR-HSE,126,205,0.003997067920863628,10
seed_124,SR-HSE,142,206,0.003980725537985563,3
seed_124,SR-HSE,267,207,0.003961723297834396,2
seed_124,SR-HSE,152,208,0.0038708331994712353,3
seed_124,SR-HSE,8,209,0.003862344194203615,6
seed_124,SR-HSE,11,210,0.0038592161145061255,2
seed_124,SR-HSE,254,211,0.003858486656099558,2
seed_124,SR-HSE,282,212,0.003844531485810876,3
seed_124,SR-HSE,17,213,0.003819259349256754,5
seed_124,SR-HSE,87,214,0.003817293792963028,4
seed_124,SR-HSE,270,215,0.003804807085543871,4
seed_124,SR-HSE,101,216,0.0037448937073349953,3
seed_124,SR-HSE,165,217,0.0037429993972182274,4
seed_124,SR-HSE,170,218,0.0037224162369966507,6
seed_124,SR-HSE,298,219,0.0036984651815146208,4
seed_124,SR-HSE,35,220,0.0036619652528315783,4
seed_124,SR-HSE,104,221,0.003654781263321638,4
seed_124,SR-HSE,107,222,0.003650150028988719,6
seed_124,SR-HSE,221,223,0.0035821618512272835,6
seed_124,SR-HSE,214,224,0.003554033115506172,2
seed_124,SR-HSE,76,225,0.0035385387018322945,2
seed_124,SR-HSE,281,226,0.0035275255795568228,1
seed_124,SR-HSE,16,227,0.0034938743337988853,4
seed_124,SR-HSE,172,228,0.0034720920957624912,4
seed_124,SR-HSE,286,229,0.0034439614973962307,2
seed_124,SR-HSE,208,230,0.0034281632397323847,3
seed_124,SR-HSE,9,231,0.0034082212951034307,3
seed_124,SR-HSE,125,232,0.0033691739663481712,3
seed_124,SR-HSE,118,233,0.003347453661262989,4
seed_124,SR-HSE,175,234,0.003345323959365487,9
seed_124,SR-HSE,248,235,0.0033208278473466635,2
seed_124,SR-HSE,236,236,0.0032927142456173897,3
seed_124,SR-HSE,273,237,0.003256443655118346,2
seed_124,SR-HSE,207,238,0.003229914465919137,2
seed_124,SR-HSE,226,239,0.003204090055078268,2
seed_124,SR-HSE,34,240,0.003169107949361205,5
seed_124,SR-HSE,269,241,0.0031209373846650124,4
seed_124,SR-HSE,292,242,0.003119588829576969,3
seed_124,SR-HSE,187,243,0.0030652412679046392,3
seed_124,SR-HSE,280,244,0.0030519210267812014,3
seed_124,SR-HSE,239,245,0.0030116953421384096,3
seed_124,SR-HSE,178,246,0.0030055346433073282,2
seed_124,SR-HSE,171,247,0.003005154663696885,2
seed_124,SR-HSE,77,248,0.002993823727592826,5
seed_124,SR-HSE,293,249,0.002992493798956275,3
seed_124,SR-HSE,198,250,0.0029344053473323584,3
seed_124,SR-HSE,243,251,0.0029293070547282696,2
seed_124,SR-HSE,111,252,0.00292095891200006,5
seed_124,SR-HSE,155,253,0.0029006663244217634,3
seed_124,SR-HSE,177,254,0.0028932716231793165,4
seed_124,SR-HSE,278,255,0.002830202691257,2
seed_124,SR-HSE,251,256,0.002819472225382924,3
seed_124,SR-HSE,41,257,0.002766652265563607,2
seed_124,SR-HSE,174,258,0.002765577519312501,2
seed_124,SR-HSE,13,259,0.0027063966263085604,6
seed_124,SR-HSE,151,260,0.0027061232831329107,2
seed_124,SR-HSE,131,261,0.002666355110704899,2
seed_124,SR-HSE,85,262,0.002620919141918421,3
seed_124,SR-HSE,159,263,0.002536506624892354,2
seed_124,SR-HSE,279,264,0.002509929006919265,2
seed_124,SR-HSE,244,265,0.0024320892989635468,1
seed_124,SR-HSE,284,266,0.002415788359940052,2
seed_124,SR-HSE,252,267,0.002381957368925214,4
seed_124,SR-HSE,132,268,0.002368121175095439,2
seed_124,SR-HSE,182,269,0.002367140259593725,2
seed_124,SR-HSE,58,270,0.0023594882804900408,10
seed_124,SR-HSE,164,271,0.0022926318924874067,2
seed_124,SR-HSE,232,272,0.0022822353057563305,2
seed_124,SR-HSE,88,273,0.002102069789543748,4
seed_124,SR-HSE,105,274,0.002100833225995302,3
seed_124,SR-HSE,256,275,0.0020815213210880756,2
seed_124,SR-HSE,191,276,0.0020412502344697714,2
seed_124,SR-HSE,230,277,0.0019953788723796606,3
seed_124,SR-HSE,119,278,0.0019931721035391092,2
seed_124,SR-HSE,291,279,0.001985261682420969,2
seed_124,SR-HSE,259,280,0.00196656072512269,2
seed_124,SR-HSE,275,281,0.0019333725795149803,2
seed_124,SR-HSE,205,282,0.0019027087837457657,3
seed_124,SR-HSE,185,283,0.001614118693396449,3
seed_124,SR-HSE,255,284,0.0015920063015073538,2
seed_124,SR-HSE,137,285,0.0015707166166976094,2
seed_124,SR-HSE,289,286,0.001492306124418974,2
seed_124,SR-HSE,186,287,0.0014894972555339336,3
seed_124,SR-HSE,98,288,0.0013620879035443068,2
seed_124,SR-HSE,241,289,0.0013113406021147966,3
seed_124,SR-HSE,68,290,0.0011997056426480412,2
seed_124,SR-HSE,141,291,0.0011987834004685283,2
seed_124,SR-HSE,188,292,0.0011980008566752076,2
seed_124,SR-HSE,253,293,0.0010382680920884013,1
seed_124,SR-HSE,265,294,0.0009356332593597472,1
seed_124,SR-HSE,285,295,0.0008712171693332493,1
seed_124,SR-HSE,266,296,0.0007099538925103843,1
seed_124,SR-HSE,272,297,0.0006868693162687123,1
seed_124,SR-HSE,277,298,0.0005844893166795373,1
seed_124,SR-HSE,240,299,0.0002552313671912998,1
seed_124,NR-AR-LBD,168,0,0.00841753650456667,79
seed_124,NR-AR-LBD,276,1,0.005193827673792839,8
seed_124,NR-AR-LBD,63,2,0.005090964492410421,51
seed_124,NR-AR-LBD,92,3,0.004993448033928871,21
seed_124,NR-AR-LBD,7,4,0.004914173390716314,33
seed_124,NR-AR-LBD,245,5,0.004879346117377281,15
seed_124,NR-AR-LBD,15,6,0.004771045874804258,26
seed_124,NR-AR-LBD,128,7,0.004702267237007618,42
seed_124,NR-AR-LBD,49,8,0.004517717752605677,17
seed_124,NR-AR-LBD,90,9,0.004414645489305258,6
seed_124,NR-AR-LBD,264,10,0.004076462704688311,3
seed_124,NR-AR-LBD,0,11,0.00406491057947278,20
seed_124,NR-AR-LBD,33,12,0.004028094932436943,17
seed_124,NR-AR-LBD,93,13,0.004019094631075859,16
seed_124,NR-AR-LBD,70,14,0.004013956058770418,27
seed_124,NR-AR-LBD,29,15,0.003985847346484661,39
seed_124,NR-AR-LBD,24,16,0.0038590780459344387,21
seed_124,NR-AR-LBD,144,17,0.003754083067178726,7
seed_124,NR-AR-LBD,140,18,0.003749371971935034,19
seed_124,NR-AR-LBD,219,19,0.0037312470376491547,16
seed_124,NR-AR-LBD,116,20,0.0036686789244413376,3
seed_124,NR-AR-LBD,22,21,0.0036332213785499334,13
seed_124,NR-AR-LBD,23,22,0.003630617633461952,30
seed_124,NR-AR-LBD,145,23,0.0036165008787065744,17
seed_124,NR-AR-LBD,10,24,0.0036141988821327686,17
seed_124,NR-AR-LBD,271,25,0.003599306335672736,3
seed_124,NR-AR-LBD,113,26,0.003593117231503129,13
seed_124,NR-AR-LBD,160,27,0.0035438011400401592,11
seed_124,NR-AR-LBD,211,28,0.0035300645977258682,13
seed_124,NR-AR-LBD,84,29,0.0035254366230219603,15
seed_124,NR-AR-LBD,233,30,0.0035067566204816103,6
seed_124,NR-AR-LBD,81,31,0.003506250213831663,19
seed_124,NR-AR-LBD,110,32,0.0034789694473147392,20
seed_124,NR-AR-LBD,62,33,0.0034711919724941254,24
seed_124,NR-AR-LBD,69,34,0.003437203820794821,8
seed_124,NR-AR-LBD,6,35,0.00342905824072659,18
seed_124,NR-AR-LBD,195,36,0.003423609770834446,11
seed_124,NR-AR-LBD,235,37,0.003324324730783701,5
seed_124,NR-AR-LBD,71,38,0.003277268959209323,11
seed_124,NR-AR-LBD,133,39,0.003269866108894348,6
seed_124,NR-AR-LBD,40,40,0.0032262057065963745,6
seed_124,NR-AR-LBD,108,41,0.003195628523826599,14
seed_124,NR-AR-LBD,18,42,0.0031887502409517765,4
seed_124,NR-AR-LBD,26,43,0.003168961266055703,4
seed_124,NR-AR-LBD,296,44,0.0031668648589402437,10
seed_124,NR-AR-LBD,200,45,0.0031371803488582373,8
seed_124,NR-AR-LBD,51,46,0.0031205813866108656,10
seed_124,NR-AR-LBD,57,47,0.0030897168908268213,9
seed_124,NR-AR-LBD,75,48,0.0030783656984567642,13
seed_124,NR-AR-LBD,46,49,0.0030768364667892456,13
seed_124,NR-AR-LBD,249,50,0.0030764814000576735,3
seed_124,NR-AR-LBD,56,51,0.0030347630381584167,17
seed_124,NR-AR-LBD,8,52,0.0030167116783559322,6
seed_124,NR-AR-LBD,146,53,0.0030095805414021015,5
seed_124,NR-AR-LBD,190,54,0.0030043793376535177,13
seed_124,NR-AR-LBD,192,55,0.0030019674450159073,3
seed_124,NR-AR-LBD,147,56,0.002994154579937458,16
seed_124,NR-AR-LBD,25,57,0.0029516906943172216,8
seed_124,NR-AR-LBD,31,58,0.002891502808779478,20
seed_124,NR-AR-LBD,74,59,0.002797083230689168,19
seed_124,NR-AR-LBD,158,60,0.002785648684948683,3
seed_124,NR-AR-LBD,99,61,0.0027755359187722206,7
seed_124,NR-AR-LBD,135,62,0.0027466118335723877,9
seed_124,NR-AR-LBD,290,63,0.0027388925664126873,10
seed_124,NR-AR-LBD,83,64,0.002736370312049985,9
seed_124,NR-AR-LBD,125,65,0.002736075082793832,3
seed_124,NR-AR-LBD,27,66,0.002721794182434678,8
seed_124,NR-AR-LBD,36,67,0.0027165282517671585,7
seed_124,NR-AR-LBD,204,68,0.0027101810555905104,7
seed_124,NR-AR-LBD,166,69,0.0027092210948467255,6
seed_124,NR-AR-LBD,178,70,0.0026996571104973555,2
seed_124,NR-AR-LBD,139,71,0.002696343930438161,12
seed_124,NR-AR-LBD,199,72,0.0026856574695557356,2
seed_124,NR-AR-LBD,38,73,0.002601365325972438,4
seed_124,NR-AR-LBD,138,74,0.0025894269347190857,3
seed_124,NR-AR-LBD,60,75,0.0025881691835820675,3
seed_124,NR-AR-LBD,79,76,0.002585776150226593,9
seed_124,NR-AR-LBD,121,77,0.002584384521469474,7
seed_124,NR-AR-LBD,231,78,0.0025483453646302223,8
seed_124,NR-AR-LBD,43,79,0.0025424142368137836,9
seed_124,NR-AR-LBD,169,80,0.00253443350084126,8
seed_124,NR-AR-LBD,136,81,0.002531199948862195,18
seed_124,NR-AR-LBD,213,82,0.002509884536266327,4
seed_124,NR-AR-LBD,273,83,0.002476639347150922,2
seed_124,NR-AR-LBD,59,84,0.002468322403728962,8
seed_124,NR-AR-LBD,21,85,0.0024629428517073393,13
seed_124,NR-AR-LBD,32,86,0.0024566524662077427,8
seed_124,NR-AR-LBD,1,87,0.002450480591505766,6
seed_124,NR-AR-LBD,123,88,0.0024390227627009153,11
seed_124,NR-AR-LBD,148,89,0.0024340818636119366,14
seed_124,NR-AR-LBD,52,90,0.002420794917270541,16
seed_124,NR-AR-LBD,126,91,0.002393246628344059,10
seed_124,NR-AR-LBD,242,92,0.0023801871575415134,6
seed_124,NR-AR-LBD,229,93,0.002370167290791869,7
seed_124,NR-AR-LBD,3,94,0.002362411003559828,6
seed_124,NR-AR-LBD,4,95,0.0023620151914656162,9
seed_124,NR-AR-LBD,111,96,0.0023587329778820276,5
seed_124,NR-AR-LBD,228,97,0.002353917807340622,4
seed_124,NR-AR-LBD,73,98,0.0023465969134122133,16
seed_124,NR-AR-LBD,189,99,0.0023328799288719893,9
seed_124,NR-AR-LBD,66,100,0.0023095819633454084,13
seed_124,NR-AR-LBD,173,101,0.002308380790054798,4
seed_124,NR-AR-LBD,218,102,0.0022788881324231625,3
seed_124,NR-AR-LBD,2,103,0.002270038239657879,14
seed_124,NR-AR-LBD,42,104,0.0022651951294392347,5
seed_124,NR-AR-LBD,193,105,0.0022410277742892504,9
seed_124,NR-AR-LBD,64,106,0.002228938741609454,7
seed_124,NR-AR-LBD,134,107,0.00222594547085464,3
seed_124,NR-AR-LBD,120,108,0.002209678990766406,5
seed_124,NR-AR-LBD,72,109,0.0021730505395680666,15
seed_124,NR-AR-LBD,37,110,0.0021506487391889095,7
seed_124,NR-AR-LBD,209,111,0.002145565813407302,7
seed_124,NR-AR-LBD,41,112,0.0021280853543430567,2
seed_124,NR-AR-LBD,58,113,0.0021168270613998175,10
seed_124,NR-AR-LBD,299,114,0.0021061322186142206,7
seed_124,NR-AR-LBD,257,115,0.0020995826926082373,8
seed_124,NR-AR-LBD,28,116,0.002077156212180853,7
seed_124,NR-AR-LBD,65,117,0.0020713219419121742,3
seed_124,NR-AR-LBD,194,118,0.0020585195161402225,3
seed_124,NR-AR-LBD,88,119,0.002058477606624365,4
seed_124,NR-AR-LBD,151,120,0.002058112993836403,2
seed_124,NR-AR-LBD,67,121,0.0020533488132059574,16
seed_124,NR-AR-LBD,107,122,0.002034083241596818,6
seed_124,NR-AR-LBD,187,123,0.0020315786823630333,3
seed_124,NR-AR-LBD,155,124,0.0020021803211420774,3
seed_124,NR-AR-LBD,103,125,0.0020013228058815002,3
seed_124,NR-AR-LBD,12,126,0.0019877348095178604,6
seed_124,NR-AR-LBD,217,127,0.001978711923584342,4
seed_124,NR-AR-LBD,241,128,0.0019613243639469147,3
seed_124,NR-AR-LBD,197,129,0.0019577420316636562,3
seed_124,NR-AR-LBD,122,130,0.0019480515038594604,6
seed_124,NR-AR-LBD,284,131,0.0019457015441730618,2
seed_124,NR-AR-LBD,105,132,0.001941890106536448,3
seed_124,NR-AR-LBD,240,133,0.0019144135294482112,1
seed_124,NR-AR-LBD,13,134,0.001914176275022328,6
seed_124,NR-AR-LBD,78,135,0.0018844890873879194,5
seed_124,NR-AR-LBD,117,136,0.0018591767875477672,7
seed_124,NR-AR-LBD,17,137,0.0018589323153719306,5
seed_124,NR-AR-LBD,34,138,0.0018587663071230054,5
seed_124,NR-AR-LBD,80,139,0.001856902614235878,8
seed_124,NR-AR-LBD,141,140,0.0018469486385583878,2
seed_124,NR-AR-LBD,102,141,0.0018431893549859524,6
seed_124,NR-AR-LBD,287,142,0.0018317026551812887,8
seed_124,NR-AR-LBD,35,143,0.0018316222121939063,4
seed_124,NR-AR-LBD,61,144,0.0018274247413501143,6
seed_124,NR-AR-LBD,19,145,0.001823949278332293,4
seed_124,NR-AR-LBD,184,146,0.0018193346913903952,7
seed_124,NR-AR-LBD,212,147,0.001802682294510305,7
seed_124,NR-AR-LBD,82,148,0.0018024675082415342,4
seed_124,NR-AR-LBD,206,149,0.0018016551621258259,4
seed_124,NR-AR-LBD,298,150,0.0018004977609962225,4
seed_124,NR-AR-LBD,215,151,0.0017866352573037148,4
seed_124,NR-AR-LBD,5,152,0.0017847635317593813,4
seed_124,NR-AR-LBD,250,153,0.0017663592007011175,4
seed_124,NR-AR-LBD,210,154,0.0017639829311519861,6
seed_124,NR-AR-LBD,292,155,0.001758323865942657,3
seed_124,NR-AR-LBD,246,156,0.0017554087098687887,3
seed_124,NR-AR-LBD,109,157,0.0017518979730084538,7
seed_124,NR-AR-LBD,175,158,0.0017508961027488112,9
seed_124,NR-AR-LBD,269,159,0.0017454586923122406,4
seed_124,NR-AR-LBD,247,160,0.0017351498827338219,4
seed_124,NR-AR-LBD,112,161,0.0017147173639386892,10
seed_124,NR-AR-LBD,225,162,0.0017136597307398915,6
seed_124,NR-AR-LBD,262,163,0.001710772281512618,3
seed_124,NR-AR-LBD,30,164,0.001710462849587202,5
seed_124,NR-AR-LBD,55,165,0.0017050494207069278,6
seed_124,NR-AR-LBD,207,166,0.0017020091181620955,2
seed_124,NR-AR-LBD,185,167,0.001690078992396593,3
seed_124,NR-AR-LBD,162,168,0.0016757582779973745,3
seed_124,NR-AR-LBD,222,169,0.001663959352299571,4
seed_124,NR-AR-LBD,39,170,0.0016636131331324577,9
seed_124,NR-AR-LBD,270,171,0.0016623693518340588,4
seed_124,NR-AR-LBD,277,172,0.001652742037549615,1
seed_124,NR-AR-LBD,86,173,0.001641164068132639,9
seed_124,NR-AR-LBD,101,174,0.001637845067307353,3
seed_124,NR-AR-LBD,205,175,0.0016334616811946034,3
seed_124,NR-AR-LBD,91,176,0.001630872953683138,6
seed_124,NR-AR-LBD,201,177,0.0016277439426630735,4
seed_124,NR-AR-LBD,94,178,0.0016026482917368412,2
seed_124,NR-AR-LBD,293,179,0.001594963250681758,3
seed_124,NR-AR-LBD,203,180,0.00159476010594517,4
seed_124,NR-AR-LBD,167,181,0.001592174987308681,6
seed_124,NR-AR-LBD,256,182,0.001584299374371767,2
seed_124,NR-AR-LBD,179,183,0.0015807164600118995,3
seed_124,NR-AR-LBD,114,184,0.001580151729285717,7
seed_124,NR-AR-LBD,16,185,0.0015775347128510475,4
seed_124,NR-AR-LBD,47,186,0.0015759875532239676,4
seed_124,NR-AR-LBD,129,187,0.00157263467554003,9
seed_124,NR-AR-LBD,150,188,0.0015442345757037401,3
seed_124,NR-AR-LBD,263,189,0.001541448524221778,6
seed_124,NR-AR-LBD,96,190,0.0015391315100714564,5
seed_124,NR-AR-LBD,182,191,0.0015349184395745397,2
seed_124,NR-AR-LBD,191,192,0.0015186610398814082,2
seed_124,NR-AR-LBD,130,193,0.0015083467587828636,4
seed_124,NR-AR-LBD,53,194,0.001506036496721208,6
seed_124,NR-AR-LBD,48,195,0.001499651581980288,7
seed_124,NR-AR-LBD,170,196,0.0014865405391901731,6
seed_124,NR-AR-LBD,253,197,0.0014818039489910007,1
seed_124,NR-AR-LBD,171,198,0.0014774949522688985,2
seed_124,NR-AR-LBD,208,199,0.0014691760297864676,3
seed_124,NR-AR-LBD,154,200,0.0014618175337091088,5
seed_124,NR-AR-LBD,44,201,0.0014606104232370853,3
seed_124,NR-AR-LBD,11,202,0.0014592703664675355,2
seed_124,NR-AR-LBD,280,203,0.0014539365656673908,3
seed_124,NR-AR-LBD,149,204,0.0014506494626402855,2
seed_124,NR-AR-LBD,115,205,0.0014438158832490444,4
seed_124,NR-AR-LBD,14,206,0.0014430447481572628,5
seed_124,NR-AR-LBD,282,207,0.0014386895345523953,3
seed_124,NR-AR-LBD,152,208,0.0014229017542675138,3
seed_124,NR-AR-LBD,267,209,0.0013989339349791408,2
seed_124,NR-AR-LBD,137,210,0.0013685618760064244,2
seed_124,NR-AR-LBD,278,211,0.0013371926033869386,2
seed_124,NR-AR-LBD,165,212,0.001334166037850082,4
seed_124,NR-AR-LBD,180,213,0.0013317841803655028,5
seed_124,NR-AR-LBD,251,214,0.0013313014060258865,3
seed_124,NR-AR-LBD,68,215,0.0013251947239041328,2
seed_124,NR-AR-LBD,76,216,0.0013076609466224909,2
seed_124,NR-AR-LBD,85,217,0.001307042664848268,3
seed_124,NR-AR-LBD,268,218,0.0012980395695194602,4
seed_124,NR-AR-LBD,236,219,0.001296752830967307,3
seed_124,NR-AR-LBD,104,220,0.0012930643279105425,4
seed_124,NR-AR-LBD,252,221,0.0012888542842119932,4
seed_124,NR-AR-LBD,87,222,0.0012810125481337309,4
seed_124,NR-AR-LBD,260,223,0.001279429066926241,5
seed_124,NR-AR-LBD,118,224,0.0012672600569203496,4
seed_124,NR-AR-LBD,50,225,0.0012621325440704823,3
seed_124,NR-AR-LBD,196,226,0.0012593823485076427,4
seed_124,NR-AR-LBD,275,227,0.001245460007339716,2
seed_124,NR-AR-LBD,183,228,0.001241518766619265,7
seed_124,NR-AR-LBD,95,229,0.001232102862559259,4
seed_124,NR-AR-LBD,177,230,0.0012150350958108902,4
seed_124,NR-AR-LBD,45,231,0.001200659666210413,8
seed_124,NR-AR-LBD,181,232,0.0012002340517938137,4
seed_124,NR-AR-LBD,100,233,0.0011886043939739466,3
seed_124,NR-AR-LBD,214,234,0.0011860327795147896,2
seed_124,NR-AR-LBD,9,235,0.0011724889045581222,3
seed_124,NR-AR-LBD,77,236,0.001162803964689374,5
seed_124,NR-AR-LBD,132,237,0.0011553006479516625,2
seed_124,NR-AR-LBD,258,238,0.0011511652264744043,3
seed_124,NR-AR-LBD,221,239,0.001140365144237876,6
seed_124,NR-AR-LBD,159,240,0.0011388757266104221,2
seed_124,NR-AR-LBD,223,241,0.0011368305422365665,2
seed_124,NR-AR-LBD,279,242,0.0011325576342642307,2
seed_124,NR-AR-LBD,174,243,0.0011300761252641678,2
seed_124,NR-AR-LBD,226,244,0.0011024611303582788,2
seed_124,NR-AR-LBD,202,245,0.0010988983558490872,3
seed_124,NR-AR-LBD,230,246,0.001091737300157547,3
seed_124,NR-AR-LBD,98,247,0.001074194791726768,2
seed_124,NR-AR-LBD,161,248,0.0010716656688600779,2
seed_124,NR-AR-LBD,283,249,0.0010637841187417507,2
seed_124,NR-AR-LBD,239,250,0.001063523581251502,3
seed_124,NR-AR-LBD,261,251,0.0010337535059079528,3
seed_124,NR-AR-LBD,157,252,0.001020363299176097,2
seed_124,NR-AR-LBD,274,253,0.0010002593044191599,2
seed_124,NR-AR-LBD,106,254,0.0009996930602937937,4
seed_124,NR-AR-LBD,164,255,0.0009945883648470044,2
seed_124,NR-AR-LBD,54,256,0.0009913144167512655,5
seed_124,NR-AR-LBD,259,257,0.000981345889158547,2
seed_124,NR-AR-LBD,188,258,0.000970230670645833,2
seed_124,NR-AR-LBD,291,259,0.0009691970772109926,2
seed_124,NR-AR-LBD,220,260,0.0009441595175303519,2
seed_124,NR-AR-LBD,119,261,0.0009398874244652689,2
seed_124,NR-AR-LBD,254,262,0.0009341122931800783,2
seed_124,NR-AR-LBD,244,263,0.0009284131811000407,1
seed_124,NR-AR-LBD,272,264,0.0009273507748730481,1
seed_124,NR-AR-LBD,248,265,0.0009209009003825486,2
seed_124,NR-AR-LBD,142,266,0.0009200414642691612,3
seed_124,NR-AR-LBD,124,267,0.0009196138707920909,4
seed_124,NR-AR-LBD,238,268,0.0009175188024528325,1
seed_124,NR-AR-LBD,297,269,0.000885065586771816,1
seed_124,NR-AR-LBD,237,270,0.0008600518922321498,2
seed_124,NR-AR-LBD,172,271,0.0008575547253713012,4
seed_124,NR-AR-LBD,176,272,0.0008569500059820712,5
seed_124,NR-AR-LBD,265,273,0.0008305254741571844,1
seed_124,NR-AR-LBD,127,274,0.000793950748629868,4
seed_124,NR-AR-LBD,20,275,0.0007747760973870754,4
seed_124,NR-AR-LBD,143,276,0.0007582111284136772,5
seed_124,NR-AR-LBD,295,277,0.0007015790906734765,2
seed_124,NR-AR-LBD,163,278,0.0006990524125285447,3
seed_124,NR-AR-LBD,198,279,0.0006803924334235489,3
seed_124,NR-AR-LBD,153,280,0.0006577377207577229,2
seed_124,NR-AR-LBD,255,281,0.0006370135815814137,2
seed_124,NR-AR-LBD,243,282,0.000627478351816535,2
seed_124,NR-AR-LBD,234,283,0.0005969206104055047,2
seed_124,NR-AR-LBD,131,284,0.0005894320784136653,2
seed_124,NR-AR-LBD,89,285,0.0005858238437213004,3
seed_124,NR-AR-LBD,97,286,0.0005771431606262922,2
seed_124,NR-AR-LBD,288,287,0.0005726172239519656,2
seed_124,NR-AR-LBD,286,288,0.0005676033906638622,2
seed_124,NR-AR-LBD,156,289,0.0005517496610991657,2
seed_124,NR-AR-LBD,266,290,0.0005408210563473403,1
seed_124,NR-AR-LBD,294,291,0.000513362349011004,2
seed_124,NR-AR-LBD,289,292,0.0004764445184264332,2
seed_124,NR-AR-LBD,232,293,0.0004607940500136465,2
seed_124,NR-AR-LBD,216,294,0.00045853230403736234,2
seed_124,NR-AR-LBD,285,295,0.0004510690050665289,1
seed_124,NR-AR-LBD,186,296,0.0003391870704945177,3
seed_124,NR-AR-LBD,227,297,0.0003243562241550535,3
seed_124,NR-AR-LBD,224,298,0.00026056828210130334,2
seed_124,NR-AR-LBD,281,299,0.00024235958699136972,1
seed_124,NR-ER,168,0,0.2733590006828308,79
seed_124,NR-ER,29,1,0.2388024777173996,39
seed_124,NR-ER,63,2,0.2363022267818451,51
seed_124,NR-ER,7,3,0.21118886768817902,33
seed_124,NR-ER,70,4,0.2031964361667633,27
seed_124,NR-ER,136,5,0.20221534371376038,18
seed_124,NR-ER,81,6,0.1971329301595688,19
seed_124,NR-ER,90,7,0.19581635296344757,6
seed_124,NR-ER,262,8,0.19561557471752167,3
seed_124,NR-ER,128,9,0.1865806132555008,42
seed_124,NR-ER,229,10,0.1845214068889618,7
seed_124,NR-ER,23,11,0.18451738357543945,30
seed_124,NR-ER,62,12,0.18362748622894287,24
seed_124,NR-ER,45,13,0.181808739900589,8
seed_124,NR-ER,99,14,0.17163625359535217,7
seed_124,NR-ER,10,15,0.1688825786113739,17
seed_124,NR-ER,198,16,0.16860803961753845,3
seed_124,NR-ER,83,17,0.16802632808685303,9
seed_124,NR-ER,31,18,0.16634230315685272,20
seed_124,NR-ER,204,19,0.16594721376895905,7
seed_124,NR-ER,140,20,0.1655198484659195,19
seed_124,NR-ER,69,21,0.16248565912246704,8
seed_124,NR-ER,126,22,0.16180859506130219,10
seed_124,NR-ER,147,23,0.16074123978614807,16
seed_124,NR-ER,165,24,0.1602582335472107,4
seed_124,NR-ER,247,25,0.15998758375644684,4
seed_124,NR-ER,37,26,0.15959924459457397,7
seed_124,NR-ER,15,27,0.15904727578163147,26
seed_124,NR-ER,56,28,0.1582353562116623,17
seed_124,NR-ER,110,29,0.15794284641742706,20
seed_124,NR-ER,93,30,0.15549704432487488,16
seed_124,NR-ER,219,31,0.15516093373298645,16
seed_124,NR-ER,2,32,0.15313108265399933,14
seed_124,NR-ER,190,33,0.1518906056880951,13
seed_124,NR-ER,108,34,0.1489981710910797,14
seed_124,NR-ER,24,35,0.14756692945957184,21
seed_124,NR-ER,185,36,0.1456233412027359,3
seed_124,NR-ER,84,37,0.14448165893554688,15
seed_124,NR-ER,75,38,0.14442767202854156,13
seed_124,NR-ER,49,39,0.1441756784915924,17
seed_124,NR-ER,113,40,0.14321747422218323,13
seed_124,NR-ER,16,41,0.14300157129764557,4
seed_124,NR-ER,92,42,0.14077305793762207,21
seed_124,NR-ER,74,43,0.14043651521205902,19
seed_124,NR-ER,39,44,0.13988818228244781,9
seed_124,NR-ER,80,45,0.13898827135562897,8
seed_124,NR-ER,51,46,0.1387501209974289,10
seed_124,NR-ER,33,47,0.1386232078075409,17
seed_124,NR-ER,53,48,0.13851720094680786,6
seed_124,NR-ER,123,49,0.1376640647649765,11
seed_124,NR-ER,55,50,0.13603061437606812,6
seed_124,NR-ER,141,51,0.1346689760684967,2
seed_124,NR-ER,178,52,0.13392744958400726,2
seed_124,NR-ER,205,53,0.13328543305397034,3
seed_124,NR-ER,246,54,0.13194914162158966,3
seed_124,NR-ER,6,55,0.13100269436836243,18
seed_124,NR-ER,66,56,0.13092882931232452,13
seed_124,NR-ER,195,57,0.13039812445640564,11
seed_124,NR-ER,4,58,0.12976069748401642,9
seed_124,NR-ER,36,59,0.12887543439865112,7
seed_124,NR-ER,235,60,0.12872707843780518,5
seed_124,NR-ER,160,61,0.12715758383274078,11
seed_124,NR-ER,46,62,0.12575556337833405,13
seed_124,NR-ER,32,63,0.12514346837997437,8
seed_124,NR-ER,287,64,0.12486376613378525,8
seed_124,NR-ER,284,65,0.12428560107946396,2
seed_124,NR-ER,54,66,0.12301406264305115,5
seed_124,NR-ER,0,67,0.12286017835140228,20
seed_124,NR-ER,181,68,0.12262329459190369,4
seed_124,NR-ER,130,69,0.12223918735980988,4
seed_124,NR-ER,290,70,0.12139353901147842,10
seed_124,NR-ER,21,71,0.1213766485452652,13
seed_124,NR-ER,245,72,0.12108805775642395,15
seed_124,NR-ER,52,73,0.12077916413545609,16
seed_124,NR-ER,243,74,0.12035074830055237,2
seed_124,NR-ER,120,75,0.11998084932565689,5
seed_124,NR-ER,28,76,0.11978449672460556,7
seed_124,NR-ER,257,77,0.1190648227930069,8
seed_124,NR-ER,102,78,0.11860890686511993,6
seed_124,NR-ER,148,79,0.11829928308725357,14
seed_124,NR-ER,173,80,0.11804748326539993,4
seed_124,NR-ER,77,81,0.11462973803281784,5
seed_124,NR-ER,203,82,0.11376575380563736,4
seed_124,NR-ER,67,83,0.11288668215274811,16
seed_124,NR-ER,189,84,0.1121373176574707,9
seed_124,NR-ER,166,85,0.11186853051185608,6
seed_124,NR-ER,124,86,0.11171136051416397,4
seed_124,NR-ER,133,87,0.10948055237531662,6
seed_124,NR-ER,98,88,0.10880658775568008,2
seed_124,NR-ER,167,89,0.10806252062320709,6
seed_124,NR-ER,131,90,0.10657013207674026,2
seed_124,NR-ER,183,91,0.10650501400232315,7
seed_124,NR-ER,27,92,0.10622655600309372,8
seed_124,NR-ER,296,93,0.10566961765289307,10
seed_124,NR-ER,199,94,0.10465756058692932,2
seed_124,NR-ER,58,95,0.10461047291755676,10
seed_124,NR-ER,13,96,0.10360641032457352,6
seed_124,NR-ER,143,97,0.10352496057748795,5
seed_124,NR-ER,145,98,0.10283254086971283,17
seed_124,NR-ER,200,99,0.10263217985630035,8
seed_124,NR-ER,43,100,0.10182327777147293,9
seed_124,NR-ER,225,101,0.1017511785030365,6
seed_124,NR-ER,196,102,0.10163653641939163,4
seed_124,NR-ER,57,103,0.10153382271528244,9
seed_124,NR-ER,298,104,0.10073897987604141,4
seed_124,NR-ER,253,105,0.100614994764328,1
seed_124,NR-ER,5,106,0.09967410564422607,4
seed_124,NR-ER,104,107,0.09948510676622391,4
seed_124,NR-ER,169,108,0.09937061369419098,8
seed_124,NR-ER,175,109,0.09929677844047546,9
seed_124,NR-ER,59,110,0.09837891906499863,8
seed_124,NR-ER,78,111,0.09835407137870789,5
seed_124,NR-ER,107,112,0.09755092859268188,6
seed_124,NR-ER,144,113,0.09744104743003845,7
seed_124,NR-ER,71,114,0.09702945500612259,11
seed_124,NR-ER,293,115,0.09697286039590836,3
seed_124,NR-ER,112,116,0.09694764763116837,10
seed_124,NR-ER,64,117,0.09608963131904602,7
seed_124,NR-ER,35,118,0.0959114357829094,4
seed_124,NR-ER,269,119,0.09567715972661972,4
seed_124,NR-ER,211,120,0.0955677404999733,13
seed_124,NR-ER,231,121,0.09534846991300583,8
seed_124,NR-ER,25,122,0.09394526481628418,8
seed_124,NR-ER,73,123,0.09280671179294586,16
seed_124,NR-ER,212,124,0.09263674914836884,7
seed_124,NR-ER,261,125,0.0920751541852951,3
seed_124,NR-ER,184,126,0.09144929051399231,7
seed_124,NR-ER,117,127,0.09072603285312653,7
seed_124,NR-ER,135,128,0.09066256135702133,9
seed_124,NR-ER,60,129,0.09045792371034622,3
seed_124,NR-ER,1,130,0.09004534035921097,6
seed_124,NR-ER,127,131,0.09001705050468445,4
seed_124,NR-ER,72,132,0.0899927169084549,15
seed_124,NR-ER,177,133,0.0899156779050827,4
seed_124,NR-ER,14,134,0.08902057260274887,5
seed_124,NR-ER,105,135,0.08765941113233566,3
seed_124,NR-ER,236,136,0.08765383064746857,3
seed_124,NR-ER,44,137,0.08676566183567047,3
seed_124,NR-ER,86,138,0.0866289809346199,9
seed_124,NR-ER,134,139,0.08626709878444672,3
seed_124,NR-ER,276,140,0.08589907735586166,8
seed_124,NR-ER,202,141,0.08576692640781403,3
seed_124,NR-ER,139,142,0.08561022579669952,12
seed_124,NR-ER,207,143,0.08501268923282623,2
seed_124,NR-ER,129,144,0.08477368205785751,9
seed_124,NR-ER,193,145,0.08456624299287796,9
seed_124,NR-ER,279,146,0.08415109664201736,2
seed_124,NR-ER,138,147,0.08410044014453888,3
seed_124,NR-ER,230,148,0.08379319310188293,3
seed_124,NR-ER,85,149,0.08309981226921082,3
seed_124,NR-ER,286,150,0.08263123035430908,2
seed_124,NR-ER,263,151,0.08221301436424255,6
seed_124,NR-ER,242,152,0.08217383921146393,6
seed_124,NR-ER,122,153,0.08207957446575165,6
seed_124,NR-ER,223,154,0.08183841407299042,2
seed_124,NR-ER,163,155,0.08154372870922089,3
seed_124,NR-ER,222,156,0.0814456045627594,4
seed_124,NR-ER,273,157,0.08136917650699615,2
seed_124,NR-ER,154,158,0.08135586231946945,5
seed_124,NR-ER,237,159,0.08125408738851547,2
seed_124,NR-ER,294,160,0.07945577800273895,2
seed_124,NR-ER,17,161,0.07917153090238571,5
seed_124,NR-ER,197,162,0.07871377468109131,3
seed_124,NR-ER,47,163,0.07845897972583771,4
seed_124,NR-ER,171,164,0.07804582267999649,2
seed_124,NR-ER,116,165,0.0780409649014473,3
seed_124,NR-ER,210,166,0.07803329080343246,6
seed_124,NR-ER,255,167,0.07607977837324142,2
seed_124,NR-ER,216,168,0.07596994936466217,2
seed_124,NR-ER,226,169,0.075823113322258,2
seed_124,NR-ER,153,170,0.07580267637968063,2
seed_124,NR-ER,3,171,0.07573927193880081,6
seed_124,NR-ER,209,172,0.0754711851477623,7
seed_124,NR-ER,11,173,0.0753832682967186,2
seed_124,NR-ER,288,174,0.07535482197999954,2
seed_124,NR-ER,42,175,0.07457953691482544,5
seed_124,NR-ER,30,176,0.07417825609445572,5
seed_124,NR-ER,176,177,0.07397645711898804,5
seed_124,NR-ER,22,178,0.07396052032709122,13
seed_124,NR-ER,18,179,0.07375623285770416,4
seed_124,NR-ER,149,180,0.0734376311302185,2
seed_124,NR-ER,137,181,0.07266297191381454,2
seed_124,NR-ER,179,182,0.07262112945318222,3
seed_124,NR-ER,40,183,0.07237952947616577,6
seed_124,NR-ER,121,184,0.0721648633480072,7
seed_124,NR-ER,161,185,0.0720762088894844,2
seed_124,NR-ER,88,186,0.07195886969566345,4
seed_124,NR-ER,50,187,0.07134809345006943,3
seed_124,NR-ER,48,188,0.07102646678686142,7
seed_124,NR-ER,96,189,0.0710132047533989,5
seed_124,NR-ER,109,190,0.07025328278541565,7
seed_124,NR-ER,115,191,0.07009159028530121,4
seed_124,NR-ER,65,192,0.06946884840726852,3
seed_124,NR-ER,12,193,0.06941433995962143,6
seed_124,NR-ER,282,194,0.06832721084356308,3
seed_124,NR-ER,215,195,0.06821699440479279,4
seed_124,NR-ER,111,196,0.0680820420384407,5
seed_124,NR-ER,170,197,0.06773710995912552,6
seed_124,NR-ER,8,198,0.06630247086286545,6
seed_124,NR-ER,192,199,0.06597749143838882,3
seed_124,NR-ER,272,200,0.06564934551715851,1
seed_124,NR-ER,233,201,0.06533371657133102,6
seed_124,NR-ER,239,202,0.0650152862071991,3
seed_124,NR-ER,34,203,0.0649321973323822,5
seed_124,NR-ER,232,204,0.06483688205480576,2
seed_124,NR-ER,162,205,0.06405048072338104,3
seed_124,NR-ER,188,206,0.06396728754043579,2
seed_124,NR-ER,100,207,0.06386278569698334,3
seed_124,NR-ER,61,208,0.06374023854732513,6
seed_124,NR-ER,79,209,0.0635615885257721,9
seed_124,NR-ER,266,210,0.06331454962491989,1
seed_124,NR-ER,114,211,0.06318438053131104,7
seed_124,NR-ER,142,212,0.06287926435470581,3
seed_124,NR-ER,265,213,0.06218298152089119,1
seed_124,NR-ER,150,214,0.062173813581466675,3
seed_124,NR-ER,271,215,0.0618402324616909,3
seed_124,NR-ER,299,216,0.06109684333205223,7
seed_124,NR-ER,125,217,0.06098505109548569,3
seed_124,NR-ER,91,218,0.06063243746757507,6
seed_124,NR-ER,172,219,0.0602533183991909,4
seed_124,NR-ER,194,220,0.060235824435949326,3
seed_124,NR-ER,174,221,0.06012731418013573,2
seed_124,NR-ER,206,222,0.059813208878040314,4
seed_124,NR-ER,213,223,0.05970152094960213,4
seed_124,NR-ER,180,224,0.059022556990385056,5
seed_124,NR-ER,268,225,0.05847393348813057,4
seed_124,NR-ER,82,226,0.05784850940108299,4
seed_124,NR-ER,227,227,0.057165052741765976,3
seed_124,NR-ER,283,228,0.056730035692453384,2
seed_124,NR-ER,89,229,0.056502729654312134,3
seed_124,NR-ER,106,230,0.05650237202644348,4
seed_124,NR-ER,41,231,0.056223802268505096,2
seed_124,NR-ER,220,232,0.055106692016124725,2
seed_124,NR-ER,201,233,0.05501300096511841,4
seed_124,NR-ER,158,234,0.05500860512256622,3
seed_124,NR-ER,259,235,0.05452772229909897,2
seed_124,NR-ER,221,236,0.054524585604667664,6
seed_124,NR-ER,97,237,0.05421622097492218,2
seed_124,NR-ER,252,238,0.0539083257317543,4
seed_124,NR-ER,260,239,0.05368991568684578,5
seed_124,NR-ER,218,240,0.05363454669713974,3
seed_124,NR-ER,164,241,0.05363130569458008,2
seed_124,NR-ER,101,242,0.05323348194360733,3
seed_124,NR-ER,152,243,0.052456844598054886,3
seed_124,NR-ER,240,244,0.052364278584718704,1
seed_124,NR-ER,250,245,0.052200302481651306,4
seed_124,NR-ER,258,246,0.05193336308002472,3
seed_124,NR-ER,20,247,0.051328208297491074,4
seed_124,NR-ER,291,248,0.050680194050073624,2
seed_124,NR-ER,224,249,0.05056136101484299,2
seed_124,NR-ER,295,250,0.04892438277602196,2
seed_124,NR-ER,234,251,0.04887322708964348,2
seed_124,NR-ER,87,252,0.04826715961098671,4
seed_124,NR-ER,217,253,0.047007862478494644,4
seed_124,NR-ER,228,254,0.046774476766586304,4
seed_124,NR-ER,270,255,0.0454159751534462,4
seed_124,NR-ER,267,256,0.04525911062955856,2
seed_124,NR-ER,146,257,0.04475712776184082,5
seed_124,NR-ER,248,258,0.04466160386800766,2
seed_124,NR-ER,155,259,0.04455338418483734,3
seed_124,NR-ER,256,260,0.044523339718580246,2
seed_124,NR-ER,186,261,0.04422607645392418,3
seed_124,NR-ER,68,262,0.04376339539885521,2
seed_124,NR-ER,118,263,0.04257276654243469,4
seed_124,NR-ER,289,264,0.04121382534503937,2
seed_124,NR-ER,191,265,0.04027596488595009,2
seed_124,NR-ER,95,266,0.03999118506908417,4
seed_124,NR-ER,26,267,0.03967410326004028,4
seed_124,NR-ER,119,268,0.039439599961042404,2
seed_124,NR-ER,38,269,0.038578614592552185,4
seed_124,NR-ER,132,270,0.03710586950182915,2
seed_124,NR-ER,157,271,0.03690880164504051,2
seed_124,NR-ER,238,272,0.036674194037914276,1
seed_124,NR-ER,9,273,0.03646545112133026,3
seed_124,NR-ER,76,274,0.03641684353351593,2
seed_124,NR-ER,214,275,0.03641609102487564,2
seed_124,NR-ER,277,276,0.03630955517292023,1
seed_124,NR-ER,187,277,0.03528457134962082,3
seed_124,NR-ER,156,278,0.03518696501851082,2
seed_124,NR-ER,254,279,0.03472524136304855,2
seed_124,NR-ER,264,280,0.03446076810359955,3
seed_124,NR-ER,241,281,0.03396686166524887,3
seed_124,NR-ER,292,282,0.033921174705028534,3
seed_124,NR-ER,278,283,0.032575588673353195,2
seed_124,NR-ER,274,284,0.031906645745038986,2
seed_124,NR-ER,19,285,0.031808752566576004,4
seed_124,NR-ER,249,286,0.029321422800421715,3
seed_124,NR-ER,208,287,0.02688094973564148,3
seed_124,NR-ER,103,288,0.026060111820697784,3
seed_124,NR-ER,151,289,0.023490332067012787,2
seed_124,NR-ER,251,290,0.022275496274232864,3
seed_124,NR-ER,275,291,0.021572735160589218,2
seed_124,NR-ER,182,292,0.020141569897532463,2
seed_124,NR-ER,159,293,0.02000545524060726,2
seed_124,NR-ER,285,294,0.018263736739754677,1
seed_124,NR-ER,280,295,0.01785380020737648,3
seed_124,NR-ER,297,296,0.01474163681268692,1
seed_124,NR-ER,94,297,0.01396507490426302,2
seed_124,NR-ER,281,298,0.012862113304436207,1
seed_124,NR-ER,244,299,0.010691906325519085,1
seed_124,SR-ARE,168,0,0.07432285696268082,79
seed_124,SR-ARE,63,1,0.05532318353652954,51
seed_124,SR-ARE,23,2,0.051985789090394974,30
seed_124,SR-ARE,128,3,0.05182696133852005,42
seed_124,SR-ARE,15,4,0.05075209215283394,26
seed_124,SR-ARE,145,5,0.04472745209932327,17
seed_124,SR-ARE,86,6,0.0446932353079319,9
seed_124,SR-ARE,147,7,0.0435674749314785,16
seed_124,SR-ARE,244,8,0.04347999766469002,1
seed_124,SR-ARE,110,9,0.043231744319200516,20
seed_124,SR-ARE,24,10,0.04293888807296753,21
seed_124,SR-ARE,29,11,0.04196576401591301,39
seed_124,SR-ARE,28,12,0.0416661761701107,7
seed_124,SR-ARE,49,13,0.04091427102684975,17
seed_124,SR-ARE,75,14,0.040527209639549255,13
seed_124,SR-ARE,93,15,0.03938118740916252,16
seed_124,SR-ARE,140,16,0.03867596760392189,19
seed_124,SR-ARE,81,17,0.03836318477988243,19
seed_124,SR-ARE,21,18,0.03720075264573097,13
seed_124,SR-ARE,92,19,0.03703495115041733,21
seed_124,SR-ARE,31,20,0.036865826696157455,20
seed_124,SR-ARE,219,21,0.036097072064876556,16
seed_124,SR-ARE,10,22,0.03545898571610451,17
seed_124,SR-ARE,136,23,0.03529444709420204,18
seed_124,SR-ARE,266,24,0.035259295254945755,1
seed_124,SR-ARE,249,25,0.035223595798015594,3
seed_124,SR-ARE,62,26,0.03511689603328705,24
seed_124,SR-ARE,7,27,0.034831512719392776,33
seed_124,SR-ARE,83,28,0.034489553421735764,9
seed_124,SR-ARE,64,29,0.034230977296829224,7
seed_124,SR-ARE,70,30,0.03381066769361496,27
seed_124,SR-ARE,67,31,0.03367309272289276,16
seed_124,SR-ARE,56,32,0.03340708836913109,17
seed_124,SR-ARE,53,33,0.031527865678071976,6
seed_124,SR-ARE,74,34,0.031245892867445946,19
seed_124,SR-ARE,242,35,0.03114411048591137,6
seed_124,SR-ARE,54,36,0.031125927343964577,5
seed_124,SR-ARE,84,37,0.03088640794157982,15
seed_124,SR-ARE,169,38,0.03081192821264267,8
seed_124,SR-ARE,6,39,0.030650343745946884,18
seed_124,SR-ARE,195,40,0.03060009330511093,11
seed_124,SR-ARE,173,41,0.03057645447552204,4
seed_124,SR-ARE,160,42,0.030545875430107117,11
seed_124,SR-ARE,167,43,0.03024081513285637,6
seed_124,SR-ARE,33,44,0.030172597616910934,17
seed_124,SR-ARE,22,45,0.02985202521085739,13
seed_124,SR-ARE,45,46,0.029832763597369194,8
seed_124,SR-ARE,207,47,0.02971065416932106,2
seed_124,SR-ARE,298,48,0.029647741466760635,4
seed_124,SR-ARE,0,49,0.029615964740514755,20
seed_124,SR-ARE,209,50,0.029440058395266533,7
seed_124,SR-ARE,276,51,0.02919747494161129,8
seed_124,SR-ARE,118,52,0.02913733944296837,4
seed_124,SR-ARE,39,53,0.029113322496414185,9
seed_124,SR-ARE,245,54,0.02881643921136856,15
seed_124,SR-ARE,2,55,0.02863067202270031,14
seed_124,SR-ARE,17,56,0.028609292581677437,5
seed_124,SR-ARE,38,57,0.02851029485464096,4
seed_124,SR-ARE,25,58,0.02842351794242859,8
seed_124,SR-ARE,203,59,0.02817552164196968,4
seed_124,SR-ARE,43,60,0.028128666803240776,9
seed_124,SR-ARE,156,61,0.028039835393428802,2
seed_124,SR-ARE,228,62,0.027949128299951553,4
seed_124,SR-ARE,296,63,0.027233825996518135,10
seed_124,SR-ARE,143,64,0.027174627408385277,5
seed_124,SR-ARE,283,65,0.02707156352698803,2
seed_124,SR-ARE,121,66,0.02697650156915188,7
seed_124,SR-ARE,271,67,0.026951469480991364,3
seed_124,SR-ARE,190,68,0.026851724833250046,13
seed_124,SR-ARE,51,69,0.02679269015789032,10
seed_124,SR-ARE,20,70,0.026709191501140594,4
seed_124,SR-ARE,127,71,0.02663888782262802,4
seed_124,SR-ARE,241,72,0.026420844718813896,3
seed_124,SR-ARE,262,73,0.026390571147203445,3
seed_124,SR-ARE,73,74,0.02619490772485733,16
seed_124,SR-ARE,113,75,0.026097649708390236,13
seed_124,SR-ARE,46,76,0.026071639731526375,13
seed_124,SR-ARE,290,77,0.025927426293492317,10
seed_124,SR-ARE,16,78,0.025566183030605316,4
seed_124,SR-ARE,200,79,0.025518840178847313,8
seed_124,SR-ARE,137,80,0.025422777980566025,2
seed_124,SR-ARE,55,81,0.025363825261592865,6
seed_124,SR-ARE,267,82,0.02533406764268875,2
seed_124,SR-ARE,148,83,0.025188539177179337,14
seed_124,SR-ARE,57,84,0.025132054463028908,9
seed_124,SR-ARE,8,85,0.024816647171974182,6
seed_124,SR-ARE,206,86,0.024803239852190018,4
seed_124,SR-ARE,211,87,0.02472788468003273,13
seed_124,SR-ARE,155,88,0.024469202384352684,3
seed_124,SR-ARE,80,89,0.024448169395327568,8
seed_124,SR-ARE,150,90,0.024324683472514153,3
seed_124,SR-ARE,37,91,0.023958763107657433,7
seed_124,SR-ARE,97,92,0.02392074093222618,2
seed_124,SR-ARE,197,93,0.023874912410974503,3
seed_124,SR-ARE,32,94,0.02387186698615551,8
seed_124,SR-ARE,112,95,0.023776499554514885,10
seed_124,SR-ARE,165,96,0.023685630410909653,4
seed_124,SR-ARE,135,97,0.023663649335503578,9
seed_124,SR-ARE,34,98,0.0236128531396389,5
seed_124,SR-ARE,98,99,0.02337103895843029,2
seed_124,SR-ARE,27,100,0.023366734385490417,8
seed_124,SR-ARE,270,101,0.023197943344712257,4
seed_124,SR-ARE,114,102,0.02313154563307762,7
seed_124,SR-ARE,108,103,0.023037513718008995,14
seed_124,SR-ARE,227,104,0.022966811433434486,3
seed_124,SR-ARE,3,105,0.02285589650273323,6
seed_124,SR-ARE,132,106,0.022769059985876083,2
seed_124,SR-ARE,18,107,0.02275128662586212,4
seed_124,SR-ARE,116,108,0.022701578214764595,3
seed_124,SR-ARE,123,109,0.022615935653448105,11
seed_124,SR-ARE,13,110,0.02239111065864563,6
seed_124,SR-ARE,71,111,0.02233763411641121,11
seed_124,SR-ARE,87,112,0.022321678698062897,4
seed_124,SR-ARE,178,113,0.022296974435448647,2
seed_124,SR-ARE,193,114,0.022291235625743866,9
seed_124,SR-ARE,205,115,0.02225388027727604,3
seed_124,SR-ARE,299,116,0.022184785455465317,7
seed_124,SR-ARE,72,117,0.02207893133163452,15
seed_124,SR-ARE,278,118,0.021637946367263794,2
seed_124,SR-ARE,181,119,0.02162978984415531,4
seed_124,SR-ARE,129,120,0.0215913038700819,9
seed_124,SR-ARE,12,121,0.021528704091906548,6
seed_124,SR-ARE,175,122,0.02149359881877899,9
seed_124,SR-ARE,225,123,0.021465661004185677,6
seed_124,SR-ARE,210,124,0.02144048735499382,6
seed_124,SR-ARE,149,125,0.02143515832722187,2
seed_124,SR-ARE,125,126,0.021369175985455513,3
seed_124,SR-ARE,183,127,0.02127128466963768,7
seed_124,SR-ARE,139,128,0.021246207877993584,12
seed_124,SR-ARE,50,129,0.021216528490185738,3
seed_124,SR-ARE,236,130,0.021185602992773056,3
seed_124,SR-ARE,264,131,0.020980143919587135,3
seed_124,SR-ARE,176,132,0.02091093733906746,5
seed_124,SR-ARE,231,133,0.020753219723701477,8
seed_124,SR-ARE,196,134,0.020742641761898994,4
seed_124,SR-ARE,162,135,0.020624129101634026,3
seed_124,SR-ARE,4,136,0.020448846742510796,9
seed_124,SR-ARE,133,137,0.020425474271178246,6
seed_124,SR-ARE,146,138,0.02022162452340126,5
seed_124,SR-ARE,103,139,0.02021912671625614,3
seed_124,SR-ARE,184,140,0.020213961601257324,7
seed_124,SR-ARE,189,141,0.020176315680146217,9
seed_124,SR-ARE,144,142,0.02011157013475895,7
seed_124,SR-ARE,79,143,0.019845109432935715,9
seed_124,SR-ARE,233,144,0.01975700445473194,6
seed_124,SR-ARE,105,145,0.01974855177104473,3
seed_124,SR-ARE,52,146,0.019656803458929062,16
seed_124,SR-ARE,66,147,0.019612275063991547,13
seed_124,SR-ARE,91,148,0.019500598311424255,6
seed_124,SR-ARE,126,149,0.019291339442133904,10
seed_124,SR-ARE,122,150,0.019263435155153275,6
seed_124,SR-ARE,257,151,0.019191106781363487,8
seed_124,SR-ARE,153,152,0.01906922087073326,2
seed_124,SR-ARE,204,153,0.019045665860176086,7
seed_124,SR-ARE,226,154,0.018937114626169205,2
seed_124,SR-ARE,102,155,0.018932415172457695,6
seed_124,SR-ARE,198,156,0.018915429711341858,3
seed_124,SR-ARE,221,157,0.018639199435710907,6
seed_124,SR-ARE,36,158,0.01853293366730213,7
seed_124,SR-ARE,40,159,0.018468758091330528,6
seed_124,SR-ARE,284,160,0.01834722049534321,2
seed_124,SR-ARE,142,161,0.01825735718011856,3
seed_124,SR-ARE,251,162,0.018203116953372955,3
seed_124,SR-ARE,107,163,0.018153196200728416,6
seed_124,SR-ARE,78,164,0.01811610721051693,5
seed_124,SR-ARE,9,165,0.01803196407854557,3
seed_124,SR-ARE,216,166,0.018009159713983536,2
seed_124,SR-ARE,68,167,0.017928849905729294,2
seed_124,SR-ARE,124,168,0.017865143716335297,4
seed_124,SR-ARE,212,169,0.017846452072262764,7
seed_124,SR-ARE,120,170,0.01753733865916729,5
seed_124,SR-ARE,289,171,0.017505675554275513,2
seed_124,SR-ARE,250,172,0.01742134429514408,4
seed_124,SR-ARE,82,173,0.017378540709614754,4
seed_124,SR-ARE,166,174,0.017248449847102165,6
seed_124,SR-ARE,111,175,0.017236797139048576,5
seed_124,SR-ARE,130,176,0.017203250899910927,4
seed_124,SR-ARE,30,177,0.017166171222925186,5
seed_124,SR-ARE,194,178,0.0171208418905735,3
seed_124,SR-ARE,170,179,0.01705976389348507,6
seed_124,SR-ARE,274,180,0.016982901841402054,2
seed_124,SR-ARE,115,181,0.016918877139687538,4
seed_124,SR-ARE,288,182,0.01690085418522358,2
seed_124,SR-ARE,217,183,0.01682130992412567,4
seed_124,SR-ARE,191,184,0.016740214079618454,2
seed_124,SR-ARE,256,185,0.016733858734369278,2
seed_124,SR-ARE,229,186,0.016724538058042526,7
seed_124,SR-ARE,287,187,0.01666277088224888,8
seed_124,SR-ARE,90,188,0.01665230095386505,6
seed_124,SR-ARE,58,189,0.016521017998456955,10
seed_124,SR-ARE,187,190,0.016334662213921547,3
seed_124,SR-ARE,69,191,0.01629166305065155,8
seed_124,SR-ARE,215,192,0.01620231196284294,4
seed_124,SR-ARE,253,193,0.016078466549515724,1
seed_124,SR-ARE,109,194,0.01603814586997032,7
seed_124,SR-ARE,134,195,0.01592477783560753,3
seed_124,SR-ARE,77,196,0.015773039311170578,5
seed_124,SR-ARE,101,197,0.015739915892481804,3
seed_124,SR-ARE,280,198,0.015605222433805466,3
seed_124,SR-ARE,48,199,0.015565033070743084,7
seed_124,SR-ARE,247,200,0.015505373477935791,4
seed_124,SR-ARE,234,201,0.015453886240720749,2
seed_124,SR-ARE,99,202,0.015419943258166313,7
seed_124,SR-ARE,177,203,0.015341533347964287,4
seed_124,SR-ARE,182,204,0.015337048098444939,2
seed_124,SR-ARE,47,205,0.015218228101730347,4
seed_124,SR-ARE,218,206,0.015208897180855274,3
seed_124,SR-ARE,42,207,0.015192036516964436,5
seed_124,SR-ARE,275,208,0.015165437944233418,2
seed_124,SR-ARE,163,209,0.015105301514267921,3
seed_124,SR-ARE,235,210,0.015057122334837914,5
seed_124,SR-ARE,89,211,0.01499261800199747,3
seed_124,SR-ARE,282,212,0.014710508286952972,3
seed_124,SR-ARE,61,213,0.01467165071517229,6
seed_124,SR-ARE,202,214,0.01458190567791462,3
seed_124,SR-ARE,291,215,0.014486060477793217,2
seed_124,SR-ARE,35,216,0.014426390640437603,4
seed_124,SR-ARE,179,217,0.01430172473192215,3
seed_124,SR-ARE,186,218,0.014137607999145985,3
seed_124,SR-ARE,11,219,0.01407006848603487,2
seed_124,SR-ARE,172,220,0.014057097025215626,4
seed_124,SR-ARE,161,221,0.01403437927365303,2
seed_124,SR-ARE,158,222,0.013950870372354984,3
seed_124,SR-ARE,1,223,0.013950208202004433,6
seed_124,SR-ARE,59,224,0.013937433250248432,8
seed_124,SR-ARE,208,225,0.013936095871031284,3
seed_124,SR-ARE,164,226,0.013845722191035748,2
seed_124,SR-ARE,223,227,0.013680274598300457,2
seed_124,SR-ARE,222,228,0.013575341552495956,4
seed_124,SR-ARE,14,229,0.013561713509261608,5
seed_124,SR-ARE,293,230,0.013514656573534012,3
seed_124,SR-ARE,152,231,0.013479447923600674,3
seed_124,SR-ARE,213,232,0.013401195406913757,4
seed_124,SR-ARE,292,233,0.013320574536919594,3
seed_124,SR-ARE,214,234,0.013284589163959026,2
seed_124,SR-ARE,151,235,0.013035126961767673,2
seed_124,SR-ARE,117,236,0.013017669320106506,7
seed_124,SR-ARE,192,237,0.012949366122484207,3
seed_124,SR-ARE,26,238,0.012774468399584293,4
seed_124,SR-ARE,185,239,0.012759397737681866,3
seed_124,SR-ARE,94,240,0.012649529613554478,2
seed_124,SR-ARE,243,241,0.012582806870341301,2
seed_124,SR-ARE,240,242,0.012267328798770905,1
seed_124,SR-ARE,269,243,0.012116962112486362,4
seed_124,SR-ARE,159,244,0.01203672494739294,2
seed_124,SR-ARE,104,245,0.012004517018795013,4
seed_124,SR-ARE,286,246,0.011805344372987747,2
seed_124,SR-ARE,260,247,0.011743002571165562,5
seed_124,SR-ARE,95,248,0.011700611561536789,4
seed_124,SR-ARE,154,249,0.011503268964588642,5
seed_124,SR-ARE,85,250,0.011431695893406868,3
seed_124,SR-ARE,199,251,0.011375165544450283,2
seed_124,SR-ARE,246,252,0.011275527998805046,3
seed_124,SR-ARE,100,253,0.011269694194197655,3
seed_124,SR-ARE,224,254,0.0110675860196352,2
seed_124,SR-ARE,263,255,0.011061221361160278,6
seed_124,SR-ARE,273,256,0.010692568495869637,2
seed_124,SR-ARE,277,257,0.01066358108073473,1
seed_124,SR-ARE,19,258,0.010637780651450157,4
seed_124,SR-ARE,180,259,0.010448289103806019,5
seed_124,SR-ARE,141,260,0.010435320436954498,2
seed_124,SR-ARE,297,261,0.010420208796858788,1
seed_124,SR-ARE,265,262,0.010034492239356041,1
seed_124,SR-ARE,230,263,0.009986895136535168,3
seed_124,SR-ARE,96,264,0.009962056763470173,5
seed_124,SR-ARE,268,265,0.009656892158091068,4
seed_124,SR-ARE,258,266,0.009546240791678429,3
seed_124,SR-ARE,5,267,0.009413107298314571,4
seed_124,SR-ARE,232,268,0.009387674741446972,2
seed_124,SR-ARE,279,269,0.009301387704908848,2
seed_124,SR-ARE,295,270,0.008959964849054813,2
seed_124,SR-ARE,65,271,0.008925816975533962,3
seed_124,SR-ARE,138,272,0.008845370262861252,3
seed_124,SR-ARE,239,273,0.008819312788546085,3
seed_124,SR-ARE,261,274,0.008598304353654385,3
seed_124,SR-ARE,201,275,0.00855475477874279,4
seed_124,SR-ARE,131,276,0.008211296983063221,2
seed_124,SR-ARE,60,277,0.00790276750922203,3
seed_124,SR-ARE,252,278,0.007869401015341282,4
seed_124,SR-ARE,220,279,0.007737793959677219,2
seed_124,SR-ARE,119,280,0.007354313042014837,2
seed_124,SR-ARE,238,281,0.007246233057230711,1
seed_124,SR-ARE,88,282,0.007103575859218836,4
seed_124,SR-ARE,285,283,0.007034623064100742,1
seed_124,SR-ARE,44,284,0.007010177709162235,3
seed_124,SR-ARE,248,285,0.006963727995753288,2
seed_124,SR-ARE,106,286,0.006942637264728546,4
seed_124,SR-ARE,157,287,0.0069423881359398365,2
seed_124,SR-ARE,272,288,0.006508168764412403,1
seed_124,SR-ARE,259,289,0.006332531571388245,2
seed_124,SR-ARE,255,290,0.0059114061295986176,2
seed_124,SR-ARE,174,291,0.005868456792086363,2
seed_124,SR-ARE,41,292,0.005394700914621353,2
seed_124,SR-ARE,171,293,0.0051185935735702515,2
seed_124,SR-ARE,237,294,0.004661670420318842,2
seed_124,SR-ARE,294,295,0.004151095170527697,2
seed_124,SR-ARE,254,296,0.003872751025483012,2
seed_124,SR-ARE,281,297,0.0035886960104107857,1
seed_124,SR-ARE,188,298,0.0034049530513584614,2
seed_124,SR-ARE,76,299,0.0024847914464771748,2
seed_124,SR-MMP,63,0,0.07732518017292023,51
seed_124,SR-MMP,168,1,0.07442615181207657,79
seed_124,SR-MMP,136,2,0.061326537281274796,18
seed_124,SR-MMP,23,3,0.0537102147936821,30
seed_124,SR-MMP,5,4,0.05336303263902664,4
seed_124,SR-MMP,7,5,0.05291549116373062,33
seed_124,SR-MMP,128,6,0.05262459069490433,42
seed_124,SR-MMP,29,7,0.050467249006032944,39
seed_124,SR-MMP,113,8,0.050096698105335236,13
seed_124,SR-MMP,110,9,0.049447961151599884,20
seed_124,SR-MMP,15,10,0.049083173274993896,26
seed_124,SR-MMP,74,11,0.0488775335252285,19
seed_124,SR-MMP,211,12,0.04842432960867882,13
seed_124,SR-MMP,172,13,0.04530532285571098,4
seed_124,SR-MMP,219,14,0.04506199434399605,16
seed_124,SR-MMP,70,15,0.04460819438099861,27
seed_124,SR-MMP,21,16,0.04422233626246452,13
seed_124,SR-MMP,121,17,0.04367256537079811,7
seed_124,SR-MMP,2,18,0.04354424029588699,14
seed_124,SR-MMP,123,19,0.042651426047086716,11
seed_124,SR-MMP,51,20,0.0409444235265255,10
seed_124,SR-MMP,67,21,0.04054500162601471,16
seed_124,SR-MMP,81,22,0.04046943411231041,19
seed_124,SR-MMP,92,23,0.03981102630496025,21
seed_124,SR-MMP,233,24,0.039590492844581604,6
seed_124,SR-MMP,147,25,0.0395129956305027,16
seed_124,SR-MMP,245,26,0.03947679325938225,15
seed_124,SR-MMP,62,27,0.039297278970479965,24
seed_124,SR-MMP,195,28,0.03869795426726341,11
seed_124,SR-MMP,165,29,0.03866351395845413,4
seed_124,SR-MMP,93,30,0.038630761206150055,16
seed_124,SR-MMP,20,31,0.038607966154813766,4
seed_124,SR-MMP,169,32,0.03842324763536453,8
seed_124,SR-MMP,99,33,0.03839714452624321,7
seed_124,SR-MMP,34,34,0.038033585995435715,5
seed_124,SR-MMP,220,35,0.03796796873211861,2
seed_124,SR-MMP,129,36,0.03744396194815636,9
seed_124,SR-MMP,86,37,0.037314195185899734,9
seed_124,SR-MMP,200,38,0.0369655042886734,8
seed_124,SR-MMP,49,39,0.0369512140750885,17
seed_124,SR-MMP,108,40,0.03685077279806137,14
seed_124,SR-MMP,298,41,0.03658302500844002,4
seed_124,SR-MMP,260,42,0.036311931908130646,5
seed_124,SR-MMP,160,43,0.036288633942604065,11
seed_124,SR-MMP,202,44,0.03606978431344032,3
seed_124,SR-MMP,56,45,0.03601500764489174,17
seed_124,SR-MMP,33,46,0.03592100366950035,17
seed_124,SR-MMP,6,47,0.03566274046897888,18
seed_124,SR-MMP,18,48,0.035344548523426056,4
seed_124,SR-MMP,177,49,0.03528501093387604,4
seed_124,SR-MMP,31,50,0.034954093396663666,20
seed_124,SR-MMP,102,51,0.03493229299783707,6
seed_124,SR-MMP,242,52,0.034878309816122055,6
seed_124,SR-MMP,135,53,0.03447191044688225,9
seed_124,SR-MMP,80,54,0.0343969501554966,8
seed_124,SR-MMP,112,55,0.03428730368614197,10
seed_124,SR-MMP,24,56,0.0341554693877697,21
seed_124,SR-MMP,164,57,0.03397861123085022,2
seed_124,SR-MMP,0,58,0.03372246026992798,20
seed_124,SR-MMP,173,59,0.0331932008266449,4
seed_124,SR-MMP,64,60,0.033137738704681396,7
seed_124,SR-MMP,9,61,0.03304598480463028,3
seed_124,SR-MMP,145,62,0.03302115574479103,17
seed_124,SR-MMP,185,63,0.032737020403146744,3
seed_124,SR-MMP,10,64,0.032601162791252136,17
seed_124,SR-MMP,229,65,0.03203890472650528,7
seed_124,SR-MMP,216,66,0.03202340379357338,2
seed_124,SR-MMP,104,67,0.031652454286813736,4
seed_124,SR-MMP,8,68,0.031640421599149704,6
seed_124,SR-MMP,190,69,0.031550075858831406,13
seed_124,SR-MMP,46,70,0.03152161464095116,13
seed_124,SR-MMP,88,71,0.03131696954369545,4
seed_124,SR-MMP,163,72,0.030570900067687035,3
seed_124,SR-MMP,170,73,0.030469199642539024,6
seed_124,SR-MMP,140,74,0.030095379799604416,19
seed_124,SR-MMP,193,75,0.029877254739403725,9
seed_124,SR-MMP,296,76,0.029829038307070732,10
seed_124,SR-MMP,276,77,0.029715577140450478,8
seed_124,SR-MMP,87,78,0.02951202541589737,4
seed_124,SR-MMP,148,79,0.029371777549386024,14
seed_124,SR-MMP,4,80,0.02929186075925827,9
seed_124,SR-MMP,52,81,0.02926037274301052,16
seed_124,SR-MMP,184,82,0.02890905551612377,7
seed_124,SR-MMP,12,83,0.02877851203083992,6
seed_124,SR-MMP,158,84,0.028676524758338928,3
seed_124,SR-MMP,73,85,0.028576985001564026,16
seed_124,SR-MMP,72,86,0.028502749279141426,15
seed_124,SR-MMP,75,87,0.028330815955996513,13
seed_124,SR-MMP,69,88,0.028210841119289398,8
seed_124,SR-MMP,122,89,0.027949290350079536,6
seed_124,SR-MMP,153,90,0.027756471186876297,2
seed_124,SR-MMP,43,91,0.027484610676765442,9
seed_124,SR-MMP,210,92,0.027230752632021904,6
seed_124,SR-MMP,109,93,0.027196452021598816,7
seed_124,SR-MMP,130,94,0.027028003707528114,4
seed_124,SR-MMP,166,95,0.02676357701420784,6
seed_124,SR-MMP,91,96,0.02673974819481373,6
seed_124,SR-MMP,90,97,0.026547947898507118,6
seed_124,SR-MMP,231,98,0.026457009837031364,8
seed_124,SR-MMP,293,99,0.026438722386956215,3
seed_124,SR-MMP,283,100,0.026349429041147232,2
seed_124,SR-MMP,212,101,0.02626136690378189,7
seed_124,SR-MMP,76,102,0.025846175849437714,2
seed_124,SR-MMP,39,103,0.02570314146578312,9
seed_124,SR-MMP,53,104,0.025442859157919884,6
seed_124,SR-MMP,138,105,0.02541542612016201,3
seed_124,SR-MMP,251,106,0.025398051366209984,3
seed_124,SR-MMP,197,107,0.025307925418019295,3
seed_124,SR-MMP,3,108,0.0252077616751194,6
seed_124,SR-MMP,217,109,0.025176651775836945,4
seed_124,SR-MMP,115,110,0.025166979059576988,4
seed_124,SR-MMP,120,111,0.025073222815990448,5
seed_124,SR-MMP,96,112,0.024938955903053284,5
seed_124,SR-MMP,22,113,0.024796267971396446,13
seed_124,SR-MMP,268,114,0.02477208897471428,4
seed_124,SR-MMP,116,115,0.024741891771554947,3
seed_124,SR-MMP,299,116,0.024659523740410805,7
seed_124,SR-MMP,270,117,0.02457093447446823,4
seed_124,SR-MMP,36,118,0.02442328818142414,7
seed_124,SR-MMP,179,119,0.024338845163583755,3
seed_124,SR-MMP,175,120,0.024267038330435753,9
seed_124,SR-MMP,213,121,0.024212896823883057,4
seed_124,SR-MMP,85,122,0.02418415993452072,3
seed_124,SR-MMP,71,123,0.024139372631907463,11
seed_124,SR-MMP,44,124,0.02412058599293232,3
seed_124,SR-MMP,48,125,0.023997129872441292,7
seed_124,SR-MMP,41,126,0.02393164113163948,2
seed_124,SR-MMP,83,127,0.02381131239235401,9
seed_124,SR-MMP,60,128,0.02354765124619007,3
seed_124,SR-MMP,222,129,0.02349337935447693,4
seed_124,SR-MMP,47,130,0.023475978523492813,4
seed_124,SR-MMP,84,131,0.023278987035155296,15
seed_124,SR-MMP,133,132,0.023258591070771217,6
seed_124,SR-MMP,290,133,0.023178106173872948,10
seed_124,SR-MMP,55,134,0.023060724139213562,6
seed_124,SR-MMP,132,135,0.022997813299298286,2
seed_124,SR-MMP,280,136,0.022677425295114517,3
seed_124,SR-MMP,45,137,0.022655796259641647,8
seed_124,SR-MMP,250,138,0.022598132491111755,4
seed_124,SR-MMP,162,139,0.022595418617129326,3
seed_124,SR-MMP,192,140,0.02257704734802246,3
seed_124,SR-MMP,274,141,0.0225675031542778,2
seed_124,SR-MMP,57,142,0.02227594517171383,9
seed_124,SR-MMP,263,143,0.022190600633621216,6
seed_124,SR-MMP,256,144,0.022135356441140175,2
seed_124,SR-MMP,143,145,0.022000974044203758,5
seed_124,SR-MMP,142,146,0.021966474130749702,3
seed_124,SR-MMP,287,147,0.021905744448304176,8
seed_124,SR-MMP,37,148,0.021771132946014404,7
seed_124,SR-MMP,243,149,0.021634923294186592,2
seed_124,SR-MMP,167,150,0.021545005962252617,6
seed_124,SR-MMP,146,151,0.021392762660980225,5
seed_124,SR-MMP,228,152,0.021270297467708588,4
seed_124,SR-MMP,59,153,0.021255550906062126,8
seed_124,SR-MMP,189,154,0.021021028980612755,9
seed_124,SR-MMP,294,155,0.020987290889024734,2
seed_124,SR-MMP,32,156,0.020823685452342033,8
seed_124,SR-MMP,27,157,0.020787570625543594,8
seed_124,SR-MMP,152,158,0.020680485293269157,3
seed_124,SR-MMP,262,159,0.020543238148093224,3
seed_124,SR-MMP,14,160,0.020514637231826782,5
seed_124,SR-MMP,79,161,0.020429538562893867,9
seed_124,SR-MMP,196,162,0.020263677462935448,4
seed_124,SR-MMP,206,163,0.02025074139237404,4
seed_124,SR-MMP,286,164,0.020243274047970772,2
seed_124,SR-MMP,254,165,0.020078545436263084,2
seed_124,SR-MMP,246,166,0.01986525021493435,3
seed_124,SR-MMP,103,167,0.019811216741800308,3
seed_124,SR-MMP,297,168,0.019718309864401817,1
seed_124,SR-MMP,272,169,0.019699808210134506,1
seed_124,SR-MMP,118,170,0.019653968513011932,4
seed_124,SR-MMP,17,171,0.019619569182395935,5
seed_124,SR-MMP,198,172,0.01960328035056591,3
seed_124,SR-MMP,215,173,0.019599415361881256,4
seed_124,SR-MMP,117,174,0.019511736929416656,7
seed_124,SR-MMP,204,175,0.019489556550979614,7
seed_124,SR-MMP,178,176,0.01946830563247204,2
seed_124,SR-MMP,66,177,0.019395552575588226,13
seed_124,SR-MMP,107,178,0.01919206604361534,6
seed_124,SR-MMP,183,179,0.019143030047416687,7
seed_124,SR-MMP,182,180,0.01881617121398449,2
seed_124,SR-MMP,1,181,0.018811915069818497,6
seed_124,SR-MMP,13,182,0.01880604214966297,6
seed_124,SR-MMP,161,183,0.01880352944135666,2
seed_124,SR-MMP,265,184,0.018747171387076378,1
seed_124,SR-MMP,225,185,0.01872950792312622,6
seed_124,SR-MMP,194,186,0.018627775833010674,3
seed_124,SR-MMP,131,187,0.018330423161387444,2
seed_124,SR-MMP,58,188,0.018191669136285782,10
seed_124,SR-MMP,139,189,0.018189383670687675,12
seed_124,SR-MMP,28,190,0.01790471002459526,7
seed_124,SR-MMP,100,191,0.01785997860133648,3
seed_124,SR-MMP,157,192,0.017772475257515907,2
seed_124,SR-MMP,239,193,0.01772007718682289,3
seed_124,SR-MMP,151,194,0.01771511137485504,2
seed_124,SR-MMP,25,195,0.017678234726190567,8
seed_124,SR-MMP,155,196,0.01756676845252514,3
seed_124,SR-MMP,38,197,0.017470603808760643,4
seed_124,SR-MMP,144,198,0.01743873953819275,7
seed_124,SR-MMP,54,199,0.017387907952070236,5
seed_124,SR-MMP,235,200,0.017336547374725342,5
seed_124,SR-MMP,124,201,0.01722954772412777,4
seed_124,SR-MMP,19,202,0.017167672514915466,4
seed_124,SR-MMP,174,203,0.016944946721196175,2
seed_124,SR-MMP,259,204,0.01692279987037182,2
seed_124,SR-MMP,205,205,0.016882581636309624,3
seed_124,SR-MMP,61,206,0.016826163977384567,6
seed_124,SR-MMP,134,207,0.016791000962257385,3
seed_124,SR-MMP,111,208,0.016629286110401154,5
seed_124,SR-MMP,141,209,0.01655936799943447,2
seed_124,SR-MMP,258,210,0.01655820570886135,3
seed_124,SR-MMP,218,211,0.01644454523921013,3
seed_124,SR-MMP,284,212,0.01609043963253498,2
seed_124,SR-MMP,42,213,0.015930183231830597,5
seed_124,SR-MMP,249,214,0.015789108350872993,3
seed_124,SR-MMP,252,215,0.015397543087601662,4
seed_124,SR-MMP,78,216,0.015191047452390194,5
seed_124,SR-MMP,187,217,0.015091435052454472,3
seed_124,SR-MMP,191,218,0.014995083212852478,2
seed_124,SR-MMP,16,219,0.014934279024600983,4
seed_124,SR-MMP,114,220,0.014829459600150585,7
seed_124,SR-MMP,282,221,0.01481446623802185,3
seed_124,SR-MMP,261,222,0.014723310247063637,3
seed_124,SR-MMP,65,223,0.01461799070239067,3
seed_124,SR-MMP,126,224,0.014432592317461967,10
seed_124,SR-MMP,181,225,0.014338073320686817,4
seed_124,SR-MMP,267,226,0.014273821376264095,2
seed_124,SR-MMP,247,227,0.014233213849365711,4
seed_124,SR-MMP,221,228,0.013994185253977776,6
seed_124,SR-MMP,156,229,0.01399205531924963,2
seed_124,SR-MMP,209,230,0.013899226672947407,7
seed_124,SR-MMP,257,231,0.013360426761209965,8
seed_124,SR-MMP,149,232,0.013216247782111168,2
seed_124,SR-MMP,98,233,0.013181409798562527,2
seed_124,SR-MMP,40,234,0.012912813574075699,6
seed_124,SR-MMP,26,235,0.01285337284207344,4
seed_124,SR-MMP,176,236,0.012833986431360245,5
seed_124,SR-MMP,199,237,0.012701739557087421,2
seed_124,SR-MMP,226,238,0.012633643113076687,2
seed_124,SR-MMP,241,239,0.012572437524795532,3
seed_124,SR-MMP,244,240,0.012424356304109097,1
seed_124,SR-MMP,230,241,0.012423181906342506,3
seed_124,SR-MMP,82,242,0.012418413534760475,4
seed_124,SR-MMP,154,243,0.012214566580951214,5
seed_124,SR-MMP,240,244,0.012092695571482182,1
seed_124,SR-MMP,275,245,0.012052951380610466,2
seed_124,SR-MMP,159,246,0.012001782655715942,2
seed_124,SR-MMP,201,247,0.011913166381418705,4
seed_124,SR-MMP,237,248,0.011861606501042843,2
seed_124,SR-MMP,208,249,0.011851205490529537,3
seed_124,SR-MMP,30,250,0.01171215157955885,5
seed_124,SR-MMP,50,251,0.011386067606508732,3
seed_124,SR-MMP,234,252,0.01128910668194294,2
seed_124,SR-MMP,125,253,0.011057473719120026,3
seed_124,SR-MMP,269,254,0.010646781884133816,4
seed_124,SR-MMP,289,255,0.010556554421782494,2
seed_124,SR-MMP,279,256,0.010475516319274902,2
seed_124,SR-MMP,203,257,0.010413617826998234,4
seed_124,SR-MMP,95,258,0.010260201059281826,4
seed_124,SR-MMP,232,259,0.010142765939235687,2
seed_124,SR-MMP,35,260,0.010117494501173496,4
seed_124,SR-MMP,127,261,0.009984632022678852,4
seed_124,SR-MMP,105,262,0.009940853342413902,3
seed_124,SR-MMP,278,263,0.009908348321914673,2
seed_124,SR-MMP,292,264,0.009855886921286583,3
seed_124,SR-MMP,236,265,0.009812702424824238,3
seed_124,SR-MMP,227,266,0.009805547073483467,3
seed_124,SR-MMP,188,267,0.009602021425962448,2
seed_124,SR-MMP,277,268,0.009587613865733147,1
seed_124,SR-MMP,94,269,0.009585767053067684,2
seed_124,SR-MMP,77,270,0.009291461668908596,5
seed_124,SR-MMP,150,271,0.00886685773730278,3
seed_124,SR-MMP,101,272,0.00880182720720768,3
seed_124,SR-MMP,271,273,0.008745583705604076,3
seed_124,SR-MMP,248,274,0.008340475149452686,2
seed_124,SR-MMP,281,275,0.008310427889227867,1
seed_124,SR-MMP,255,276,0.008190356194972992,2
seed_124,SR-MMP,89,277,0.008173741400241852,3
seed_124,SR-MMP,180,278,0.008093680255115032,5
seed_124,SR-MMP,186,279,0.007859235629439354,3
seed_124,SR-MMP,291,280,0.007636939641088247,2
seed_124,SR-MMP,119,281,0.007516748271882534,2
seed_124,SR-MMP,285,282,0.007258326280862093,1
seed_124,SR-MMP,106,283,0.007250630296766758,4
seed_124,SR-MMP,288,284,0.007081544492393732,2
seed_124,SR-MMP,238,285,0.006385272368788719,1
seed_124,SR-MMP,295,286,0.006158388219773769,2
seed_124,SR-MMP,11,287,0.005985811818391085,2
seed_124,SR-MMP,207,288,0.00512765534222126,2
seed_124,SR-MMP,224,289,0.004719088319689035,2
seed_124,SR-MMP,253,290,0.004507462028414011,1
seed_124,SR-MMP,264,291,0.004315400030463934,3
seed_124,SR-MMP,171,292,0.004063221160322428,2
seed_124,SR-MMP,97,293,0.00391188682988286,2
seed_124,SR-MMP,137,294,0.003502227831631899,2
seed_124,SR-MMP,223,295,0.0034068601671606302,2
seed_124,SR-MMP,214,296,0.0032762009650468826,2
seed_124,SR-MMP,266,297,0.0030244700610637665,1
seed_124,SR-MMP,273,298,0.0029292036779224873,2
seed_124,SR-MMP,68,299,0.0027523410972207785,2
seed_124,NR-AhR,63,0,0.0303660798817873,51
seed_124,NR-AhR,168,1,0.02867700532078743,79
seed_124,NR-AhR,23,2,0.02638140693306923,30
seed_124,NR-AhR,128,3,0.02489079348742962,42
seed_124,NR-AhR,21,4,0.02445126138627529,13
seed_124,NR-AhR,92,5,0.024207597598433495,21
seed_124,NR-AhR,140,6,0.023953646421432495,19
seed_124,NR-AhR,29,7,0.02372945100069046,39
seed_124,NR-AhR,24,8,0.023445555940270424,21
seed_124,NR-AhR,6,9,0.02297295443713665,18
seed_124,NR-AhR,31,10,0.022705284878611565,20
seed_124,NR-AhR,145,11,0.02243075892329216,17
seed_124,NR-AhR,62,12,0.0218275785446167,24
seed_124,NR-AhR,108,13,0.02146235480904579,14
seed_124,NR-AhR,229,14,0.021309057250618935,7
seed_124,NR-AhR,190,15,0.02096228115260601,13
seed_124,NR-AhR,173,16,0.020694177597761154,4
seed_124,NR-AhR,56,17,0.020422905683517456,17
seed_124,NR-AhR,15,18,0.020016880705952644,26
seed_124,NR-AhR,75,19,0.019969051703810692,13
seed_124,NR-AhR,61,20,0.01978822611272335,6
seed_124,NR-AhR,129,21,0.019690822809934616,9
seed_124,NR-AhR,151,22,0.019619667902588844,2
seed_124,NR-AhR,2,23,0.019595418125391006,14
seed_124,NR-AhR,110,24,0.019510449841618538,20
seed_124,NR-AhR,136,25,0.019442077726125717,18
seed_124,NR-AhR,7,26,0.019310150295495987,33
seed_124,NR-AhR,81,27,0.019204292446374893,19
seed_124,NR-AhR,46,28,0.019019704312086105,13
seed_124,NR-AhR,147,29,0.018988247960805893,16
seed_124,NR-AhR,84,30,0.01848445273935795,15
seed_124,NR-AhR,112,31,0.018457671627402306,10
seed_124,NR-AhR,80,32,0.01831105165183544,8
seed_124,NR-AhR,123,33,0.018180178478360176,11
seed_124,NR-AhR,33,34,0.017784934490919113,17
seed_124,NR-AhR,17,35,0.01777191087603569,5
seed_124,NR-AhR,30,36,0.01709587126970291,5
seed_124,NR-AhR,90,37,0.016977710649371147,6
seed_124,NR-AhR,43,38,0.016957230865955353,9
seed_124,NR-AhR,93,39,0.01682855561375618,16
seed_124,NR-AhR,72,40,0.016803262755274773,15
seed_124,NR-AhR,14,41,0.01665216125547886,5
seed_124,NR-AhR,195,42,0.016509197652339935,11
seed_124,NR-AhR,172,43,0.016354892402887344,4
seed_124,NR-AhR,35,44,0.016314368695020676,4
seed_124,NR-AhR,113,45,0.0162708330899477,13
seed_124,NR-AhR,296,46,0.016252929344773293,10
seed_124,NR-AhR,67,47,0.01614036038517952,16
seed_124,NR-AhR,55,48,0.01601223833858967,6
seed_124,NR-AhR,242,49,0.015994662418961525,6
seed_124,NR-AhR,219,50,0.015882380306720734,16
seed_124,NR-AhR,0,51,0.015622169710695744,20
seed_124,NR-AhR,69,52,0.015520109795033932,8
seed_124,NR-AhR,8,53,0.015435568988323212,6
seed_124,NR-AhR,193,54,0.015424489043653011,9
seed_124,NR-AhR,74,55,0.015280661173164845,19
seed_124,NR-AhR,13,56,0.015274569392204285,6
seed_124,NR-AhR,211,57,0.01512428279966116,13
seed_124,NR-AhR,184,58,0.015037118457257748,7
seed_124,NR-AhR,116,59,0.015031978487968445,3
seed_124,NR-AhR,133,60,0.015020611695945263,6
seed_124,NR-AhR,117,61,0.014965875074267387,7
seed_124,NR-AhR,5,62,0.01461794227361679,4
seed_124,NR-AhR,234,63,0.014372210018336773,2
seed_124,NR-AhR,10,64,0.01434267032891512,17
seed_124,NR-AhR,58,65,0.014296550303697586,10
seed_124,NR-AhR,4,66,0.01429396215826273,9
seed_124,NR-AhR,216,67,0.014227529056370258,2
seed_124,NR-AhR,34,68,0.014067146927118301,5
seed_124,NR-AhR,185,69,0.013982607051730156,3
seed_124,NR-AhR,175,70,0.013968002051115036,9
seed_124,NR-AhR,288,71,0.013945234008133411,2
seed_124,NR-AhR,99,72,0.013728714548051357,7
seed_124,NR-AhR,79,73,0.013692718930542469,9
seed_124,NR-AhR,70,74,0.013659490272402763,27
seed_124,NR-AhR,22,75,0.013654588721692562,13
seed_124,NR-AhR,71,76,0.013633481226861477,11
seed_124,NR-AhR,154,77,0.01357115525752306,5
seed_124,NR-AhR,65,78,0.013561850413680077,3
seed_124,NR-AhR,86,79,0.013520139269530773,9
seed_124,NR-AhR,16,80,0.013464872725307941,4
seed_124,NR-AhR,276,81,0.013460935093462467,8
seed_124,NR-AhR,158,82,0.013390857726335526,3
seed_124,NR-AhR,224,83,0.013102688826620579,2
seed_124,NR-AhR,73,84,0.01300380565226078,16
seed_124,NR-AhR,139,85,0.012768537737429142,12
seed_124,NR-AhR,294,86,0.012766680680215359,2
seed_124,NR-AhR,25,87,0.012724564410746098,8
seed_124,NR-AhR,60,88,0.012721364386379719,3
seed_124,NR-AhR,107,89,0.012702844105660915,6
seed_124,NR-AhR,101,90,0.012676147744059563,3
seed_124,NR-AhR,176,91,0.012648669071495533,5
seed_124,NR-AhR,59,92,0.012622264213860035,8
seed_124,NR-AhR,97,93,0.012511905282735825,2
seed_124,NR-AhR,298,94,0.012501816265285015,4
seed_124,NR-AhR,189,95,0.012451596558094025,9
seed_124,NR-AhR,200,96,0.012425514869391918,8
seed_124,NR-AhR,87,97,0.012405278161168098,4
seed_124,NR-AhR,83,98,0.012295625172555447,9
seed_124,NR-AhR,205,99,0.012295491062104702,3
seed_124,NR-AhR,39,100,0.012210694141685963,9
seed_124,NR-AhR,258,101,0.012179751880466938,3
seed_124,NR-AhR,102,102,0.012166520580649376,6
seed_124,NR-AhR,64,103,0.012154694646596909,7
seed_124,NR-AhR,231,104,0.012143147177994251,8
seed_124,NR-AhR,27,105,0.011993499472737312,8
seed_124,NR-AhR,120,106,0.011913216672837734,5
seed_124,NR-AhR,209,107,0.011892084032297134,7
seed_124,NR-AhR,245,108,0.011863773688673973,15
seed_124,NR-AhR,54,109,0.011860877275466919,5
seed_124,NR-AhR,161,110,0.011857934296131134,2
seed_124,NR-AhR,163,111,0.011828567832708359,3
seed_124,NR-AhR,263,112,0.011810364201664925,6
seed_124,NR-AhR,293,113,0.011783248744904995,3
seed_124,NR-AhR,181,114,0.011782979592680931,4
seed_124,NR-AhR,104,115,0.011588353663682938,4
seed_124,NR-AhR,213,116,0.011564170010387897,4
seed_124,NR-AhR,290,117,0.011531599797308445,10
seed_124,NR-AhR,223,118,0.011527086608111858,2
seed_124,NR-AhR,45,119,0.01146696973592043,8
seed_124,NR-AhR,3,120,0.011426716111600399,6
seed_124,NR-AhR,49,121,0.01138516515493393,17
seed_124,NR-AhR,119,122,0.01136354636400938,2
seed_124,NR-AhR,278,123,0.011355727910995483,2
seed_124,NR-AhR,244,124,0.011301062069833279,1
seed_124,NR-AhR,183,125,0.01128821074962616,7
seed_124,NR-AhR,169,126,0.01128271035850048,8
seed_124,NR-AhR,148,127,0.011226064525544643,14
seed_124,NR-AhR,51,128,0.011211717501282692,10
seed_124,NR-AhR,53,129,0.011173857375979424,6
seed_124,NR-AhR,282,130,0.011167042888700962,3
seed_124,NR-AhR,52,131,0.011164767667651176,16
seed_124,NR-AhR,199,132,0.01111540850251913,2
seed_124,NR-AhR,66,133,0.011104322038590908,13
seed_124,NR-AhR,47,134,0.011039825156331062,4
seed_124,NR-AhR,177,135,0.011018184944987297,4
seed_124,NR-AhR,257,136,0.010854437947273254,8
seed_124,NR-AhR,57,137,0.010782088153064251,9
seed_124,NR-AhR,275,138,0.010774879716336727,2
seed_124,NR-AhR,287,139,0.010764537379145622,8
seed_124,NR-AhR,174,140,0.01068286132067442,2
seed_124,NR-AhR,130,141,0.010531543754041195,4
seed_124,NR-AhR,144,142,0.01048680953681469,7
seed_124,NR-AhR,118,143,0.010453606024384499,4
seed_124,NR-AhR,76,144,0.010418027639389038,2
seed_124,NR-AhR,260,145,0.010403193533420563,5
seed_124,NR-AhR,78,146,0.010391591116786003,5
seed_124,NR-AhR,32,147,0.010373063385486603,8
seed_124,NR-AhR,273,148,0.01025378331542015,2
seed_124,NR-AhR,115,149,0.01024734228849411,4
seed_124,NR-AhR,233,150,0.010156071744859219,6
seed_124,NR-AhR,206,151,0.009937896393239498,4
seed_124,NR-AhR,166,152,0.009926955215632915,6
seed_124,NR-AhR,12,153,0.009878850542008877,6
seed_124,NR-AhR,171,154,0.009847648441791534,2
seed_124,NR-AhR,215,155,0.009824116714298725,4
seed_124,NR-AhR,182,156,0.009790764190256596,2
seed_124,NR-AhR,291,157,0.009688406251370907,2
seed_124,NR-AhR,243,158,0.009655472822487354,2
seed_124,NR-AhR,141,159,0.009600527584552765,2
seed_124,NR-AhR,106,160,0.009592251852154732,4
seed_124,NR-AhR,269,161,0.009567098692059517,4
seed_124,NR-AhR,121,162,0.009497546590864658,7
seed_124,NR-AhR,127,163,0.009464580565690994,4
seed_124,NR-AhR,122,164,0.009385091252624989,6
seed_124,NR-AhR,212,165,0.00935425329953432,7
seed_124,NR-AhR,283,166,0.009338902309536934,2
seed_124,NR-AhR,162,167,0.009319481439888477,3
seed_124,NR-AhR,37,168,0.009306790307164192,7
seed_124,NR-AhR,91,169,0.009280468337237835,6
seed_124,NR-AhR,18,170,0.009278804063796997,4
seed_124,NR-AhR,188,171,0.009276244789361954,2
seed_124,NR-AhR,19,172,0.009274685755372047,4
seed_124,NR-AhR,202,173,0.009264686144888401,3
seed_124,NR-AhR,285,174,0.009045896120369434,1
seed_124,NR-AhR,160,175,0.00901069212704897,11
seed_124,NR-AhR,89,176,0.008903739042580128,3
seed_124,NR-AhR,44,177,0.008886083029210567,3
seed_124,NR-AhR,299,178,0.008860361762344837,7
seed_124,NR-AhR,156,179,0.008811505511403084,2
seed_124,NR-AhR,124,180,0.008792872540652752,4
seed_124,NR-AhR,225,181,0.008790000341832638,6
seed_124,NR-AhR,153,182,0.008782546035945415,2
seed_124,NR-AhR,142,183,0.008663303218781948,3
seed_124,NR-AhR,126,184,0.008630192838609219,10
seed_124,NR-AhR,48,185,0.008574235253036022,7
seed_124,NR-AhR,155,186,0.008560499176383018,3
seed_124,NR-AhR,284,187,0.008491585962474346,2
seed_124,NR-AhR,232,188,0.008316894061863422,2
seed_124,NR-AhR,146,189,0.00825104583054781,5
seed_124,NR-AhR,198,190,0.008243119344115257,3
seed_124,NR-AhR,36,191,0.008129625581204891,7
seed_124,NR-AhR,164,192,0.0080134067684412,2
seed_124,NR-AhR,135,193,0.007973127998411655,9
seed_124,NR-AhR,271,194,0.007896781899034977,3
seed_124,NR-AhR,217,195,0.007891129702329636,4
seed_124,NR-AhR,143,196,0.007844961248338223,5
seed_124,NR-AhR,137,197,0.007837483659386635,2
seed_124,NR-AhR,264,198,0.007818648591637611,3
seed_124,NR-AhR,88,199,0.0077926767989993095,4
seed_124,NR-AhR,111,200,0.007756710052490234,5
seed_124,NR-AhR,210,201,0.007724660914391279,6
seed_124,NR-AhR,249,202,0.007707537617534399,3
seed_124,NR-AhR,125,203,0.00769804697483778,3
seed_124,NR-AhR,114,204,0.007678348571062088,7
seed_124,NR-AhR,96,205,0.007674331311136484,5
seed_124,NR-AhR,270,206,0.007668711245059967,4
seed_124,NR-AhR,204,207,0.00762807996943593,7
seed_124,NR-AhR,192,208,0.00758158415555954,3
seed_124,NR-AhR,42,209,0.007523707114160061,5
seed_124,NR-AhR,179,210,0.0075197587721049786,3
seed_124,NR-AhR,95,211,0.007494465447962284,4
seed_124,NR-AhR,262,212,0.007493799552321434,3
seed_124,NR-AhR,247,213,0.0074679129756987095,4
seed_124,NR-AhR,20,214,0.007465760223567486,4
seed_124,NR-AhR,1,215,0.00744085106998682,6
seed_124,NR-AhR,132,216,0.0073981015011668205,2
seed_124,NR-AhR,251,217,0.007391501683741808,3
seed_124,NR-AhR,201,218,0.007363158743828535,4
seed_124,NR-AhR,109,219,0.0073226881213486195,7
seed_124,NR-AhR,226,220,0.007222685497254133,2
seed_124,NR-AhR,149,221,0.007107198238372803,2
seed_124,NR-AhR,100,222,0.0071013146080076694,3
seed_124,NR-AhR,98,223,0.007085305172950029,2
seed_124,NR-AhR,222,224,0.0070155030116438866,4
seed_124,NR-AhR,187,225,0.0069804065860807896,3
seed_124,NR-AhR,240,226,0.006811800878494978,1
seed_124,NR-AhR,196,227,0.0067845964804291725,4
seed_124,NR-AhR,105,228,0.006768588442355394,3
seed_124,NR-AhR,230,229,0.006646260153502226,3
seed_124,NR-AhR,208,230,0.006519995164126158,3
seed_124,NR-AhR,170,231,0.006493116728961468,6
seed_124,NR-AhR,28,232,0.006446744780987501,7
seed_124,NR-AhR,220,233,0.006343586836010218,2
seed_124,NR-AhR,236,234,0.006309165619313717,3
seed_124,NR-AhR,218,235,0.006297696847468615,3
seed_124,NR-AhR,82,236,0.006285655777901411,4
seed_124,NR-AhR,255,237,0.006126685068011284,2
seed_124,NR-AhR,239,238,0.006121475249528885,3
seed_124,NR-AhR,167,239,0.006102987099438906,6
seed_124,NR-AhR,248,240,0.005875366739928722,2
seed_124,NR-AhR,254,241,0.00586526608094573,2
seed_124,NR-AhR,186,242,0.0057997615076601505,3
seed_124,NR-AhR,50,243,0.0057741315104067326,3
seed_124,NR-AhR,191,244,0.005722518544644117,2
seed_124,NR-AhR,281,245,0.005699020344763994,1
seed_124,NR-AhR,180,246,0.005683097988367081,5
seed_124,NR-AhR,103,247,0.005601643119007349,3
seed_124,NR-AhR,221,248,0.005515906494110823,6
seed_124,NR-AhR,138,249,0.005440607201308012,3
seed_124,NR-AhR,252,250,0.0053675826638937,4
seed_124,NR-AhR,85,251,0.005202207248657942,3
seed_124,NR-AhR,159,252,0.005155652761459351,2
seed_124,NR-AhR,26,253,0.005134626291692257,4
seed_124,NR-AhR,77,254,0.005131934303790331,5
seed_124,NR-AhR,246,255,0.005061951465904713,3
seed_124,NR-AhR,256,256,0.005052679218351841,2
seed_124,NR-AhR,11,257,0.005026053637266159,2
seed_124,NR-AhR,40,258,0.0049803657457232475,6
seed_124,NR-AhR,274,259,0.004969878122210503,2
seed_124,NR-AhR,94,260,0.0049426378682255745,2
seed_124,NR-AhR,131,261,0.004792714025825262,2
seed_124,NR-AhR,228,262,0.004778800066560507,4
seed_124,NR-AhR,203,263,0.004770744126290083,4
seed_124,NR-AhR,253,264,0.0047680689021945,1
seed_124,NR-AhR,237,265,0.004716276656836271,2
seed_124,NR-AhR,250,266,0.004691464826464653,4
seed_124,NR-AhR,38,267,0.004652798175811768,4
seed_124,NR-AhR,259,268,0.004607805982232094,2
seed_124,NR-AhR,280,269,0.00459532393142581,3
seed_124,NR-AhR,150,270,0.004561913665384054,3
seed_124,NR-AhR,152,271,0.00453450670465827,3
seed_124,NR-AhR,197,272,0.004525633528828621,3
seed_124,NR-AhR,235,273,0.004497448448091745,5
seed_124,NR-AhR,227,274,0.0044020055793225765,3
seed_124,NR-AhR,178,275,0.004388631321489811,2
seed_124,NR-AhR,297,276,0.004361776635050774,1
seed_124,NR-AhR,241,277,0.004289907403290272,3
seed_124,NR-AhR,279,278,0.0042065042071044445,2
seed_124,NR-AhR,295,279,0.0041998145170509815,2
seed_124,NR-AhR,238,280,0.004178878851234913,1
seed_124,NR-AhR,165,281,0.004086242988705635,4
seed_124,NR-AhR,157,282,0.004075386095792055,2
seed_124,NR-AhR,268,283,0.003702972549945116,4
seed_124,NR-AhR,292,284,0.0034772781655192375,3
seed_124,NR-AhR,194,285,0.003360743634402752,3
seed_124,NR-AhR,267,286,0.002850333694368601,2
seed_124,NR-AhR,261,287,0.0027980159502476454,3
seed_124,NR-AhR,207,288,0.002640796359628439,2
seed_124,NR-AhR,289,289,0.0025910118129104376,2
seed_124,NR-AhR,68,290,0.0018782239640131593,2
seed_124,NR-AhR,9,291,0.0016934172017499804,3
seed_124,NR-AhR,134,292,0.0014878860674798489,3
seed_124,NR-AhR,286,293,0.0014477554941549897,2
seed_124,NR-AhR,41,294,0.0014072505291551352,2
seed_124,NR-AhR,272,295,0.0013407127698883414,1
seed_124,NR-AhR,266,296,0.0013221241533756256,1
seed_124,NR-AhR,214,297,0.001316771493293345,2
seed_124,NR-AhR,265,298,0.0008227892103604972,1
seed_124,NR-AhR,277,299,0.0004686224856413901,1
seed_124,NR-ER-LBD,168,0,0.028419125825166702,79
seed_124,NR-ER-LBD,136,1,0.01870494894683361,18
seed_124,NR-ER-LBD,128,2,0.018637392669916153,42
seed_124,NR-ER-LBD,23,3,0.017615675926208496,30
seed_124,NR-ER-LBD,63,4,0.016837095841765404,51
seed_124,NR-ER-LBD,31,5,0.01668229140341282,20
seed_124,NR-ER-LBD,219,6,0.016279755160212517,16
seed_124,NR-ER-LBD,0,7,0.016237422823905945,20
seed_124,NR-ER-LBD,93,8,0.01611732691526413,16
seed_124,NR-ER-LBD,46,9,0.015826478600502014,13
seed_124,NR-ER-LBD,62,10,0.015590189956128597,24
seed_124,NR-ER-LBD,15,11,0.015166694298386574,26
seed_124,NR-ER-LBD,29,12,0.01511337235569954,39
seed_124,NR-ER-LBD,3,13,0.014504867605865002,6
seed_124,NR-ER-LBD,74,14,0.013628382235765457,19
seed_124,NR-ER-LBD,69,15,0.013582740910351276,8
seed_124,NR-ER-LBD,147,16,0.01287612784653902,16
seed_124,NR-ER-LBD,7,17,0.012828277423977852,33
seed_124,NR-ER-LBD,123,18,0.012629786506295204,11
seed_124,NR-ER-LBD,148,19,0.01259758323431015,14
seed_124,NR-ER-LBD,287,20,0.012559955939650536,8
seed_124,NR-ER-LBD,66,21,0.012464155443012714,13
seed_124,NR-ER-LBD,56,22,0.012344997376203537,17
seed_124,NR-ER-LBD,92,23,0.01206875778734684,21
seed_124,NR-ER-LBD,145,24,0.011952369473874569,17
seed_124,NR-ER-LBD,211,25,0.011878697201609612,13
seed_124,NR-ER-LBD,108,26,0.011711059138178825,14
seed_124,NR-ER-LBD,160,27,0.01164493802934885,11
seed_124,NR-ER-LBD,75,28,0.011605954729020596,13
seed_124,NR-ER-LBD,33,29,0.011604372411966324,17
seed_124,NR-ER-LBD,263,30,0.011541753076016903,6
seed_124,NR-ER-LBD,81,31,0.011510701850056648,19
seed_124,NR-ER-LBD,64,32,0.011505079455673695,7
seed_124,NR-ER-LBD,21,33,0.011393100023269653,13
seed_124,NR-ER-LBD,83,34,0.011247443966567516,9
seed_124,NR-ER-LBD,45,35,0.011205668561160564,8
seed_124,NR-ER-LBD,10,36,0.011161723174154758,17
seed_124,NR-ER-LBD,117,37,0.01099385879933834,7
seed_124,NR-ER-LBD,49,38,0.010947620496153831,17
seed_124,NR-ER-LBD,260,39,0.010830282233655453,5
seed_124,NR-ER-LBD,129,40,0.010733482427895069,9
seed_124,NR-ER-LBD,42,41,0.010665073990821838,5
seed_124,NR-ER-LBD,190,42,0.010638456791639328,13
seed_124,NR-ER-LBD,2,43,0.010608600452542305,14
seed_124,NR-ER-LBD,133,44,0.0106069166213274,6
seed_124,NR-ER-LBD,70,45,0.010533232241868973,27
seed_124,NR-ER-LBD,193,46,0.010471203364431858,9
seed_124,NR-ER-LBD,245,47,0.010414628311991692,15
seed_124,NR-ER-LBD,172,48,0.01022864319384098,4
seed_124,NR-ER-LBD,27,49,0.010202812030911446,8
seed_124,NR-ER-LBD,6,50,0.010182260535657406,18
seed_124,NR-ER-LBD,173,51,0.010131316259503365,4
seed_124,NR-ER-LBD,194,52,0.01009000837802887,3
seed_124,NR-ER-LBD,51,53,0.010086910799145699,10
seed_124,NR-ER-LBD,206,54,0.010066506452858448,4
seed_124,NR-ER-LBD,110,55,0.010055280290544033,20
seed_124,NR-ER-LBD,86,56,0.009846804663538933,9
seed_124,NR-ER-LBD,228,57,0.009734740480780602,4
seed_124,NR-ER-LBD,1,58,0.009724225848913193,6
seed_124,NR-ER-LBD,39,59,0.009678596630692482,9
seed_124,NR-ER-LBD,59,60,0.009651155211031437,8
seed_124,NR-ER-LBD,229,61,0.009604604914784431,7
seed_124,NR-ER-LBD,99,62,0.009558334946632385,7
seed_124,NR-ER-LBD,213,63,0.009516074322164059,4
seed_124,NR-ER-LBD,121,64,0.009509812109172344,7
seed_124,NR-ER-LBD,140,65,0.00946834683418274,19
seed_124,NR-ER-LBD,290,66,0.009439549408853054,10
seed_124,NR-ER-LBD,43,67,0.009420515038073063,9
seed_124,NR-ER-LBD,178,68,0.009373039938509464,2
seed_124,NR-ER-LBD,58,69,0.009371745400130749,10
seed_124,NR-ER-LBD,71,70,0.009290170855820179,11
seed_124,NR-ER-LBD,32,71,0.00924634002149105,8
seed_124,NR-ER-LBD,210,72,0.009240910410881042,6
seed_124,NR-ER-LBD,296,73,0.009239221923053265,10
seed_124,NR-ER-LBD,26,74,0.009129421785473824,4
seed_124,NR-ER-LBD,139,75,0.009080038405954838,12
seed_124,NR-ER-LBD,37,76,0.009077226743102074,7
seed_124,NR-ER-LBD,203,77,0.009037753567099571,4
seed_124,NR-ER-LBD,112,78,0.008991330862045288,10
seed_124,NR-ER-LBD,57,79,0.008988598361611366,9
seed_124,NR-ER-LBD,48,80,0.0089868837967515,7
seed_124,NR-ER-LBD,144,81,0.0089248763397336,7
seed_124,NR-ER-LBD,55,82,0.008860861882567406,6
seed_124,NR-ER-LBD,225,83,0.00883264746516943,6
seed_124,NR-ER-LBD,36,84,0.008793829940259457,7
seed_124,NR-ER-LBD,113,85,0.008722145110368729,13
seed_124,NR-ER-LBD,73,86,0.008661530911922455,16
seed_124,NR-ER-LBD,142,87,0.008653838187456131,3
seed_124,NR-ER-LBD,60,88,0.00856496300548315,3
seed_124,NR-ER-LBD,276,89,0.008543964475393295,8
seed_124,NR-ER-LBD,231,90,0.008497730828821659,8
seed_124,NR-ER-LBD,67,91,0.00847824290394783,16
seed_124,NR-ER-LBD,189,92,0.008459615521132946,9
seed_124,NR-ER-LBD,126,93,0.008412939496338367,10
seed_124,NR-ER-LBD,4,94,0.008355861529707909,9
seed_124,NR-ER-LBD,13,95,0.008352797478437424,6
seed_124,NR-ER-LBD,135,96,0.008319276385009289,9
seed_124,NR-ER-LBD,98,97,0.008274300955235958,2
seed_124,NR-ER-LBD,90,98,0.0082728685811162,6
seed_124,NR-ER-LBD,200,99,0.008250688202679157,8
seed_124,NR-ER-LBD,215,100,0.008222720585763454,4
seed_124,NR-ER-LBD,122,101,0.008175043389201164,6
seed_124,NR-ER-LBD,34,102,0.008163987658917904,5
seed_124,NR-ER-LBD,166,103,0.008158611133694649,6
seed_124,NR-ER-LBD,171,104,0.008007467724382877,2
seed_124,NR-ER-LBD,259,105,0.007941017858684063,2
seed_124,NR-ER-LBD,72,106,0.007919587194919586,15
seed_124,NR-ER-LBD,257,107,0.007914644666016102,8
seed_124,NR-ER-LBD,183,108,0.00788338016718626,7
seed_124,NR-ER-LBD,143,109,0.007848571985960007,5
seed_124,NR-ER-LBD,174,110,0.007837043143808842,2
seed_124,NR-ER-LBD,223,111,0.007771140430122614,2
seed_124,NR-ER-LBD,275,112,0.007751855067908764,2
seed_124,NR-ER-LBD,24,113,0.007750805001705885,21
seed_124,NR-ER-LBD,53,114,0.00773924496024847,6
seed_124,NR-ER-LBD,20,115,0.007706784643232822,4
seed_124,NR-ER-LBD,205,116,0.007691098842769861,3
seed_124,NR-ER-LBD,175,117,0.007565947249531746,9
seed_124,NR-ER-LBD,18,118,0.007556218188256025,4
seed_124,NR-ER-LBD,84,119,0.007552810944616795,15
seed_124,NR-ER-LBD,195,120,0.007435761392116547,11
seed_124,NR-ER-LBD,198,121,0.007400038652122021,3
seed_124,NR-ER-LBD,52,122,0.00730684632435441,16
seed_124,NR-ER-LBD,170,123,0.007304609287530184,6
seed_124,NR-ER-LBD,196,124,0.00722030084580183,4
seed_124,NR-ER-LBD,96,125,0.007219348102807999,5
seed_124,NR-ER-LBD,163,126,0.007166821043938398,3
seed_124,NR-ER-LBD,97,127,0.007156506646424532,2
seed_124,NR-ER-LBD,8,128,0.007153198588639498,6
seed_124,NR-ER-LBD,127,129,0.0069958483800292015,4
seed_124,NR-ER-LBD,115,130,0.006955720484256744,4
seed_124,NR-ER-LBD,262,131,0.006918039638549089,3
seed_124,NR-ER-LBD,103,132,0.0069040763191878796,3
seed_124,NR-ER-LBD,282,133,0.0068655419163405895,3
seed_124,NR-ER-LBD,274,134,0.006863017100840807,2
seed_124,NR-ER-LBD,80,135,0.006822048220783472,8
seed_124,NR-ER-LBD,12,136,0.006818410009145737,6
seed_124,NR-ER-LBD,217,137,0.006793295033276081,4
seed_124,NR-ER-LBD,236,138,0.006720414385199547,3
seed_124,NR-ER-LBD,246,139,0.006712167523801327,3
seed_124,NR-ER-LBD,218,140,0.006665271706879139,3
seed_124,NR-ER-LBD,100,141,0.0066641164012253284,3
seed_124,NR-ER-LBD,269,142,0.006610533222556114,4
seed_124,NR-ER-LBD,47,143,0.006600858643651009,4
seed_124,NR-ER-LBD,44,144,0.006536577362567186,3
seed_124,NR-ER-LBD,116,145,0.006514993496239185,3
seed_124,NR-ER-LBD,204,146,0.006465126760303974,7
seed_124,NR-ER-LBD,249,147,0.006449056323617697,3
seed_124,NR-ER-LBD,176,148,0.006421521306037903,5
seed_124,NR-ER-LBD,120,149,0.006407201290130615,5
seed_124,NR-ER-LBD,87,150,0.006384687032550573,4
seed_124,NR-ER-LBD,65,151,0.006334991194307804,3
seed_124,NR-ER-LBD,180,152,0.006320956163108349,5
seed_124,NR-ER-LBD,161,153,0.006311221048235893,2
seed_124,NR-ER-LBD,137,154,0.0062972912564873695,2
seed_124,NR-ER-LBD,283,155,0.0062915789894759655,2
seed_124,NR-ER-LBD,78,156,0.00628877617418766,5
seed_124,NR-ER-LBD,16,157,0.00626346655189991,4
seed_124,NR-ER-LBD,167,158,0.006246788427233696,6
seed_124,NR-ER-LBD,131,159,0.0062324837781488895,2
seed_124,NR-ER-LBD,79,160,0.006211879197508097,9
seed_124,NR-ER-LBD,9,161,0.006183883640915155,3
seed_124,NR-ER-LBD,102,162,0.006157598923891783,6
seed_124,NR-ER-LBD,234,163,0.006098742596805096,2
seed_124,NR-ER-LBD,298,164,0.006076167803257704,4
seed_124,NR-ER-LBD,22,165,0.00606523547321558,13
seed_124,NR-ER-LBD,192,166,0.006052947603166103,3
seed_124,NR-ER-LBD,157,167,0.006019734311848879,2
seed_124,NR-ER-LBD,222,168,0.006015577353537083,4
seed_124,NR-ER-LBD,212,169,0.005974427796900272,7
seed_124,NR-ER-LBD,146,170,0.005964730400592089,5
seed_124,NR-ER-LBD,184,171,0.005953084211796522,7
seed_124,NR-ER-LBD,179,172,0.00595135660842061,3
seed_124,NR-ER-LBD,25,173,0.005899053532630205,8
seed_124,NR-ER-LBD,232,174,0.005831446964293718,2
seed_124,NR-ER-LBD,209,175,0.005818699020892382,7
seed_124,NR-ER-LBD,267,176,0.005806777626276016,2
seed_124,NR-ER-LBD,221,177,0.0058063967153429985,6
seed_124,NR-ER-LBD,114,178,0.005779508966952562,7
seed_124,NR-ER-LBD,101,179,0.005756186321377754,3
seed_124,NR-ER-LBD,280,180,0.005700917448848486,3
seed_124,NR-ER-LBD,230,181,0.0056821624748408794,3
seed_124,NR-ER-LBD,165,182,0.005678762216120958,4
seed_124,NR-ER-LBD,265,183,0.0056449538096785545,1
seed_124,NR-ER-LBD,177,184,0.00560824666172266,4
seed_124,NR-ER-LBD,111,185,0.0056046550162136555,5
seed_124,NR-ER-LBD,40,186,0.005568400956690311,6
seed_124,NR-ER-LBD,252,187,0.005498969927430153,4
seed_124,NR-ER-LBD,227,188,0.005443687550723553,3
seed_124,NR-ER-LBD,154,189,0.005418351851403713,5
seed_124,NR-ER-LBD,14,190,0.005366338416934013,5
seed_124,NR-ER-LBD,233,191,0.0053253136575222015,6
seed_124,NR-ER-LBD,118,192,0.005325018428266048,4
seed_124,NR-ER-LBD,82,193,0.005306455306708813,4
seed_124,NR-ER-LBD,150,194,0.005288352724164724,3
seed_124,NR-ER-LBD,19,195,0.005248831119388342,4
seed_124,NR-ER-LBD,94,196,0.005220557097345591,2
seed_124,NR-ER-LBD,255,197,0.0051879240199923515,2
seed_124,NR-ER-LBD,109,198,0.005176720209419727,7
seed_124,NR-ER-LBD,264,199,0.005164986941963434,3
seed_124,NR-ER-LBD,242,200,0.005147452931851149,6
seed_124,NR-ER-LBD,28,201,0.005145471543073654,7
seed_124,NR-ER-LBD,95,202,0.00510821957141161,4
seed_124,NR-ER-LBD,294,203,0.005079539027065039,2
seed_124,NR-ER-LBD,124,204,0.005075183697044849,4
seed_124,NR-ER-LBD,187,205,0.00503862090408802,3
seed_124,NR-ER-LBD,188,206,0.005017222836613655,2
seed_124,NR-ER-LBD,169,207,0.00488528935238719,8
seed_124,NR-ER-LBD,250,208,0.004847333300858736,4
seed_124,NR-ER-LBD,208,209,0.0048097772523760796,3
seed_124,NR-ER-LBD,125,210,0.0047292388044297695,3
seed_124,NR-ER-LBD,132,211,0.0046338583342731,2
seed_124,NR-ER-LBD,152,212,0.004597966559231281,3
seed_124,NR-ER-LBD,238,213,0.004587964154779911,1
seed_124,NR-ER-LBD,5,214,0.004533730447292328,4
seed_124,NR-ER-LBD,107,215,0.004515043459832668,6
seed_124,NR-ER-LBD,162,216,0.004475877154618502,3
seed_124,NR-ER-LBD,216,217,0.0044755879789590836,2
seed_124,NR-ER-LBD,201,218,0.0044498383067548275,4
seed_124,NR-ER-LBD,289,219,0.004426199942827225,2
seed_124,NR-ER-LBD,138,220,0.004403383936733007,3
seed_124,NR-ER-LBD,35,221,0.004390179179608822,4
seed_124,NR-ER-LBD,85,222,0.0043746475130319595,3
seed_124,NR-ER-LBD,182,223,0.004343453794717789,2
seed_124,NR-ER-LBD,256,224,0.004288970027118921,2
seed_124,NR-ER-LBD,279,225,0.004235182888805866,2
seed_124,NR-ER-LBD,284,226,0.004230516962707043,2
seed_124,NR-ER-LBD,76,227,0.004215293563902378,2
seed_124,NR-ER-LBD,130,228,0.004198090173304081,4
seed_124,NR-ER-LBD,207,229,0.004186065401881933,2
seed_124,NR-ER-LBD,105,230,0.004147766157984734,3
seed_124,NR-ER-LBD,106,231,0.00413553137332201,4
seed_124,NR-ER-LBD,271,232,0.0040961578488349915,3
seed_124,NR-ER-LBD,226,233,0.004075391683727503,2
seed_124,NR-ER-LBD,158,234,0.003968276549130678,3
seed_124,NR-ER-LBD,41,235,0.003931153565645218,2
seed_124,NR-ER-LBD,149,236,0.003928968217223883,2
seed_124,NR-ER-LBD,214,237,0.003860141383484006,2
seed_124,NR-ER-LBD,247,238,0.003856490831822157,4
seed_124,NR-ER-LBD,38,239,0.0038320699241012335,4
seed_124,NR-ER-LBD,61,240,0.003779985476285219,6
seed_124,NR-ER-LBD,134,241,0.003766478970646858,3
seed_124,NR-ER-LBD,273,242,0.0037597245536744595,2
seed_124,NR-ER-LBD,199,243,0.0037549291737377644,2
seed_124,NR-ER-LBD,191,244,0.0037303538993000984,2
seed_124,NR-ER-LBD,30,245,0.003681582398712635,5
seed_124,NR-ER-LBD,299,246,0.0036729746498167515,7
seed_124,NR-ER-LBD,235,247,0.0036595123820006847,5
seed_124,NR-ER-LBD,293,248,0.0036222999915480614,3
seed_124,NR-ER-LBD,285,249,0.003616896690800786,1
seed_124,NR-ER-LBD,186,250,0.0035821639467030764,3
seed_124,NR-ER-LBD,91,251,0.0035780221223831177,6
seed_124,NR-ER-LBD,141,252,0.0035245867911726236,2
seed_124,NR-ER-LBD,181,253,0.003511234652251005,4
seed_124,NR-ER-LBD,286,254,0.003479242790490389,2
seed_124,NR-ER-LBD,292,255,0.0034686699509620667,3
seed_124,NR-ER-LBD,244,256,0.0034554421436041594,1
seed_124,NR-ER-LBD,159,257,0.0034490972757339478,2
seed_124,NR-ER-LBD,197,258,0.0033932249061763287,3
seed_124,NR-ER-LBD,239,259,0.003328220220282674,3
seed_124,NR-ER-LBD,251,260,0.0033112664241343737,3
seed_124,NR-ER-LBD,261,261,0.003256566822528839,3
seed_124,NR-ER-LBD,270,262,0.0032470091246068478,4
seed_124,NR-ER-LBD,119,263,0.003242654725909233,2
seed_124,NR-ER-LBD,17,264,0.0031683938577771187,5
seed_124,NR-ER-LBD,54,265,0.0031209769658744335,5
seed_124,NR-ER-LBD,77,266,0.0031175357289612293,5
seed_124,NR-ER-LBD,241,267,0.003091145306825638,3
seed_124,NR-ER-LBD,243,268,0.002949716290459037,2
seed_124,NR-ER-LBD,156,269,0.002939703408628702,2
seed_124,NR-ER-LBD,155,270,0.002933942247182131,3
seed_124,NR-ER-LBD,153,271,0.0028382090386003256,2
seed_124,NR-ER-LBD,68,272,0.002779461443424225,2
seed_124,NR-ER-LBD,185,273,0.0027368906885385513,3
seed_124,NR-ER-LBD,258,274,0.002706140046939254,3
seed_124,NR-ER-LBD,297,275,0.002676750998944044,1
seed_124,NR-ER-LBD,248,276,0.00267414515838027,2
seed_124,NR-ER-LBD,202,277,0.0026485268026590347,3
seed_124,NR-ER-LBD,295,278,0.0026419602800160646,2
seed_124,NR-ER-LBD,220,279,0.0025814357213675976,2
seed_124,NR-ER-LBD,89,280,0.002541381400078535,3
seed_124,NR-ER-LBD,224,281,0.0025245724245905876,2
seed_124,NR-ER-LBD,240,282,0.0023631590884178877,1
seed_124,NR-ER-LBD,151,283,0.0023135626688599586,2
seed_124,NR-ER-LBD,237,284,0.002313304226845503,2
seed_124,NR-ER-LBD,278,285,0.002276048297062516,2
seed_124,NR-ER-LBD,88,286,0.002217958914116025,4
seed_124,NR-ER-LBD,266,287,0.0020939591340720654,1
seed_124,NR-ER-LBD,164,288,0.002078646095469594,2
seed_124,NR-ER-LBD,268,289,0.0020101729314774275,4
seed_124,NR-ER-LBD,104,290,0.0020078381057828665,4
seed_124,NR-ER-LBD,11,291,0.0019860868342220783,2
seed_124,NR-ER-LBD,277,292,0.0019747724290937185,1
seed_124,NR-ER-LBD,50,293,0.0019329414935782552,3
seed_124,NR-ER-LBD,291,294,0.0018961303867399693,2
seed_124,NR-ER-LBD,254,295,0.001548448926769197,2
seed_124,NR-ER-LBD,281,296,0.0014895403292030096,1
seed_124,NR-ER-LBD,253,297,0.0014386699767783284,1
seed_124,NR-ER-LBD,288,298,0.001240770099684596,2
seed_124,NR-ER-LBD,272,299,0.0006638090708293021,1
seed_124,SR-ATAD5,168,0,0.08013254404067993,79
seed_124,SR-ATAD5,7,1,0.07020819932222366,33
seed_124,SR-ATAD5,29,2,0.06903878599405289,39
seed_124,SR-ATAD5,63,3,0.06599113345146179,51
seed_124,SR-ATAD5,10,4,0.06246344745159149,17
seed_124,SR-ATAD5,128,5,0.05792698264122009,42
seed_124,SR-ATAD5,74,6,0.057097695767879486,19
seed_124,SR-ATAD5,33,7,0.05563045293092728,17
seed_124,SR-ATAD5,92,8,0.05516968294978142,21
seed_124,SR-ATAD5,147,9,0.052955932915210724,16
seed_124,SR-ATAD5,84,10,0.05271099880337715,15
seed_124,SR-ATAD5,23,11,0.05168431997299194,30
seed_124,SR-ATAD5,93,12,0.05065781623125076,16
seed_124,SR-ATAD5,145,13,0.049996256828308105,17
seed_124,SR-ATAD5,66,14,0.04913586005568504,13
seed_124,SR-ATAD5,81,15,0.04757850617170334,19
seed_124,SR-ATAD5,135,16,0.04720690846443176,9
seed_124,SR-ATAD5,117,17,0.046838246285915375,7
seed_124,SR-ATAD5,79,18,0.04673730954527855,9
seed_124,SR-ATAD5,22,19,0.046636346727609634,13
seed_124,SR-ATAD5,24,20,0.046022988855838776,21
seed_124,SR-ATAD5,70,21,0.04590698331594467,27
seed_124,SR-ATAD5,122,22,0.04563435912132263,6
seed_124,SR-ATAD5,211,23,0.04515518620610237,13
seed_124,SR-ATAD5,6,24,0.044638246297836304,18
seed_124,SR-ATAD5,140,25,0.043997623026371,19
seed_124,SR-ATAD5,62,26,0.04330551251769066,24
seed_124,SR-ATAD5,160,27,0.04201603680849075,11
seed_124,SR-ATAD5,108,28,0.041756726801395416,14
seed_124,SR-ATAD5,242,29,0.041418928653001785,6
seed_124,SR-ATAD5,73,30,0.04131709411740303,16
seed_124,SR-ATAD5,0,31,0.040575142949819565,20
seed_124,SR-ATAD5,27,32,0.0403825044631958,8
seed_124,SR-ATAD5,155,33,0.04037021845579147,3
seed_124,SR-ATAD5,59,34,0.04032718762755394,8
seed_124,SR-ATAD5,247,35,0.040286168456077576,4
seed_124,SR-ATAD5,121,36,0.040156301110982895,7
seed_124,SR-ATAD5,195,37,0.040040574967861176,11
seed_124,SR-ATAD5,49,38,0.039951179176568985,17
seed_124,SR-ATAD5,57,39,0.039588287472724915,9
seed_124,SR-ATAD5,110,40,0.039296846836805344,20
seed_124,SR-ATAD5,136,41,0.03916512429714203,18
seed_124,SR-ATAD5,219,42,0.03896322101354599,16
seed_124,SR-ATAD5,278,43,0.03865426406264305,2
seed_124,SR-ATAD5,139,44,0.038524046540260315,12
seed_124,SR-ATAD5,67,45,0.03825584053993225,16
seed_124,SR-ATAD5,21,46,0.03807099908590317,13
seed_124,SR-ATAD5,89,47,0.037961605936288834,3
seed_124,SR-ATAD5,31,48,0.03781330585479736,20
seed_124,SR-ATAD5,252,49,0.03753134235739708,4
seed_124,SR-ATAD5,190,50,0.037192150950431824,13
seed_124,SR-ATAD5,52,51,0.03699009120464325,16
seed_124,SR-ATAD5,3,52,0.03665504977107048,6
seed_124,SR-ATAD5,75,53,0.03626057505607605,13
seed_124,SR-ATAD5,30,54,0.03613582253456116,5
seed_124,SR-ATAD5,109,55,0.036124780774116516,7
seed_124,SR-ATAD5,181,56,0.03610578924417496,4
seed_124,SR-ATAD5,4,57,0.03584917262196541,9
seed_124,SR-ATAD5,209,58,0.03583670035004616,7
seed_124,SR-ATAD5,290,59,0.035834696143865585,10
seed_124,SR-ATAD5,177,60,0.03578448295593262,4
seed_124,SR-ATAD5,37,61,0.03569316491484642,7
seed_124,SR-ATAD5,53,62,0.035645972937345505,6
seed_124,SR-ATAD5,39,63,0.03497679904103279,9
seed_124,SR-ATAD5,144,64,0.03473109006881714,7
seed_124,SR-ATAD5,115,65,0.03466106578707695,4
seed_124,SR-ATAD5,80,66,0.03456274792551994,8
seed_124,SR-ATAD5,46,67,0.03435807302594185,13
seed_124,SR-ATAD5,166,68,0.034349553287029266,6
seed_124,SR-ATAD5,61,69,0.03426707163453102,6
seed_124,SR-ATAD5,28,70,0.03409286588430405,7
seed_124,SR-ATAD5,55,71,0.03404559567570686,6
seed_124,SR-ATAD5,32,72,0.03381708264350891,8
seed_124,SR-ATAD5,104,73,0.03368311747908592,4
seed_124,SR-ATAD5,287,74,0.0334121398627758,8
seed_124,SR-ATAD5,123,75,0.033067021518945694,11
seed_124,SR-ATAD5,15,76,0.032715633511543274,26
seed_124,SR-ATAD5,234,77,0.0324886254966259,2
seed_124,SR-ATAD5,148,78,0.032415542751550674,14
seed_124,SR-ATAD5,170,79,0.03240455687046051,6
seed_124,SR-ATAD5,172,80,0.03210031986236572,4
seed_124,SR-ATAD5,220,81,0.031873881816864014,2
seed_124,SR-ATAD5,229,82,0.03174701705574989,7
seed_124,SR-ATAD5,200,83,0.03170758858323097,8
seed_124,SR-ATAD5,184,84,0.03168530389666557,7
seed_124,SR-ATAD5,225,85,0.03125182166695595,6
seed_124,SR-ATAD5,245,86,0.031144285574555397,15
seed_124,SR-ATAD5,25,87,0.03111782670021057,8
seed_124,SR-ATAD5,282,88,0.03087957389652729,3
seed_124,SR-ATAD5,163,89,0.03087588958442211,3
seed_124,SR-ATAD5,86,90,0.030861658975481987,9
seed_124,SR-ATAD5,2,91,0.030676214024424553,14
seed_124,SR-ATAD5,40,92,0.03059213235974312,6
seed_124,SR-ATAD5,249,93,0.03047201782464981,3
seed_124,SR-ATAD5,48,94,0.030076904222369194,7
seed_124,SR-ATAD5,1,95,0.0299979355186224,6
seed_124,SR-ATAD5,98,96,0.02991575375199318,2
seed_124,SR-ATAD5,231,97,0.029915550723671913,8
seed_124,SR-ATAD5,233,98,0.029655907303094864,6
seed_124,SR-ATAD5,64,99,0.029541902244091034,7
seed_124,SR-ATAD5,106,100,0.02952762320637703,4
seed_124,SR-ATAD5,72,101,0.029077842831611633,15
seed_124,SR-ATAD5,257,102,0.029003625735640526,8
seed_124,SR-ATAD5,152,103,0.028675751760601997,3
seed_124,SR-ATAD5,210,104,0.028362028300762177,6
seed_124,SR-ATAD5,224,105,0.02832309901714325,2
seed_124,SR-ATAD5,51,106,0.02831738442182541,10
seed_124,SR-ATAD5,189,107,0.028243644163012505,9
seed_124,SR-ATAD5,8,108,0.028229232877492905,6
seed_124,SR-ATAD5,113,109,0.02820293977856636,13
seed_124,SR-ATAD5,114,110,0.028107265010476112,7
seed_124,SR-ATAD5,47,111,0.028078755363821983,4
seed_124,SR-ATAD5,133,112,0.027964724227786064,6
seed_124,SR-ATAD5,102,113,0.027718883007764816,6
seed_124,SR-ATAD5,36,114,0.027546633034944534,7
seed_124,SR-ATAD5,34,115,0.027041766792535782,5
seed_124,SR-ATAD5,199,116,0.02691199630498886,2
seed_124,SR-ATAD5,83,117,0.02673773653805256,9
seed_124,SR-ATAD5,183,118,0.026686061173677444,7
seed_124,SR-ATAD5,112,119,0.02665385603904724,10
seed_124,SR-ATAD5,212,120,0.02661346085369587,7
seed_124,SR-ATAD5,60,121,0.02656686119735241,3
seed_124,SR-ATAD5,279,122,0.02653437852859497,2
seed_124,SR-ATAD5,193,123,0.026468394324183464,9
seed_124,SR-ATAD5,276,124,0.0264408141374588,8
seed_124,SR-ATAD5,204,125,0.026322446763515472,7
seed_124,SR-ATAD5,185,126,0.02619554102420807,3
seed_124,SR-ATAD5,45,127,0.026162058115005493,8
seed_124,SR-ATAD5,87,128,0.02609325386583805,4
seed_124,SR-ATAD5,132,129,0.026014219969511032,2
seed_124,SR-ATAD5,77,130,0.02581181190907955,5
seed_124,SR-ATAD5,273,131,0.02566862851381302,2
seed_124,SR-ATAD5,58,132,0.025512520223855972,10
seed_124,SR-ATAD5,196,133,0.025394897907972336,4
seed_124,SR-ATAD5,129,134,0.025190824642777443,9
seed_124,SR-ATAD5,205,135,0.025168102234601974,3
seed_124,SR-ATAD5,291,136,0.025121325626969337,2
seed_124,SR-ATAD5,246,137,0.025108980014920235,3
seed_124,SR-ATAD5,217,138,0.024969380348920822,4
seed_124,SR-ATAD5,221,139,0.024936530739068985,6
seed_124,SR-ATAD5,256,140,0.024614734575152397,2
seed_124,SR-ATAD5,78,141,0.024586420506238937,5
seed_124,SR-ATAD5,99,142,0.02453748509287834,7
seed_124,SR-ATAD5,71,143,0.024532632902264595,11
seed_124,SR-ATAD5,296,144,0.024522263556718826,10
seed_124,SR-ATAD5,262,145,0.024422593414783478,3
seed_124,SR-ATAD5,260,146,0.024180127307772636,5
seed_124,SR-ATAD5,142,147,0.024056073278188705,3
seed_124,SR-ATAD5,267,148,0.02392449975013733,2
seed_124,SR-ATAD5,44,149,0.0237327441573143,3
seed_124,SR-ATAD5,201,150,0.0237252339720726,4
seed_124,SR-ATAD5,206,151,0.02366502955555916,4
seed_124,SR-ATAD5,116,152,0.023662284016609192,3
seed_124,SR-ATAD5,35,153,0.023330548778176308,4
seed_124,SR-ATAD5,268,154,0.022889675572514534,4
seed_124,SR-ATAD5,17,155,0.022817593067884445,5
seed_124,SR-ATAD5,56,156,0.022786518558859825,17
seed_124,SR-ATAD5,270,157,0.02277255989611149,4
seed_124,SR-ATAD5,171,158,0.02276780642569065,2
seed_124,SR-ATAD5,254,159,0.022745758295059204,2
seed_124,SR-ATAD5,227,160,0.022608958184719086,3
seed_124,SR-ATAD5,146,161,0.021886814385652542,5
seed_124,SR-ATAD5,161,162,0.021582793444395065,2
seed_124,SR-ATAD5,167,163,0.021446485072374344,6
seed_124,SR-ATAD5,213,164,0.021400680765509605,4
seed_124,SR-ATAD5,85,165,0.021376749500632286,3
seed_124,SR-ATAD5,13,166,0.02131902426481247,6
seed_124,SR-ATAD5,208,167,0.021233052015304565,3
seed_124,SR-ATAD5,265,168,0.021167656406760216,1
seed_124,SR-ATAD5,14,169,0.02095128409564495,5
seed_124,SR-ATAD5,156,170,0.02073415368795395,2
seed_124,SR-ATAD5,264,171,0.020664416253566742,3
seed_124,SR-ATAD5,243,172,0.020589107647538185,2
seed_124,SR-ATAD5,12,173,0.020561583340168,6
seed_124,SR-ATAD5,96,174,0.020420385524630547,5
seed_124,SR-ATAD5,54,175,0.020307812839746475,5
seed_124,SR-ATAD5,19,176,0.020210037007927895,4
seed_124,SR-ATAD5,203,177,0.019861960783600807,4
seed_124,SR-ATAD5,299,178,0.01972229965031147,7
seed_124,SR-ATAD5,179,179,0.019492821767926216,3
seed_124,SR-ATAD5,180,180,0.019347302615642548,5
seed_124,SR-ATAD5,194,181,0.01896260306239128,3
seed_124,SR-ATAD5,169,182,0.018939649686217308,8
seed_124,SR-ATAD5,107,183,0.018825789913535118,6
seed_124,SR-ATAD5,202,184,0.018814893439412117,3
seed_124,SR-ATAD5,100,185,0.018700921908020973,3
seed_124,SR-ATAD5,218,186,0.018584728240966797,3
seed_124,SR-ATAD5,216,187,0.018542377278208733,2
seed_124,SR-ATAD5,38,188,0.018454940989613533,4
seed_124,SR-ATAD5,9,189,0.018356474116444588,3
seed_124,SR-ATAD5,90,190,0.018266964703798294,6
seed_124,SR-ATAD5,188,191,0.018247971311211586,2
seed_124,SR-ATAD5,176,192,0.018241528421640396,5
seed_124,SR-ATAD5,164,193,0.01823003776371479,2
seed_124,SR-ATAD5,191,194,0.018108997493982315,2
seed_124,SR-ATAD5,120,195,0.017960114404559135,5
seed_124,SR-ATAD5,134,196,0.017837150022387505,3
seed_124,SR-ATAD5,76,197,0.017698699608445168,2
seed_124,SR-ATAD5,228,198,0.017498863860964775,4
seed_124,SR-ATAD5,124,199,0.017203480005264282,4
seed_124,SR-ATAD5,16,200,0.017167797312140465,4
seed_124,SR-ATAD5,207,201,0.016878336668014526,2
seed_124,SR-ATAD5,158,202,0.016769712790846825,3
seed_124,SR-ATAD5,149,203,0.016616834327578545,2
seed_124,SR-ATAD5,91,204,0.01645038090646267,6
seed_124,SR-ATAD5,43,205,0.016425779089331627,9
seed_124,SR-ATAD5,82,206,0.01631304621696472,4
seed_124,SR-ATAD5,103,207,0.016257844865322113,3
seed_124,SR-ATAD5,130,208,0.01585354655981064,4
seed_124,SR-ATAD5,272,209,0.01578434184193611,1
seed_124,SR-ATAD5,127,210,0.015744972974061966,4
seed_124,SR-ATAD5,42,211,0.015592431649565697,5
seed_124,SR-ATAD5,138,212,0.015283620916306973,3
seed_124,SR-ATAD5,88,213,0.015112500637769699,4
seed_124,SR-ATAD5,235,214,0.014717653393745422,5
seed_124,SR-ATAD5,187,215,0.014695154502987862,3
seed_124,SR-ATAD5,261,216,0.014677520841360092,3
seed_124,SR-ATAD5,26,217,0.014596708118915558,4
seed_124,SR-ATAD5,289,218,0.014549761079251766,2
seed_124,SR-ATAD5,95,219,0.01447273138910532,4
seed_124,SR-ATAD5,298,220,0.01422915793955326,4
seed_124,SR-ATAD5,222,221,0.014151394367218018,4
seed_124,SR-ATAD5,223,222,0.013996260240674019,2
seed_124,SR-ATAD5,137,223,0.013994083739817142,2
seed_124,SR-ATAD5,293,224,0.01395708229392767,3
seed_124,SR-ATAD5,154,225,0.013943837024271488,5
seed_124,SR-ATAD5,111,226,0.013874668627977371,5
seed_124,SR-ATAD5,263,227,0.013872732408344746,6
seed_124,SR-ATAD5,192,228,0.01376414205878973,3
seed_124,SR-ATAD5,126,229,0.013650625012814999,10
seed_124,SR-ATAD5,271,230,0.013604366220533848,3
seed_124,SR-ATAD5,198,231,0.013379392214119434,3
seed_124,SR-ATAD5,97,232,0.01333912368863821,2
seed_124,SR-ATAD5,175,233,0.013328447937965393,9
seed_124,SR-ATAD5,274,234,0.013318669982254505,2
seed_124,SR-ATAD5,20,235,0.013130906037986279,4
seed_124,SR-ATAD5,286,236,0.013121404685080051,2
seed_124,SR-ATAD5,186,237,0.012828369624912739,3
seed_124,SR-ATAD5,230,238,0.012744514271616936,3
seed_124,SR-ATAD5,288,239,0.012706742621958256,2
seed_124,SR-ATAD5,251,240,0.012705517001450062,3
seed_124,SR-ATAD5,105,241,0.012032130733132362,3
seed_124,SR-ATAD5,236,242,0.011957946233451366,3
seed_124,SR-ATAD5,173,243,0.011903800070285797,4
seed_124,SR-ATAD5,266,244,0.01170504093170166,1
seed_124,SR-ATAD5,226,245,0.01159738376736641,2
seed_124,SR-ATAD5,215,246,0.011592882685363293,4
seed_124,SR-ATAD5,174,247,0.011572004295885563,2
seed_124,SR-ATAD5,69,248,0.01148585882037878,8
seed_124,SR-ATAD5,65,249,0.011391403153538704,3
seed_124,SR-ATAD5,165,250,0.011376293376088142,4
seed_124,SR-ATAD5,118,251,0.011198563501238823,4
seed_124,SR-ATAD5,284,252,0.011073499917984009,2
seed_124,SR-ATAD5,41,253,0.010998154990375042,2
seed_124,SR-ATAD5,294,254,0.010871510952711105,2
seed_124,SR-ATAD5,18,255,0.010660707019269466,4
seed_124,SR-ATAD5,50,256,0.010268139652907848,3
seed_124,SR-ATAD5,151,257,0.010103094391524792,2
seed_124,SR-ATAD5,285,258,0.010044226422905922,1
seed_124,SR-ATAD5,248,259,0.010018786415457726,2
seed_124,SR-ATAD5,131,260,0.00978081114590168,2
seed_124,SR-ATAD5,159,261,0.009677628055214882,2
seed_124,SR-ATAD5,143,262,0.00946336705237627,5
seed_124,SR-ATAD5,94,263,0.009452713653445244,2
seed_124,SR-ATAD5,119,264,0.00940355472266674,2
seed_124,SR-ATAD5,197,265,0.009289548732340336,3
seed_124,SR-ATAD5,153,266,0.009226913563907146,2
seed_124,SR-ATAD5,157,267,0.008835852146148682,2
seed_124,SR-ATAD5,182,268,0.008780785836279392,2
seed_124,SR-ATAD5,269,269,0.008736807852983475,4
seed_124,SR-ATAD5,101,270,0.00844024308025837,3
seed_124,SR-ATAD5,162,271,0.008343835361301899,3
seed_124,SR-ATAD5,232,272,0.008184061385691166,2
seed_124,SR-ATAD5,250,273,0.007923705503344536,4
seed_124,SR-ATAD5,125,274,0.007912201806902885,3
seed_124,SR-ATAD5,237,275,0.0077569372951984406,2
seed_124,SR-ATAD5,292,276,0.007245980203151703,3
seed_124,SR-ATAD5,297,277,0.007240701001137495,1
seed_124,SR-ATAD5,68,278,0.007083285599946976,2
seed_124,SR-ATAD5,253,279,0.007012894377112389,1
seed_124,SR-ATAD5,214,280,0.006792283151298761,2
seed_124,SR-ATAD5,5,281,0.006623083725571632,4
seed_124,SR-ATAD5,150,282,0.0064891609363257885,3
seed_124,SR-ATAD5,283,283,0.00648559769615531,2
seed_124,SR-ATAD5,259,284,0.006155005190521479,2
seed_124,SR-ATAD5,295,285,0.005955876316875219,2
seed_124,SR-ATAD5,275,286,0.005431087221950293,2
seed_124,SR-ATAD5,280,287,0.005369712598621845,3
seed_124,SR-ATAD5,240,288,0.005304744001477957,1
seed_124,SR-ATAD5,178,289,0.005214665085077286,2
seed_124,SR-ATAD5,241,290,0.005204394925385714,3
seed_124,SR-ATAD5,255,291,0.005193520803004503,2
seed_124,SR-ATAD5,258,292,0.004669789224863052,3
seed_124,SR-ATAD5,239,293,0.004664497449994087,3
seed_124,SR-ATAD5,244,294,0.004396506585180759,1
seed_124,SR-ATAD5,281,295,0.0032454347237944603,1
seed_124,SR-ATAD5,277,296,0.0029398042242974043,1
seed_124,SR-ATAD5,11,297,0.002426702529191971,2
seed_124,SR-ATAD5,141,298,0.0019878982566297054,2
seed_124,SR-ATAD5,238,299,0.001862996257841587,1
seed_124,SR-p53,168,0,0.064934141933918,79
seed_124,SR-p53,63,1,0.0560053288936615,51
seed_124,SR-p53,46,2,0.05409795790910721,13
seed_124,SR-p53,23,3,0.05066206678748131,30
seed_124,SR-p53,193,4,0.046543922275304794,9
seed_124,SR-p53,29,5,0.04626002907752991,39
seed_124,SR-p53,39,6,0.0455801747739315,9
seed_124,SR-p53,128,7,0.04537135735154152,42
seed_124,SR-p53,24,8,0.043665509670972824,21
seed_124,SR-p53,74,9,0.04145887494087219,19
seed_124,SR-p53,56,10,0.040690526366233826,17
seed_124,SR-p53,243,11,0.03973722457885742,2
seed_124,SR-p53,83,12,0.03920510411262512,9
seed_124,SR-p53,99,13,0.03882216662168503,7
seed_124,SR-p53,15,14,0.03855188563466072,26
seed_124,SR-p53,4,15,0.03749709203839302,9
seed_124,SR-p53,93,16,0.037318844348192215,16
seed_124,SR-p53,7,17,0.03713882341980934,33
seed_124,SR-p53,34,18,0.0368342362344265,5
seed_124,SR-p53,219,19,0.03683318942785263,16
seed_124,SR-p53,136,20,0.036760248243808746,18
seed_124,SR-p53,211,21,0.036636997014284134,13
seed_124,SR-p53,0,22,0.03652362525463104,20
seed_124,SR-p53,133,23,0.03646621108055115,6
seed_124,SR-p53,62,24,0.03628440573811531,24
seed_124,SR-p53,108,25,0.03584153950214386,14
seed_124,SR-p53,147,26,0.03561152517795563,16
seed_124,SR-p53,217,27,0.034192606806755066,4
seed_124,SR-p53,59,28,0.033966001123189926,8
seed_124,SR-p53,195,29,0.0339396670460701,11
seed_124,SR-p53,92,30,0.033366914838552475,21
seed_124,SR-p53,21,31,0.033228930085897446,13
seed_124,SR-p53,33,32,0.033102620393037796,17
seed_124,SR-p53,148,33,0.033030517399311066,14
seed_124,SR-p53,67,34,0.03291985020041466,16
seed_124,SR-p53,49,35,0.03254285827279091,17
seed_124,SR-p53,64,36,0.03184802830219269,7
seed_124,SR-p53,27,37,0.031842999160289764,8
seed_124,SR-p53,110,38,0.03167565539479256,20
seed_124,SR-p53,167,39,0.03093744069337845,6
seed_124,SR-p53,290,40,0.03082965686917305,10
seed_124,SR-p53,84,41,0.030754990875720978,15
seed_124,SR-p53,135,42,0.030643193051218987,9
seed_124,SR-p53,43,43,0.03042946197092533,9
seed_124,SR-p53,175,44,0.03025985322892666,9
seed_124,SR-p53,249,45,0.030117493122816086,3
seed_124,SR-p53,57,46,0.029988301917910576,9
seed_124,SR-p53,81,47,0.02994127757847309,19
seed_124,SR-p53,73,48,0.02980862185359001,16
seed_124,SR-p53,38,49,0.029430819675326347,4
seed_124,SR-p53,52,50,0.029403449967503548,16
seed_124,SR-p53,275,51,0.0291547030210495,2
seed_124,SR-p53,112,52,0.02913917601108551,10
seed_124,SR-p53,90,53,0.02913198620080948,6
seed_124,SR-p53,72,54,0.029092302545905113,15
seed_124,SR-p53,189,55,0.029026448726654053,9
seed_124,SR-p53,75,56,0.028884777799248695,13
seed_124,SR-p53,113,57,0.028869757428765297,13
seed_124,SR-p53,163,58,0.028713028877973557,3
seed_124,SR-p53,66,59,0.028641588985919952,13
seed_124,SR-p53,22,60,0.028540857136249542,13
seed_124,SR-p53,129,61,0.028102098032832146,9
seed_124,SR-p53,245,62,0.02782408520579338,15
seed_124,SR-p53,218,63,0.027772141620516777,3
seed_124,SR-p53,10,64,0.027531176805496216,17
seed_124,SR-p53,210,65,0.02741035260260105,6
seed_124,SR-p53,143,66,0.027388589456677437,5
seed_124,SR-p53,264,67,0.027139099314808846,3
seed_124,SR-p53,169,68,0.0269312784075737,8
seed_124,SR-p53,95,69,0.026918625459074974,4
seed_124,SR-p53,53,70,0.026903001591563225,6
seed_124,SR-p53,145,71,0.026859957724809647,17
seed_124,SR-p53,121,72,0.02682359144091606,7
seed_124,SR-p53,55,73,0.026729360222816467,6
seed_124,SR-p53,86,74,0.026709171012043953,9
seed_124,SR-p53,137,75,0.02628098800778389,2
seed_124,SR-p53,228,76,0.026217421516776085,4
seed_124,SR-p53,61,77,0.025741007179021835,6
seed_124,SR-p53,206,78,0.025684241205453873,4
seed_124,SR-p53,51,79,0.025526782497763634,10
seed_124,SR-p53,200,80,0.0254720039665699,8
seed_124,SR-p53,284,81,0.025425925850868225,2
seed_124,SR-p53,242,82,0.025374477729201317,6
seed_124,SR-p53,42,83,0.025289295241236687,5
seed_124,SR-p53,32,84,0.025147397071123123,8
seed_124,SR-p53,31,85,0.02500639669597149,20
seed_124,SR-p53,17,86,0.024951912462711334,5
seed_124,SR-p53,139,87,0.024898795410990715,12
seed_124,SR-p53,70,88,0.024829931557178497,27
seed_124,SR-p53,170,89,0.024719225242733955,6
seed_124,SR-p53,8,90,0.024628784507513046,6
seed_124,SR-p53,262,91,0.024447932839393616,3
seed_124,SR-p53,3,92,0.024421770125627518,6
seed_124,SR-p53,164,93,0.024262484163045883,2
seed_124,SR-p53,126,94,0.024177802726626396,10
seed_124,SR-p53,144,95,0.024082457646727562,7
seed_124,SR-p53,44,96,0.024050086736679077,3
seed_124,SR-p53,225,97,0.023927023634314537,6
seed_124,SR-p53,190,98,0.023618804290890694,13
seed_124,SR-p53,155,99,0.02360093966126442,3
seed_124,SR-p53,235,100,0.023586271330714226,5
seed_124,SR-p53,19,101,0.02357802912592888,4
seed_124,SR-p53,280,102,0.023546691983938217,3
seed_124,SR-p53,276,103,0.023402288556098938,8
seed_124,SR-p53,123,104,0.023358099162578583,11
seed_124,SR-p53,97,105,0.023290809243917465,2
seed_124,SR-p53,212,106,0.02328912913799286,7
seed_124,SR-p53,88,107,0.023251576349139214,4
seed_124,SR-p53,192,108,0.023132139816880226,3
seed_124,SR-p53,150,109,0.023051699623465538,3
seed_124,SR-p53,91,110,0.022766392678022385,6
seed_124,SR-p53,160,111,0.022616591304540634,11
seed_124,SR-p53,119,112,0.022473450750112534,2
seed_124,SR-p53,209,113,0.022439632564783096,7
seed_124,SR-p53,132,114,0.022334787994623184,2
seed_124,SR-p53,18,115,0.02228783629834652,4
seed_124,SR-p53,20,116,0.022282995283603668,4
seed_124,SR-p53,48,117,0.02227495051920414,7
seed_124,SR-p53,6,118,0.022007465362548828,18
seed_124,SR-p53,58,119,0.02197136916220188,10
seed_124,SR-p53,94,120,0.021884214133024216,2
seed_124,SR-p53,204,121,0.021628910675644875,7
seed_124,SR-p53,5,122,0.021593254059553146,4
seed_124,SR-p53,226,123,0.021548179909586906,2
seed_124,SR-p53,152,124,0.02139694057404995,3
seed_124,SR-p53,45,125,0.02130623534321785,8
seed_124,SR-p53,247,126,0.021265756338834763,4
seed_124,SR-p53,30,127,0.021251391619443893,5
seed_124,SR-p53,282,128,0.02121424488723278,3
seed_124,SR-p53,117,129,0.021206732839345932,7
seed_124,SR-p53,178,130,0.021146543323993683,2
seed_124,SR-p53,142,131,0.02106419764459133,3
seed_124,SR-p53,183,132,0.020922992378473282,7
seed_124,SR-p53,118,133,0.020911376923322678,4
seed_124,SR-p53,114,134,0.020876586437225342,7
seed_124,SR-p53,289,135,0.02086516283452511,2
seed_124,SR-p53,47,136,0.020809583365917206,4
seed_124,SR-p53,82,137,0.02080048993229866,4
seed_124,SR-p53,40,138,0.020794736221432686,6
seed_124,SR-p53,267,139,0.020655745640397072,2
seed_124,SR-p53,252,140,0.02059546485543251,4
seed_124,SR-p53,283,141,0.020553460344672203,2
seed_124,SR-p53,187,142,0.020374957472085953,3
seed_124,SR-p53,2,143,0.020197752863168716,14
seed_124,SR-p53,71,144,0.02016318589448929,11
seed_124,SR-p53,222,145,0.02014767751097679,4
seed_124,SR-p53,199,146,0.020136501640081406,2
seed_124,SR-p53,229,147,0.020129870623350143,7
seed_124,SR-p53,198,148,0.020081646740436554,3
seed_124,SR-p53,196,149,0.019829129800200462,4
seed_124,SR-p53,261,150,0.019757362082600594,3
seed_124,SR-p53,77,151,0.01964728906750679,5
seed_124,SR-p53,116,152,0.019627856090664864,3
seed_124,SR-p53,12,153,0.019625438377261162,6
seed_124,SR-p53,13,154,0.019495852291584015,6
seed_124,SR-p53,270,155,0.019485751166939735,4
seed_124,SR-p53,273,156,0.0193602554500103,2
seed_124,SR-p53,166,157,0.019234327599406242,6
seed_124,SR-p53,104,158,0.019220156595110893,4
seed_124,SR-p53,109,159,0.01914665848016739,7
seed_124,SR-p53,177,160,0.01886853203177452,4
seed_124,SR-p53,36,161,0.018813926726579666,7
seed_124,SR-p53,140,162,0.01879722811281681,19
seed_124,SR-p53,69,163,0.018786802887916565,8
seed_124,SR-p53,246,164,0.01873866282403469,3
seed_124,SR-p53,257,165,0.018643692135810852,8
seed_124,SR-p53,233,166,0.018640605732798576,6
seed_124,SR-p53,253,167,0.01847979798913002,1
seed_124,SR-p53,203,168,0.018436238169670105,4
seed_124,SR-p53,87,169,0.0180768221616745,4
seed_124,SR-p53,288,170,0.018061913549900055,2
seed_124,SR-p53,158,171,0.018032414838671684,3
seed_124,SR-p53,265,172,0.017963100224733353,1
seed_124,SR-p53,237,173,0.01789851486682892,2
seed_124,SR-p53,213,174,0.017835959792137146,4
seed_124,SR-p53,185,175,0.017551444470882416,3
seed_124,SR-p53,80,176,0.017268292605876923,8
seed_124,SR-p53,239,177,0.01710672862827778,3
seed_124,SR-p53,111,178,0.017019152641296387,5
seed_124,SR-p53,197,179,0.016969596967101097,3
seed_124,SR-p53,102,180,0.01683562621474266,6
seed_124,SR-p53,54,181,0.01674843207001686,5
seed_124,SR-p53,162,182,0.016601968556642532,3
seed_124,SR-p53,223,183,0.016514237970113754,2
seed_124,SR-p53,16,184,0.01630682498216629,4
seed_124,SR-p53,299,185,0.01629042811691761,7
seed_124,SR-p53,216,186,0.016255062073469162,2
seed_124,SR-p53,263,187,0.016234450042247772,6
seed_124,SR-p53,122,188,0.016115065664052963,6
seed_124,SR-p53,260,189,0.01608593761920929,5
seed_124,SR-p53,96,190,0.016031060367822647,5
seed_124,SR-p53,149,191,0.016026929020881653,2
seed_124,SR-p53,220,192,0.015932414680719376,2
seed_124,SR-p53,124,193,0.01584259606897831,4
seed_124,SR-p53,125,194,0.01578688994050026,3
seed_124,SR-p53,298,195,0.015614258125424385,4
seed_124,SR-p53,127,196,0.015553168952465057,4
seed_124,SR-p53,231,197,0.015406375750899315,8
seed_124,SR-p53,230,198,0.015324118547141552,3
seed_124,SR-p53,1,199,0.015157862566411495,6
seed_124,SR-p53,171,200,0.015148663893342018,2
seed_124,SR-p53,221,201,0.015144712291657925,6
seed_124,SR-p53,115,202,0.015124994330108166,4
seed_124,SR-p53,293,203,0.015076791867613792,3
seed_124,SR-p53,78,204,0.014906254597008228,5
seed_124,SR-p53,172,205,0.01490324642509222,4
seed_124,SR-p53,291,206,0.014871657826006413,2
seed_124,SR-p53,287,207,0.014778266660869122,8
seed_124,SR-p53,98,208,0.014738514088094234,2
seed_124,SR-p53,176,209,0.014603200368583202,5
seed_124,SR-p53,106,210,0.01450025849044323,4
seed_124,SR-p53,227,211,0.014460132457315922,3
seed_124,SR-p53,103,212,0.014352896250784397,3
seed_124,SR-p53,85,213,0.014283309690654278,3
seed_124,SR-p53,79,214,0.014234532602131367,9
seed_124,SR-p53,205,215,0.014101050794124603,3
seed_124,SR-p53,271,216,0.01397849339991808,3
seed_124,SR-p53,277,217,0.01384231448173523,1
seed_124,SR-p53,37,218,0.013797750696539879,7
seed_124,SR-p53,296,219,0.013784890994429588,10
seed_124,SR-p53,9,220,0.013654100708663464,3
seed_124,SR-p53,241,221,0.013629306107759476,3
seed_124,SR-p53,224,222,0.013520156033337116,2
seed_124,SR-p53,268,223,0.01351370383054018,4
seed_124,SR-p53,60,224,0.01348771434277296,3
seed_124,SR-p53,258,225,0.013471884652972221,3
seed_124,SR-p53,181,226,0.013445533812046051,4
seed_124,SR-p53,240,227,0.013289550319314003,1
seed_124,SR-p53,194,228,0.013241343200206757,3
seed_124,SR-p53,35,229,0.013212805613875389,4
seed_124,SR-p53,156,230,0.013124817982316017,2
seed_124,SR-p53,180,231,0.012953601777553558,5
seed_124,SR-p53,89,232,0.012832163833081722,3
seed_124,SR-p53,120,233,0.012748620472848415,5
seed_124,SR-p53,184,234,0.012607918120920658,7
seed_124,SR-p53,179,235,0.012480492703616619,3
seed_124,SR-p53,250,236,0.01235240325331688,4
seed_124,SR-p53,285,237,0.012312887236475945,1
seed_124,SR-p53,28,238,0.012212952598929405,7
seed_124,SR-p53,269,239,0.012212445959448814,4
seed_124,SR-p53,208,240,0.011975417844951153,3
seed_124,SR-p53,215,241,0.011958650313317776,4
seed_124,SR-p53,134,242,0.011914605274796486,3
seed_124,SR-p53,153,243,0.011905556544661522,2
seed_124,SR-p53,157,244,0.011896428652107716,2
seed_124,SR-p53,14,245,0.011875681579113007,5
seed_124,SR-p53,154,246,0.011786718852818012,5
seed_124,SR-p53,292,247,0.011717837303876877,3
seed_124,SR-p53,25,248,0.011448959819972515,8
seed_124,SR-p53,295,249,0.011382529512047768,2
seed_124,SR-p53,202,250,0.011358325369656086,3
seed_124,SR-p53,41,251,0.011203781701624393,2
seed_124,SR-p53,214,252,0.010931950993835926,2
seed_124,SR-p53,146,253,0.010850696824491024,5
seed_124,SR-p53,130,254,0.010801039636135101,4
seed_124,SR-p53,26,255,0.010511660948395729,4
seed_124,SR-p53,173,256,0.010013628751039505,4
seed_124,SR-p53,131,257,0.009901473298668861,2
seed_124,SR-p53,107,258,0.009559026919305325,6
seed_124,SR-p53,100,259,0.009192676283419132,3
seed_124,SR-p53,259,260,0.009183666668832302,2
seed_124,SR-p53,251,261,0.009150967001914978,3
seed_124,SR-p53,76,262,0.008897921070456505,2
seed_124,SR-p53,236,263,0.008837731555104256,3
seed_124,SR-p53,101,264,0.008496287278831005,3
seed_124,SR-p53,294,265,0.008389157243072987,2
seed_124,SR-p53,159,266,0.008386427536606789,2
seed_124,SR-p53,256,267,0.00837622955441475,2
seed_124,SR-p53,286,268,0.008331757970154285,2
seed_124,SR-p53,279,269,0.008239316754043102,2
seed_124,SR-p53,207,270,0.00817711278796196,2
seed_124,SR-p53,238,271,0.008080679923295975,1
seed_124,SR-p53,254,272,0.007869116961956024,2
seed_124,SR-p53,138,273,0.007860176265239716,3
seed_124,SR-p53,191,274,0.007733419071882963,2
seed_124,SR-p53,182,275,0.00753166014328599,2
seed_124,SR-p53,65,276,0.007503181230276823,3
seed_124,SR-p53,255,277,0.007483591325581074,2
seed_124,SR-p53,50,278,0.007388426456600428,3
seed_124,SR-p53,174,279,0.007327324245125055,2
seed_124,SR-p53,161,280,0.007057936396449804,2
seed_124,SR-p53,186,281,0.006808095145970583,3
seed_124,SR-p53,141,282,0.006708186119794846,2
seed_124,SR-p53,272,283,0.006590909790247679,1
seed_124,SR-p53,105,284,0.006357239093631506,3
seed_124,SR-p53,244,285,0.006341918837279081,1
seed_124,SR-p53,188,286,0.006104585714638233,2
seed_124,SR-p53,68,287,0.006039007101207972,2
seed_124,SR-p53,248,288,0.005971675738692284,2
seed_124,SR-p53,165,289,0.005936175584793091,4
seed_124,SR-p53,234,290,0.005858527962118387,2
seed_124,SR-p53,297,291,0.005358405411243439,1
seed_124,SR-p53,201,292,0.005152273923158646,4
seed_124,SR-p53,11,293,0.005127627868205309,2
seed_124,SR-p53,278,294,0.004603273700922728,2
seed_124,SR-p53,232,295,0.00440263980999589,2
seed_124,SR-p53,274,296,0.003998267464339733,2
seed_124,SR-p53,151,297,0.0037869878578931093,2
seed_124,SR-p53,281,298,0.0033870390616357327,1
seed_124,SR-p53,266,299,0.0009196291211992502,1
seed_125,NR-AR,168,0,0.26982173323631287,79
seed_125,NR-AR,63,1,0.2604888081550598,51
seed_125,NR-AR,144,2,0.2000470757484436,7
seed_125,NR-AR,31,3,0.19818109273910522,20
seed_125,NR-AR,128,4,0.19446466863155365,42
seed_125,NR-AR,29,5,0.18698182702064514,39
seed_125,NR-AR,23,6,0.18593856692314148,30
seed_125,NR-AR,15,7,0.1743094027042389,26
seed_125,NR-AR,74,8,0.17401593923568726,19
seed_125,NR-AR,7,9,0.17228320240974426,33
seed_125,NR-AR,10,10,0.1650066077709198,17
seed_125,NR-AR,108,11,0.16411951184272766,14
seed_125,NR-AR,142,12,0.16366803646087646,3
seed_125,NR-AR,75,13,0.16180263459682465,13
seed_125,NR-AR,203,14,0.16142979264259338,4
seed_125,NR-AR,62,15,0.16024689376354218,24
seed_125,NR-AR,184,16,0.16015011072158813,7
seed_125,NR-AR,81,17,0.15887318551540375,19
seed_125,NR-AR,110,18,0.15812024474143982,20
seed_125,NR-AR,66,19,0.15810902416706085,13
seed_125,NR-AR,173,20,0.1552143543958664,4
seed_125,NR-AR,46,21,0.15401165187358856,13
seed_125,NR-AR,51,22,0.15289375185966492,10
seed_125,NR-AR,70,23,0.1527206152677536,27
seed_125,NR-AR,148,24,0.15241968631744385,14
seed_125,NR-AR,114,25,0.14875826239585876,7
seed_125,NR-AR,49,26,0.14833368360996246,17
seed_125,NR-AR,93,27,0.14679080247879028,16
seed_125,NR-AR,245,28,0.1457383930683136,15
seed_125,NR-AR,219,29,0.1436404287815094,16
seed_125,NR-AR,56,30,0.1431151032447815,17
seed_125,NR-AR,52,31,0.1427353471517563,16
seed_125,NR-AR,4,32,0.1426345258951187,9
seed_125,NR-AR,38,33,0.14082612097263336,4
seed_125,NR-AR,48,34,0.1407194286584854,7
seed_125,NR-AR,129,35,0.13939474523067474,9
seed_125,NR-AR,146,36,0.13862214982509613,5
seed_125,NR-AR,33,37,0.1382719725370407,17
seed_125,NR-AR,235,38,0.13826106488704681,5
seed_125,NR-AR,189,39,0.13745863735675812,9
seed_125,NR-AR,136,40,0.13738471269607544,18
seed_125,NR-AR,145,41,0.1358472853899002,17
seed_125,NR-AR,90,42,0.13583534955978394,6
seed_125,NR-AR,134,43,0.13456177711486816,3
seed_125,NR-AR,113,44,0.13443316519260406,13
seed_125,NR-AR,86,45,0.13333825767040253,9
seed_125,NR-AR,281,46,0.13236017525196075,1
seed_125,NR-AR,24,47,0.13183054327964783,21
seed_125,NR-AR,0,48,0.13019904494285583,20
seed_125,NR-AR,84,49,0.13002264499664307,15
seed_125,NR-AR,123,50,0.1299278885126114,11
seed_125,NR-AR,190,51,0.12986019253730774,13
seed_125,NR-AR,69,52,0.12972527742385864,8
seed_125,NR-AR,2,53,0.12917309999465942,14
seed_125,NR-AR,92,54,0.12760990858078003,21
seed_125,NR-AR,140,55,0.12678313255310059,19
seed_125,NR-AR,135,56,0.12594927847385406,9
seed_125,NR-AR,99,57,0.1238422840833664,7
seed_125,NR-AR,122,58,0.12259971350431442,6
seed_125,NR-AR,163,59,0.12244897335767746,3
seed_125,NR-AR,166,60,0.12080132216215134,6
seed_125,NR-AR,185,61,0.12078677862882614,3
seed_125,NR-AR,30,62,0.12061311304569244,5
seed_125,NR-AR,36,63,0.12034501135349274,7
seed_125,NR-AR,19,64,0.12020750343799591,4
seed_125,NR-AR,124,65,0.11939958482980728,4
seed_125,NR-AR,147,66,0.11826997995376587,16
seed_125,NR-AR,224,67,0.11814521253108978,2
seed_125,NR-AR,207,68,0.11761277914047241,2
seed_125,NR-AR,133,69,0.11559956520795822,6
seed_125,NR-AR,54,70,0.1135721281170845,5
seed_125,NR-AR,67,71,0.11211347579956055,16
seed_125,NR-AR,57,72,0.11210686713457108,9
seed_125,NR-AR,6,73,0.11208376288414001,18
seed_125,NR-AR,229,74,0.11151301115751266,7
seed_125,NR-AR,17,75,0.11136417090892792,5
seed_125,NR-AR,116,76,0.11070787161588669,3
seed_125,NR-AR,73,77,0.11020750552415848,16
seed_125,NR-AR,127,78,0.11008190363645554,4
seed_125,NR-AR,21,79,0.11002885550260544,13
seed_125,NR-AR,117,80,0.10975482314825058,7
seed_125,NR-AR,210,81,0.10971289873123169,6
seed_125,NR-AR,180,82,0.1094183400273323,5
seed_125,NR-AR,25,83,0.10697561502456665,8
seed_125,NR-AR,239,84,0.10687203705310822,3
seed_125,NR-AR,252,85,0.10673002898693085,4
seed_125,NR-AR,197,86,0.10593221336603165,3
seed_125,NR-AR,139,87,0.10433599352836609,12
seed_125,NR-AR,59,88,0.10403932631015778,8
seed_125,NR-AR,262,89,0.1040128543972969,3
seed_125,NR-AR,233,90,0.10373303294181824,6
seed_125,NR-AR,296,91,0.10317515581846237,10
seed_125,NR-AR,60,92,0.10217662900686264,3
seed_125,NR-AR,125,93,0.1015026792883873,3
seed_125,NR-AR,152,94,0.10034522414207458,3
seed_125,NR-AR,169,95,0.09958731383085251,8
seed_125,NR-AR,211,96,0.09865342080593109,13
seed_125,NR-AR,212,97,0.09852580726146698,7
seed_125,NR-AR,13,98,0.0982893854379654,6
seed_125,NR-AR,40,99,0.09749492257833481,6
seed_125,NR-AR,204,100,0.09727051854133606,7
seed_125,NR-AR,200,101,0.09701963514089584,8
seed_125,NR-AR,259,102,0.09680981189012527,2
seed_125,NR-AR,292,103,0.09673353284597397,3
seed_125,NR-AR,280,104,0.09639625251293182,3
seed_125,NR-AR,79,105,0.09594134241342545,9
seed_125,NR-AR,258,106,0.09594053030014038,3
seed_125,NR-AR,80,107,0.09520439803600311,8
seed_125,NR-AR,271,108,0.09450266510248184,3
seed_125,NR-AR,275,109,0.09411931037902832,2
seed_125,NR-AR,268,110,0.09373469650745392,4
seed_125,NR-AR,22,111,0.09346795082092285,13
seed_125,NR-AR,28,112,0.09283167123794556,7
seed_125,NR-AR,104,113,0.09282896667718887,4
seed_125,NR-AR,143,114,0.09238500893115997,5
seed_125,NR-AR,126,115,0.09184709191322327,10
seed_125,NR-AR,242,116,0.09156583249568939,6
seed_125,NR-AR,42,117,0.09155631810426712,5
seed_125,NR-AR,121,118,0.0909733921289444,7
seed_125,NR-AR,95,119,0.09067574143409729,4
seed_125,NR-AR,91,120,0.09058283269405365,6
seed_125,NR-AR,72,121,0.08980565518140793,15
seed_125,NR-AR,222,122,0.08889108896255493,4
seed_125,NR-AR,289,123,0.08878267556428909,2
seed_125,NR-AR,287,124,0.08874253183603287,8
seed_125,NR-AR,261,125,0.08841359615325928,3
seed_125,NR-AR,130,126,0.08840438723564148,4
seed_125,NR-AR,37,127,0.0883873850107193,7
seed_125,NR-AR,256,128,0.08800598978996277,2
seed_125,NR-AR,286,129,0.08731481432914734,2
seed_125,NR-AR,160,130,0.08706282824277878,11
seed_125,NR-AR,47,131,0.08632583916187286,4
seed_125,NR-AR,45,132,0.08616230636835098,8
seed_125,NR-AR,115,133,0.08567944914102554,4
seed_125,NR-AR,39,134,0.0850825309753418,9
seed_125,NR-AR,3,135,0.08490224182605743,6
seed_125,NR-AR,251,136,0.08463235199451447,3
seed_125,NR-AR,53,137,0.08451978862285614,6
seed_125,NR-AR,238,138,0.08441969007253647,1
seed_125,NR-AR,172,139,0.08426264673471451,4
seed_125,NR-AR,244,140,0.08421070873737335,1
seed_125,NR-AR,299,141,0.0840938612818718,7
seed_125,NR-AR,158,142,0.08402456343173981,3
seed_125,NR-AR,290,143,0.08396919816732407,10
seed_125,NR-AR,50,144,0.08318281173706055,3
seed_125,NR-AR,20,145,0.08294196426868439,4
seed_125,NR-AR,71,146,0.08290035277605057,11
seed_125,NR-AR,96,147,0.08287174999713898,5
seed_125,NR-AR,109,148,0.08256764709949493,7
seed_125,NR-AR,206,149,0.0825657993555069,4
seed_125,NR-AR,276,150,0.08221785724163055,8
seed_125,NR-AR,179,151,0.08220651000738144,3
seed_125,NR-AR,249,152,0.08151425421237946,3
seed_125,NR-AR,194,153,0.0812065526843071,3
seed_125,NR-AR,83,154,0.0810350701212883,9
seed_125,NR-AR,227,155,0.08101542294025421,3
seed_125,NR-AR,43,156,0.08029140532016754,9
seed_125,NR-AR,264,157,0.08001770824193954,3
seed_125,NR-AR,213,158,0.0796283483505249,4
seed_125,NR-AR,35,159,0.0794101357460022,4
seed_125,NR-AR,250,160,0.07859748601913452,4
seed_125,NR-AR,269,161,0.07813894748687744,4
seed_125,NR-AR,58,162,0.07803696393966675,10
seed_125,NR-AR,77,163,0.07800181210041046,5
seed_125,NR-AR,106,164,0.07707151770591736,4
seed_125,NR-AR,231,165,0.07652689516544342,8
seed_125,NR-AR,98,166,0.0763874351978302,2
seed_125,NR-AR,263,167,0.07607454806566238,6
seed_125,NR-AR,102,168,0.07576630264520645,6
seed_125,NR-AR,61,169,0.07534865289926529,6
seed_125,NR-AR,195,170,0.07465597987174988,11
seed_125,NR-AR,215,171,0.07453755289316177,4
seed_125,NR-AR,198,172,0.0743865817785263,3
seed_125,NR-AR,192,173,0.07416608184576035,3
seed_125,NR-AR,55,174,0.07411909103393555,6
seed_125,NR-AR,234,175,0.07393389195203781,2
seed_125,NR-AR,220,176,0.07384935766458511,2
seed_125,NR-AR,294,177,0.07338473945856094,2
seed_125,NR-AR,273,178,0.07327395677566528,2
seed_125,NR-AR,277,179,0.07319951802492142,1
seed_125,NR-AR,101,180,0.07229623943567276,3
seed_125,NR-AR,174,181,0.07111574709415436,2
seed_125,NR-AR,165,182,0.07061392068862915,4
seed_125,NR-AR,246,183,0.07035793364048004,3
seed_125,NR-AR,44,184,0.07023562490940094,3
seed_125,NR-AR,87,185,0.06962365657091141,4
seed_125,NR-AR,297,186,0.0688239261507988,1
seed_125,NR-AR,5,187,0.06878984719514847,4
seed_125,NR-AR,65,188,0.06860411912202835,3
seed_125,NR-AR,175,189,0.06828121095895767,9
seed_125,NR-AR,118,190,0.06774099916219711,4
seed_125,NR-AR,27,191,0.06758244335651398,8
seed_125,NR-AR,76,192,0.06755731254816055,2
seed_125,NR-AR,193,193,0.06755296140909195,9
seed_125,NR-AR,112,194,0.0675368458032608,10
seed_125,NR-AR,196,195,0.06753335148096085,4
seed_125,NR-AR,257,196,0.06715673953294754,8
seed_125,NR-AR,236,197,0.06610216945409775,3
seed_125,NR-AR,221,198,0.0660046935081482,6
seed_125,NR-AR,156,199,0.06595952063798904,2
seed_125,NR-AR,155,200,0.06570882350206375,3
seed_125,NR-AR,228,201,0.06506965309381485,4
seed_125,NR-AR,149,202,0.06421888619661331,2
seed_125,NR-AR,202,203,0.06351213157176971,3
seed_125,NR-AR,248,204,0.06319834291934967,2
seed_125,NR-AR,32,205,0.06316228210926056,8
seed_125,NR-AR,191,206,0.06205937638878822,2
seed_125,NR-AR,12,207,0.06019759923219681,6
seed_125,NR-AR,107,208,0.059257179498672485,6
seed_125,NR-AR,154,209,0.05843682587146759,5
seed_125,NR-AR,141,210,0.058103304356336594,2
seed_125,NR-AR,103,211,0.058084357529878616,3
seed_125,NR-AR,18,212,0.058083560317754745,4
seed_125,NR-AR,232,213,0.05709047615528107,2
seed_125,NR-AR,1,214,0.05695764720439911,6
seed_125,NR-AR,247,215,0.05680514872074127,4
seed_125,NR-AR,291,216,0.056762225925922394,2
seed_125,NR-AR,182,217,0.056672655045986176,2
seed_125,NR-AR,64,218,0.056452516466379166,7
seed_125,NR-AR,8,219,0.056270845234394073,6
seed_125,NR-AR,100,220,0.056114207953214645,3
seed_125,NR-AR,284,221,0.056109923869371414,2
seed_125,NR-AR,181,222,0.05604912340641022,4
seed_125,NR-AR,177,223,0.05540533363819122,4
seed_125,NR-AR,16,224,0.05518888309597969,4
seed_125,NR-AR,267,225,0.05493691563606262,2
seed_125,NR-AR,225,226,0.05390026047825813,6
seed_125,NR-AR,209,227,0.05358025059103966,7
seed_125,NR-AR,167,228,0.053566064685583115,6
seed_125,NR-AR,282,229,0.05334240570664406,3
seed_125,NR-AR,34,230,0.05329246073961258,5
seed_125,NR-AR,201,231,0.052713871002197266,4
seed_125,NR-AR,120,232,0.05242820084095001,5
seed_125,NR-AR,78,233,0.05241859704256058,5
seed_125,NR-AR,89,234,0.05192698538303375,3
seed_125,NR-AR,164,235,0.051889874041080475,2
seed_125,NR-AR,41,236,0.05118962377309799,2
seed_125,NR-AR,218,237,0.05101431533694267,3
seed_125,NR-AR,82,238,0.05095679685473442,4
seed_125,NR-AR,85,239,0.0509430468082428,3
seed_125,NR-AR,254,240,0.05036615952849388,2
seed_125,NR-AR,151,241,0.04942072927951813,2
seed_125,NR-AR,214,242,0.04919793829321861,2
seed_125,NR-AR,111,243,0.04873354732990265,5
seed_125,NR-AR,162,244,0.048255883157253265,3
seed_125,NR-AR,293,245,0.0480106920003891,3
seed_125,NR-AR,138,246,0.04784148186445236,3
seed_125,NR-AR,183,247,0.047712523490190506,7
seed_125,NR-AR,279,248,0.04711642116308212,2
seed_125,NR-AR,170,249,0.04672306776046753,6
seed_125,NR-AR,260,250,0.04601365700364113,5
seed_125,NR-AR,205,251,0.04487203434109688,3
seed_125,NR-AR,243,252,0.04466702416539192,2
seed_125,NR-AR,132,253,0.04454836621880531,2
seed_125,NR-AR,216,254,0.04391822963953018,2
seed_125,NR-AR,9,255,0.043756499886512756,3
seed_125,NR-AR,171,256,0.04228116571903229,2
seed_125,NR-AR,265,257,0.04200826212763786,1
seed_125,NR-AR,230,258,0.0407666377723217,3
seed_125,NR-AR,150,259,0.0407552644610405,3
seed_125,NR-AR,270,260,0.03919406980276108,4
seed_125,NR-AR,217,261,0.03805151581764221,4
seed_125,NR-AR,237,262,0.037963707000017166,2
seed_125,NR-AR,14,263,0.03771573677659035,5
seed_125,NR-AR,178,264,0.036830835044384,2
seed_125,NR-AR,240,265,0.03678642585873604,1
seed_125,NR-AR,226,266,0.0350160114467144,2
seed_125,NR-AR,26,267,0.03452560678124428,4
seed_125,NR-AR,153,268,0.03451036289334297,2
seed_125,NR-AR,298,269,0.03443457558751106,4
seed_125,NR-AR,159,270,0.03435516729950905,2
seed_125,NR-AR,241,271,0.03293735533952713,3
seed_125,NR-AR,157,272,0.032531995326280594,2
seed_125,NR-AR,278,273,0.031341008841991425,2
seed_125,NR-AR,11,274,0.031300462782382965,2
seed_125,NR-AR,105,275,0.03095955401659012,3
seed_125,NR-AR,176,276,0.030732927843928337,5
seed_125,NR-AR,131,277,0.02956232614815235,2
seed_125,NR-AR,186,278,0.02849266491830349,3
seed_125,NR-AR,187,279,0.027610041201114655,3
seed_125,NR-AR,288,280,0.027461746707558632,2
seed_125,NR-AR,137,281,0.026959922164678574,2
seed_125,NR-AR,285,282,0.026452867314219475,1
seed_125,NR-AR,266,283,0.026124464347958565,1
seed_125,NR-AR,274,284,0.02432854101061821,2
seed_125,NR-AR,94,285,0.02418253943324089,2
seed_125,NR-AR,283,286,0.020979395136237144,2
seed_125,NR-AR,255,287,0.019868675619363785,2
seed_125,NR-AR,161,288,0.018938543274998665,2
seed_125,NR-AR,199,289,0.01879958249628544,2
seed_125,NR-AR,119,290,0.018397683277726173,2
seed_125,NR-AR,253,291,0.01799657754600048,1
seed_125,NR-AR,208,292,0.017305102199316025,3
seed_125,NR-AR,188,293,0.016806380823254585,2
seed_125,NR-AR,88,294,0.01641572266817093,4
seed_125,NR-AR,68,295,0.015447895042598248,2
seed_125,NR-AR,223,296,0.014236554503440857,2
seed_125,NR-AR,295,297,0.01411476731300354,2
seed_125,NR-AR,97,298,0.011825241148471832,2
seed_125,NR-AR,272,299,0.011231876909732819,1
seed_125,NR-Aromatase,168,0,0.025236357003450394,79
seed_125,NR-Aromatase,63,1,0.021428629755973816,51
seed_125,NR-Aromatase,23,2,0.020554382354021072,30
seed_125,NR-Aromatase,29,3,0.02004048600792885,39
seed_125,NR-Aromatase,33,4,0.019061673432588577,17
seed_125,NR-Aromatase,128,5,0.018545227125287056,42
seed_125,NR-Aromatase,92,6,0.017543727532029152,21
seed_125,NR-Aromatase,15,7,0.016283085569739342,26
seed_125,NR-Aromatase,190,8,0.015425420366227627,13
seed_125,NR-Aromatase,6,9,0.015232101082801819,18
seed_125,NR-Aromatase,193,10,0.015089645981788635,9
seed_125,NR-Aromatase,7,11,0.01492888480424881,33
seed_125,NR-Aromatase,110,12,0.01488289050757885,20
seed_125,NR-Aromatase,177,13,0.014705315232276917,4
seed_125,NR-Aromatase,136,14,0.014384082518517971,18
seed_125,NR-Aromatase,167,15,0.014352550730109215,6
seed_125,NR-Aromatase,70,16,0.014305810444056988,27
seed_125,NR-Aromatase,81,17,0.014177953824400902,19
seed_125,NR-Aromatase,147,18,0.013986808247864246,16
seed_125,NR-Aromatase,140,19,0.01378006674349308,19
seed_125,NR-Aromatase,113,20,0.013616920448839664,13
seed_125,NR-Aromatase,148,21,0.013455024920403957,14
seed_125,NR-Aromatase,96,22,0.01328329648822546,5
seed_125,NR-Aromatase,48,23,0.01322804857045412,7
seed_125,NR-Aromatase,75,24,0.013215434737503529,13
seed_125,NR-Aromatase,79,25,0.013145551085472107,9
seed_125,NR-Aromatase,86,26,0.012910154648125172,9
seed_125,NR-Aromatase,209,27,0.012901725247502327,7
seed_125,NR-Aromatase,62,28,0.012818532064557076,24
seed_125,NR-Aromatase,245,29,0.012770498171448708,15
seed_125,NR-Aromatase,31,30,0.012699815444648266,20
seed_125,NR-Aromatase,10,31,0.012589197605848312,17
seed_125,NR-Aromatase,93,32,0.01255984790623188,16
seed_125,NR-Aromatase,108,33,0.012473875656723976,14
seed_125,NR-Aromatase,146,34,0.012397152371704578,5
seed_125,NR-Aromatase,66,35,0.01229360792785883,13
seed_125,NR-Aromatase,219,36,0.012071637436747551,16
seed_125,NR-Aromatase,0,37,0.01204079668968916,20
seed_125,NR-Aromatase,296,38,0.011787786148488522,10
seed_125,NR-Aromatase,24,39,0.011697088368237019,21
seed_125,NR-Aromatase,135,40,0.011671560816466808,9
seed_125,NR-Aromatase,84,41,0.011565079912543297,15
seed_125,NR-Aromatase,56,42,0.011549940332770348,17
seed_125,NR-Aromatase,71,43,0.0115312859416008,11
seed_125,NR-Aromatase,43,44,0.01151870284229517,9
seed_125,NR-Aromatase,218,45,0.011515025980770588,3
seed_125,NR-Aromatase,83,46,0.01127403974533081,9
seed_125,NR-Aromatase,4,47,0.010880432091653347,9
seed_125,NR-Aromatase,198,48,0.010823720134794712,3
seed_125,NR-Aromatase,89,49,0.01070739421993494,3
seed_125,NR-Aromatase,73,50,0.010608767159283161,16
seed_125,NR-Aromatase,123,51,0.01053656917065382,11
seed_125,NR-Aromatase,49,52,0.010513266548514366,17
seed_125,NR-Aromatase,205,53,0.010492045432329178,3
seed_125,NR-Aromatase,51,54,0.010420601814985275,10
seed_125,NR-Aromatase,112,55,0.010398678481578827,10
seed_125,NR-Aromatase,114,56,0.010321901179850101,7
seed_125,NR-Aromatase,46,57,0.0103177884593606,13
seed_125,NR-Aromatase,59,58,0.010229071602225304,8
seed_125,NR-Aromatase,161,59,0.010225581005215645,2
seed_125,NR-Aromatase,129,60,0.01021773274987936,9
seed_125,NR-Aromatase,233,61,0.010208441875874996,6
seed_125,NR-Aromatase,67,62,0.010202346369624138,16
seed_125,NR-Aromatase,52,63,0.010183628648519516,16
seed_125,NR-Aromatase,145,64,0.01013279054313898,17
seed_125,NR-Aromatase,39,65,0.010008749552071095,9
seed_125,NR-Aromatase,69,66,0.009984243661165237,8
seed_125,NR-Aromatase,34,67,0.009975401684641838,5
seed_125,NR-Aromatase,78,68,0.00994906947016716,5
seed_125,NR-Aromatase,120,69,0.00990203581750393,5
seed_125,NR-Aromatase,195,70,0.009803855791687965,11
seed_125,NR-Aromatase,74,71,0.009799947962164879,19
seed_125,NR-Aromatase,88,72,0.009799595922231674,4
seed_125,NR-Aromatase,139,73,0.009746178984642029,12
seed_125,NR-Aromatase,122,74,0.00973014160990715,6
seed_125,NR-Aromatase,169,75,0.009704732336103916,8
seed_125,NR-Aromatase,192,76,0.009698472917079926,3
seed_125,NR-Aromatase,268,77,0.009691489860415459,4
seed_125,NR-Aromatase,21,78,0.009669204242527485,13
seed_125,NR-Aromatase,210,79,0.009575425647199154,6
seed_125,NR-Aromatase,212,80,0.009520604275166988,7
seed_125,NR-Aromatase,211,81,0.009514954872429371,13
seed_125,NR-Aromatase,115,82,0.009477007202804089,4
seed_125,NR-Aromatase,72,83,0.009462108835577965,15
seed_125,NR-Aromatase,126,84,0.00946022104471922,10
seed_125,NR-Aromatase,150,85,0.009431698359549046,3
seed_125,NR-Aromatase,225,86,0.009421924129128456,6
seed_125,NR-Aromatase,18,87,0.009417540393769741,4
seed_125,NR-Aromatase,57,88,0.009406806901097298,9
seed_125,NR-Aromatase,103,89,0.009381724521517754,3
seed_125,NR-Aromatase,99,90,0.009243070147931576,7
seed_125,NR-Aromatase,104,91,0.009221533313393593,4
seed_125,NR-Aromatase,247,92,0.009103648364543915,4
seed_125,NR-Aromatase,293,93,0.009096024557948112,3
seed_125,NR-Aromatase,287,94,0.008993481285870075,8
seed_125,NR-Aromatase,263,95,0.008957348763942719,6
seed_125,NR-Aromatase,22,96,0.008923298679292202,13
seed_125,NR-Aromatase,189,97,0.008817511610686779,9
seed_125,NR-Aromatase,14,98,0.008745972998440266,5
seed_125,NR-Aromatase,144,99,0.008745595812797546,7
seed_125,NR-Aromatase,276,100,0.00873973686248064,8
seed_125,NR-Aromatase,259,101,0.008717868477106094,2
seed_125,NR-Aromatase,221,102,0.008698646910488605,6
seed_125,NR-Aromatase,36,103,0.008681072853505611,7
seed_125,NR-Aromatase,1,104,0.008677266538143158,6
seed_125,NR-Aromatase,13,105,0.008587381802499294,6
seed_125,NR-Aromatase,12,106,0.008521865122020245,6
seed_125,NR-Aromatase,235,107,0.008480686694383621,5
seed_125,NR-Aromatase,40,108,0.008474994450807571,6
seed_125,NR-Aromatase,95,109,0.008466416969895363,4
seed_125,NR-Aromatase,165,110,0.008461023680865765,4
seed_125,NR-Aromatase,32,111,0.008411047980189323,8
seed_125,NR-Aromatase,166,112,0.008389770053327084,6
seed_125,NR-Aromatase,176,113,0.008325005881488323,5
seed_125,NR-Aromatase,25,114,0.008316063322126865,8
seed_125,NR-Aromatase,98,115,0.00827303621917963,2
seed_125,NR-Aromatase,291,116,0.008260822854936123,2
seed_125,NR-Aromatase,278,117,0.008210085332393646,2
seed_125,NR-Aromatase,282,118,0.008191424421966076,3
seed_125,NR-Aromatase,299,119,0.008156867697834969,7
seed_125,NR-Aromatase,5,120,0.0081352349370718,4
seed_125,NR-Aromatase,160,121,0.00810390803962946,11
seed_125,NR-Aromatase,231,122,0.008014796301722527,8
seed_125,NR-Aromatase,105,123,0.007941300980746746,3
seed_125,NR-Aromatase,27,124,0.007936496287584305,8
seed_125,NR-Aromatase,2,125,0.00788955483585596,14
seed_125,NR-Aromatase,204,126,0.00788106769323349,7
seed_125,NR-Aromatase,47,127,0.00784306600689888,4
seed_125,NR-Aromatase,222,128,0.007797384634613991,4
seed_125,NR-Aromatase,91,129,0.007755814585834742,6
seed_125,NR-Aromatase,107,130,0.007665512152016163,6
seed_125,NR-Aromatase,45,131,0.007650167215615511,8
seed_125,NR-Aromatase,17,132,0.0076453061774373055,5
seed_125,NR-Aromatase,132,133,0.00762278912588954,2
seed_125,NR-Aromatase,250,134,0.0075974599458277225,4
seed_125,NR-Aromatase,200,135,0.00759390601888299,8
seed_125,NR-Aromatase,183,136,0.0075482213869690895,7
seed_125,NR-Aromatase,175,137,0.007527107372879982,9
seed_125,NR-Aromatase,280,138,0.007501745130866766,3
seed_125,NR-Aromatase,133,139,0.007402196526527405,6
seed_125,NR-Aromatase,181,140,0.007373560685664415,4
seed_125,NR-Aromatase,90,141,0.007262874394655228,6
seed_125,NR-Aromatase,179,142,0.007226947229355574,3
seed_125,NR-Aromatase,206,143,0.007226374000310898,4
seed_125,NR-Aromatase,130,144,0.0072209700010716915,4
seed_125,NR-Aromatase,53,145,0.007208750583231449,6
seed_125,NR-Aromatase,102,146,0.007196068298071623,6
seed_125,NR-Aromatase,260,147,0.007195740006864071,5
seed_125,NR-Aromatase,50,148,0.007186961360275745,3
seed_125,NR-Aromatase,3,149,0.0071793305687606335,6
seed_125,NR-Aromatase,253,150,0.00716049037873745,1
seed_125,NR-Aromatase,213,151,0.0071583581157028675,4
seed_125,NR-Aromatase,230,152,0.0071421959437429905,3
seed_125,NR-Aromatase,281,153,0.007131294347345829,1
seed_125,NR-Aromatase,288,154,0.007089697755873203,2
seed_125,NR-Aromatase,290,155,0.007016528397798538,10
seed_125,NR-Aromatase,87,156,0.0070094759576022625,4
seed_125,NR-Aromatase,8,157,0.006995103787630796,6
seed_125,NR-Aromatase,196,158,0.006953100673854351,4
seed_125,NR-Aromatase,162,159,0.006884199101477861,3
seed_125,NR-Aromatase,106,160,0.006880787201225758,4
seed_125,NR-Aromatase,80,161,0.006830710917711258,8
seed_125,NR-Aromatase,274,162,0.006777064874768257,2
seed_125,NR-Aromatase,258,163,0.006751931272447109,3
seed_125,NR-Aromatase,121,164,0.006692035123705864,7
seed_125,NR-Aromatase,269,165,0.006689967587590218,4
seed_125,NR-Aromatase,94,166,0.0066863493993878365,2
seed_125,NR-Aromatase,64,167,0.006646007299423218,7
seed_125,NR-Aromatase,201,168,0.006621154025197029,4
seed_125,NR-Aromatase,272,169,0.006539798807352781,1
seed_125,NR-Aromatase,119,170,0.006527673453092575,2
seed_125,NR-Aromatase,241,171,0.006427481304854155,3
seed_125,NR-Aromatase,60,172,0.006393947172909975,3
seed_125,NR-Aromatase,58,173,0.006382684223353863,10
seed_125,NR-Aromatase,187,174,0.0063693830743432045,3
seed_125,NR-Aromatase,170,175,0.006366669666022062,6
seed_125,NR-Aromatase,117,176,0.006362948101013899,7
seed_125,NR-Aromatase,28,177,0.00633836118504405,7
seed_125,NR-Aromatase,149,178,0.006310674827545881,2
seed_125,NR-Aromatase,202,179,0.006293976213783026,3
seed_125,NR-Aromatase,101,180,0.00624356884509325,3
seed_125,NR-Aromatase,184,181,0.006233312655240297,7
seed_125,NR-Aromatase,275,182,0.006162936799228191,2
seed_125,NR-Aromatase,37,183,0.006161842029541731,7
seed_125,NR-Aromatase,116,184,0.006160328630357981,3
seed_125,NR-Aromatase,20,185,0.0061412896029651165,4
seed_125,NR-Aromatase,188,186,0.006126261781901121,2
seed_125,NR-Aromatase,264,187,0.006093958392739296,3
seed_125,NR-Aromatase,207,188,0.006050468422472477,2
seed_125,NR-Aromatase,77,189,0.006037339102476835,5
seed_125,NR-Aromatase,257,190,0.0060046641156077385,8
seed_125,NR-Aromatase,261,191,0.005995672196149826,3
seed_125,NR-Aromatase,240,192,0.005981163587421179,1
seed_125,NR-Aromatase,229,193,0.005971950478851795,7
seed_125,NR-Aromatase,157,194,0.00596759794279933,2
seed_125,NR-Aromatase,203,195,0.005880488082766533,4
seed_125,NR-Aromatase,220,196,0.005831087473779917,2
seed_125,NR-Aromatase,125,197,0.0057833315804600716,3
seed_125,NR-Aromatase,154,198,0.005774820689111948,5
seed_125,NR-Aromatase,54,199,0.005740494001656771,5
seed_125,NR-Aromatase,256,200,0.005697675049304962,2
seed_125,NR-Aromatase,172,201,0.00566412229090929,4
seed_125,NR-Aromatase,163,202,0.005658386740833521,3
seed_125,NR-Aromatase,61,203,0.005568306893110275,6
seed_125,NR-Aromatase,173,204,0.005543617997318506,4
seed_125,NR-Aromatase,251,205,0.005539795849472284,3
seed_125,NR-Aromatase,262,206,0.0055149090476334095,3
seed_125,NR-Aromatase,41,207,0.005419871769845486,2
seed_125,NR-Aromatase,16,208,0.0054083215072751045,4
seed_125,NR-Aromatase,239,209,0.005379290785640478,3
seed_125,NR-Aromatase,42,210,0.005343846511095762,5
seed_125,NR-Aromatase,242,211,0.005301806144416332,6
seed_125,NR-Aromatase,178,212,0.005300648510456085,2
seed_125,NR-Aromatase,159,213,0.005299265030771494,2
seed_125,NR-Aromatase,9,214,0.005215155892074108,3
seed_125,NR-Aromatase,232,215,0.005178256891667843,2
seed_125,NR-Aromatase,185,216,0.005088950507342815,3
seed_125,NR-Aromatase,30,217,0.005053016822785139,5
seed_125,NR-Aromatase,248,218,0.005007973872125149,2
seed_125,NR-Aromatase,152,219,0.004979013931006193,3
seed_125,NR-Aromatase,224,220,0.004847157746553421,2
seed_125,NR-Aromatase,285,221,0.004836076404899359,1
seed_125,NR-Aromatase,38,222,0.0048195370472967625,4
seed_125,NR-Aromatase,216,223,0.004817048087716103,2
seed_125,NR-Aromatase,138,224,0.004812045022845268,3
seed_125,NR-Aromatase,270,225,0.004682130180299282,4
seed_125,NR-Aromatase,143,226,0.004667490720748901,5
seed_125,NR-Aromatase,124,227,0.004663335625082254,4
seed_125,NR-Aromatase,156,228,0.004645915701985359,2
seed_125,NR-Aromatase,97,229,0.004641904961317778,2
seed_125,NR-Aromatase,100,230,0.004638935439288616,3
seed_125,NR-Aromatase,180,231,0.004633009899407625,5
seed_125,NR-Aromatase,265,232,0.004618465900421143,1
seed_125,NR-Aromatase,273,233,0.004612221848219633,2
seed_125,NR-Aromatase,292,234,0.004606863483786583,3
seed_125,NR-Aromatase,289,235,0.0045766704715788364,2
seed_125,NR-Aromatase,182,236,0.004562788642942905,2
seed_125,NR-Aromatase,228,237,0.004492315463721752,4
seed_125,NR-Aromatase,44,238,0.00443673599511385,3
seed_125,NR-Aromatase,127,239,0.004365541972219944,4
seed_125,NR-Aromatase,111,240,0.004347142297774553,5
seed_125,NR-Aromatase,26,241,0.004274441860616207,4
seed_125,NR-Aromatase,197,242,0.0042620631866157055,3
seed_125,NR-Aromatase,246,243,0.004258629400283098,3
seed_125,NR-Aromatase,134,244,0.004215077497065067,3
seed_125,NR-Aromatase,174,245,0.004212932661175728,2
seed_125,NR-Aromatase,286,246,0.004210217855870724,2
seed_125,NR-Aromatase,186,247,0.004139088559895754,3
seed_125,NR-Aromatase,217,248,0.004130731336772442,4
seed_125,NR-Aromatase,298,249,0.004123168997466564,4
seed_125,NR-Aromatase,271,250,0.00410717586055398,3
seed_125,NR-Aromatase,151,251,0.004098386038094759,2
seed_125,NR-Aromatase,55,252,0.00409746216610074,6
seed_125,NR-Aromatase,171,253,0.004033263307064772,2
seed_125,NR-Aromatase,142,254,0.004016404040157795,3
seed_125,NR-Aromatase,118,255,0.004014310427010059,4
seed_125,NR-Aromatase,227,256,0.003974881488829851,3
seed_125,NR-Aromatase,65,257,0.003916605841368437,3
seed_125,NR-Aromatase,252,258,0.003914667293429375,4
seed_125,NR-Aromatase,295,259,0.0037765486631542444,2
seed_125,NR-Aromatase,68,260,0.0037085949443280697,2
seed_125,NR-Aromatase,19,261,0.003557248506695032,4
seed_125,NR-Aromatase,109,262,0.0035386988893151283,7
seed_125,NR-Aromatase,208,263,0.003527313005179167,3
seed_125,NR-Aromatase,297,264,0.003430904820561409,1
seed_125,NR-Aromatase,85,265,0.0033739202190190554,3
seed_125,NR-Aromatase,199,266,0.003364207223057747,2
seed_125,NR-Aromatase,215,267,0.0033139789011329412,4
seed_125,NR-Aromatase,194,268,0.0031608473509550095,3
seed_125,NR-Aromatase,243,269,0.0031215825583785772,2
seed_125,NR-Aromatase,141,270,0.003101820359006524,2
seed_125,NR-Aromatase,284,271,0.003061704570427537,2
seed_125,NR-Aromatase,131,272,0.0030168425291776657,2
seed_125,NR-Aromatase,267,273,0.00286727212369442,2
seed_125,NR-Aromatase,164,274,0.002701425924897194,2
seed_125,NR-Aromatase,35,275,0.0026586803141981363,4
seed_125,NR-Aromatase,82,276,0.002650078386068344,4
seed_125,NR-Aromatase,155,277,0.002644105814397335,3
seed_125,NR-Aromatase,237,278,0.0026362501084804535,2
seed_125,NR-Aromatase,11,279,0.00260902289301157,2
seed_125,NR-Aromatase,236,280,0.0025784268509596586,3
seed_125,NR-Aromatase,214,281,0.0025075096637010574,2
seed_125,NR-Aromatase,249,282,0.0023603257723152637,3
seed_125,NR-Aromatase,255,283,0.0020811513531953096,2
seed_125,NR-Aromatase,226,284,0.002051017014309764,2
seed_125,NR-Aromatase,153,285,0.0020043121185153723,2
seed_125,NR-Aromatase,244,286,0.0019120910437777638,1
seed_125,NR-Aromatase,279,287,0.0018404241418465972,2
seed_125,NR-Aromatase,254,288,0.0018329407321289182,2
seed_125,NR-Aromatase,283,289,0.0018290026346221566,2
seed_125,NR-Aromatase,191,290,0.001759540056809783,2
seed_125,NR-Aromatase,294,291,0.0017265354981645942,2
seed_125,NR-Aromatase,234,292,0.0016388040967285633,2
seed_125,NR-Aromatase,158,293,0.0015622216742485762,3
seed_125,NR-Aromatase,277,294,0.0015441167633980513,1
seed_125,NR-Aromatase,223,295,0.001484238775447011,2
seed_125,NR-Aromatase,238,296,0.0011628526262938976,1
seed_125,NR-Aromatase,137,297,0.0011579855345189571,2
seed_125,NR-Aromatase,76,298,0.0010963223176077008,2
seed_125,NR-Aromatase,266,299,0.0003008615749422461,1
seed_125,NR-PPAR-gamma,168,0,0.02442953549325466,79
seed_125,NR-PPAR-gamma,63,1,0.02165961265563965,51
seed_125,NR-PPAR-gamma,200,2,0.017103660851716995,8
seed_125,NR-PPAR-gamma,128,3,0.016827015206217766,42
seed_125,NR-PPAR-gamma,29,4,0.01680283434689045,39
seed_125,NR-PPAR-gamma,23,5,0.016394132748246193,30
seed_125,NR-PPAR-gamma,46,6,0.016336990520358086,13
seed_125,NR-PPAR-gamma,81,7,0.016330016776919365,19
seed_125,NR-PPAR-gamma,15,8,0.016111059114336967,26
seed_125,NR-PPAR-gamma,140,9,0.015765145421028137,19
seed_125,NR-PPAR-gamma,57,10,0.01560144778341055,9
seed_125,NR-PPAR-gamma,39,11,0.015483942814171314,9
seed_125,NR-PPAR-gamma,67,12,0.01545165479183197,16
seed_125,NR-PPAR-gamma,70,13,0.015347263775765896,27
seed_125,NR-PPAR-gamma,69,14,0.015113422647118568,8
seed_125,NR-PPAR-gamma,6,15,0.01497800275683403,18
seed_125,NR-PPAR-gamma,74,16,0.014829368330538273,19
seed_125,NR-PPAR-gamma,10,17,0.014814694412052631,17
seed_125,NR-PPAR-gamma,113,18,0.014703630469739437,13
seed_125,NR-PPAR-gamma,219,19,0.014618565328419209,16
seed_125,NR-PPAR-gamma,138,20,0.01442500576376915,3
seed_125,NR-PPAR-gamma,92,21,0.014396386221051216,21
seed_125,NR-PPAR-gamma,245,22,0.014292805455625057,15
seed_125,NR-PPAR-gamma,0,23,0.014101347886025906,20
seed_125,NR-PPAR-gamma,167,24,0.014009406790137291,6
seed_125,NR-PPAR-gamma,31,25,0.013797514140605927,20
seed_125,NR-PPAR-gamma,2,26,0.013765333220362663,14
seed_125,NR-PPAR-gamma,110,27,0.013663549907505512,20
seed_125,NR-PPAR-gamma,56,28,0.013472352176904678,17
seed_125,NR-PPAR-gamma,126,29,0.01335191261023283,10
seed_125,NR-PPAR-gamma,33,30,0.013146438635885715,17
seed_125,NR-PPAR-gamma,24,31,0.013044011779129505,21
seed_125,NR-PPAR-gamma,134,32,0.01273997314274311,3
seed_125,NR-PPAR-gamma,298,33,0.012393911369144917,4
seed_125,NR-PPAR-gamma,108,34,0.012261881493031979,14
seed_125,NR-PPAR-gamma,22,35,0.012244614772498608,13
seed_125,NR-PPAR-gamma,13,36,0.012200180441141129,6
seed_125,NR-PPAR-gamma,61,37,0.012130123563110828,6
seed_125,NR-PPAR-gamma,147,38,0.012022343464195728,16
seed_125,NR-PPAR-gamma,7,39,0.011986677534878254,33
seed_125,NR-PPAR-gamma,145,40,0.011842826381325722,17
seed_125,NR-PPAR-gamma,64,41,0.011809955351054668,7
seed_125,NR-PPAR-gamma,181,42,0.011710433289408684,4
seed_125,NR-PPAR-gamma,121,43,0.011684201657772064,7
seed_125,NR-PPAR-gamma,171,44,0.011657635681331158,2
seed_125,NR-PPAR-gamma,129,45,0.011554482392966747,9
seed_125,NR-PPAR-gamma,122,46,0.011511445045471191,6
seed_125,NR-PPAR-gamma,58,47,0.011452308855950832,10
seed_125,NR-PPAR-gamma,62,48,0.011438828893005848,24
seed_125,NR-PPAR-gamma,49,49,0.011295448988676071,17
seed_125,NR-PPAR-gamma,139,50,0.01108221709728241,12
seed_125,NR-PPAR-gamma,107,51,0.011069963686168194,6
seed_125,NR-PPAR-gamma,240,52,0.01103704422712326,1
seed_125,NR-PPAR-gamma,299,53,0.010995138436555862,7
seed_125,NR-PPAR-gamma,112,54,0.010907992720603943,10
seed_125,NR-PPAR-gamma,135,55,0.010883133858442307,9
seed_125,NR-PPAR-gamma,136,56,0.01085558719933033,18
seed_125,NR-PPAR-gamma,296,57,0.010829523205757141,10
seed_125,NR-PPAR-gamma,52,58,0.010718238539993763,16
seed_125,NR-PPAR-gamma,93,59,0.010654168203473091,16
seed_125,NR-PPAR-gamma,231,60,0.010524222627282143,8
seed_125,NR-PPAR-gamma,175,61,0.010354769416153431,9
seed_125,NR-PPAR-gamma,146,62,0.010257111862301826,5
seed_125,NR-PPAR-gamma,26,63,0.010232272557914257,4
seed_125,NR-PPAR-gamma,247,64,0.010226097889244556,4
seed_125,NR-PPAR-gamma,109,65,0.010143451392650604,7
seed_125,NR-PPAR-gamma,193,66,0.010077656246721745,9
seed_125,NR-PPAR-gamma,123,67,0.010063107125461102,11
seed_125,NR-PPAR-gamma,72,68,0.009985184296965599,15
seed_125,NR-PPAR-gamma,184,69,0.009982094168663025,7
seed_125,NR-PPAR-gamma,54,70,0.009977616369724274,5
seed_125,NR-PPAR-gamma,21,71,0.009913752786815166,13
seed_125,NR-PPAR-gamma,210,72,0.009863847866654396,6
seed_125,NR-PPAR-gamma,261,73,0.009800168685615063,3
seed_125,NR-PPAR-gamma,84,74,0.009760930202901363,15
seed_125,NR-PPAR-gamma,234,75,0.009723554365336895,2
seed_125,NR-PPAR-gamma,211,76,0.00969325378537178,13
seed_125,NR-PPAR-gamma,86,77,0.009593180380761623,9
seed_125,NR-PPAR-gamma,90,78,0.009580462239682674,6
seed_125,NR-PPAR-gamma,257,79,0.009511142037808895,8
seed_125,NR-PPAR-gamma,133,80,0.009502783417701721,6
seed_125,NR-PPAR-gamma,59,81,0.009452440775930882,8
seed_125,NR-PPAR-gamma,117,82,0.009363126941025257,7
seed_125,NR-PPAR-gamma,268,83,0.009360655210912228,4
seed_125,NR-PPAR-gamma,235,84,0.00933219026774168,5
seed_125,NR-PPAR-gamma,27,85,0.009312580339610577,8
seed_125,NR-PPAR-gamma,66,86,0.00927654653787613,13
seed_125,NR-PPAR-gamma,17,87,0.009182536974549294,5
seed_125,NR-PPAR-gamma,1,88,0.009163911454379559,6
seed_125,NR-PPAR-gamma,290,89,0.009089581668376923,10
seed_125,NR-PPAR-gamma,73,90,0.00906153954565525,16
seed_125,NR-PPAR-gamma,276,91,0.009031371213495731,8
seed_125,NR-PPAR-gamma,34,92,0.009021379053592682,5
seed_125,NR-PPAR-gamma,232,93,0.008998405188322067,2
seed_125,NR-PPAR-gamma,115,94,0.008974364027380943,4
seed_125,NR-PPAR-gamma,173,95,0.008960667997598648,4
seed_125,NR-PPAR-gamma,228,96,0.00895865261554718,4
seed_125,NR-PPAR-gamma,148,97,0.008821033872663975,14
seed_125,NR-PPAR-gamma,195,98,0.008755967020988464,11
seed_125,NR-PPAR-gamma,186,99,0.008729557506740093,3
seed_125,NR-PPAR-gamma,76,100,0.008692492730915546,2
seed_125,NR-PPAR-gamma,120,101,0.00865690317004919,5
seed_125,NR-PPAR-gamma,152,102,0.008629373274743557,3
seed_125,NR-PPAR-gamma,4,103,0.00856279768049717,9
seed_125,NR-PPAR-gamma,227,104,0.008503533899784088,3
seed_125,NR-PPAR-gamma,111,105,0.008492317982017994,5
seed_125,NR-PPAR-gamma,75,106,0.00847223587334156,13
seed_125,NR-PPAR-gamma,51,107,0.008428950794041157,10
seed_125,NR-PPAR-gamma,3,108,0.008386648260056973,6
seed_125,NR-PPAR-gamma,47,109,0.008368978276848793,4
seed_125,NR-PPAR-gamma,158,110,0.00836370699107647,3
seed_125,NR-PPAR-gamma,8,111,0.008341982960700989,6
seed_125,NR-PPAR-gamma,71,112,0.008194333873689175,11
seed_125,NR-PPAR-gamma,189,113,0.008193337358534336,9
seed_125,NR-PPAR-gamma,161,114,0.008181204088032246,2
seed_125,NR-PPAR-gamma,166,115,0.008112850598990917,6
seed_125,NR-PPAR-gamma,28,116,0.008111146278679371,7
seed_125,NR-PPAR-gamma,60,117,0.008072339929640293,3
seed_125,NR-PPAR-gamma,80,118,0.007992787286639214,8
seed_125,NR-PPAR-gamma,30,119,0.007989028468728065,5
seed_125,NR-PPAR-gamma,144,120,0.007945723831653595,7
seed_125,NR-PPAR-gamma,190,121,0.007924668490886688,13
seed_125,NR-PPAR-gamma,243,122,0.007899606600403786,2
seed_125,NR-PPAR-gamma,55,123,0.007893875241279602,6
seed_125,NR-PPAR-gamma,78,124,0.00785479974001646,5
seed_125,NR-PPAR-gamma,125,125,0.007845135405659676,3
seed_125,NR-PPAR-gamma,263,126,0.007771647535264492,6
seed_125,NR-PPAR-gamma,18,127,0.007741253357380629,4
seed_125,NR-PPAR-gamma,119,128,0.007711939979344606,2
seed_125,NR-PPAR-gamma,221,129,0.007681965362280607,6
seed_125,NR-PPAR-gamma,12,130,0.007641089614480734,6
seed_125,NR-PPAR-gamma,114,131,0.007639709394425154,7
seed_125,NR-PPAR-gamma,5,132,0.007617857772856951,4
seed_125,NR-PPAR-gamma,45,133,0.00760914571583271,8
seed_125,NR-PPAR-gamma,102,134,0.007558733224868774,6
seed_125,NR-PPAR-gamma,132,135,0.007526149041950703,2
seed_125,NR-PPAR-gamma,83,136,0.007481204345822334,9
seed_125,NR-PPAR-gamma,19,137,0.00735850865021348,4
seed_125,NR-PPAR-gamma,218,138,0.007331983186304569,3
seed_125,NR-PPAR-gamma,191,139,0.007325651589781046,2
seed_125,NR-PPAR-gamma,256,140,0.007311217952519655,2
seed_125,NR-PPAR-gamma,48,141,0.007286004722118378,7
seed_125,NR-PPAR-gamma,36,142,0.007266566157341003,7
seed_125,NR-PPAR-gamma,50,143,0.007065723184496164,3
seed_125,NR-PPAR-gamma,124,144,0.007040626369416714,4
seed_125,NR-PPAR-gamma,196,145,0.0069610560312867165,4
seed_125,NR-PPAR-gamma,225,146,0.0069340975023806095,6
seed_125,NR-PPAR-gamma,155,147,0.00689261220395565,3
seed_125,NR-PPAR-gamma,242,148,0.006883339490741491,6
seed_125,NR-PPAR-gamma,101,149,0.006829597521573305,3
seed_125,NR-PPAR-gamma,287,150,0.006815990898758173,8
seed_125,NR-PPAR-gamma,209,151,0.006761242635548115,7
seed_125,NR-PPAR-gamma,274,152,0.00676067965105176,2
seed_125,NR-PPAR-gamma,99,153,0.006695409771054983,7
seed_125,NR-PPAR-gamma,174,154,0.006654847878962755,2
seed_125,NR-PPAR-gamma,229,155,0.006632138974964619,7
seed_125,NR-PPAR-gamma,269,156,0.006616091355681419,4
seed_125,NR-PPAR-gamma,79,157,0.006595198530703783,9
seed_125,NR-PPAR-gamma,273,158,0.006591394543647766,2
seed_125,NR-PPAR-gamma,202,159,0.0065767415799200535,3
seed_125,NR-PPAR-gamma,169,160,0.006537354085594416,8
seed_125,NR-PPAR-gamma,89,161,0.00651965755969286,3
seed_125,NR-PPAR-gamma,203,162,0.006473311223089695,4
seed_125,NR-PPAR-gamma,160,163,0.006454865448176861,11
seed_125,NR-PPAR-gamma,241,164,0.006393056828528643,3
seed_125,NR-PPAR-gamma,233,165,0.006380624137818813,6
seed_125,NR-PPAR-gamma,143,166,0.006371343042701483,5
seed_125,NR-PPAR-gamma,297,167,0.006346109323203564,1
seed_125,NR-PPAR-gamma,215,168,0.006321586202830076,4
seed_125,NR-PPAR-gamma,94,169,0.006314348429441452,2
seed_125,NR-PPAR-gamma,157,170,0.006299052853137255,2
seed_125,NR-PPAR-gamma,25,171,0.006284764967858791,8
seed_125,NR-PPAR-gamma,278,172,0.0062392898835241795,2
seed_125,NR-PPAR-gamma,100,173,0.006226622965186834,3
seed_125,NR-PPAR-gamma,42,174,0.006214435212314129,5
seed_125,NR-PPAR-gamma,236,175,0.006212681997567415,3
seed_125,NR-PPAR-gamma,260,176,0.006186278071254492,5
seed_125,NR-PPAR-gamma,137,177,0.006122012622654438,2
seed_125,NR-PPAR-gamma,170,178,0.0060793557204306126,6
seed_125,NR-PPAR-gamma,43,179,0.006045470014214516,9
seed_125,NR-PPAR-gamma,16,180,0.0060415202751755714,4
seed_125,NR-PPAR-gamma,32,181,0.00604091165587306,8
seed_125,NR-PPAR-gamma,87,182,0.006002022884786129,4
seed_125,NR-PPAR-gamma,159,183,0.005968834739178419,2
seed_125,NR-PPAR-gamma,130,184,0.0059375581331551075,4
seed_125,NR-PPAR-gamma,106,185,0.005911281332373619,4
seed_125,NR-PPAR-gamma,291,186,0.005871460773050785,2
seed_125,NR-PPAR-gamma,254,187,0.005862839985638857,2
seed_125,NR-PPAR-gamma,204,188,0.005856933072209358,7
seed_125,NR-PPAR-gamma,41,189,0.005855947732925415,2
seed_125,NR-PPAR-gamma,201,190,0.005849822424352169,4
seed_125,NR-PPAR-gamma,251,191,0.005721598397940397,3
seed_125,NR-PPAR-gamma,289,192,0.005717356223613024,2
seed_125,NR-PPAR-gamma,237,193,0.005702902562916279,2
seed_125,NR-PPAR-gamma,88,194,0.0056517962366342545,4
seed_125,NR-PPAR-gamma,255,195,0.0056427596136927605,2
seed_125,NR-PPAR-gamma,37,196,0.005630782339721918,7
seed_125,NR-PPAR-gamma,9,197,0.0055901422165334225,3
seed_125,NR-PPAR-gamma,11,198,0.005570916924625635,2
seed_125,NR-PPAR-gamma,249,199,0.005566340871155262,3
seed_125,NR-PPAR-gamma,286,200,0.0055616311728954315,2
seed_125,NR-PPAR-gamma,14,201,0.005532440263777971,5
seed_125,NR-PPAR-gamma,176,202,0.005459139123558998,5
seed_125,NR-PPAR-gamma,248,203,0.0054127927869558334,2
seed_125,NR-PPAR-gamma,163,204,0.005361470859497786,3
seed_125,NR-PPAR-gamma,151,205,0.005357541609555483,2
seed_125,NR-PPAR-gamma,271,206,0.005345132667571306,3
seed_125,NR-PPAR-gamma,277,207,0.00531410425901413,1
seed_125,NR-PPAR-gamma,118,208,0.005298112519085407,4
seed_125,NR-PPAR-gamma,91,209,0.005273238755762577,6
seed_125,NR-PPAR-gamma,206,210,0.00523313507437706,4
seed_125,NR-PPAR-gamma,182,211,0.005145765841007233,2
seed_125,NR-PPAR-gamma,258,212,0.005142091307789087,3
seed_125,NR-PPAR-gamma,224,213,0.005140455439686775,2
seed_125,NR-PPAR-gamma,212,214,0.00506775826215744,7
seed_125,NR-PPAR-gamma,264,215,0.005056972615420818,3
seed_125,NR-PPAR-gamma,53,216,0.0050313216634094715,6
seed_125,NR-PPAR-gamma,187,217,0.005023564677685499,3
seed_125,NR-PPAR-gamma,259,218,0.005018460098654032,2
seed_125,NR-PPAR-gamma,183,219,0.004990333691239357,7
seed_125,NR-PPAR-gamma,65,220,0.004977322183549404,3
seed_125,NR-PPAR-gamma,82,221,0.004969698376953602,4
seed_125,NR-PPAR-gamma,283,222,0.004969585686922073,2
seed_125,NR-PPAR-gamma,280,223,0.004947231151163578,3
seed_125,NR-PPAR-gamma,207,224,0.0049440874718129635,2
seed_125,NR-PPAR-gamma,265,225,0.004860095679759979,1
seed_125,NR-PPAR-gamma,154,226,0.004828161094337702,5
seed_125,NR-PPAR-gamma,85,227,0.0047675748355686665,3
seed_125,NR-PPAR-gamma,281,228,0.004711519926786423,1
seed_125,NR-PPAR-gamma,116,229,0.004688342567533255,3
seed_125,NR-PPAR-gamma,230,230,0.0046372003853321075,3
seed_125,NR-PPAR-gamma,288,231,0.004633449949324131,2
seed_125,NR-PPAR-gamma,35,232,0.004618573002517223,4
seed_125,NR-PPAR-gamma,165,233,0.004585999995470047,4
seed_125,NR-PPAR-gamma,208,234,0.004564241506159306,3
seed_125,NR-PPAR-gamma,40,235,0.0045164176262915134,6
seed_125,NR-PPAR-gamma,44,236,0.00451557757332921,3
seed_125,NR-PPAR-gamma,292,237,0.004477371461689472,3
seed_125,NR-PPAR-gamma,150,238,0.0044539012014865875,3
seed_125,NR-PPAR-gamma,239,239,0.0044237785041332245,3
seed_125,NR-PPAR-gamma,217,240,0.004349809139966965,4
seed_125,NR-PPAR-gamma,38,241,0.004141254350543022,4
seed_125,NR-PPAR-gamma,180,242,0.004115561489015818,5
seed_125,NR-PPAR-gamma,293,243,0.004113702569156885,3
seed_125,NR-PPAR-gamma,127,244,0.0040640621446073055,4
seed_125,NR-PPAR-gamma,275,245,0.004050925374031067,2
seed_125,NR-PPAR-gamma,197,246,0.004024652764201164,3
seed_125,NR-PPAR-gamma,185,247,0.0039983089081943035,3
seed_125,NR-PPAR-gamma,222,248,0.003982567694038153,4
seed_125,NR-PPAR-gamma,282,249,0.003974874038249254,3
seed_125,NR-PPAR-gamma,172,250,0.003929524682462215,4
seed_125,NR-PPAR-gamma,105,251,0.0037968363612890244,3
seed_125,NR-PPAR-gamma,96,252,0.0036663750652223825,5
seed_125,NR-PPAR-gamma,216,253,0.0036131273955106735,2
seed_125,NR-PPAR-gamma,95,254,0.003605304751545191,4
seed_125,NR-PPAR-gamma,104,255,0.003598589915782213,4
seed_125,NR-PPAR-gamma,267,256,0.0035595297813415527,2
seed_125,NR-PPAR-gamma,246,257,0.0034990913700312376,3
seed_125,NR-PPAR-gamma,250,258,0.0034960524644702673,4
seed_125,NR-PPAR-gamma,20,259,0.0034010133240371943,4
seed_125,NR-PPAR-gamma,270,260,0.003249155357480049,4
seed_125,NR-PPAR-gamma,131,261,0.0032381159253418446,2
seed_125,NR-PPAR-gamma,194,262,0.0032320746686309576,3
seed_125,NR-PPAR-gamma,178,263,0.0031104658264666796,2
seed_125,NR-PPAR-gamma,103,264,0.0031072290148586035,3
seed_125,NR-PPAR-gamma,77,265,0.0030990352388471365,5
seed_125,NR-PPAR-gamma,162,266,0.0030869427137076855,3
seed_125,NR-PPAR-gamma,198,267,0.0030090182553976774,3
seed_125,NR-PPAR-gamma,223,268,0.0028089494444429874,2
seed_125,NR-PPAR-gamma,252,269,0.0027855245862156153,4
seed_125,NR-PPAR-gamma,272,270,0.0027804949786514044,1
seed_125,NR-PPAR-gamma,214,271,0.0027472551446408033,2
seed_125,NR-PPAR-gamma,285,272,0.0027269551064819098,1
seed_125,NR-PPAR-gamma,205,273,0.0026984994765371084,3
seed_125,NR-PPAR-gamma,220,274,0.0026577836833894253,2
seed_125,NR-PPAR-gamma,142,275,0.002654110547155142,3
seed_125,NR-PPAR-gamma,295,276,0.00264374609105289,2
seed_125,NR-PPAR-gamma,262,277,0.002596872625872493,3
seed_125,NR-PPAR-gamma,179,278,0.0025321056600660086,3
seed_125,NR-PPAR-gamma,98,279,0.002459751907736063,2
seed_125,NR-PPAR-gamma,156,280,0.002419923199340701,2
seed_125,NR-PPAR-gamma,141,281,0.0023832409642636776,2
seed_125,NR-PPAR-gamma,177,282,0.002257163869217038,4
seed_125,NR-PPAR-gamma,199,283,0.0021544834598898888,2
seed_125,NR-PPAR-gamma,294,284,0.0020501206163316965,2
seed_125,NR-PPAR-gamma,192,285,0.002016880549490452,3
seed_125,NR-PPAR-gamma,226,286,0.0016988805728033185,2
seed_125,NR-PPAR-gamma,153,287,0.0016881789779290557,2
seed_125,NR-PPAR-gamma,97,288,0.0016564782708883286,2
seed_125,NR-PPAR-gamma,284,289,0.001642744755372405,2
seed_125,NR-PPAR-gamma,68,290,0.0015443864976987243,2
seed_125,NR-PPAR-gamma,149,291,0.0014908288139849901,2
seed_125,NR-PPAR-gamma,164,292,0.0014734741998836398,2
seed_125,NR-PPAR-gamma,266,293,0.0013942655641585588,1
seed_125,NR-PPAR-gamma,244,294,0.0013298869598656893,1
seed_125,NR-PPAR-gamma,213,295,0.0012164573417976499,4
seed_125,NR-PPAR-gamma,279,296,0.0011534541845321655,2
seed_125,NR-PPAR-gamma,188,297,0.0010432404233142734,2
seed_125,NR-PPAR-gamma,253,298,0.0009141008486039937,1
seed_125,NR-PPAR-gamma,238,299,0.0004749159561470151,1
seed_125,SR-HSE,168,0,0.015720076858997345,79
seed_125,SR-HSE,62,1,0.013844924978911877,24
seed_125,SR-HSE,128,2,0.013345355167984962,42
seed_125,SR-HSE,63,3,0.0124153271317482,51
seed_125,SR-HSE,7,4,0.011854720301926136,33
seed_125,SR-HSE,15,5,0.01174215879291296,26
seed_125,SR-HSE,29,6,0.011329655535519123,39
seed_125,SR-HSE,108,7,0.011196768842637539,14
seed_125,SR-HSE,129,8,0.011098816059529781,9
seed_125,SR-HSE,67,9,0.010907630436122417,16
seed_125,SR-HSE,93,10,0.010739980265498161,16
seed_125,SR-HSE,75,11,0.01062641479074955,13
seed_125,SR-HSE,24,12,0.010501517914235592,21
seed_125,SR-HSE,110,13,0.010304012335836887,20
seed_125,SR-HSE,31,14,0.010275749489665031,20
seed_125,SR-HSE,23,15,0.010056650266051292,30
seed_125,SR-HSE,116,16,0.009479676373302937,3
seed_125,SR-HSE,74,17,0.009397758170962334,19
seed_125,SR-HSE,49,18,0.009139946661889553,17
seed_125,SR-HSE,6,19,0.00913143064826727,18
seed_125,SR-HSE,126,20,0.009124376811087132,10
seed_125,SR-HSE,78,21,0.008817768655717373,5
seed_125,SR-HSE,140,22,0.00880112498998642,19
seed_125,SR-HSE,148,23,0.008799313567578793,14
seed_125,SR-HSE,0,24,0.008760528638958931,20
seed_125,SR-HSE,81,25,0.008760462515056133,19
seed_125,SR-HSE,200,26,0.008718814700841904,8
seed_125,SR-HSE,56,27,0.008688907139003277,17
seed_125,SR-HSE,92,28,0.008561576716601849,21
seed_125,SR-HSE,136,29,0.008552922867238522,18
seed_125,SR-HSE,21,30,0.00826506782323122,13
seed_125,SR-HSE,195,31,0.008244452066719532,11
seed_125,SR-HSE,218,32,0.008218232542276382,3
seed_125,SR-HSE,290,33,0.008140090852975845,10
seed_125,SR-HSE,113,34,0.008121870458126068,13
seed_125,SR-HSE,245,35,0.008042813278734684,15
seed_125,SR-HSE,52,36,0.007892315275967121,16
seed_125,SR-HSE,147,37,0.007872193120419979,16
seed_125,SR-HSE,154,38,0.007808565627783537,5
seed_125,SR-HSE,42,39,0.007673825602978468,5
seed_125,SR-HSE,64,40,0.007655221503227949,7
seed_125,SR-HSE,144,41,0.007614569738507271,7
seed_125,SR-HSE,46,42,0.0075737773440778255,13
seed_125,SR-HSE,66,43,0.007438394241034985,13
seed_125,SR-HSE,70,44,0.00742602301761508,27
seed_125,SR-HSE,123,45,0.007385881617665291,11
seed_125,SR-HSE,83,46,0.007384303957223892,9
seed_125,SR-HSE,73,47,0.007357142865657806,16
seed_125,SR-HSE,212,48,0.007316209375858307,7
seed_125,SR-HSE,190,49,0.0072863176465034485,13
seed_125,SR-HSE,219,50,0.007265099789947271,16
seed_125,SR-HSE,183,51,0.0072553581558167934,7
seed_125,SR-HSE,61,52,0.00723750377073884,6
seed_125,SR-HSE,38,53,0.007140715606510639,4
seed_125,SR-HSE,124,54,0.007109500467777252,4
seed_125,SR-HSE,37,55,0.007065839134156704,7
seed_125,SR-HSE,33,56,0.0069435592740774155,17
seed_125,SR-HSE,173,57,0.006908878218382597,4
seed_125,SR-HSE,84,58,0.006840262096375227,15
seed_125,SR-HSE,10,59,0.006805436685681343,17
seed_125,SR-HSE,160,60,0.0067634726874530315,11
seed_125,SR-HSE,39,61,0.006735606584697962,9
seed_125,SR-HSE,135,62,0.006658171769231558,9
seed_125,SR-HSE,59,63,0.006636688951402903,8
seed_125,SR-HSE,22,64,0.0065588559955358505,13
seed_125,SR-HSE,30,65,0.00655831815674901,5
seed_125,SR-HSE,79,66,0.006527284160256386,9
seed_125,SR-HSE,72,67,0.00652027502655983,15
seed_125,SR-HSE,80,68,0.006519627291709185,8
seed_125,SR-HSE,249,69,0.006461663171648979,3
seed_125,SR-HSE,139,70,0.006438372656702995,12
seed_125,SR-HSE,27,71,0.0064269728027284145,8
seed_125,SR-HSE,16,72,0.0064241415821015835,4
seed_125,SR-HSE,4,73,0.0064236740581691265,9
seed_125,SR-HSE,231,74,0.006411191541701555,8
seed_125,SR-HSE,26,75,0.006408504210412502,4
seed_125,SR-HSE,193,76,0.006395365577191114,9
seed_125,SR-HSE,8,77,0.006377320736646652,6
seed_125,SR-HSE,257,78,0.006369351409375668,8
seed_125,SR-HSE,211,79,0.0063631972298026085,13
seed_125,SR-HSE,51,80,0.006307139061391354,10
seed_125,SR-HSE,145,81,0.006299097090959549,17
seed_125,SR-HSE,102,82,0.006294649560004473,6
seed_125,SR-HSE,246,83,0.006284988950937986,3
seed_125,SR-HSE,5,84,0.006227445788681507,4
seed_125,SR-HSE,117,85,0.0061927312053740025,7
seed_125,SR-HSE,57,86,0.006184984464198351,9
seed_125,SR-HSE,268,87,0.006172661203891039,4
seed_125,SR-HSE,221,88,0.0061633167788386345,6
seed_125,SR-HSE,206,89,0.006145508028566837,4
seed_125,SR-HSE,146,90,0.006039492320269346,5
seed_125,SR-HSE,60,91,0.006014595739543438,3
seed_125,SR-HSE,291,92,0.005999656394124031,2
seed_125,SR-HSE,125,93,0.005989110097289085,3
seed_125,SR-HSE,271,94,0.0059850942343473434,3
seed_125,SR-HSE,217,95,0.005974657367914915,4
seed_125,SR-HSE,105,96,0.005964274052530527,3
seed_125,SR-HSE,167,97,0.005949090700596571,6
seed_125,SR-HSE,150,98,0.005939078517258167,3
seed_125,SR-HSE,86,99,0.005915116518735886,9
seed_125,SR-HSE,115,100,0.005880896467715502,4
seed_125,SR-HSE,214,101,0.0058801439590752125,2
seed_125,SR-HSE,229,102,0.005808597896248102,7
seed_125,SR-HSE,44,103,0.005804730113595724,3
seed_125,SR-HSE,35,104,0.005784106906503439,4
seed_125,SR-HSE,18,105,0.005767205264419317,4
seed_125,SR-HSE,54,106,0.0057551986537873745,5
seed_125,SR-HSE,134,107,0.005750606767833233,3
seed_125,SR-HSE,296,108,0.0057464586570858955,10
seed_125,SR-HSE,95,109,0.00574083998799324,4
seed_125,SR-HSE,121,110,0.0056448220275342464,7
seed_125,SR-HSE,25,111,0.005545603111386299,8
seed_125,SR-HSE,43,112,0.00549951521679759,9
seed_125,SR-HSE,99,113,0.005483423825353384,7
seed_125,SR-HSE,285,114,0.0054771811701357365,1
seed_125,SR-HSE,36,115,0.00547033129259944,7
seed_125,SR-HSE,77,116,0.005455965641885996,5
seed_125,SR-HSE,194,117,0.0054552615620195866,3
seed_125,SR-HSE,294,118,0.005404225550591946,2
seed_125,SR-HSE,153,119,0.005401245318353176,2
seed_125,SR-HSE,237,120,0.005391779355704784,2
seed_125,SR-HSE,71,121,0.0053824991919100285,11
seed_125,SR-HSE,112,122,0.005359439179301262,10
seed_125,SR-HSE,169,123,0.005340533331036568,8
seed_125,SR-HSE,161,124,0.005316358990967274,2
seed_125,SR-HSE,243,125,0.005266161635518074,2
seed_125,SR-HSE,2,126,0.005262072663754225,14
seed_125,SR-HSE,208,127,0.00525729451328516,3
seed_125,SR-HSE,53,128,0.005215203855186701,6
seed_125,SR-HSE,299,129,0.005204976536333561,7
seed_125,SR-HSE,276,130,0.00519070029258728,8
seed_125,SR-HSE,272,131,0.005187390372157097,1
seed_125,SR-HSE,233,132,0.005181322805583477,6
seed_125,SR-HSE,239,133,0.0051750680431723595,3
seed_125,SR-HSE,65,134,0.005137319210916758,3
seed_125,SR-HSE,189,135,0.005125908181071281,9
seed_125,SR-HSE,142,136,0.005122411530464888,3
seed_125,SR-HSE,185,137,0.005120562389492989,3
seed_125,SR-HSE,165,138,0.00507748406380415,4
seed_125,SR-HSE,40,139,0.005032494198530912,6
seed_125,SR-HSE,181,140,0.0048907045274972916,4
seed_125,SR-HSE,227,141,0.004867737181484699,3
seed_125,SR-HSE,17,142,0.004850246477872133,5
seed_125,SR-HSE,175,143,0.004825035110116005,9
seed_125,SR-HSE,187,144,0.004820844624191523,3
seed_125,SR-HSE,9,145,0.00481118680909276,3
seed_125,SR-HSE,130,146,0.004803145304322243,4
seed_125,SR-HSE,151,147,0.004802089184522629,2
seed_125,SR-HSE,177,148,0.004748912528157234,4
seed_125,SR-HSE,104,149,0.004742246586829424,4
seed_125,SR-HSE,283,150,0.004716529976576567,2
seed_125,SR-HSE,122,151,0.004595169331878424,6
seed_125,SR-HSE,34,152,0.004585027229040861,5
seed_125,SR-HSE,69,153,0.0045499661937355995,8
seed_125,SR-HSE,143,154,0.004517033230513334,5
seed_125,SR-HSE,267,155,0.004510443191975355,2
seed_125,SR-HSE,13,156,0.00450741546228528,6
seed_125,SR-HSE,28,157,0.004499285481870174,7
seed_125,SR-HSE,213,158,0.004455317743122578,4
seed_125,SR-HSE,236,159,0.004442340228706598,3
seed_125,SR-HSE,179,160,0.004407088737934828,3
seed_125,SR-HSE,109,161,0.004396725911647081,7
seed_125,SR-HSE,45,162,0.00438187038525939,8
seed_125,SR-HSE,201,163,0.004315684083849192,4
seed_125,SR-HSE,114,164,0.004315560217946768,7
seed_125,SR-HSE,216,165,0.004313651006668806,2
seed_125,SR-HSE,85,166,0.004274194594472647,3
seed_125,SR-HSE,132,167,0.004270998761057854,2
seed_125,SR-HSE,155,168,0.004244563169777393,3
seed_125,SR-HSE,184,169,0.004236991051584482,7
seed_125,SR-HSE,48,170,0.004215358290821314,7
seed_125,SR-HSE,1,171,0.004210354760289192,6
seed_125,SR-HSE,32,172,0.004196255933493376,8
seed_125,SR-HSE,178,173,0.0041506108827888966,2
seed_125,SR-HSE,118,174,0.0041448697447776794,4
seed_125,SR-HSE,12,175,0.0041083297692239285,6
seed_125,SR-HSE,295,176,0.004107838496565819,2
seed_125,SR-HSE,111,177,0.004084414802491665,5
seed_125,SR-HSE,137,178,0.004049645736813545,2
seed_125,SR-HSE,127,179,0.004041996784508228,4
seed_125,SR-HSE,133,180,0.004014069214463234,6
seed_125,SR-HSE,192,181,0.0039963023737072945,3
seed_125,SR-HSE,82,182,0.0039880950935184956,4
seed_125,SR-HSE,287,183,0.003987856674939394,8
seed_125,SR-HSE,210,184,0.00396830914542079,6
seed_125,SR-HSE,284,185,0.003963600844144821,2
seed_125,SR-HSE,247,186,0.003959675319492817,4
seed_125,SR-HSE,282,187,0.00392163498327136,3
seed_125,SR-HSE,260,188,0.003892595414072275,5
seed_125,SR-HSE,263,189,0.0038838207256048918,6
seed_125,SR-HSE,103,190,0.0038691768422722816,3
seed_125,SR-HSE,166,191,0.0038599434774369,6
seed_125,SR-HSE,156,192,0.0038575460202991962,2
seed_125,SR-HSE,94,193,0.0038329812232404947,2
seed_125,SR-HSE,209,194,0.003801861312240362,7
seed_125,SR-HSE,278,195,0.003772588213905692,2
seed_125,SR-HSE,288,196,0.0037591371219605207,2
seed_125,SR-HSE,261,197,0.003712305799126625,3
seed_125,SR-HSE,275,198,0.0037027474027127028,2
seed_125,SR-HSE,3,199,0.0036894192453473806,6
seed_125,SR-HSE,20,200,0.003576133865863085,4
seed_125,SR-HSE,224,201,0.003572795307263732,2
seed_125,SR-HSE,235,202,0.003558647818863392,5
seed_125,SR-HSE,281,203,0.003523849416524172,1
seed_125,SR-HSE,180,204,0.0035066278651356697,5
seed_125,SR-HSE,90,205,0.003493082942441106,6
seed_125,SR-HSE,138,206,0.0034557629842311144,3
seed_125,SR-HSE,251,207,0.003454043995589018,3
seed_125,SR-HSE,222,208,0.003447392489761114,4
seed_125,SR-HSE,41,209,0.0034456856083124876,2
seed_125,SR-HSE,240,210,0.0034148606937378645,1
seed_125,SR-HSE,159,211,0.00339488685131073,2
seed_125,SR-HSE,298,212,0.003368288278579712,4
seed_125,SR-HSE,164,213,0.0033522576559334993,2
seed_125,SR-HSE,204,214,0.0033491370268166065,7
seed_125,SR-HSE,120,215,0.00334046664647758,5
seed_125,SR-HSE,100,216,0.0033146613277494907,3
seed_125,SR-HSE,196,217,0.003307752776890993,4
seed_125,SR-HSE,88,218,0.00327772437594831,4
seed_125,SR-HSE,199,219,0.0032430817373096943,2
seed_125,SR-HSE,14,220,0.0032427299302071333,5
seed_125,SR-HSE,76,221,0.003231173614040017,2
seed_125,SR-HSE,182,222,0.0032286671921610832,2
seed_125,SR-HSE,262,223,0.003162082051858306,3
seed_125,SR-HSE,50,224,0.003149688709527254,3
seed_125,SR-HSE,107,225,0.003136145882308483,6
seed_125,SR-HSE,19,226,0.003129318356513977,4
seed_125,SR-HSE,242,227,0.0031176982447504997,6
seed_125,SR-HSE,176,228,0.003100387752056122,5
seed_125,SR-HSE,270,229,0.003086614888161421,4
seed_125,SR-HSE,203,230,0.0030835773795843124,4
seed_125,SR-HSE,207,231,0.003019754309207201,2
seed_125,SR-HSE,157,232,0.0030027877073735,2
seed_125,SR-HSE,186,233,0.002948676934465766,3
seed_125,SR-HSE,141,234,0.0029369143303483725,2
seed_125,SR-HSE,225,235,0.0028673396445810795,6
seed_125,SR-HSE,259,236,0.0028532249853014946,2
seed_125,SR-HSE,256,237,0.002850540215149522,2
seed_125,SR-HSE,96,238,0.002836441621184349,5
seed_125,SR-HSE,280,239,0.0028222203254699707,3
seed_125,SR-HSE,172,240,0.0027996283024549484,4
seed_125,SR-HSE,97,241,0.0027962010353803635,2
seed_125,SR-HSE,174,242,0.002784054260700941,2
seed_125,SR-HSE,293,243,0.0027728842105716467,3
seed_125,SR-HSE,152,244,0.0027660925406962633,3
seed_125,SR-HSE,269,245,0.0027503897435963154,4
seed_125,SR-HSE,101,246,0.0027488910127431154,3
seed_125,SR-HSE,266,247,0.002710880246013403,1
seed_125,SR-HSE,226,248,0.0027005306910723448,2
seed_125,SR-HSE,106,249,0.0026827461551874876,4
seed_125,SR-HSE,58,250,0.0026808169204741716,10
seed_125,SR-HSE,253,251,0.0026637879200279713,1
seed_125,SR-HSE,191,252,0.002650706097483635,2
seed_125,SR-HSE,230,253,0.0026438988279551268,3
seed_125,SR-HSE,55,254,0.0026246735360473394,6
seed_125,SR-HSE,47,255,0.0026110149919986725,4
seed_125,SR-HSE,170,256,0.002599739469587803,6
seed_125,SR-HSE,228,257,0.002591084921732545,4
seed_125,SR-HSE,254,258,0.002545170485973358,2
seed_125,SR-HSE,91,259,0.0025181532837450504,6
seed_125,SR-HSE,171,260,0.0024749564472585917,2
seed_125,SR-HSE,274,261,0.0024383114650845528,2
seed_125,SR-HSE,220,262,0.0024250687565654516,2
seed_125,SR-HSE,119,263,0.002419301774352789,2
seed_125,SR-HSE,162,264,0.0023809834383428097,3
seed_125,SR-HSE,286,265,0.002326328307390213,2
seed_125,SR-HSE,89,266,0.0022771942894905806,3
seed_125,SR-HSE,188,267,0.002222021110355854,2
seed_125,SR-HSE,241,268,0.0021747651044279337,3
seed_125,SR-HSE,202,269,0.002165751298889518,3
seed_125,SR-HSE,252,270,0.0021498934365808964,4
seed_125,SR-HSE,273,271,0.0021204992663115263,2
seed_125,SR-HSE,205,272,0.002060584956780076,3
seed_125,SR-HSE,197,273,0.002015399746596813,3
seed_125,SR-HSE,87,274,0.0020126095041632652,4
seed_125,SR-HSE,131,275,0.0018782499246299267,2
seed_125,SR-HSE,238,276,0.0018639678601175547,1
seed_125,SR-HSE,232,277,0.001783095533028245,2
seed_125,SR-HSE,289,278,0.0017295069992542267,2
seed_125,SR-HSE,234,279,0.0017293555429205298,2
seed_125,SR-HSE,163,280,0.0017216821433976293,3
seed_125,SR-HSE,223,281,0.001694472855888307,2
seed_125,SR-HSE,158,282,0.0015878684353083372,3
seed_125,SR-HSE,265,283,0.001552057103253901,1
seed_125,SR-HSE,258,284,0.001523763407021761,3
seed_125,SR-HSE,215,285,0.0015061942394822836,4
seed_125,SR-HSE,255,286,0.0014213566901162267,2
seed_125,SR-HSE,250,287,0.0014148543123155832,4
seed_125,SR-HSE,264,288,0.001409149612300098,3
seed_125,SR-HSE,248,289,0.0013219824759289622,2
seed_125,SR-HSE,279,290,0.001285419799387455,2
seed_125,SR-HSE,244,291,0.001281984499655664,1
seed_125,SR-HSE,292,292,0.001205799519084394,3
seed_125,SR-HSE,68,293,0.001181453699246049,2
seed_125,SR-HSE,297,294,0.0011811082949861884,1
seed_125,SR-HSE,11,295,0.001171282259747386,2
seed_125,SR-HSE,149,296,0.001118530286476016,2
seed_125,SR-HSE,98,297,0.0010855112923309207,2
seed_125,SR-HSE,277,298,0.0009295879281125963,1
seed_125,SR-HSE,198,299,0.0008153229136951268,3
seed_125,NR-AR-LBD,168,0,7.693445240875008e-07,79
seed_125,NR-AR-LBD,29,1,7.336722092077252e-07,39
seed_125,NR-AR-LBD,46,2,6.682593607365561e-07,13
seed_125,NR-AR-LBD,63,3,6.013450501995976e-07,51
seed_125,NR-AR-LBD,7,4,5.532257887352898e-07,33
seed_125,NR-AR-LBD,128,5,5.377975753617648e-07,42
seed_125,NR-AR-LBD,33,6,5.359179340302944e-07,17
seed_125,NR-AR-LBD,268,7,5.219051786298223e-07,4
seed_125,NR-AR-LBD,74,8,4.994856794837688e-07,19
seed_125,NR-AR-LBD,147,9,4.992382400814677e-07,16
seed_125,NR-AR-LBD,81,10,4.962911930306291e-07,19
seed_125,NR-AR-LBD,78,11,4.869064014201285e-07,5
seed_125,NR-AR-LBD,108,12,4.730768239369354e-07,14
seed_125,NR-AR-LBD,49,13,4.7188143526000204e-07,17
seed_125,NR-AR-LBD,211,14,4.620876836725074e-07,13
seed_125,NR-AR-LBD,93,15,4.4357489059621e-07,16
seed_125,NR-AR-LBD,86,16,4.40195748296901e-07,9
seed_125,NR-AR-LBD,195,17,4.35137934573504e-07,11
seed_125,NR-AR-LBD,21,18,4.3354017975616443e-07,13
seed_125,NR-AR-LBD,110,19,4.271854834314581e-07,20
seed_125,NR-AR-LBD,245,20,4.18278943925543e-07,15
seed_125,NR-AR-LBD,62,21,4.132148774260713e-07,24
seed_125,NR-AR-LBD,276,22,4.1208286916116776e-07,8
seed_125,NR-AR-LBD,24,23,4.1129510464088526e-07,21
seed_125,NR-AR-LBD,22,24,4.0491730146641203e-07,13
seed_125,NR-AR-LBD,144,25,3.9935929407874937e-07,7
seed_125,NR-AR-LBD,113,26,3.9887066805022187e-07,13
seed_125,NR-AR-LBD,189,27,3.9495373016507074e-07,9
seed_125,NR-AR-LBD,23,28,3.923633755675837e-07,30
seed_125,NR-AR-LBD,129,29,3.881103793901275e-07,9
seed_125,NR-AR-LBD,80,30,3.8140595393088006e-07,8
seed_125,NR-AR-LBD,219,31,3.8128982282614743e-07,16
seed_125,NR-AR-LBD,184,32,3.800523984409665e-07,7
seed_125,NR-AR-LBD,71,33,3.7862903923269187e-07,11
seed_125,NR-AR-LBD,10,34,3.783810598179116e-07,17
seed_125,NR-AR-LBD,31,35,3.7051475487714924e-07,20
seed_125,NR-AR-LBD,292,36,3.6807961123486166e-07,3
seed_125,NR-AR-LBD,209,37,3.677989468542364e-07,7
seed_125,NR-AR-LBD,70,38,3.662553638150712e-07,27
seed_125,NR-AR-LBD,12,39,3.625611384450167e-07,6
seed_125,NR-AR-LBD,187,40,3.58613391426843e-07,3
seed_125,NR-AR-LBD,6,41,3.560162440408021e-07,18
seed_125,NR-AR-LBD,1,42,3.5225022543272644e-07,6
seed_125,NR-AR-LBD,15,43,3.511144086587592e-07,26
seed_125,NR-AR-LBD,99,44,3.5003262155441917e-07,7
seed_125,NR-AR-LBD,73,45,3.498943215163308e-07,16
seed_125,NR-AR-LBD,160,46,3.4887523270299425e-07,11
seed_125,NR-AR-LBD,204,47,3.4630591017048573e-07,7
seed_125,NR-AR-LBD,79,48,3.4369915624665737e-07,9
seed_125,NR-AR-LBD,247,49,3.4260466463820194e-07,4
seed_125,NR-AR-LBD,66,50,3.4219783628941514e-07,13
seed_125,NR-AR-LBD,298,51,3.3897407547556213e-07,4
seed_125,NR-AR-LBD,51,52,3.3616791483837005e-07,10
seed_125,NR-AR-LBD,27,53,3.3492517559352564e-07,8
seed_125,NR-AR-LBD,39,54,3.3144314670607855e-07,9
seed_125,NR-AR-LBD,92,55,3.3093581919274584e-07,21
seed_125,NR-AR-LBD,30,56,3.3048374348254583e-07,5
seed_125,NR-AR-LBD,112,57,3.275047788520169e-07,10
seed_125,NR-AR-LBD,75,58,3.24998097767093e-07,13
seed_125,NR-AR-LBD,133,59,3.247866686706402e-07,6
seed_125,NR-AR-LBD,67,60,3.2369877089877264e-07,16
seed_125,NR-AR-LBD,4,61,3.231799325931206e-07,9
seed_125,NR-AR-LBD,155,62,3.2305581498803804e-07,3
seed_125,NR-AR-LBD,82,63,3.210569161637977e-07,4
seed_125,NR-AR-LBD,139,64,3.1931548960528744e-07,12
seed_125,NR-AR-LBD,260,65,3.14992945504855e-07,5
seed_125,NR-AR-LBD,102,66,3.145990206121496e-07,6
seed_125,NR-AR-LBD,169,67,3.132463461952284e-07,8
seed_125,NR-AR-LBD,207,68,3.1141951239987975e-07,2
seed_125,NR-AR-LBD,123,69,3.1065607686286967e-07,11
seed_125,NR-AR-LBD,104,70,3.0994112876214786e-07,4
seed_125,NR-AR-LBD,242,71,3.0894651104063087e-07,6
seed_125,NR-AR-LBD,69,72,3.088066762302333e-07,8
seed_125,NR-AR-LBD,167,73,3.082475927840278e-07,6
seed_125,NR-AR-LBD,239,74,3.0802365813542565e-07,3
seed_125,NR-AR-LBD,145,75,3.048852192932827e-07,17
seed_125,NR-AR-LBD,55,76,3.0485935553770105e-07,6
seed_125,NR-AR-LBD,52,77,3.0417385232794913e-07,16
seed_125,NR-AR-LBD,289,78,3.0143556273287686e-07,2
seed_125,NR-AR-LBD,38,79,2.994618739649013e-07,4
seed_125,NR-AR-LBD,56,80,2.990395273627655e-07,17
seed_125,NR-AR-LBD,88,81,2.9846268034816603e-07,4
seed_125,NR-AR-LBD,182,82,2.9508348120543815e-07,2
seed_125,NR-AR-LBD,25,83,2.939998182682757e-07,8
seed_125,NR-AR-LBD,36,84,2.898470654599805e-07,7
seed_125,NR-AR-LBD,193,85,2.884915772938257e-07,9
seed_125,NR-AR-LBD,0,86,2.868290494006942e-07,20
seed_125,NR-AR-LBD,140,87,2.864896089249669e-07,19
seed_125,NR-AR-LBD,37,88,2.8456838663259987e-07,7
seed_125,NR-AR-LBD,114,89,2.831782808243588e-07,7
seed_125,NR-AR-LBD,34,90,2.8265904461477476e-07,5
seed_125,NR-AR-LBD,42,91,2.813878268170811e-07,5
seed_125,NR-AR-LBD,83,92,2.7857063855663e-07,9
seed_125,NR-AR-LBD,194,93,2.78215964044648e-07,3
seed_125,NR-AR-LBD,117,94,2.7769942789745983e-07,7
seed_125,NR-AR-LBD,190,95,2.7763053367380053e-07,13
seed_125,NR-AR-LBD,59,96,2.747019607340917e-07,8
seed_125,NR-AR-LBD,197,97,2.711643105612893e-07,3
seed_125,NR-AR-LBD,105,98,2.684058983959403e-07,3
seed_125,NR-AR-LBD,175,99,2.6718808499026636e-07,9
seed_125,NR-AR-LBD,121,100,2.653401338648109e-07,7
seed_125,NR-AR-LBD,136,101,2.6374922867944406e-07,18
seed_125,NR-AR-LBD,150,102,2.6205498215858825e-07,3
seed_125,NR-AR-LBD,225,103,2.616738186134171e-07,6
seed_125,NR-AR-LBD,178,104,2.610607907627127e-07,2
seed_125,NR-AR-LBD,229,105,2.602284325803339e-07,7
seed_125,NR-AR-LBD,258,106,2.583065850103594e-07,3
seed_125,NR-AR-LBD,296,107,2.569792343365407e-07,10
seed_125,NR-AR-LBD,251,108,2.562967438279884e-07,3
seed_125,NR-AR-LBD,143,109,2.5597680064493034e-07,5
seed_125,NR-AR-LBD,43,110,2.550594615513546e-07,9
seed_125,NR-AR-LBD,230,111,2.539569550208398e-07,3
seed_125,NR-AR-LBD,72,112,2.5246532686651335e-07,15
seed_125,NR-AR-LBD,48,113,2.4908180762395205e-07,7
seed_125,NR-AR-LBD,64,114,2.4904227302613435e-07,7
seed_125,NR-AR-LBD,231,115,2.476768656833883e-07,8
seed_125,NR-AR-LBD,122,116,2.468143804890133e-07,6
seed_125,NR-AR-LBD,185,117,2.467272111061902e-07,3
seed_125,NR-AR-LBD,57,118,2.466597948114213e-07,9
seed_125,NR-AR-LBD,2,119,2.4562078237977403e-07,14
seed_125,NR-AR-LBD,246,120,2.434094881209603e-07,3
seed_125,NR-AR-LBD,263,121,2.432886958558811e-07,6
seed_125,NR-AR-LBD,32,122,2.4130929432431003e-07,8
seed_125,NR-AR-LBD,107,123,2.3977185037438176e-07,6
seed_125,NR-AR-LBD,100,124,2.3785841563039867e-07,3
seed_125,NR-AR-LBD,272,125,2.3687813666128932e-07,1
seed_125,NR-AR-LBD,53,126,2.3533030457656423e-07,6
seed_125,NR-AR-LBD,221,127,2.3418245120865322e-07,6
seed_125,NR-AR-LBD,222,128,2.3379283220492653e-07,4
seed_125,NR-AR-LBD,14,129,2.3074512967014016e-07,5
seed_125,NR-AR-LBD,271,130,2.306385908923403e-07,3
seed_125,NR-AR-LBD,84,131,2.2926825238300808e-07,15
seed_125,NR-AR-LBD,253,132,2.2860065485019732e-07,1
seed_125,NR-AR-LBD,8,133,2.2775367369831656e-07,6
seed_125,NR-AR-LBD,166,134,2.2735552818176075e-07,6
seed_125,NR-AR-LBD,233,135,2.2684250211568724e-07,6
seed_125,NR-AR-LBD,212,136,2.267655361265497e-07,7
seed_125,NR-AR-LBD,90,137,2.2517249931297556e-07,6
seed_125,NR-AR-LBD,202,138,2.2490429785193555e-07,3
seed_125,NR-AR-LBD,3,139,2.2316183390103106e-07,6
seed_125,NR-AR-LBD,264,140,2.220815247255814e-07,3
seed_125,NR-AR-LBD,41,141,2.177987283857874e-07,2
seed_125,NR-AR-LBD,103,142,2.1632646962643776e-07,3
seed_125,NR-AR-LBD,161,143,2.1518528114938817e-07,2
seed_125,NR-AR-LBD,199,144,2.150218136875992e-07,2
seed_125,NR-AR-LBD,58,145,2.1195269539475703e-07,10
seed_125,NR-AR-LBD,142,146,2.1145967821212253e-07,3
seed_125,NR-AR-LBD,115,147,2.1132234451215481e-07,4
seed_125,NR-AR-LBD,277,148,2.1046210463282478e-07,1
seed_125,NR-AR-LBD,124,149,2.0978146153538546e-07,4
seed_125,NR-AR-LBD,249,150,2.0875768313999288e-07,3
seed_125,NR-AR-LBD,89,151,2.0784725052180875e-07,3
seed_125,NR-AR-LBD,213,152,2.0525980914953834e-07,4
seed_125,NR-AR-LBD,11,153,2.0406386624927109e-07,2
seed_125,NR-AR-LBD,77,154,2.0315998483511066e-07,5
seed_125,NR-AR-LBD,91,155,2.0298121228279342e-07,6
seed_125,NR-AR-LBD,138,156,2.0250681131983583e-07,3
seed_125,NR-AR-LBD,235,157,2.0041285608840553e-07,5
seed_125,NR-AR-LBD,284,158,1.9423661967721273e-07,2
seed_125,NR-AR-LBD,126,159,1.9200342649128288e-07,10
seed_125,NR-AR-LBD,148,160,1.9184626864898746e-07,14
seed_125,NR-AR-LBD,224,161,1.915527860774091e-07,2
seed_125,NR-AR-LBD,188,162,1.8796646372720716e-07,2
seed_125,NR-AR-LBD,35,163,1.8611314089866937e-07,4
seed_125,NR-AR-LBD,28,164,1.8515567035137792e-07,7
seed_125,NR-AR-LBD,40,165,1.8492525555302564e-07,6
seed_125,NR-AR-LBD,215,166,1.8453090433467878e-07,4
seed_125,NR-AR-LBD,111,167,1.8412731606076704e-07,5
seed_125,NR-AR-LBD,183,168,1.8406842627882725e-07,7
seed_125,NR-AR-LBD,45,169,1.8116749345153949e-07,8
seed_125,NR-AR-LBD,218,170,1.796989437252705e-07,3
seed_125,NR-AR-LBD,291,171,1.788573342764721e-07,2
seed_125,NR-AR-LBD,200,172,1.7778748429009283e-07,8
seed_125,NR-AR-LBD,47,173,1.7731039747559407e-07,4
seed_125,NR-AR-LBD,141,174,1.764862957998048e-07,2
seed_125,NR-AR-LBD,118,175,1.75836063931456e-07,4
seed_125,NR-AR-LBD,172,176,1.7383980832619272e-07,4
seed_125,NR-AR-LBD,109,177,1.7363471727094293e-07,7
seed_125,NR-AR-LBD,135,178,1.7316146738721727e-07,9
seed_125,NR-AR-LBD,106,179,1.7315701938969141e-07,4
seed_125,NR-AR-LBD,17,180,1.731202701193979e-07,5
seed_125,NR-AR-LBD,287,181,1.7303366917076346e-07,8
seed_125,NR-AR-LBD,87,182,1.7168761701213953e-07,4
seed_125,NR-AR-LBD,146,183,1.7115144146373495e-07,5
seed_125,NR-AR-LBD,9,184,1.6834854932312737e-07,3
seed_125,NR-AR-LBD,157,185,1.68030467762037e-07,2
seed_125,NR-AR-LBD,192,186,1.6789955736840056e-07,3
seed_125,NR-AR-LBD,96,187,1.6786988510375522e-07,5
seed_125,NR-AR-LBD,274,188,1.6770847821589996e-07,2
seed_125,NR-AR-LBD,137,189,1.646441489810968e-07,2
seed_125,NR-AR-LBD,119,190,1.6453667228688573e-07,2
seed_125,NR-AR-LBD,60,191,1.6377416045543214e-07,3
seed_125,NR-AR-LBD,256,192,1.6202723429614707e-07,2
seed_125,NR-AR-LBD,13,193,1.6194776719657966e-07,6
seed_125,NR-AR-LBD,273,194,1.6162076121872815e-07,2
seed_125,NR-AR-LBD,228,195,1.6036287320275733e-07,4
seed_125,NR-AR-LBD,180,196,1.5862639202168793e-07,5
seed_125,NR-AR-LBD,153,197,1.583893833867478e-07,2
seed_125,NR-AR-LBD,18,198,1.5435074374181568e-07,4
seed_125,NR-AR-LBD,288,199,1.5246726547957223e-07,2
seed_125,NR-AR-LBD,116,200,1.485973513126737e-07,3
seed_125,NR-AR-LBD,170,201,1.4853512197987584e-07,6
seed_125,NR-AR-LBD,299,202,1.4750803245533461e-07,7
seed_125,NR-AR-LBD,283,203,1.472209305575234e-07,2
seed_125,NR-AR-LBD,151,204,1.4717862484303623e-07,2
seed_125,NR-AR-LBD,94,205,1.4677199544621544e-07,2
seed_125,NR-AR-LBD,290,206,1.4588091801215342e-07,10
seed_125,NR-AR-LBD,156,207,1.4478179366506083e-07,2
seed_125,NR-AR-LBD,16,208,1.4453536323344451e-07,4
seed_125,NR-AR-LBD,134,209,1.4450476726324268e-07,3
seed_125,NR-AR-LBD,217,210,1.431037048860162e-07,4
seed_125,NR-AR-LBD,203,211,1.4201233966559812e-07,4
seed_125,NR-AR-LBD,120,212,1.416473764948023e-07,5
seed_125,NR-AR-LBD,61,213,1.4131902048575284e-07,6
seed_125,NR-AR-LBD,261,214,1.4131715886378515e-07,3
seed_125,NR-AR-LBD,20,215,1.4015434146585903e-07,4
seed_125,NR-AR-LBD,54,216,1.397980611272942e-07,5
seed_125,NR-AR-LBD,286,217,1.390210542240311e-07,2
seed_125,NR-AR-LBD,165,218,1.369694331287974e-07,4
seed_125,NR-AR-LBD,179,219,1.3542680221689807e-07,3
seed_125,NR-AR-LBD,275,220,1.3425386669041472e-07,2
seed_125,NR-AR-LBD,282,221,1.3419652589163888e-07,3
seed_125,NR-AR-LBD,254,222,1.3302751256105694e-07,2
seed_125,NR-AR-LBD,191,223,1.3258566866625188e-07,2
seed_125,NR-AR-LBD,279,224,1.3085305283766502e-07,2
seed_125,NR-AR-LBD,26,225,1.3084371630611713e-07,4
seed_125,NR-AR-LBD,154,226,1.306729018324404e-07,5
seed_125,NR-AR-LBD,293,227,1.3034645007792278e-07,3
seed_125,NR-AR-LBD,162,228,1.2987163700017845e-07,3
seed_125,NR-AR-LBD,257,229,1.2691944561993296e-07,8
seed_125,NR-AR-LBD,259,230,1.262712032712443e-07,2
seed_125,NR-AR-LBD,234,231,1.2620068901014747e-07,2
seed_125,NR-AR-LBD,214,232,1.2579393171563424e-07,2
seed_125,NR-AR-LBD,210,233,1.2550039230063703e-07,6
seed_125,NR-AR-LBD,220,234,1.2442576746707346e-07,2
seed_125,NR-AR-LBD,131,235,1.2164949225734745e-07,2
seed_125,NR-AR-LBD,294,236,1.2152338513260474e-07,2
seed_125,NR-AR-LBD,241,237,1.185744693543711e-07,3
seed_125,NR-AR-LBD,130,238,1.183215516675773e-07,4
seed_125,NR-AR-LBD,262,239,1.182504618668645e-07,3
seed_125,NR-AR-LBD,278,240,1.181687636631068e-07,2
seed_125,NR-AR-LBD,250,241,1.1748581130177627e-07,4
seed_125,NR-AR-LBD,152,242,1.1675755473561367e-07,3
seed_125,NR-AR-LBD,248,243,1.1422694257134935e-07,2
seed_125,NR-AR-LBD,244,244,1.1277119682517878e-07,1
seed_125,NR-AR-LBD,65,245,1.1085633389029681e-07,3
seed_125,NR-AR-LBD,163,246,1.1048797432522406e-07,3
seed_125,NR-AR-LBD,205,247,1.089520864638871e-07,3
seed_125,NR-AR-LBD,177,248,1.0697736030351734e-07,4
seed_125,NR-AR-LBD,270,249,1.0591927690484226e-07,4
seed_125,NR-AR-LBD,50,250,1.043091657493278e-07,3
seed_125,NR-AR-LBD,237,251,1.0223995161595667e-07,2
seed_125,NR-AR-LBD,240,252,1.0095467928294966e-07,1
seed_125,NR-AR-LBD,181,253,9.998586136816812e-08,4
seed_125,NR-AR-LBD,127,254,9.969355829753113e-08,4
seed_125,NR-AR-LBD,176,255,9.66113589129236e-08,5
seed_125,NR-AR-LBD,5,256,9.615089879844163e-08,4
seed_125,NR-AR-LBD,226,257,9.51259551129624e-08,2
seed_125,NR-AR-LBD,281,258,9.507426312893585e-08,1
seed_125,NR-AR-LBD,227,259,9.42648199497853e-08,3
seed_125,NR-AR-LBD,95,260,9.401198042269243e-08,4
seed_125,NR-AR-LBD,159,261,9.053061944541696e-08,2
seed_125,NR-AR-LBD,149,262,8.997163547519449e-08,2
seed_125,NR-AR-LBD,269,263,8.898975067950232e-08,4
seed_125,NR-AR-LBD,173,264,8.873767143313671e-08,4
seed_125,NR-AR-LBD,243,265,8.79887025462267e-08,2
seed_125,NR-AR-LBD,280,266,8.717010757663957e-08,3
seed_125,NR-AR-LBD,125,267,8.704014931026904e-08,3
seed_125,NR-AR-LBD,19,268,8.667083761793037e-08,4
seed_125,NR-AR-LBD,196,269,8.321049449477869e-08,4
seed_125,NR-AR-LBD,132,270,8.203942769569039e-08,2
seed_125,NR-AR-LBD,208,271,8.004814588957743e-08,3
seed_125,NR-AR-LBD,255,272,7.97402464058905e-08,2
seed_125,NR-AR-LBD,223,273,7.81204718691697e-08,2
seed_125,NR-AR-LBD,171,274,7.769677523583596e-08,2
seed_125,NR-AR-LBD,101,275,7.700204918137388e-08,3
seed_125,NR-AR-LBD,174,276,7.68119363669939e-08,2
seed_125,NR-AR-LBD,44,277,7.68053354249787e-08,3
seed_125,NR-AR-LBD,297,278,7.64604450864681e-08,1
seed_125,NR-AR-LBD,198,279,7.442990579420439e-08,3
seed_125,NR-AR-LBD,201,280,7.390787004624144e-08,4
seed_125,NR-AR-LBD,236,281,7.346900332549922e-08,3
seed_125,NR-AR-LBD,252,282,7.330357476575955e-08,4
seed_125,NR-AR-LBD,232,283,7.207268026832025e-08,2
seed_125,NR-AR-LBD,98,284,7.06882872236747e-08,2
seed_125,NR-AR-LBD,266,285,6.760031823205281e-08,1
seed_125,NR-AR-LBD,158,286,6.646590833270238e-08,3
seed_125,NR-AR-LBD,238,287,6.440910738092498e-08,1
seed_125,NR-AR-LBD,216,288,6.364449234297354e-08,2
seed_125,NR-AR-LBD,186,289,5.986645845723615e-08,3
seed_125,NR-AR-LBD,206,290,5.867238783707762e-08,4
seed_125,NR-AR-LBD,97,291,5.7731490699097776e-08,2
seed_125,NR-AR-LBD,76,292,5.345208364815335e-08,2
seed_125,NR-AR-LBD,164,293,4.9104865951221655e-08,2
seed_125,NR-AR-LBD,295,294,4.6286029231623615e-08,2
seed_125,NR-AR-LBD,85,295,3.597327946636142e-08,3
seed_125,NR-AR-LBD,267,296,3.082856636638098e-08,2
seed_125,NR-AR-LBD,265,297,2.570146762082004e-08,1
seed_125,NR-AR-LBD,68,298,2.3116278669021995e-08,2
seed_125,NR-AR-LBD,285,299,1.134958793613805e-08,1
seed_125,NR-ER,168,0,0.14195825159549713,79
seed_125,NR-ER,7,1,0.10398515313863754,33
seed_125,NR-ER,63,2,0.1025291383266449,51
seed_125,NR-ER,23,3,0.09693843871355057,30
seed_125,NR-ER,29,4,0.0964212566614151,39
seed_125,NR-ER,49,5,0.09197469800710678,17
seed_125,NR-ER,219,6,0.09133759140968323,16
seed_125,NR-ER,148,7,0.0889865830540657,14
seed_125,NR-ER,128,8,0.08438064157962799,42
seed_125,NR-ER,81,9,0.08397068083286285,19
seed_125,NR-ER,62,10,0.08238741755485535,24
seed_125,NR-ER,144,11,0.08223191648721695,7
seed_125,NR-ER,31,12,0.08193062245845795,20
seed_125,NR-ER,163,13,0.0813203901052475,3
seed_125,NR-ER,229,14,0.08053670823574066,7
seed_125,NR-ER,204,15,0.07802295684814453,7
seed_125,NR-ER,46,16,0.07746580988168716,13
seed_125,NR-ER,15,17,0.07659053057432175,26
seed_125,NR-ER,147,18,0.07509234547615051,16
seed_125,NR-ER,39,19,0.07479467242956161,9
seed_125,NR-ER,140,20,0.07467791438102722,19
seed_125,NR-ER,56,21,0.07436822354793549,17
seed_125,NR-ER,10,22,0.07358238846063614,17
seed_125,NR-ER,207,23,0.07335526496171951,2
seed_125,NR-ER,84,24,0.07048940658569336,15
seed_125,NR-ER,113,25,0.07002060115337372,13
seed_125,NR-ER,245,26,0.06942566484212875,15
seed_125,NR-ER,110,27,0.06940466910600662,20
seed_125,NR-ER,122,28,0.06900676339864731,6
seed_125,NR-ER,166,29,0.06892683357000351,6
seed_125,NR-ER,203,30,0.06793465465307236,4
seed_125,NR-ER,269,31,0.06752463430166245,4
seed_125,NR-ER,59,32,0.06746391952037811,8
seed_125,NR-ER,130,33,0.06728155165910721,4
seed_125,NR-ER,116,34,0.06672660261392593,3
seed_125,NR-ER,126,35,0.06663358956575394,10
seed_125,NR-ER,200,36,0.06661664694547653,8
seed_125,NR-ER,70,37,0.06622529774904251,27
seed_125,NR-ER,195,38,0.06608027219772339,11
seed_125,NR-ER,177,39,0.06557191908359528,4
seed_125,NR-ER,152,40,0.06536433845758438,3
seed_125,NR-ER,42,41,0.06515325605869293,5
seed_125,NR-ER,74,42,0.06504692137241364,19
seed_125,NR-ER,27,43,0.06448648124933243,8
seed_125,NR-ER,86,44,0.06411071866750717,9
seed_125,NR-ER,149,45,0.06393536925315857,2
seed_125,NR-ER,60,46,0.06380016356706619,3
seed_125,NR-ER,108,47,0.06361599266529083,14
seed_125,NR-ER,136,48,0.06319359689950943,18
seed_125,NR-ER,75,49,0.06306295096874237,13
seed_125,NR-ER,83,50,0.06269663572311401,9
seed_125,NR-ER,93,51,0.06263631582260132,16
seed_125,NR-ER,52,52,0.062053389847278595,16
seed_125,NR-ER,247,53,0.06147126480937004,4
seed_125,NR-ER,64,54,0.0612809956073761,7
seed_125,NR-ER,32,55,0.06069133058190346,8
seed_125,NR-ER,47,56,0.060552313923835754,4
seed_125,NR-ER,231,57,0.060549862682819366,8
seed_125,NR-ER,33,58,0.06013588607311249,17
seed_125,NR-ER,96,59,0.060052353888750076,5
seed_125,NR-ER,35,60,0.05985257029533386,4
seed_125,NR-ER,21,61,0.05863989517092705,13
seed_125,NR-ER,37,62,0.058369167149066925,7
seed_125,NR-ER,73,63,0.058146923780441284,16
seed_125,NR-ER,6,64,0.05802934244275093,18
seed_125,NR-ER,206,65,0.05765391141176224,4
seed_125,NR-ER,92,66,0.056854426860809326,21
seed_125,NR-ER,72,67,0.05654798075556755,15
seed_125,NR-ER,198,68,0.05632166564464569,3
seed_125,NR-ER,145,69,0.05592622235417366,17
seed_125,NR-ER,290,70,0.055899571627378464,10
seed_125,NR-ER,190,71,0.054938945919275284,13
seed_125,NR-ER,48,72,0.05453655496239662,7
seed_125,NR-ER,123,73,0.05451460927724838,11
seed_125,NR-ER,133,74,0.05441334843635559,6
seed_125,NR-ER,71,75,0.05381583049893379,11
seed_125,NR-ER,28,76,0.053644586354494095,7
seed_125,NR-ER,211,77,0.053538668900728226,13
seed_125,NR-ER,240,78,0.053282029926776886,1
seed_125,NR-ER,18,79,0.053001947700977325,4
seed_125,NR-ER,193,80,0.052926138043403625,9
seed_125,NR-ER,104,81,0.052911464124917984,4
seed_125,NR-ER,235,82,0.052797939628362656,5
seed_125,NR-ER,239,83,0.052454911172389984,3
seed_125,NR-ER,99,84,0.05241470783948898,7
seed_125,NR-ER,0,85,0.05231942608952522,20
seed_125,NR-ER,241,86,0.052248138934373856,3
seed_125,NR-ER,102,87,0.05217260494828224,6
seed_125,NR-ER,296,88,0.05198041722178459,10
seed_125,NR-ER,22,89,0.051889818161726,13
seed_125,NR-ER,25,90,0.051361288875341415,8
seed_125,NR-ER,61,91,0.051307640969753265,6
seed_125,NR-ER,67,92,0.05121958255767822,16
seed_125,NR-ER,160,93,0.051027730107307434,11
seed_125,NR-ER,1,94,0.050970859825611115,6
seed_125,NR-ER,4,95,0.05092264711856842,9
seed_125,NR-ER,242,96,0.050197113305330276,6
seed_125,NR-ER,165,97,0.04962953180074692,4
seed_125,NR-ER,162,98,0.049026139080524445,3
seed_125,NR-ER,173,99,0.04885076731443405,4
seed_125,NR-ER,69,100,0.04884592071175575,8
seed_125,NR-ER,197,101,0.04867866262793541,3
seed_125,NR-ER,45,102,0.04840610921382904,8
seed_125,NR-ER,55,103,0.0482519157230854,6
seed_125,NR-ER,54,104,0.04823371767997742,5
seed_125,NR-ER,167,105,0.04812917113304138,6
seed_125,NR-ER,210,106,0.04787113144993782,6
seed_125,NR-ER,175,107,0.047843869775533676,9
seed_125,NR-ER,201,108,0.04783431440591812,4
seed_125,NR-ER,50,109,0.04782472550868988,3
seed_125,NR-ER,276,110,0.0478036142885685,8
seed_125,NR-ER,66,111,0.047562506049871445,13
seed_125,NR-ER,24,112,0.04755506291985512,21
seed_125,NR-ER,169,113,0.04742133617401123,8
seed_125,NR-ER,117,114,0.04677412286400795,7
seed_125,NR-ER,101,115,0.04675377905368805,3
seed_125,NR-ER,44,116,0.04652692750096321,3
seed_125,NR-ER,40,117,0.04647015035152435,6
seed_125,NR-ER,11,118,0.04642738401889801,2
seed_125,NR-ER,38,119,0.046405937522649765,4
seed_125,NR-ER,253,120,0.04629732295870781,1
seed_125,NR-ER,13,121,0.046199019998311996,6
seed_125,NR-ER,285,122,0.04612213745713234,1
seed_125,NR-ER,112,123,0.045870449393987656,10
seed_125,NR-ER,260,124,0.04565536603331566,5
seed_125,NR-ER,258,125,0.04553455114364624,3
seed_125,NR-ER,111,126,0.04512283578515053,5
seed_125,NR-ER,129,127,0.04496436193585396,9
seed_125,NR-ER,196,128,0.04468703269958496,4
seed_125,NR-ER,19,129,0.04461488500237465,4
seed_125,NR-ER,90,130,0.044401705265045166,6
seed_125,NR-ER,261,131,0.044217005372047424,3
seed_125,NR-ER,189,132,0.04418514296412468,9
seed_125,NR-ER,135,133,0.04397173225879669,9
seed_125,NR-ER,57,134,0.04392492398619652,9
seed_125,NR-ER,225,135,0.043294116854667664,6
seed_125,NR-ER,179,136,0.043169546872377396,3
seed_125,NR-ER,194,137,0.04308667406439781,3
seed_125,NR-ER,228,138,0.04231323301792145,4
seed_125,NR-ER,286,139,0.04228838533163071,2
seed_125,NR-ER,17,140,0.04214310646057129,5
seed_125,NR-ER,2,141,0.04183401167392731,14
seed_125,NR-ER,184,142,0.041827429085969925,7
seed_125,NR-ER,12,143,0.04176631569862366,6
seed_125,NR-ER,254,144,0.041472163051366806,2
seed_125,NR-ER,91,145,0.041163112968206406,6
seed_125,NR-ER,298,146,0.041146859526634216,4
seed_125,NR-ER,227,147,0.04093903303146362,3
seed_125,NR-ER,80,148,0.040922533720731735,8
seed_125,NR-ER,218,149,0.04090167209506035,3
seed_125,NR-ER,120,150,0.04052663594484329,5
seed_125,NR-ER,212,151,0.04025769233703613,7
seed_125,NR-ER,164,152,0.04007885605096817,2
seed_125,NR-ER,188,153,0.03987634554505348,2
seed_125,NR-ER,266,154,0.0397302620112896,1
seed_125,NR-ER,265,155,0.03948671743273735,1
seed_125,NR-ER,3,156,0.039269525557756424,6
seed_125,NR-ER,252,157,0.039232488721609116,4
seed_125,NR-ER,82,158,0.039216890931129456,4
seed_125,NR-ER,183,159,0.039128147065639496,7
seed_125,NR-ER,121,160,0.03850575536489487,7
seed_125,NR-ER,154,161,0.03839239478111267,5
seed_125,NR-ER,8,162,0.03828657791018486,6
seed_125,NR-ER,233,163,0.03808213025331497,6
seed_125,NR-ER,232,164,0.03735034167766571,2
seed_125,NR-ER,143,165,0.037172313779592514,5
seed_125,NR-ER,199,166,0.03646370768547058,2
seed_125,NR-ER,36,167,0.03640349954366684,7
seed_125,NR-ER,88,168,0.03636381775140762,4
seed_125,NR-ER,109,169,0.03625621274113655,7
seed_125,NR-ER,51,170,0.03619807958602905,10
seed_125,NR-ER,14,171,0.03564769774675369,5
seed_125,NR-ER,114,172,0.03550003841519356,7
seed_125,NR-ER,180,173,0.035260677337646484,5
seed_125,NR-ER,76,174,0.03473540022969246,2
seed_125,NR-ER,293,175,0.03473154455423355,3
seed_125,NR-ER,106,176,0.034627970308065414,4
seed_125,NR-ER,159,177,0.03458546847105026,2
seed_125,NR-ER,118,178,0.03357550501823425,4
seed_125,NR-ER,294,179,0.03322364017367363,2
seed_125,NR-ER,291,180,0.03285381570458412,2
seed_125,NR-ER,153,181,0.0327996201813221,2
seed_125,NR-ER,222,182,0.03178928792476654,4
seed_125,NR-ER,246,183,0.031637806445360184,3
seed_125,NR-ER,191,184,0.031040769070386887,2
seed_125,NR-ER,34,185,0.03092752955853939,5
seed_125,NR-ER,181,186,0.030757632106542587,4
seed_125,NR-ER,215,187,0.030717559158802032,4
seed_125,NR-ER,95,188,0.030526570975780487,4
seed_125,NR-ER,105,189,0.030483614653348923,3
seed_125,NR-ER,221,190,0.030426306650042534,6
seed_125,NR-ER,43,191,0.030397973954677582,9
seed_125,NR-ER,107,192,0.030263865366578102,6
seed_125,NR-ER,230,193,0.030122075229883194,3
seed_125,NR-ER,41,194,0.029714690521359444,2
seed_125,NR-ER,78,195,0.02953276038169861,5
seed_125,NR-ER,172,196,0.029427703469991684,4
seed_125,NR-ER,299,197,0.02927660383284092,7
seed_125,NR-ER,259,198,0.029080545529723167,2
seed_125,NR-ER,264,199,0.02903939224779606,3
seed_125,NR-ER,287,200,0.02867196872830391,8
seed_125,NR-ER,234,201,0.02837771736085415,2
seed_125,NR-ER,30,202,0.02833567187190056,5
seed_125,NR-ER,141,203,0.028203390538692474,2
seed_125,NR-ER,138,204,0.02814141847193241,3
seed_125,NR-ER,243,205,0.027886273339390755,2
seed_125,NR-ER,127,206,0.02783934772014618,4
seed_125,NR-ER,256,207,0.027420934289693832,2
seed_125,NR-ER,87,208,0.027239909395575523,4
seed_125,NR-ER,284,209,0.02715902030467987,2
seed_125,NR-ER,131,210,0.027148239314556122,2
seed_125,NR-ER,85,211,0.026898298412561417,3
seed_125,NR-ER,139,212,0.026745881885290146,12
seed_125,NR-ER,146,213,0.02663446217775345,5
seed_125,NR-ER,77,214,0.02641817182302475,5
seed_125,NR-ER,161,215,0.02583298832178116,2
seed_125,NR-ER,115,216,0.025559918954968452,4
seed_125,NR-ER,178,217,0.025521622970700264,2
seed_125,NR-ER,134,218,0.02536243200302124,3
seed_125,NR-ER,124,219,0.025065019726753235,4
seed_125,NR-ER,58,220,0.02505953051149845,10
seed_125,NR-ER,176,221,0.024816149845719337,5
seed_125,NR-ER,89,222,0.024777520447969437,3
seed_125,NR-ER,209,223,0.024227479472756386,7
seed_125,NR-ER,68,224,0.02380574308335781,2
seed_125,NR-ER,171,225,0.023505158722400665,2
seed_125,NR-ER,53,226,0.023361245170235634,6
seed_125,NR-ER,79,227,0.022968458011746407,9
seed_125,NR-ER,216,228,0.022663993760943413,2
seed_125,NR-ER,263,229,0.022615507245063782,6
seed_125,NR-ER,250,230,0.02253916673362255,4
seed_125,NR-ER,295,231,0.022396650165319443,2
seed_125,NR-ER,257,232,0.02201494202017784,8
seed_125,NR-ER,288,233,0.021879767999053,2
seed_125,NR-ER,270,234,0.021755870431661606,4
seed_125,NR-ER,155,235,0.02166125178337097,3
seed_125,NR-ER,5,236,0.021602405235171318,4
seed_125,NR-ER,213,237,0.021538954228162766,4
seed_125,NR-ER,9,238,0.021519934758543968,3
seed_125,NR-ER,170,239,0.021084224805235863,6
seed_125,NR-ER,125,240,0.020959004759788513,3
seed_125,NR-ER,119,241,0.020842405036091805,2
seed_125,NR-ER,262,242,0.020603179931640625,3
seed_125,NR-ER,16,243,0.020562125369906425,4
seed_125,NR-ER,142,244,0.020545432344079018,3
seed_125,NR-ER,249,245,0.019942503422498703,3
seed_125,NR-ER,205,246,0.0199202299118042,3
seed_125,NR-ER,271,247,0.019555063918232918,3
seed_125,NR-ER,202,248,0.019374024122953415,3
seed_125,NR-ER,217,249,0.019292935729026794,4
seed_125,NR-ER,65,250,0.01898108422756195,3
seed_125,NR-ER,208,251,0.018862074241042137,3
seed_125,NR-ER,224,252,0.01879524253308773,2
seed_125,NR-ER,268,253,0.018642529845237732,4
seed_125,NR-ER,251,254,0.01846625655889511,3
seed_125,NR-ER,292,255,0.018152879551053047,3
seed_125,NR-ER,185,256,0.01763148605823517,3
seed_125,NR-ER,277,257,0.01759628765285015,1
seed_125,NR-ER,280,258,0.017401382327079773,3
seed_125,NR-ER,174,259,0.017066117376089096,2
seed_125,NR-ER,186,260,0.016383545473217964,3
seed_125,NR-ER,282,261,0.016351865604519844,3
seed_125,NR-ER,279,262,0.01596800610423088,2
seed_125,NR-ER,100,263,0.015934713184833527,3
seed_125,NR-ER,157,264,0.015892716124653816,2
seed_125,NR-ER,158,265,0.015841366723179817,3
seed_125,NR-ER,273,266,0.01580420881509781,2
seed_125,NR-ER,137,267,0.015209688805043697,2
seed_125,NR-ER,132,268,0.014984367415308952,2
seed_125,NR-ER,283,269,0.014900581911206245,2
seed_125,NR-ER,97,270,0.01459215022623539,2
seed_125,NR-ER,187,271,0.01454167254269123,3
seed_125,NR-ER,236,272,0.014537426643073559,3
seed_125,NR-ER,98,273,0.014451851136982441,2
seed_125,NR-ER,156,274,0.013914932496845722,2
seed_125,NR-ER,275,275,0.013682613149285316,2
seed_125,NR-ER,151,276,0.01337383221834898,2
seed_125,NR-ER,274,277,0.013295860961079597,2
seed_125,NR-ER,103,278,0.013284500688314438,3
seed_125,NR-ER,20,279,0.012426523491740227,4
seed_125,NR-ER,272,280,0.012424892745912075,1
seed_125,NR-ER,255,281,0.011838636361062527,2
seed_125,NR-ER,26,282,0.011818289756774902,4
seed_125,NR-ER,237,283,0.010854708030819893,2
seed_125,NR-ER,289,284,0.010673606768250465,2
seed_125,NR-ER,223,285,0.01064938586205244,2
seed_125,NR-ER,192,286,0.010266155935823917,3
seed_125,NR-ER,297,287,0.010171554051339626,1
seed_125,NR-ER,248,288,0.009478998370468616,2
seed_125,NR-ER,226,289,0.009128368459641933,2
seed_125,NR-ER,220,290,0.008673280477523804,2
seed_125,NR-ER,182,291,0.008401580154895782,2
seed_125,NR-ER,150,292,0.008398659527301788,3
seed_125,NR-ER,214,293,0.008359977975487709,2
seed_125,NR-ER,267,294,0.008278848603367805,2
seed_125,NR-ER,244,295,0.007267348933964968,1
seed_125,NR-ER,281,296,0.007039227988570929,1
seed_125,NR-ER,94,297,0.006376960314810276,2
seed_125,NR-ER,278,298,0.002861766377463937,2
seed_125,NR-ER,238,299,0.0024195099249482155,1
seed_125,SR-ARE,168,0,0.13482289016246796,79
seed_125,SR-ARE,128,1,0.10007563978433609,42
seed_125,SR-ARE,63,2,0.0994287058711052,51
seed_125,SR-ARE,15,3,0.09486506134271622,26
seed_125,SR-ARE,23,4,0.09392371773719788,30
seed_125,SR-ARE,21,5,0.08767940104007721,13
seed_125,SR-ARE,10,6,0.08163579553365707,17
seed_125,SR-ARE,110,7,0.08024318516254425,20
seed_125,SR-ARE,81,8,0.0799095407128334,19
seed_125,SR-ARE,29,9,0.07952078431844711,39
seed_125,SR-ARE,31,10,0.07645280659198761,20
seed_125,SR-ARE,93,11,0.07398610562086105,16
seed_125,SR-ARE,22,12,0.07354570180177689,13
seed_125,SR-ARE,18,13,0.07157464325428009,4
seed_125,SR-ARE,86,14,0.07025589048862457,9
seed_125,SR-ARE,241,15,0.06910829246044159,3
seed_125,SR-ARE,66,16,0.06807240843772888,13
seed_125,SR-ARE,136,17,0.06759680807590485,18
seed_125,SR-ARE,62,18,0.06739421933889389,24
seed_125,SR-ARE,33,19,0.06711333990097046,17
seed_125,SR-ARE,113,20,0.06684336811304092,13
seed_125,SR-ARE,140,21,0.06682088226079941,19
seed_125,SR-ARE,207,22,0.06673574447631836,2
seed_125,SR-ARE,148,23,0.0657857358455658,14
seed_125,SR-ARE,92,24,0.06541196256875992,21
seed_125,SR-ARE,70,25,0.06528756022453308,27
seed_125,SR-ARE,147,26,0.06422742456197739,16
seed_125,SR-ARE,74,27,0.06385450065135956,19
seed_125,SR-ARE,49,28,0.06368035078048706,17
seed_125,SR-ARE,145,29,0.06327053159475327,17
seed_125,SR-ARE,56,30,0.063002809882164,17
seed_125,SR-ARE,7,31,0.06122126430273056,33
seed_125,SR-ARE,173,32,0.06077112630009651,4
seed_125,SR-ARE,84,33,0.05979517847299576,15
seed_125,SR-ARE,121,34,0.059266891330480576,7
seed_125,SR-ARE,6,35,0.05907347798347473,18
seed_125,SR-ARE,46,36,0.057905085384845734,13
seed_125,SR-ARE,24,37,0.05780669301748276,21
seed_125,SR-ARE,129,38,0.05768176540732384,9
seed_125,SR-ARE,30,39,0.05660343915224075,5
seed_125,SR-ARE,245,40,0.05610786750912666,15
seed_125,SR-ARE,39,41,0.05609849467873573,9
seed_125,SR-ARE,196,42,0.05606651306152344,4
seed_125,SR-ARE,75,43,0.05592413246631622,13
seed_125,SR-ARE,67,44,0.05590227618813515,16
seed_125,SR-ARE,267,45,0.05571891367435455,2
seed_125,SR-ARE,112,46,0.0557149238884449,10
seed_125,SR-ARE,200,47,0.055597081780433655,8
seed_125,SR-ARE,219,48,0.05556679517030716,16
seed_125,SR-ARE,144,49,0.05446881428360939,7
seed_125,SR-ARE,28,50,0.054413940757513046,7
seed_125,SR-ARE,160,51,0.05430757999420166,11
seed_125,SR-ARE,27,52,0.054155491292476654,8
seed_125,SR-ARE,280,53,0.053667109459638596,3
seed_125,SR-ARE,299,54,0.05347155034542084,7
seed_125,SR-ARE,276,55,0.052316270768642426,8
seed_125,SR-ARE,249,56,0.05221522971987724,3
seed_125,SR-ARE,214,57,0.05196477845311165,2
seed_125,SR-ARE,64,58,0.05196055397391319,7
seed_125,SR-ARE,73,59,0.05190587788820267,16
seed_125,SR-ARE,132,60,0.05139904096722603,2
seed_125,SR-ARE,80,61,0.05110188573598862,8
seed_125,SR-ARE,57,62,0.050780605524778366,9
seed_125,SR-ARE,1,63,0.05050057917833328,6
seed_125,SR-ARE,133,64,0.05047909542918205,6
seed_125,SR-ARE,0,65,0.050278276205062866,20
seed_125,SR-ARE,143,66,0.048917416483163834,5
seed_125,SR-ARE,115,67,0.04865368455648422,4
seed_125,SR-ARE,47,68,0.048132967203855515,4
seed_125,SR-ARE,182,69,0.048036959022283554,2
seed_125,SR-ARE,271,70,0.04782605543732643,3
seed_125,SR-ARE,53,71,0.047620996832847595,6
seed_125,SR-ARE,4,72,0.047409892082214355,9
seed_125,SR-ARE,223,73,0.04738004505634308,2
seed_125,SR-ARE,242,74,0.04734285548329353,6
seed_125,SR-ARE,52,75,0.04727886617183685,16
seed_125,SR-ARE,130,76,0.04699490964412689,4
seed_125,SR-ARE,262,77,0.04697153717279434,3
seed_125,SR-ARE,17,78,0.04687945917248726,5
seed_125,SR-ARE,291,79,0.04681715741753578,2
seed_125,SR-ARE,13,80,0.046689461916685104,6
seed_125,SR-ARE,257,81,0.04665795713663101,8
seed_125,SR-ARE,181,82,0.04655210301280022,4
seed_125,SR-ARE,43,83,0.04648341238498688,9
seed_125,SR-ARE,79,84,0.04641379788517952,9
seed_125,SR-ARE,55,85,0.04608136788010597,6
seed_125,SR-ARE,169,86,0.045747965574264526,8
seed_125,SR-ARE,208,87,0.04478483274579048,3
seed_125,SR-ARE,103,88,0.044657979160547256,3
seed_125,SR-ARE,99,89,0.04449593275785446,7
seed_125,SR-ARE,209,90,0.044259123504161835,7
seed_125,SR-ARE,172,91,0.044218212366104126,4
seed_125,SR-ARE,120,92,0.04419498145580292,5
seed_125,SR-ARE,20,93,0.04405906796455383,4
seed_125,SR-ARE,190,94,0.04389149695634842,13
seed_125,SR-ARE,167,95,0.04371362179517746,6
seed_125,SR-ARE,221,96,0.043679799884557724,6
seed_125,SR-ARE,195,97,0.043539442121982574,11
seed_125,SR-ARE,54,98,0.0435345433652401,5
seed_125,SR-ARE,205,99,0.04332948476076126,3
seed_125,SR-ARE,142,100,0.04320629686117172,3
seed_125,SR-ARE,163,101,0.042672622948884964,3
seed_125,SR-ARE,269,102,0.04257144778966904,4
seed_125,SR-ARE,83,103,0.0422036349773407,9
seed_125,SR-ARE,12,104,0.042171116918325424,6
seed_125,SR-ARE,36,105,0.041887067258358,7
seed_125,SR-ARE,25,106,0.04181294143199921,8
seed_125,SR-ARE,222,107,0.041807226836681366,4
seed_125,SR-ARE,236,108,0.041764285415410995,3
seed_125,SR-ARE,72,109,0.0417635552585125,15
seed_125,SR-ARE,175,110,0.04175187274813652,9
seed_125,SR-ARE,3,111,0.041185393929481506,6
seed_125,SR-ARE,298,112,0.040860265493392944,4
seed_125,SR-ARE,69,113,0.04073440656065941,8
seed_125,SR-ARE,227,114,0.040713101625442505,3
seed_125,SR-ARE,157,115,0.04047630727291107,2
seed_125,SR-ARE,186,116,0.04032023996114731,3
seed_125,SR-ARE,38,117,0.04023103788495064,4
seed_125,SR-ARE,290,118,0.04002775624394417,10
seed_125,SR-ARE,2,119,0.03997790068387985,14
seed_125,SR-ARE,166,120,0.039974287152290344,6
seed_125,SR-ARE,263,121,0.039708301424980164,6
seed_125,SR-ARE,71,122,0.0396626815199852,11
seed_125,SR-ARE,231,123,0.03955880180001259,8
seed_125,SR-ARE,40,124,0.03951924294233322,6
seed_125,SR-ARE,244,125,0.03946513682603836,1
seed_125,SR-ARE,90,126,0.03941279277205467,6
seed_125,SR-ARE,58,127,0.039381761103868484,10
seed_125,SR-ARE,108,128,0.03928201645612717,14
seed_125,SR-ARE,135,129,0.03917936608195305,9
seed_125,SR-ARE,59,130,0.03892602398991585,8
seed_125,SR-ARE,211,131,0.0389176681637764,13
seed_125,SR-ARE,189,132,0.03873887285590172,9
seed_125,SR-ARE,233,133,0.03865645453333855,6
seed_125,SR-ARE,170,134,0.038579102605581284,6
seed_125,SR-ARE,102,135,0.03839246183633804,6
seed_125,SR-ARE,251,136,0.03825170174241066,3
seed_125,SR-ARE,32,137,0.038228150457143784,8
seed_125,SR-ARE,243,138,0.03803307190537453,2
seed_125,SR-ARE,270,139,0.03797413781285286,4
seed_125,SR-ARE,37,140,0.03793108090758324,7
seed_125,SR-ARE,155,141,0.03738810122013092,3
seed_125,SR-ARE,185,142,0.03730745613574982,3
seed_125,SR-ARE,118,143,0.037238724529743195,4
seed_125,SR-ARE,16,144,0.037221748381853104,4
seed_125,SR-ARE,193,145,0.03717762604355812,9
seed_125,SR-ARE,45,146,0.03708537667989731,8
seed_125,SR-ARE,139,147,0.03707992658019066,12
seed_125,SR-ARE,260,148,0.03684976324439049,5
seed_125,SR-ARE,264,149,0.03679037466645241,3
seed_125,SR-ARE,41,150,0.03596816211938858,2
seed_125,SR-ARE,34,151,0.03593524917960167,5
seed_125,SR-ARE,42,152,0.0357709638774395,5
seed_125,SR-ARE,51,153,0.0355326347053051,10
seed_125,SR-ARE,107,154,0.03538721054792404,6
seed_125,SR-ARE,198,155,0.035372719168663025,3
seed_125,SR-ARE,287,156,0.03525049239397049,8
seed_125,SR-ARE,206,157,0.035149626433849335,4
seed_125,SR-ARE,127,158,0.03500603884458542,4
seed_125,SR-ARE,183,159,0.034476228058338165,7
seed_125,SR-ARE,152,160,0.034341368824243546,3
seed_125,SR-ARE,225,161,0.034124601632356644,6
seed_125,SR-ARE,111,162,0.03407513350248337,5
seed_125,SR-ARE,296,163,0.03396309167146683,10
seed_125,SR-ARE,177,164,0.033889565616846085,4
seed_125,SR-ARE,126,165,0.0337071418762207,10
seed_125,SR-ARE,288,166,0.03361110761761665,2
seed_125,SR-ARE,252,167,0.032972801476716995,4
seed_125,SR-ARE,105,168,0.03288908302783966,3
seed_125,SR-ARE,97,169,0.032860323786735535,2
seed_125,SR-ARE,156,170,0.03257870301604271,2
seed_125,SR-ARE,149,171,0.03254310414195061,2
seed_125,SR-ARE,154,172,0.03236425668001175,5
seed_125,SR-ARE,215,173,0.032070428133010864,4
seed_125,SR-ARE,109,174,0.03174937516450882,7
seed_125,SR-ARE,78,175,0.03153829649090767,5
seed_125,SR-ARE,8,176,0.03126959130167961,6
seed_125,SR-ARE,117,177,0.03110310435295105,7
seed_125,SR-ARE,76,178,0.030813610181212425,2
seed_125,SR-ARE,272,179,0.03077966906130314,1
seed_125,SR-ARE,88,180,0.030727412551641464,4
seed_125,SR-ARE,125,181,0.030596641823649406,3
seed_125,SR-ARE,162,182,0.030506473034620285,3
seed_125,SR-ARE,250,183,0.030453380197286606,4
seed_125,SR-ARE,77,184,0.03041119873523712,5
seed_125,SR-ARE,179,185,0.030373742803931236,3
seed_125,SR-ARE,124,186,0.030285747721791267,4
seed_125,SR-ARE,50,187,0.030231647193431854,3
seed_125,SR-ARE,68,188,0.03014126792550087,2
seed_125,SR-ARE,210,189,0.0300567839294672,6
seed_125,SR-ARE,14,190,0.029978131875395775,5
seed_125,SR-ARE,204,191,0.02996138297021389,7
seed_125,SR-ARE,203,192,0.02992640808224678,4
seed_125,SR-ARE,235,193,0.029802368953824043,5
seed_125,SR-ARE,202,194,0.02939622476696968,3
seed_125,SR-ARE,187,195,0.029364174231886864,3
seed_125,SR-ARE,61,196,0.029272722080349922,6
seed_125,SR-ARE,165,197,0.029228411614894867,4
seed_125,SR-ARE,123,198,0.02918555960059166,11
seed_125,SR-ARE,26,199,0.02912921831011772,4
seed_125,SR-ARE,146,200,0.029061762616038322,5
seed_125,SR-ARE,275,201,0.0289399866014719,2
seed_125,SR-ARE,150,202,0.028813010081648827,3
seed_125,SR-ARE,226,203,0.028647057712078094,2
seed_125,SR-ARE,218,204,0.028556494042277336,3
seed_125,SR-ARE,176,205,0.028548771515488625,5
seed_125,SR-ARE,240,206,0.028482064604759216,1
seed_125,SR-ARE,122,207,0.02790764719247818,6
seed_125,SR-ARE,213,208,0.0278159212321043,4
seed_125,SR-ARE,180,209,0.027462152764201164,5
seed_125,SR-ARE,285,210,0.027420496568083763,1
seed_125,SR-ARE,228,211,0.02729395218193531,4
seed_125,SR-ARE,194,212,0.027127275243401527,3
seed_125,SR-ARE,94,213,0.027076125144958496,2
seed_125,SR-ARE,192,214,0.026955628767609596,3
seed_125,SR-ARE,95,215,0.02690550684928894,4
seed_125,SR-ARE,91,216,0.02675202116370201,6
seed_125,SR-ARE,239,217,0.026687966659665108,3
seed_125,SR-ARE,131,218,0.026385817676782608,2
seed_125,SR-ARE,268,219,0.026288393884897232,4
seed_125,SR-ARE,5,220,0.02603822946548462,4
seed_125,SR-ARE,217,221,0.025799646973609924,4
seed_125,SR-ARE,116,222,0.025145716965198517,3
seed_125,SR-ARE,106,223,0.024962494149804115,4
seed_125,SR-ARE,220,224,0.02495410665869713,2
seed_125,SR-ARE,87,225,0.024921700358390808,4
seed_125,SR-ARE,158,226,0.024911245331168175,3
seed_125,SR-ARE,246,227,0.02377316914498806,3
seed_125,SR-ARE,247,228,0.023749176412820816,4
seed_125,SR-ARE,254,229,0.023697221651673317,2
seed_125,SR-ARE,289,230,0.02345167100429535,2
seed_125,SR-ARE,199,231,0.023309193551540375,2
seed_125,SR-ARE,212,232,0.023267807438969612,7
seed_125,SR-ARE,292,233,0.02323652245104313,3
seed_125,SR-ARE,104,234,0.023052148520946503,4
seed_125,SR-ARE,141,235,0.022908972576260567,2
seed_125,SR-ARE,261,236,0.02277665212750435,3
seed_125,SR-ARE,229,237,0.02274199388921261,7
seed_125,SR-ARE,216,238,0.022579150274395943,2
seed_125,SR-ARE,184,239,0.022385908290743828,7
seed_125,SR-ARE,256,240,0.022103911265730858,2
seed_125,SR-ARE,151,241,0.02147831954061985,2
seed_125,SR-ARE,265,242,0.02124076709151268,1
seed_125,SR-ARE,98,243,0.020862765610218048,2
seed_125,SR-ARE,119,244,0.0204908549785614,2
seed_125,SR-ARE,279,245,0.020384090021252632,2
seed_125,SR-ARE,137,246,0.020378131419420242,2
seed_125,SR-ARE,96,247,0.01991373300552368,5
seed_125,SR-ARE,9,248,0.019690442830324173,3
seed_125,SR-ARE,159,249,0.01935444213449955,2
seed_125,SR-ARE,60,250,0.019253795966506004,3
seed_125,SR-ARE,101,251,0.019072843715548515,3
seed_125,SR-ARE,19,252,0.01906874030828476,4
seed_125,SR-ARE,138,253,0.018934981897473335,3
seed_125,SR-ARE,134,254,0.018696490675210953,3
seed_125,SR-ARE,35,255,0.01842426136136055,4
seed_125,SR-ARE,266,256,0.01781059056520462,1
seed_125,SR-ARE,153,257,0.017786135897040367,2
seed_125,SR-ARE,48,258,0.01693442091345787,7
seed_125,SR-ARE,278,259,0.016780266538262367,2
seed_125,SR-ARE,161,260,0.016521882265806198,2
seed_125,SR-ARE,259,261,0.016362689435482025,2
seed_125,SR-ARE,230,262,0.015926044434309006,3
seed_125,SR-ARE,258,263,0.0156942680478096,3
seed_125,SR-ARE,89,264,0.015658849850296974,3
seed_125,SR-ARE,293,265,0.015503267757594585,3
seed_125,SR-ARE,274,266,0.015245172195136547,2
seed_125,SR-ARE,82,267,0.015026328153908253,4
seed_125,SR-ARE,188,268,0.014806486666202545,2
seed_125,SR-ARE,44,269,0.014559737406671047,3
seed_125,SR-ARE,164,270,0.014429286122322083,2
seed_125,SR-ARE,85,271,0.014390373602509499,3
seed_125,SR-ARE,277,272,0.014358462765812874,1
seed_125,SR-ARE,282,273,0.014171871356666088,3
seed_125,SR-ARE,65,274,0.014077656902372837,3
seed_125,SR-ARE,295,275,0.013996976427733898,2
seed_125,SR-ARE,273,276,0.013984267599880695,2
seed_125,SR-ARE,11,277,0.013929166831076145,2
seed_125,SR-ARE,197,278,0.013926978223025799,3
seed_125,SR-ARE,255,279,0.013756697066128254,2
seed_125,SR-ARE,294,280,0.013718596659600735,2
seed_125,SR-ARE,232,281,0.013636060059070587,2
seed_125,SR-ARE,284,282,0.013561893254518509,2
seed_125,SR-ARE,114,283,0.013529208488762379,7
seed_125,SR-ARE,283,284,0.01331023033708334,2
seed_125,SR-ARE,234,285,0.013053801842033863,2
seed_125,SR-ARE,237,286,0.012885374017059803,2
seed_125,SR-ARE,174,287,0.012521933764219284,2
seed_125,SR-ARE,248,288,0.012276075780391693,2
seed_125,SR-ARE,201,289,0.012141718529164791,4
seed_125,SR-ARE,178,290,0.01061788760125637,2
seed_125,SR-ARE,171,291,0.010494997724890709,2
seed_125,SR-ARE,238,292,0.009712358005344868,1
seed_125,SR-ARE,100,293,0.009589682333171368,3
seed_125,SR-ARE,297,294,0.008870119228959084,1
seed_125,SR-ARE,224,295,0.00864231213927269,2
seed_125,SR-ARE,286,296,0.006668913643807173,2
seed_125,SR-ARE,191,297,0.0050593772903084755,2
seed_125,SR-ARE,253,298,0.004568147007375956,1
seed_125,SR-ARE,281,299,0.0018654558807611465,1
seed_125,SR-MMP,63,0,0.04269974306225777,51
seed_125,SR-MMP,168,1,0.04061763361096382,79
seed_125,SR-MMP,128,2,0.03642600029706955,42
seed_125,SR-MMP,113,3,0.03500280901789665,13
seed_125,SR-MMP,23,4,0.03437957912683487,30
seed_125,SR-MMP,5,5,0.03420232981443405,4
seed_125,SR-MMP,92,6,0.03418995440006256,21
seed_125,SR-MMP,136,7,0.034088384360075,18
seed_125,SR-MMP,81,8,0.03374828025698662,19
seed_125,SR-MMP,7,9,0.033520061522722244,33
seed_125,SR-MMP,112,10,0.03225891292095184,10
seed_125,SR-MMP,74,11,0.03215060383081436,19
seed_125,SR-MMP,15,12,0.031480707228183746,26
seed_125,SR-MMP,56,13,0.03120623342692852,17
seed_125,SR-MMP,31,14,0.03048284724354744,20
seed_125,SR-MMP,29,15,0.03044326789677143,39
seed_125,SR-MMP,129,16,0.03020462580025196,9
seed_125,SR-MMP,160,17,0.029133537784218788,11
seed_125,SR-MMP,245,18,0.028617732226848602,15
seed_125,SR-MMP,123,19,0.02816201001405716,11
seed_125,SR-MMP,67,20,0.027861779555678368,16
seed_125,SR-MMP,132,21,0.027442077174782753,2
seed_125,SR-MMP,64,22,0.027359075844287872,7
seed_125,SR-MMP,210,23,0.026693781837821007,6
seed_125,SR-MMP,62,24,0.02649405226111412,24
seed_125,SR-MMP,51,25,0.026440441608428955,10
seed_125,SR-MMP,110,26,0.026407534256577492,20
seed_125,SR-MMP,147,27,0.025943566113710403,16
seed_125,SR-MMP,10,28,0.025487488135695457,17
seed_125,SR-MMP,49,29,0.025399036705493927,17
seed_125,SR-MMP,219,30,0.025113370269536972,16
seed_125,SR-MMP,135,31,0.02493596263229847,9
seed_125,SR-MMP,21,32,0.024644089862704277,13
seed_125,SR-MMP,46,33,0.02458593063056469,13
seed_125,SR-MMP,108,34,0.02456340566277504,14
seed_125,SR-MMP,17,35,0.02443339303135872,5
seed_125,SR-MMP,91,36,0.024423537775874138,6
seed_125,SR-MMP,195,37,0.024396710097789764,11
seed_125,SR-MMP,298,38,0.02430516667664051,4
seed_125,SR-MMP,2,39,0.02417066879570484,14
seed_125,SR-MMP,80,40,0.024138087406754494,8
seed_125,SR-MMP,93,41,0.024091584607958794,16
seed_125,SR-MMP,0,42,0.02396601065993309,20
seed_125,SR-MMP,140,43,0.02375304326415062,19
seed_125,SR-MMP,217,44,0.023499121889472008,4
seed_125,SR-MMP,216,45,0.023212624713778496,2
seed_125,SR-MMP,86,46,0.023164495825767517,9
seed_125,SR-MMP,161,47,0.0231097973883152,2
seed_125,SR-MMP,99,48,0.02278284728527069,7
seed_125,SR-MMP,184,49,0.022603074088692665,7
seed_125,SR-MMP,276,50,0.022546833381056786,8
seed_125,SR-MMP,211,51,0.022424710914492607,13
seed_125,SR-MMP,172,52,0.022358853369951248,4
seed_125,SR-MMP,69,53,0.02235068939626217,8
seed_125,SR-MMP,1,54,0.02226296067237854,6
seed_125,SR-MMP,33,55,0.022249488160014153,17
seed_125,SR-MMP,145,56,0.021918393671512604,17
seed_125,SR-MMP,122,57,0.021671440452337265,6
seed_125,SR-MMP,233,58,0.0213910061866045,6
seed_125,SR-MMP,75,59,0.021320177242159843,13
seed_125,SR-MMP,48,60,0.02116203121840954,7
seed_125,SR-MMP,162,61,0.020939001813530922,3
seed_125,SR-MMP,222,62,0.02090832218527794,4
seed_125,SR-MMP,290,63,0.020744655281305313,10
seed_125,SR-MMP,98,64,0.020735416561365128,2
seed_125,SR-MMP,83,65,0.020571773871779442,9
seed_125,SR-MMP,70,66,0.020460831001400948,27
seed_125,SR-MMP,6,67,0.020417913794517517,18
seed_125,SR-MMP,84,68,0.020282059907913208,15
seed_125,SR-MMP,142,69,0.02026747353374958,3
seed_125,SR-MMP,270,70,0.02025493234395981,4
seed_125,SR-MMP,18,71,0.020012490451335907,4
seed_125,SR-MMP,173,72,0.01996861957013607,4
seed_125,SR-MMP,52,73,0.01992947608232498,16
seed_125,SR-MMP,102,74,0.019862627610564232,6
seed_125,SR-MMP,148,75,0.019787900149822235,14
seed_125,SR-MMP,177,76,0.019784852862358093,4
seed_125,SR-MMP,39,77,0.019757596775889397,9
seed_125,SR-MMP,124,78,0.019749239087104797,4
seed_125,SR-MMP,66,79,0.019714660942554474,13
seed_125,SR-MMP,260,80,0.019667962566018105,5
seed_125,SR-MMP,164,81,0.019590964540839195,2
seed_125,SR-MMP,249,82,0.019536901265382767,3
seed_125,SR-MMP,283,83,0.01939207874238491,2
seed_125,SR-MMP,256,84,0.019140688702464104,2
seed_125,SR-MMP,117,85,0.018883174285292625,7
seed_125,SR-MMP,25,86,0.01880761981010437,8
seed_125,SR-MMP,24,87,0.01879545859992504,21
seed_125,SR-MMP,55,88,0.018768923357129097,6
seed_125,SR-MMP,126,89,0.018699606880545616,10
seed_125,SR-MMP,242,90,0.018490297719836235,6
seed_125,SR-MMP,20,91,0.01840313896536827,4
seed_125,SR-MMP,36,92,0.01838540844619274,7
seed_125,SR-MMP,198,93,0.018310340121388435,3
seed_125,SR-MMP,241,94,0.018265439197421074,3
seed_125,SR-MMP,202,95,0.018114512786269188,3
seed_125,SR-MMP,262,96,0.01800157129764557,3
seed_125,SR-MMP,50,97,0.017985563725233078,3
seed_125,SR-MMP,45,98,0.017971960827708244,8
seed_125,SR-MMP,73,99,0.01795833185315132,16
seed_125,SR-MMP,296,100,0.017820021137595177,10
seed_125,SR-MMP,185,101,0.017755843698978424,3
seed_125,SR-MMP,109,102,0.01773650571703911,7
seed_125,SR-MMP,144,103,0.01773136295378208,7
seed_125,SR-MMP,190,104,0.017715487629175186,13
seed_125,SR-MMP,287,105,0.017477620393037796,8
seed_125,SR-MMP,175,106,0.01744915544986725,9
seed_125,SR-MMP,104,107,0.017342355102300644,4
seed_125,SR-MMP,165,108,0.017302408814430237,4
seed_125,SR-MMP,27,109,0.017292317003011703,8
seed_125,SR-MMP,206,110,0.01719922199845314,4
seed_125,SR-MMP,227,111,0.017162077128887177,3
seed_125,SR-MMP,193,112,0.017161963507533073,9
seed_125,SR-MMP,87,113,0.017044242471456528,4
seed_125,SR-MMP,280,114,0.017031105235219002,3
seed_125,SR-MMP,199,115,0.01700105331838131,2
seed_125,SR-MMP,133,116,0.016983147710561752,6
seed_125,SR-MMP,14,117,0.016902543604373932,5
seed_125,SR-MMP,143,118,0.016749531030654907,5
seed_125,SR-MMP,3,119,0.016677258536219597,6
seed_125,SR-MMP,22,120,0.016649333760142326,13
seed_125,SR-MMP,111,121,0.01658841222524643,5
seed_125,SR-MMP,72,122,0.01658281497657299,15
seed_125,SR-MMP,38,123,0.016582060605287552,4
seed_125,SR-MMP,169,124,0.016339965164661407,8
seed_125,SR-MMP,218,125,0.016317913308739662,3
seed_125,SR-MMP,120,126,0.016285905614495277,5
seed_125,SR-MMP,130,127,0.016250858083367348,4
seed_125,SR-MMP,107,128,0.016058046370744705,6
seed_125,SR-MMP,12,129,0.01605299860239029,6
seed_125,SR-MMP,228,130,0.015908341854810715,4
seed_125,SR-MMP,151,131,0.015828585252165794,2
seed_125,SR-MMP,79,132,0.015828531235456467,9
seed_125,SR-MMP,225,133,0.015816543251276016,6
seed_125,SR-MMP,170,134,0.015623660758137703,6
seed_125,SR-MMP,118,135,0.015540918335318565,4
seed_125,SR-MMP,204,136,0.015537196770310402,7
seed_125,SR-MMP,292,137,0.01553444191813469,3
seed_125,SR-MMP,268,138,0.015367388725280762,4
seed_125,SR-MMP,71,139,0.0153502831235528,11
seed_125,SR-MMP,96,140,0.015317876823246479,5
seed_125,SR-MMP,32,141,0.015285974368453026,8
seed_125,SR-MMP,294,142,0.015110999345779419,2
seed_125,SR-MMP,60,143,0.015095611102879047,3
seed_125,SR-MMP,252,144,0.015056611970067024,4
seed_125,SR-MMP,197,145,0.015027046203613281,3
seed_125,SR-MMP,246,146,0.015018106438219547,3
seed_125,SR-MMP,4,147,0.014997358433902264,9
seed_125,SR-MMP,61,148,0.014979330822825432,6
seed_125,SR-MMP,234,149,0.014942091889679432,2
seed_125,SR-MMP,157,150,0.014926387928426266,2
seed_125,SR-MMP,257,151,0.0149232754483819,8
seed_125,SR-MMP,267,152,0.01481705904006958,2
seed_125,SR-MMP,57,153,0.014797271229326725,9
seed_125,SR-MMP,121,154,0.014788438566029072,7
seed_125,SR-MMP,35,155,0.014770550653338432,4
seed_125,SR-MMP,59,156,0.014751294627785683,8
seed_125,SR-MMP,209,157,0.01459750160574913,7
seed_125,SR-MMP,47,158,0.014579555951058865,4
seed_125,SR-MMP,255,159,0.014447863213717937,2
seed_125,SR-MMP,37,160,0.014343301765620708,7
seed_125,SR-MMP,230,161,0.014242274686694145,3
seed_125,SR-MMP,28,162,0.014211198315024376,7
seed_125,SR-MMP,90,163,0.013993486762046814,6
seed_125,SR-MMP,278,164,0.0139674236997962,2
seed_125,SR-MMP,286,165,0.013819461688399315,2
seed_125,SR-MMP,54,166,0.01380551140755415,5
seed_125,SR-MMP,299,167,0.013675466179847717,7
seed_125,SR-MMP,265,168,0.013528191484510899,1
seed_125,SR-MMP,146,169,0.013479645363986492,5
seed_125,SR-MMP,153,170,0.01347474567592144,2
seed_125,SR-MMP,263,171,0.013299270533025265,6
seed_125,SR-MMP,30,172,0.01318263541907072,5
seed_125,SR-MMP,150,173,0.013105353340506554,3
seed_125,SR-MMP,226,174,0.013102788478136063,2
seed_125,SR-MMP,166,175,0.012800951488316059,6
seed_125,SR-MMP,76,176,0.012568137608468533,2
seed_125,SR-MMP,187,177,0.012559432536363602,3
seed_125,SR-MMP,95,178,0.012545529752969742,4
seed_125,SR-MMP,58,179,0.01251284684985876,10
seed_125,SR-MMP,77,180,0.012469885870814323,5
seed_125,SR-MMP,34,181,0.012461692094802856,5
seed_125,SR-MMP,44,182,0.01245863176882267,3
seed_125,SR-MMP,127,183,0.012406001798808575,4
seed_125,SR-MMP,200,184,0.012212351895868778,8
seed_125,SR-MMP,239,185,0.012206701561808586,3
seed_125,SR-MMP,254,186,0.012173307128250599,2
seed_125,SR-MMP,116,187,0.012164279818534851,3
seed_125,SR-MMP,16,188,0.01209036074578762,4
seed_125,SR-MMP,8,189,0.01207465585321188,6
seed_125,SR-MMP,293,190,0.012047546915709972,3
seed_125,SR-MMP,155,191,0.011907633394002914,3
seed_125,SR-MMP,232,192,0.011876760981976986,2
seed_125,SR-MMP,167,193,0.011784190312027931,6
seed_125,SR-MMP,250,194,0.011686867102980614,4
seed_125,SR-MMP,115,195,0.01164949033409357,4
seed_125,SR-MMP,229,196,0.011610954068601131,7
seed_125,SR-MMP,13,197,0.01158023253083229,6
seed_125,SR-MMP,53,198,0.011492181569337845,6
seed_125,SR-MMP,78,199,0.011403191834688187,5
seed_125,SR-MMP,247,200,0.011345382779836655,4
seed_125,SR-MMP,139,201,0.01127013098448515,12
seed_125,SR-MMP,201,202,0.011194588616490364,4
seed_125,SR-MMP,274,203,0.011187497526407242,2
seed_125,SR-MMP,41,204,0.011177035048604012,2
seed_125,SR-MMP,194,205,0.0111696133390069,3
seed_125,SR-MMP,138,206,0.01111255306750536,3
seed_125,SR-MMP,203,207,0.011067422106862068,4
seed_125,SR-MMP,149,208,0.011002016253769398,2
seed_125,SR-MMP,189,209,0.010974681936204433,9
seed_125,SR-MMP,253,210,0.010668084025382996,1
seed_125,SR-MMP,259,211,0.010665792040526867,2
seed_125,SR-MMP,9,212,0.010624615475535393,3
seed_125,SR-MMP,152,213,0.010500283911824226,3
seed_125,SR-MMP,186,214,0.010494650341570377,3
seed_125,SR-MMP,11,215,0.01042143814265728,2
seed_125,SR-MMP,192,216,0.010304450988769531,3
seed_125,SR-MMP,213,217,0.01029076986014843,4
seed_125,SR-MMP,156,218,0.010240194387733936,2
seed_125,SR-MMP,212,219,0.010222971439361572,7
seed_125,SR-MMP,100,220,0.01012768130749464,3
seed_125,SR-MMP,181,221,0.010115950368344784,4
seed_125,SR-MMP,176,222,0.009969928301870823,5
seed_125,SR-MMP,26,223,0.009665589779615402,4
seed_125,SR-MMP,291,224,0.009631388820707798,2
seed_125,SR-MMP,220,225,0.009594840928912163,2
seed_125,SR-MMP,196,226,0.009555550292134285,4
seed_125,SR-MMP,183,227,0.00950455479323864,7
seed_125,SR-MMP,224,228,0.009455649182200432,2
seed_125,SR-MMP,297,229,0.00943234097212553,1
seed_125,SR-MMP,279,230,0.009404090233147144,2
seed_125,SR-MMP,235,231,0.009370990097522736,5
seed_125,SR-MMP,43,232,0.009249021299183369,9
seed_125,SR-MMP,269,233,0.009196724742650986,4
seed_125,SR-MMP,114,234,0.00906501803547144,7
seed_125,SR-MMP,137,235,0.009040502831339836,2
seed_125,SR-MMP,68,236,0.009011582471430302,2
seed_125,SR-MMP,258,237,0.008889555931091309,3
seed_125,SR-MMP,19,238,0.00844615139067173,4
seed_125,SR-MMP,221,239,0.008425477892160416,6
seed_125,SR-MMP,284,240,0.008335876278579235,2
seed_125,SR-MMP,215,241,0.008284398354589939,4
seed_125,SR-MMP,85,242,0.008134911768138409,3
seed_125,SR-MMP,88,243,0.008107935078442097,4
seed_125,SR-MMP,158,244,0.007995515130460262,3
seed_125,SR-MMP,40,245,0.007793338503688574,6
seed_125,SR-MMP,105,246,0.007745055481791496,3
seed_125,SR-MMP,159,247,0.007426145486533642,2
seed_125,SR-MMP,94,248,0.00737760029733181,2
seed_125,SR-MMP,251,249,0.007376761641353369,3
seed_125,SR-MMP,243,250,0.007372371386736631,2
seed_125,SR-MMP,103,251,0.007324754260480404,3
seed_125,SR-MMP,154,252,0.007246266584843397,5
seed_125,SR-MMP,180,253,0.007156634237617254,5
seed_125,SR-MMP,231,254,0.007003418169915676,8
seed_125,SR-MMP,188,255,0.006997103802859783,2
seed_125,SR-MMP,65,256,0.006881690584123135,3
seed_125,SR-MMP,101,257,0.006603382993489504,3
seed_125,SR-MMP,273,258,0.0064718336798250675,2
seed_125,SR-MMP,208,259,0.0064302487298846245,3
seed_125,SR-MMP,97,260,0.006421943195164204,2
seed_125,SR-MMP,191,261,0.006402730010449886,2
seed_125,SR-MMP,141,262,0.0062894076108932495,2
seed_125,SR-MMP,244,263,0.0062681627459824085,1
seed_125,SR-MMP,134,264,0.0062524485401809216,3
seed_125,SR-MMP,125,265,0.00615144707262516,3
seed_125,SR-MMP,163,266,0.005992216523736715,3
seed_125,SR-MMP,272,267,0.00590548338368535,1
seed_125,SR-MMP,237,268,0.005904218181967735,2
seed_125,SR-MMP,82,269,0.005748228635638952,4
seed_125,SR-MMP,289,270,0.0057163480669260025,2
seed_125,SR-MMP,205,271,0.005699706729501486,3
seed_125,SR-MMP,282,272,0.0056451004929840565,3
seed_125,SR-MMP,106,273,0.005572956055402756,4
seed_125,SR-MMP,271,274,0.005558633711189032,3
seed_125,SR-MMP,178,275,0.005396321881562471,2
seed_125,SR-MMP,207,276,0.005335467867553234,2
seed_125,SR-MMP,248,277,0.00524161709472537,2
seed_125,SR-MMP,275,278,0.005183732602745295,2
seed_125,SR-MMP,182,279,0.00502625061199069,2
seed_125,SR-MMP,42,280,0.004930725786834955,5
seed_125,SR-MMP,119,281,0.004923604428768158,2
seed_125,SR-MMP,236,282,0.004556653089821339,3
seed_125,SR-MMP,89,283,0.004345066845417023,3
seed_125,SR-MMP,277,284,0.004109498579055071,1
seed_125,SR-MMP,261,285,0.004051913041621447,3
seed_125,SR-MMP,179,286,0.003906398080289364,3
seed_125,SR-MMP,295,287,0.0037062957417219877,2
seed_125,SR-MMP,266,288,0.003438277868553996,1
seed_125,SR-MMP,288,289,0.003044574521481991,2
seed_125,SR-MMP,240,290,0.0029766634106636047,1
seed_125,SR-MMP,285,291,0.0028980334755033255,1
seed_125,SR-MMP,223,292,0.002782854251563549,2
seed_125,SR-MMP,264,293,0.002767244353890419,3
seed_125,SR-MMP,171,294,0.0027401663828641176,2
seed_125,SR-MMP,238,295,0.0025243391282856464,1
seed_125,SR-MMP,131,296,0.0025107546243816614,2
seed_125,SR-MMP,174,297,0.002263182308524847,2
seed_125,SR-MMP,281,298,0.0020143387373536825,1
seed_125,SR-MMP,214,299,0.0017378709744662046,2
seed_125,NR-AhR,63,0,0.015184717252850533,51
seed_125,NR-AhR,62,1,0.013486410491168499,24
seed_125,NR-AhR,140,2,0.01326157245784998,19
seed_125,NR-AhR,29,3,0.013020099140703678,39
seed_125,NR-AhR,168,4,0.01286091934889555,79
seed_125,NR-AhR,21,5,0.01267651654779911,13
seed_125,NR-AhR,15,6,0.01207613106817007,26
seed_125,NR-AhR,129,7,0.01194241363555193,9
seed_125,NR-AhR,46,8,0.011804359033703804,13
seed_125,NR-AhR,112,9,0.011787252500653267,10
seed_125,NR-AhR,128,10,0.011773774400353432,42
seed_125,NR-AhR,23,11,0.011644270271062851,30
seed_125,NR-AhR,145,12,0.011369059793651104,17
seed_125,NR-AhR,6,13,0.011022555641829967,18
seed_125,NR-AhR,81,14,0.01079514343291521,19
seed_125,NR-AhR,110,15,0.01073678769171238,20
seed_125,NR-AhR,17,16,0.010692181065678596,5
seed_125,NR-AhR,148,17,0.010646260343492031,14
seed_125,NR-AhR,92,18,0.010606576688587666,21
seed_125,NR-AhR,136,19,0.010374434292316437,18
seed_125,NR-AhR,70,20,0.010247308760881424,27
seed_125,NR-AhR,56,21,0.010140355676412582,17
seed_125,NR-AhR,173,22,0.009637797251343727,4
seed_125,NR-AhR,147,23,0.009576515294611454,16
seed_125,NR-AhR,219,24,0.009106618352234364,16
seed_125,NR-AhR,175,25,0.009065705351531506,9
seed_125,NR-AhR,49,26,0.008889245800673962,17
seed_125,NR-AhR,195,27,0.008883350528776646,11
seed_125,NR-AhR,169,28,0.008849517442286015,8
seed_125,NR-AhR,193,29,0.008849452249705791,9
seed_125,NR-AhR,276,30,0.008846106939017773,8
seed_125,NR-AhR,7,31,0.008766787126660347,33
seed_125,NR-AhR,31,32,0.008764988742768764,20
seed_125,NR-AhR,296,33,0.008697709999978542,10
seed_125,NR-AhR,75,34,0.00866340659558773,13
seed_125,NR-AhR,69,35,0.008659514598548412,8
seed_125,NR-AhR,67,36,0.008657801896333694,16
seed_125,NR-AhR,108,37,0.008627079427242279,14
seed_125,NR-AhR,104,38,0.008616289123892784,4
seed_125,NR-AhR,24,39,0.008605891838669777,21
seed_125,NR-AhR,190,40,0.008539576083421707,13
seed_125,NR-AhR,61,41,0.008498839102685452,6
seed_125,NR-AhR,99,42,0.008388967253267765,7
seed_125,NR-AhR,22,43,0.008331026881933212,13
seed_125,NR-AhR,43,44,0.008281304500997066,9
seed_125,NR-AhR,83,45,0.008256551809608936,9
seed_125,NR-AhR,146,46,0.008197830989956856,5
seed_125,NR-AhR,216,47,0.008114446885883808,2
seed_125,NR-AhR,171,48,0.008106685243546963,2
seed_125,NR-AhR,14,49,0.008073109202086926,5
seed_125,NR-AhR,84,50,0.008003504015505314,15
seed_125,NR-AhR,102,51,0.007973497733473778,6
seed_125,NR-AhR,35,52,0.007928304374217987,4
seed_125,NR-AhR,241,53,0.007902821525931358,3
seed_125,NR-AhR,86,54,0.007878215983510017,9
seed_125,NR-AhR,93,55,0.007786225527524948,16
seed_125,NR-AhR,72,56,0.0076938592828810215,15
seed_125,NR-AhR,8,57,0.007674444932490587,6
seed_125,NR-AhR,2,58,0.007610360160470009,14
seed_125,NR-AhR,209,59,0.007459801621735096,7
seed_125,NR-AhR,30,60,0.007430996745824814,5
seed_125,NR-AhR,184,61,0.007369742728769779,7
seed_125,NR-AhR,204,62,0.007329809479415417,7
seed_125,NR-AhR,53,63,0.007260801270604134,6
seed_125,NR-AhR,27,64,0.007223769091069698,8
seed_125,NR-AhR,263,65,0.007198575418442488,6
seed_125,NR-AhR,123,66,0.007193513680249453,11
seed_125,NR-AhR,131,67,0.0069640520960092545,2
seed_125,NR-AhR,260,68,0.006929480005055666,5
seed_125,NR-AhR,60,69,0.0068991174921393394,3
seed_125,NR-AhR,113,70,0.006883570458739996,13
seed_125,NR-AhR,33,71,0.006882708519697189,17
seed_125,NR-AhR,73,72,0.006863822229206562,16
seed_125,NR-AhR,1,73,0.006860211491584778,6
seed_125,NR-AhR,74,74,0.006836781278252602,19
seed_125,NR-AhR,54,75,0.0068364511243999004,5
seed_125,NR-AhR,59,76,0.006778473500162363,8
seed_125,NR-AhR,39,77,0.006759354379028082,9
seed_125,NR-AhR,200,78,0.006751847453415394,8
seed_125,NR-AhR,257,79,0.0067491657100617886,8
seed_125,NR-AhR,290,80,0.0067485603503882885,10
seed_125,NR-AhR,228,81,0.006653219927102327,4
seed_125,NR-AhR,55,82,0.006581636145710945,6
seed_125,NR-AhR,18,83,0.006580196786671877,4
seed_125,NR-AhR,162,84,0.006574799306690693,3
seed_125,NR-AhR,0,85,0.006567488424479961,20
seed_125,NR-AhR,58,86,0.006567457225173712,10
seed_125,NR-AhR,160,87,0.0065450239926576614,11
seed_125,NR-AhR,78,88,0.006514298263937235,5
seed_125,NR-AhR,51,89,0.006472963374108076,10
seed_125,NR-AhR,262,90,0.00646568788215518,3
seed_125,NR-AhR,57,91,0.0064376406371593475,9
seed_125,NR-AhR,164,92,0.006400204263627529,2
seed_125,NR-AhR,106,93,0.006365390494465828,4
seed_125,NR-AhR,242,94,0.006344984285533428,6
seed_125,NR-AhR,183,95,0.006301751360297203,7
seed_125,NR-AhR,66,96,0.006265783682465553,13
seed_125,NR-AhR,91,97,0.006257223896682262,6
seed_125,NR-AhR,201,98,0.006221735384315252,4
seed_125,NR-AhR,126,99,0.006091335788369179,10
seed_125,NR-AhR,156,100,0.006074847653508186,2
seed_125,NR-AhR,32,101,0.00603632302954793,8
seed_125,NR-AhR,245,102,0.00600723922252655,15
seed_125,NR-AhR,283,103,0.00599983986467123,2
seed_125,NR-AhR,97,104,0.005985929165035486,2
seed_125,NR-AhR,45,105,0.005972422659397125,8
seed_125,NR-AhR,298,106,0.005913355853408575,4
seed_125,NR-AhR,116,107,0.005911081563681364,3
seed_125,NR-AhR,161,108,0.005904839839786291,2
seed_125,NR-AhR,294,109,0.005867793690413237,2
seed_125,NR-AhR,163,110,0.005800925195217133,3
seed_125,NR-AhR,12,111,0.005788205657154322,6
seed_125,NR-AhR,192,112,0.005782027263194323,3
seed_125,NR-AhR,212,113,0.0057268524542450905,7
seed_125,NR-AhR,100,114,0.005702979397028685,3
seed_125,NR-AhR,4,115,0.005677434150129557,9
seed_125,NR-AhR,203,116,0.005664202384650707,4
seed_125,NR-AhR,120,117,0.00565984146669507,5
seed_125,NR-AhR,211,118,0.005653117783367634,13
seed_125,NR-AhR,222,119,0.005653068423271179,4
seed_125,NR-AhR,133,120,0.005632998421788216,6
seed_125,NR-AhR,229,121,0.005621710792183876,7
seed_125,NR-AhR,121,122,0.00561978854238987,7
seed_125,NR-AhR,34,123,0.005603353958576918,5
seed_125,NR-AhR,287,124,0.005602822173386812,8
seed_125,NR-AhR,10,125,0.005562753416597843,17
seed_125,NR-AhR,122,126,0.005542757920920849,6
seed_125,NR-AhR,13,127,0.005466011352837086,6
seed_125,NR-AhR,52,128,0.005445112008601427,16
seed_125,NR-AhR,271,129,0.005429441574960947,3
seed_125,NR-AhR,189,130,0.005405090283602476,9
seed_125,NR-AhR,47,131,0.005353752989321947,4
seed_125,NR-AhR,80,132,0.0053430115804076195,8
seed_125,NR-AhR,64,133,0.005333052482455969,7
seed_125,NR-AhR,139,134,0.0053260144777596,12
seed_125,NR-AhR,154,135,0.005299998912960291,5
seed_125,NR-AhR,142,136,0.00529352156445384,3
seed_125,NR-AhR,107,137,0.005251176655292511,6
seed_125,NR-AhR,65,138,0.005194875877350569,3
seed_125,NR-AhR,197,139,0.005161650013178587,3
seed_125,NR-AhR,26,140,0.005120476707816124,4
seed_125,NR-AhR,40,141,0.005097107030451298,6
seed_125,NR-AhR,244,142,0.00499998964369297,1
seed_125,NR-AhR,37,143,0.004985538776963949,7
seed_125,NR-AhR,232,144,0.0049678548239171505,2
seed_125,NR-AhR,285,145,0.004946592263877392,1
seed_125,NR-AhR,38,146,0.004907871596515179,4
seed_125,NR-AhR,79,147,0.004849589429795742,9
seed_125,NR-AhR,264,148,0.004814152140170336,3
seed_125,NR-AhR,280,149,0.004799014423042536,3
seed_125,NR-AhR,87,150,0.004777164664119482,4
seed_125,NR-AhR,291,151,0.004752228502184153,2
seed_125,NR-AhR,109,152,0.004741642624139786,7
seed_125,NR-AhR,258,153,0.004705892875790596,3
seed_125,NR-AhR,158,154,0.004663572646677494,3
seed_125,NR-AhR,149,155,0.004633063916116953,2
seed_125,NR-AhR,251,156,0.004623000044375658,3
seed_125,NR-AhR,118,157,0.004581836983561516,4
seed_125,NR-AhR,239,158,0.004564610309898853,3
seed_125,NR-AhR,236,159,0.0045539201237261295,3
seed_125,NR-AhR,130,160,0.004550412762910128,4
seed_125,NR-AhR,247,161,0.004515204578638077,4
seed_125,NR-AhR,166,162,0.004449129104614258,6
seed_125,NR-AhR,127,163,0.004429648630321026,4
seed_125,NR-AhR,90,164,0.0044154510833323,6
seed_125,NR-AhR,225,165,0.004380364436656237,6
seed_125,NR-AhR,231,166,0.004377671051770449,8
seed_125,NR-AhR,119,167,0.00437009334564209,2
seed_125,NR-AhR,188,168,0.0043696011416614056,2
seed_125,NR-AhR,180,169,0.004308007657527924,5
seed_125,NR-AhR,275,170,0.004267641808837652,2
seed_125,NR-AhR,42,171,0.004256287589669228,5
seed_125,NR-AhR,28,172,0.004241429269313812,7
seed_125,NR-AhR,220,173,0.004230321850627661,2
seed_125,NR-AhR,143,174,0.004223598632961512,5
seed_125,NR-AhR,284,175,0.00421359296888113,2
seed_125,NR-AhR,172,176,0.004172494634985924,4
seed_125,NR-AhR,243,177,0.004148841369897127,2
seed_125,NR-AhR,144,178,0.004124820232391357,7
seed_125,NR-AhR,224,179,0.004077494610100985,2
seed_125,NR-AhR,233,180,0.004041061270982027,6
seed_125,NR-AhR,179,181,0.004022165201604366,3
seed_125,NR-AhR,221,182,0.004019757732748985,6
seed_125,NR-AhR,237,183,0.00400526262819767,2
seed_125,NR-AhR,111,184,0.0039940401911735535,5
seed_125,NR-AhR,105,185,0.003990788944065571,3
seed_125,NR-AhR,94,186,0.003940824884921312,2
seed_125,NR-AhR,176,187,0.003911521285772324,5
seed_125,NR-AhR,71,188,0.003894620109349489,11
seed_125,NR-AhR,223,189,0.0038794928696006536,2
seed_125,NR-AhR,150,190,0.003858958138152957,3
seed_125,NR-AhR,256,191,0.003844135906547308,2
seed_125,NR-AhR,235,192,0.003823264967650175,5
seed_125,NR-AhR,167,193,0.003787474473938346,6
seed_125,NR-AhR,48,194,0.0037708813324570656,7
seed_125,NR-AhR,155,195,0.0037623727694153786,3
seed_125,NR-AhR,293,196,0.0037562514189630747,3
seed_125,NR-AhR,279,197,0.003753072815015912,2
seed_125,NR-AhR,269,198,0.003743086475878954,4
seed_125,NR-AhR,16,199,0.003693402511999011,4
seed_125,NR-AhR,288,200,0.003658322151750326,2
seed_125,NR-AhR,185,201,0.0036314288154244423,3
seed_125,NR-AhR,103,202,0.003609709208831191,3
seed_125,NR-AhR,282,203,0.0036048362962901592,3
seed_125,NR-AhR,68,204,0.0035881581716239452,2
seed_125,NR-AhR,230,205,0.0035835097078233957,3
seed_125,NR-AhR,299,206,0.0035627521574497223,7
seed_125,NR-AhR,98,207,0.0035027130506932735,2
seed_125,NR-AhR,25,208,0.0034992012660950422,8
seed_125,NR-AhR,186,209,0.0034541187342256308,3
seed_125,NR-AhR,208,210,0.003448017407208681,3
seed_125,NR-AhR,196,211,0.003434386570006609,4
seed_125,NR-AhR,82,212,0.003432721830904484,4
seed_125,NR-AhR,137,213,0.003421757137402892,2
seed_125,NR-AhR,265,214,0.003405742347240448,1
seed_125,NR-AhR,206,215,0.0033930805511772633,4
seed_125,NR-AhR,96,216,0.0033250129781663418,5
seed_125,NR-AhR,270,217,0.003310520201921463,4
seed_125,NR-AhR,114,218,0.0033011881168931723,7
seed_125,NR-AhR,89,219,0.003297732677310705,3
seed_125,NR-AhR,117,220,0.0032949603628367186,7
seed_125,NR-AhR,3,221,0.0032729804515838623,6
seed_125,NR-AhR,292,222,0.003253253875300288,3
seed_125,NR-AhR,135,223,0.0032511574681848288,9
seed_125,NR-AhR,19,224,0.0032330395188182592,4
seed_125,NR-AhR,234,225,0.0032134088687598705,2
seed_125,NR-AhR,215,226,0.003201113548129797,4
seed_125,NR-AhR,250,227,0.003194371936842799,4
seed_125,NR-AhR,124,228,0.0031885337084531784,4
seed_125,NR-AhR,11,229,0.003158553969115019,2
seed_125,NR-AhR,252,230,0.003127263393253088,4
seed_125,NR-AhR,88,231,0.003119725501164794,4
seed_125,NR-AhR,101,232,0.00311031611636281,3
seed_125,NR-AhR,36,233,0.0031015544664114714,7
seed_125,NR-AhR,134,234,0.003081223228946328,3
seed_125,NR-AhR,217,235,0.0030694971792399883,4
seed_125,NR-AhR,77,236,0.003043880220502615,5
seed_125,NR-AhR,95,237,0.003030523657798767,4
seed_125,NR-AhR,246,238,0.0030210185796022415,3
seed_125,NR-AhR,254,239,0.0030040028505027294,2
seed_125,NR-AhR,198,240,0.003002726472914219,3
seed_125,NR-AhR,165,241,0.002987226005643606,4
seed_125,NR-AhR,278,242,0.0029682116582989693,2
seed_125,NR-AhR,182,243,0.0029412112198770046,2
seed_125,NR-AhR,138,244,0.0029054211918264627,3
seed_125,NR-AhR,202,245,0.002862769877538085,3
seed_125,NR-AhR,289,246,0.002853836165741086,2
seed_125,NR-AhR,178,247,0.002834977814927697,2
seed_125,NR-AhR,5,248,0.0027698527555912733,4
seed_125,NR-AhR,20,249,0.002711489098146558,4
seed_125,NR-AhR,50,250,0.002710175234824419,3
seed_125,NR-AhR,259,251,0.0027019905392080545,2
seed_125,NR-AhR,151,252,0.0027019509579986334,2
seed_125,NR-AhR,132,253,0.002686279360204935,2
seed_125,NR-AhR,115,254,0.002651552902534604,4
seed_125,NR-AhR,207,255,0.0025932518765330315,2
seed_125,NR-AhR,9,256,0.0025851884856820107,3
seed_125,NR-AhR,141,257,0.002487628720700741,2
seed_125,NR-AhR,152,258,0.002462641568854451,3
seed_125,NR-AhR,125,259,0.0023752141278237104,3
seed_125,NR-AhR,191,260,0.0023631134536117315,2
seed_125,NR-AhR,153,261,0.0023207697086036205,2
seed_125,NR-AhR,249,262,0.002256841631606221,3
seed_125,NR-AhR,214,263,0.0022308710031211376,2
seed_125,NR-AhR,267,264,0.002230266574770212,2
seed_125,NR-AhR,218,265,0.002223401330411434,3
seed_125,NR-AhR,157,266,0.002216933062300086,2
seed_125,NR-AhR,213,267,0.00220206705853343,4
seed_125,NR-AhR,238,268,0.0021929340437054634,1
seed_125,NR-AhR,76,269,0.0021513074170798063,2
seed_125,NR-AhR,281,270,0.0021351866889744997,1
seed_125,NR-AhR,177,271,0.00203716685064137,4
seed_125,NR-AhR,159,272,0.0019956366159021854,2
seed_125,NR-AhR,226,273,0.00198127469047904,2
seed_125,NR-AhR,273,274,0.001976631348952651,2
seed_125,NR-AhR,227,275,0.0018971527460962534,3
seed_125,NR-AhR,181,276,0.0018785204738378525,4
seed_125,NR-AhR,187,277,0.0018733178731054068,3
seed_125,NR-AhR,194,278,0.0018266012193635106,3
seed_125,NR-AhR,174,279,0.001796248136088252,2
seed_125,NR-AhR,85,280,0.0017810267163440585,3
seed_125,NR-AhR,268,281,0.0017389312852174044,4
seed_125,NR-AhR,210,282,0.0017231705132871866,6
seed_125,NR-AhR,248,283,0.0016677475068718195,2
seed_125,NR-AhR,255,284,0.001636148546822369,2
seed_125,NR-AhR,41,285,0.00155818706844002,2
seed_125,NR-AhR,261,286,0.0015309678856283426,3
seed_125,NR-AhR,170,287,0.0014930813340470195,6
seed_125,NR-AhR,199,288,0.0013405802892521024,2
seed_125,NR-AhR,205,289,0.0012971129035577178,3
seed_125,NR-AhR,297,290,0.0012474812101572752,1
seed_125,NR-AhR,272,291,0.001153369783423841,1
seed_125,NR-AhR,274,292,0.001129062264226377,2
seed_125,NR-AhR,266,293,0.001065748161636293,1
seed_125,NR-AhR,277,294,0.0009841413702815771,1
seed_125,NR-AhR,286,295,0.0009218186023645103,2
seed_125,NR-AhR,240,296,0.0008820965304039419,1
seed_125,NR-AhR,44,297,0.0008587039774283767,3
seed_125,NR-AhR,295,298,0.0005686201038770378,2
seed_125,NR-AhR,253,299,0.0005513345240615308,1
seed_125,NR-ER-LBD,168,0,0.015418721362948418,79
seed_125,NR-ER-LBD,31,1,0.012233853340148926,20
seed_125,NR-ER-LBD,128,2,0.01216787938028574,42
seed_125,NR-ER-LBD,46,3,0.012152939103543758,13
seed_125,NR-ER-LBD,219,4,0.011836706660687923,16
seed_125,NR-ER-LBD,63,5,0.011772362515330315,51
seed_125,NR-ER-LBD,29,6,0.011556549929082394,39
seed_125,NR-ER-LBD,74,7,0.011429383419454098,19
seed_125,NR-ER-LBD,6,8,0.010539176873862743,18
seed_125,NR-ER-LBD,23,9,0.010235956870019436,30
seed_125,NR-ER-LBD,96,10,0.010149769484996796,5
seed_125,NR-ER-LBD,269,11,0.010149039328098297,4
seed_125,NR-ER-LBD,93,12,0.01012016087770462,16
seed_125,NR-ER-LBD,7,13,0.009420293383300304,33
seed_125,NR-ER-LBD,75,14,0.008838396519422531,13
seed_125,NR-ER-LBD,108,15,0.008771638385951519,14
seed_125,NR-ER-LBD,145,16,0.008685808628797531,17
seed_125,NR-ER-LBD,148,17,0.008659088052809238,14
seed_125,NR-ER-LBD,69,18,0.008648991584777832,8
seed_125,NR-ER-LBD,140,19,0.00850344356149435,19
seed_125,NR-ER-LBD,64,20,0.008344092406332493,7
seed_125,NR-ER-LBD,56,21,0.008273519575595856,17
seed_125,NR-ER-LBD,62,22,0.008216275833547115,24
seed_125,NR-ER-LBD,0,23,0.008167004212737083,20
seed_125,NR-ER-LBD,81,24,0.008153695613145828,19
seed_125,NR-ER-LBD,15,25,0.007983038201928139,26
seed_125,NR-ER-LBD,59,26,0.007967088371515274,8
seed_125,NR-ER-LBD,161,27,0.007893353700637817,2
seed_125,NR-ER-LBD,166,28,0.007881700061261654,6
seed_125,NR-ER-LBD,203,29,0.007818873971700668,4
seed_125,NR-ER-LBD,70,30,0.007726357318460941,27
seed_125,NR-ER-LBD,49,31,0.007607754319906235,17
seed_125,NR-ER-LBD,133,32,0.007573282346129417,6
seed_125,NR-ER-LBD,200,33,0.00753211323171854,8
seed_125,NR-ER-LBD,239,34,0.007529651280492544,3
seed_125,NR-ER-LBD,115,35,0.007485413923859596,4
seed_125,NR-ER-LBD,172,36,0.007457392755895853,4
seed_125,NR-ER-LBD,21,37,0.007425399497151375,13
seed_125,NR-ER-LBD,136,38,0.0074038016609847546,18
seed_125,NR-ER-LBD,147,39,0.007398875895887613,16
seed_125,NR-ER-LBD,162,40,0.007352572865784168,3
seed_125,NR-ER-LBD,190,41,0.007272129878401756,13
seed_125,NR-ER-LBD,123,42,0.0072487215511500835,11
seed_125,NR-ER-LBD,160,43,0.00720492796972394,11
seed_125,NR-ER-LBD,80,44,0.006981641054153442,8
seed_125,NR-ER-LBD,66,45,0.006955602206289768,13
seed_125,NR-ER-LBD,110,46,0.006946858484297991,20
seed_125,NR-ER-LBD,99,47,0.0069220406003296375,7
seed_125,NR-ER-LBD,121,48,0.006773029919713736,7
seed_125,NR-ER-LBD,252,49,0.006685478612780571,4
seed_125,NR-ER-LBD,2,50,0.00660023232921958,14
seed_125,NR-ER-LBD,1,51,0.006551575846970081,6
seed_125,NR-ER-LBD,144,52,0.006504840683192015,7
seed_125,NR-ER-LBD,10,53,0.006480580661445856,17
seed_125,NR-ER-LBD,22,54,0.006470717955380678,13
seed_125,NR-ER-LBD,126,55,0.006453236099332571,10
seed_125,NR-ER-LBD,194,56,0.006428702734410763,3
seed_125,NR-ER-LBD,5,57,0.006343227811157703,4
seed_125,NR-ER-LBD,55,58,0.006332241930067539,6
seed_125,NR-ER-LBD,72,59,0.006327033508569002,15
seed_125,NR-ER-LBD,175,60,0.006261501926928759,9
seed_125,NR-ER-LBD,135,61,0.006256327033042908,9
seed_125,NR-ER-LBD,53,62,0.006232856307178736,6
seed_125,NR-ER-LBD,242,63,0.006169754546135664,6
seed_125,NR-ER-LBD,92,64,0.006168942432850599,21
seed_125,NR-ER-LBD,122,65,0.006144873797893524,6
seed_125,NR-ER-LBD,245,66,0.006139599252492189,15
seed_125,NR-ER-LBD,33,67,0.006033504847437143,17
seed_125,NR-ER-LBD,198,68,0.005975532811135054,3
seed_125,NR-ER-LBD,57,69,0.005898358765989542,9
seed_125,NR-ER-LBD,263,70,0.005885082762688398,6
seed_125,NR-ER-LBD,210,71,0.005881410092115402,6
seed_125,NR-ER-LBD,236,72,0.005878798197954893,3
seed_125,NR-ER-LBD,79,73,0.005850336980074644,9
seed_125,NR-ER-LBD,103,74,0.005834534764289856,3
seed_125,NR-ER-LBD,290,75,0.0058214389719069,10
seed_125,NR-ER-LBD,170,76,0.005807728972285986,6
seed_125,NR-ER-LBD,265,77,0.005784280598163605,1
seed_125,NR-ER-LBD,231,78,0.005764428526163101,8
seed_125,NR-ER-LBD,259,79,0.0057501536794006824,2
seed_125,NR-ER-LBD,51,80,0.005729081574827433,10
seed_125,NR-ER-LBD,48,81,0.0057106404565274715,7
seed_125,NR-ER-LBD,52,82,0.005701293703168631,16
seed_125,NR-ER-LBD,42,83,0.0056966254487633705,5
seed_125,NR-ER-LBD,84,84,0.0056752534583210945,15
seed_125,NR-ER-LBD,260,85,0.005657840054482222,5
seed_125,NR-ER-LBD,186,86,0.005652545485645533,3
seed_125,NR-ER-LBD,250,87,0.005652188789099455,4
seed_125,NR-ER-LBD,211,88,0.005535493139177561,13
seed_125,NR-ER-LBD,100,89,0.005507708061486483,3
seed_125,NR-ER-LBD,86,90,0.005503797437995672,9
seed_125,NR-ER-LBD,124,91,0.0054517993703484535,4
seed_125,NR-ER-LBD,188,92,0.005423014517873526,2
seed_125,NR-ER-LBD,27,93,0.0053822435438632965,8
seed_125,NR-ER-LBD,129,94,0.005328880622982979,9
seed_125,NR-ER-LBD,113,95,0.005318949930369854,13
seed_125,NR-ER-LBD,181,96,0.005307205021381378,4
seed_125,NR-ER-LBD,18,97,0.005304311402142048,4
seed_125,NR-ER-LBD,217,98,0.005301560275256634,4
seed_125,NR-ER-LBD,204,99,0.005289706867188215,7
seed_125,NR-ER-LBD,193,100,0.005261009093374014,9
seed_125,NR-ER-LBD,146,101,0.005241807084530592,5
seed_125,NR-ER-LBD,173,102,0.005227075889706612,4
seed_125,NR-ER-LBD,132,103,0.0051963357254862785,2
seed_125,NR-ER-LBD,35,104,0.005195597652345896,4
seed_125,NR-ER-LBD,280,105,0.005149274133145809,3
seed_125,NR-ER-LBD,36,106,0.005137406289577484,7
seed_125,NR-ER-LBD,169,107,0.0051305233500897884,8
seed_125,NR-ER-LBD,60,108,0.0051130629144608974,3
seed_125,NR-ER-LBD,227,109,0.0051092770881950855,3
seed_125,NR-ER-LBD,218,110,0.0051064700819551945,3
seed_125,NR-ER-LBD,139,111,0.005087615922093391,12
seed_125,NR-ER-LBD,97,112,0.005087141878902912,2
seed_125,NR-ER-LBD,73,113,0.005051944870501757,16
seed_125,NR-ER-LBD,235,114,0.005006579682230949,5
seed_125,NR-ER-LBD,296,115,0.005003390833735466,10
seed_125,NR-ER-LBD,32,116,0.004986446350812912,8
seed_125,NR-ER-LBD,213,117,0.00494083296507597,4
seed_125,NR-ER-LBD,287,118,0.004935149569064379,8
seed_125,NR-ER-LBD,24,119,0.0048882863484323025,21
seed_125,NR-ER-LBD,142,120,0.0048393323086202145,3
seed_125,NR-ER-LBD,8,121,0.004823905415832996,6
seed_125,NR-ER-LBD,187,122,0.004820854868739843,3
seed_125,NR-ER-LBD,229,123,0.004816161468625069,7
seed_125,NR-ER-LBD,195,124,0.004810976795852184,11
seed_125,NR-ER-LBD,118,125,0.004809279460459948,4
seed_125,NR-ER-LBD,134,126,0.004791981540620327,3
seed_125,NR-ER-LBD,258,127,0.004724443424493074,3
seed_125,NR-ER-LBD,67,128,0.00470669474452734,16
seed_125,NR-ER-LBD,12,129,0.00468105636537075,6
seed_125,NR-ER-LBD,43,130,0.004639863967895508,9
seed_125,NR-ER-LBD,40,131,0.004634647164493799,6
seed_125,NR-ER-LBD,130,132,0.004628351423889399,4
seed_125,NR-ER-LBD,112,133,0.004620464518666267,10
seed_125,NR-ER-LBD,275,134,0.004590536002069712,2
seed_125,NR-ER-LBD,205,135,0.004539825953543186,3
seed_125,NR-ER-LBD,14,136,0.004531080834567547,5
seed_125,NR-ER-LBD,58,137,0.004524462390691042,10
seed_125,NR-ER-LBD,3,138,0.004509361460804939,6
seed_125,NR-ER-LBD,282,139,0.004504574928432703,3
seed_125,NR-ER-LBD,225,140,0.004486601799726486,6
seed_125,NR-ER-LBD,154,141,0.0044857594184577465,5
seed_125,NR-ER-LBD,167,142,0.004481059033423662,6
seed_125,NR-ER-LBD,114,143,0.004468013532459736,7
seed_125,NR-ER-LBD,143,144,0.004417254123836756,5
seed_125,NR-ER-LBD,189,145,0.004371087532490492,9
seed_125,NR-ER-LBD,196,146,0.004363328218460083,4
seed_125,NR-ER-LBD,71,147,0.004350173287093639,11
seed_125,NR-ER-LBD,83,148,0.004322171676903963,9
seed_125,NR-ER-LBD,119,149,0.004315102938562632,2
seed_125,NR-ER-LBD,117,150,0.004308124538511038,7
seed_125,NR-ER-LBD,234,151,0.004302680026739836,2
seed_125,NR-ER-LBD,45,152,0.004273226018995047,8
seed_125,NR-ER-LBD,4,153,0.004246773663908243,9
seed_125,NR-ER-LBD,246,154,0.004232591018080711,3
seed_125,NR-ER-LBD,262,155,0.004222683142870665,3
seed_125,NR-ER-LBD,26,156,0.004218843299895525,4
seed_125,NR-ER-LBD,299,157,0.004167103674262762,7
seed_125,NR-ER-LBD,209,158,0.0041646515019237995,7
seed_125,NR-ER-LBD,37,159,0.004156219307333231,7
seed_125,NR-ER-LBD,192,160,0.0041197482496500015,3
seed_125,NR-ER-LBD,109,161,0.004101337864995003,7
seed_125,NR-ER-LBD,120,162,0.004078572615981102,5
seed_125,NR-ER-LBD,30,163,0.004046926274895668,5
seed_125,NR-ER-LBD,39,164,0.004036901984363794,9
seed_125,NR-ER-LBD,61,165,0.0040297782979905605,6
seed_125,NR-ER-LBD,106,166,0.004027559421956539,4
seed_125,NR-ER-LBD,257,167,0.003992725163698196,8
seed_125,NR-ER-LBD,206,168,0.003981470130383968,4
seed_125,NR-ER-LBD,34,169,0.003980576526373625,5
seed_125,NR-ER-LBD,13,170,0.003932613413780928,6
seed_125,NR-ER-LBD,197,171,0.003923717886209488,3
seed_125,NR-ER-LBD,87,172,0.003914940636605024,4
seed_125,NR-ER-LBD,183,173,0.0038951162714511156,7
seed_125,NR-ER-LBD,98,174,0.003892411943525076,2
seed_125,NR-ER-LBD,208,175,0.003835981013253331,3
seed_125,NR-ER-LBD,185,176,0.0038352033589035273,3
seed_125,NR-ER-LBD,28,177,0.003780321916565299,7
seed_125,NR-ER-LBD,25,178,0.0037795735988765955,8
seed_125,NR-ER-LBD,221,179,0.003742165630683303,6
seed_125,NR-ER-LBD,247,180,0.003677766304463148,4
seed_125,NR-ER-LBD,17,181,0.003665043506771326,5
seed_125,NR-ER-LBD,141,182,0.003655825974419713,2
seed_125,NR-ER-LBD,283,183,0.003646973054856062,2
seed_125,NR-ER-LBD,279,184,0.0036175630521029234,2
seed_125,NR-ER-LBD,199,185,0.0036067289765924215,2
seed_125,NR-ER-LBD,174,186,0.003572499845176935,2
seed_125,NR-ER-LBD,177,187,0.003569189226254821,4
seed_125,NR-ER-LBD,215,188,0.0035623086150735617,4
seed_125,NR-ER-LBD,180,189,0.00349405943416059,5
seed_125,NR-ER-LBD,107,190,0.0034911325201392174,6
seed_125,NR-ER-LBD,77,191,0.0034821401350200176,5
seed_125,NR-ER-LBD,233,192,0.003466583788394928,6
seed_125,NR-ER-LBD,125,193,0.0034541692584753036,3
seed_125,NR-ER-LBD,111,194,0.0034468783996999264,5
seed_125,NR-ER-LBD,90,195,0.0034011397510766983,6
seed_125,NR-ER-LBD,270,196,0.003397522494196892,4
seed_125,NR-ER-LBD,131,197,0.0033852930646389723,2
seed_125,NR-ER-LBD,201,198,0.0033842085395008326,4
seed_125,NR-ER-LBD,274,199,0.0033565207850188017,2
seed_125,NR-ER-LBD,176,200,0.0033385599963366985,5
seed_125,NR-ER-LBD,184,201,0.003326731501147151,7
seed_125,NR-ER-LBD,9,202,0.0032877223566174507,3
seed_125,NR-ER-LBD,88,203,0.0032553737983107567,4
seed_125,NR-ER-LBD,85,204,0.0031127177644521,3
seed_125,NR-ER-LBD,294,205,0.0030606607906520367,2
seed_125,NR-ER-LBD,153,206,0.003055053763091564,2
seed_125,NR-ER-LBD,82,207,0.0030244768131524324,4
seed_125,NR-ER-LBD,284,208,0.0029973341152071953,2
seed_125,NR-ER-LBD,47,209,0.0029822385404258966,4
seed_125,NR-ER-LBD,228,210,0.002980582183226943,4
seed_125,NR-ER-LBD,152,211,0.002964290324598551,3
seed_125,NR-ER-LBD,163,212,0.002927925670519471,3
seed_125,NR-ER-LBD,230,213,0.0029056642670184374,3
seed_125,NR-ER-LBD,127,214,0.0028798161074519157,4
seed_125,NR-ER-LBD,137,215,0.0028751688078045845,2
seed_125,NR-ER-LBD,249,216,0.0028663387056440115,3
seed_125,NR-ER-LBD,20,217,0.0028528051916509867,4
seed_125,NR-ER-LBD,267,218,0.0028119459748268127,2
seed_125,NR-ER-LBD,292,219,0.002799112116917968,3
seed_125,NR-ER-LBD,54,220,0.002796338638290763,5
seed_125,NR-ER-LBD,273,221,0.002784797688946128,2
seed_125,NR-ER-LBD,165,222,0.002720039803534746,4
seed_125,NR-ER-LBD,38,223,0.0026937108486890793,4
seed_125,NR-ER-LBD,65,224,0.0026636160910129547,3
seed_125,NR-ER-LBD,150,225,0.0026442655362188816,3
seed_125,NR-ER-LBD,41,226,0.002595804864540696,2
seed_125,NR-ER-LBD,68,227,0.002584239235147834,2
seed_125,NR-ER-LBD,101,228,0.0025764822494238615,3
seed_125,NR-ER-LBD,44,229,0.0025744575541466475,3
seed_125,NR-ER-LBD,289,230,0.002546279225498438,2
seed_125,NR-ER-LBD,243,231,0.0025449723470956087,2
seed_125,NR-ER-LBD,256,232,0.0025188301224261522,2
seed_125,NR-ER-LBD,102,233,0.0025185851845890284,6
seed_125,NR-ER-LBD,216,234,0.00251391832716763,2
seed_125,NR-ER-LBD,244,235,0.0024966506753116846,1
seed_125,NR-ER-LBD,95,236,0.002494031796231866,4
seed_125,NR-ER-LBD,78,237,0.002491652499884367,5
seed_125,NR-ER-LBD,16,238,0.0024759150110185146,4
seed_125,NR-ER-LBD,224,239,0.002471420681104064,2
seed_125,NR-ER-LBD,155,240,0.0024638392496854067,3
seed_125,NR-ER-LBD,297,241,0.002457652473822236,1
seed_125,NR-ER-LBD,89,242,0.0024324029218405485,3
seed_125,NR-ER-LBD,105,243,0.002407793654128909,3
seed_125,NR-ER-LBD,281,244,0.002383945509791374,1
seed_125,NR-ER-LBD,232,245,0.0023799792397767305,2
seed_125,NR-ER-LBD,276,246,0.002360974671319127,8
seed_125,NR-ER-LBD,104,247,0.0023524865973740816,4
seed_125,NR-ER-LBD,178,248,0.002348935231566429,2
seed_125,NR-ER-LBD,222,249,0.002346799708902836,4
seed_125,NR-ER-LBD,94,250,0.0022859328892081976,2
seed_125,NR-ER-LBD,212,251,0.002268395386636257,7
seed_125,NR-ER-LBD,241,252,0.0022396997082978487,3
seed_125,NR-ER-LBD,91,253,0.002174743916839361,6
seed_125,NR-ER-LBD,158,254,0.002174040302634239,3
seed_125,NR-ER-LBD,50,255,0.0021656739991158247,3
seed_125,NR-ER-LBD,11,256,0.0021425175946205854,2
seed_125,NR-ER-LBD,291,257,0.002104563405737281,2
seed_125,NR-ER-LBD,254,258,0.0021042509470134974,2
seed_125,NR-ER-LBD,202,259,0.002101312391459942,3
seed_125,NR-ER-LBD,182,260,0.002058612182736397,2
seed_125,NR-ER-LBD,220,261,0.002058156067505479,2
seed_125,NR-ER-LBD,251,262,0.002040705643594265,3
seed_125,NR-ER-LBD,159,263,0.002036195481196046,2
seed_125,NR-ER-LBD,116,264,0.002007249277085066,3
seed_125,NR-ER-LBD,277,265,0.0019418197916820645,1
seed_125,NR-ER-LBD,138,266,0.0019267407478764653,3
seed_125,NR-ER-LBD,149,267,0.0019250246696174145,2
seed_125,NR-ER-LBD,179,268,0.0018491813680157065,3
seed_125,NR-ER-LBD,226,269,0.0018463560845702887,2
seed_125,NR-ER-LBD,261,270,0.001826960127800703,3
seed_125,NR-ER-LBD,293,271,0.0017995168454945087,3
seed_125,NR-ER-LBD,278,272,0.0017876973142847419,2
seed_125,NR-ER-LBD,288,273,0.0017753321444615722,2
seed_125,NR-ER-LBD,286,274,0.0017443819670006633,2
seed_125,NR-ER-LBD,214,275,0.0017323389183729887,2
seed_125,NR-ER-LBD,266,276,0.0017275303835049272,1
seed_125,NR-ER-LBD,271,277,0.0016964144306257367,3
seed_125,NR-ER-LBD,207,278,0.001654870924539864,2
seed_125,NR-ER-LBD,157,279,0.001521438010968268,2
seed_125,NR-ER-LBD,248,280,0.0014982569264248013,2
seed_125,NR-ER-LBD,191,281,0.0014925124123692513,2
seed_125,NR-ER-LBD,171,282,0.0014907049480825663,2
seed_125,NR-ER-LBD,268,283,0.0014164766762405634,4
seed_125,NR-ER-LBD,164,284,0.0014005217235535383,2
seed_125,NR-ER-LBD,298,285,0.001320085022598505,4
seed_125,NR-ER-LBD,19,286,0.001285228063352406,4
seed_125,NR-ER-LBD,240,287,0.0012546522775664926,1
seed_125,NR-ER-LBD,156,288,0.0010720734717324376,2
seed_125,NR-ER-LBD,253,289,0.0010523954406380653,1
seed_125,NR-ER-LBD,255,290,0.00104870880022645,2
seed_125,NR-ER-LBD,151,291,0.0010230446932837367,2
seed_125,NR-ER-LBD,223,292,0.0010159420780837536,2
seed_125,NR-ER-LBD,295,293,0.0010113506577908993,2
seed_125,NR-ER-LBD,264,294,0.0009407855104655027,3
seed_125,NR-ER-LBD,238,295,0.0008678765152581036,1
seed_125,NR-ER-LBD,237,296,0.0008186817867681384,2
seed_125,NR-ER-LBD,76,297,0.0006422564038075507,2
seed_125,NR-ER-LBD,285,298,0.0004993078764528036,1
seed_125,NR-ER-LBD,272,299,0.0004895931924693286,1
seed_125,SR-ATAD5,63,0,0.011166607961058617,51
seed_125,SR-ATAD5,62,1,0.010325716808438301,24
seed_125,SR-ATAD5,168,2,0.009884950704872608,79
seed_125,SR-ATAD5,23,3,0.009800726547837257,30
seed_125,SR-ATAD5,128,4,0.00915656890720129,42
seed_125,SR-ATAD5,29,5,0.008896179497241974,39
seed_125,SR-ATAD5,110,6,0.008779929019510746,20
seed_125,SR-ATAD5,113,7,0.008290344849228859,13
seed_125,SR-ATAD5,140,8,0.008277258835732937,19
seed_125,SR-ATAD5,31,9,0.008001926355063915,20
seed_125,SR-ATAD5,7,10,0.007719147950410843,33
seed_125,SR-ATAD5,15,11,0.007624885533004999,26
seed_125,SR-ATAD5,136,12,0.007366062607616186,18
seed_125,SR-ATAD5,75,13,0.007343132048845291,13
seed_125,SR-ATAD5,81,14,0.0071924906224012375,19
seed_125,SR-ATAD5,121,15,0.0071461619809269905,7
seed_125,SR-ATAD5,70,16,0.0071129752323031425,27
seed_125,SR-ATAD5,79,17,0.007110998034477234,9
seed_125,SR-ATAD5,66,18,0.007107757963240147,13
seed_125,SR-ATAD5,84,19,0.007074603345245123,15
seed_125,SR-ATAD5,10,20,0.0070426370948553085,17
seed_125,SR-ATAD5,92,21,0.00699472613632679,21
seed_125,SR-ATAD5,219,22,0.006963344290852547,16
seed_125,SR-ATAD5,145,23,0.006822118069976568,17
seed_125,SR-ATAD5,108,24,0.0067916326224803925,14
seed_125,SR-ATAD5,147,25,0.006708115339279175,16
seed_125,SR-ATAD5,33,26,0.006705106236040592,17
seed_125,SR-ATAD5,46,27,0.006655470468103886,13
seed_125,SR-ATAD5,86,28,0.006537031382322311,9
seed_125,SR-ATAD5,74,29,0.006475373636931181,19
seed_125,SR-ATAD5,144,30,0.0063501945696771145,7
seed_125,SR-ATAD5,49,31,0.006238944828510284,17
seed_125,SR-ATAD5,22,32,0.0061387065798044205,13
seed_125,SR-ATAD5,24,33,0.006132313050329685,21
seed_125,SR-ATAD5,270,34,0.00608823262155056,4
seed_125,SR-ATAD5,93,35,0.006072184536606073,16
seed_125,SR-ATAD5,51,36,0.006032681092619896,10
seed_125,SR-ATAD5,268,37,0.0059659467078745365,4
seed_125,SR-ATAD5,152,38,0.0059359632432460785,3
seed_125,SR-ATAD5,271,39,0.005927674472332001,3
seed_125,SR-ATAD5,247,40,0.005907800048589706,4
seed_125,SR-ATAD5,48,41,0.005896185990422964,7
seed_125,SR-ATAD5,221,42,0.005720112007111311,6
seed_125,SR-ATAD5,291,43,0.005690307822078466,2
seed_125,SR-ATAD5,123,44,0.005688819102942944,11
seed_125,SR-ATAD5,4,45,0.005671896506100893,9
seed_125,SR-ATAD5,89,46,0.005671483464539051,3
seed_125,SR-ATAD5,148,47,0.005622452590614557,14
seed_125,SR-ATAD5,2,48,0.005588316358625889,14
seed_125,SR-ATAD5,177,49,0.005507919937372208,4
seed_125,SR-ATAD5,142,50,0.005466090049594641,3
seed_125,SR-ATAD5,233,51,0.005429957062005997,6
seed_125,SR-ATAD5,146,52,0.0054105049930512905,5
seed_125,SR-ATAD5,257,53,0.005329310428351164,8
seed_125,SR-ATAD5,27,54,0.005328549537807703,8
seed_125,SR-ATAD5,139,55,0.005319620948284864,12
seed_125,SR-ATAD5,0,56,0.0052892654202878475,20
seed_125,SR-ATAD5,245,57,0.005250193178653717,15
seed_125,SR-ATAD5,211,58,0.005183157976716757,13
seed_125,SR-ATAD5,115,59,0.005165541544556618,4
seed_125,SR-ATAD5,54,60,0.0051625012420117855,5
seed_125,SR-ATAD5,218,61,0.0051021575927734375,3
seed_125,SR-ATAD5,135,62,0.005083844065666199,9
seed_125,SR-ATAD5,296,63,0.005065893288701773,10
seed_125,SR-ATAD5,252,64,0.005062152165919542,4
seed_125,SR-ATAD5,1,65,0.005061268340796232,6
seed_125,SR-ATAD5,196,66,0.00504341721534729,4
seed_125,SR-ATAD5,287,67,0.0050292727537453175,8
seed_125,SR-ATAD5,117,68,0.0050175669603049755,7
seed_125,SR-ATAD5,190,69,0.004977118689566851,13
seed_125,SR-ATAD5,98,70,0.004969503730535507,2
seed_125,SR-ATAD5,160,71,0.004955086391419172,11
seed_125,SR-ATAD5,13,72,0.0049474504776299,6
seed_125,SR-ATAD5,30,73,0.004930668510496616,5
seed_125,SR-ATAD5,21,74,0.004869233816862106,13
seed_125,SR-ATAD5,181,75,0.004865738097578287,4
seed_125,SR-ATAD5,183,76,0.0048552206717431545,7
seed_125,SR-ATAD5,282,77,0.0048355706967413425,3
seed_125,SR-ATAD5,189,78,0.004765723366290331,9
seed_125,SR-ATAD5,154,79,0.004718579817563295,5
seed_125,SR-ATAD5,47,80,0.004707290790975094,4
seed_125,SR-ATAD5,273,81,0.0046788607724010944,2
seed_125,SR-ATAD5,242,82,0.004659128375351429,6
seed_125,SR-ATAD5,109,83,0.004654241725802422,7
seed_125,SR-ATAD5,171,84,0.004645644687116146,2
seed_125,SR-ATAD5,44,85,0.004637278150767088,3
seed_125,SR-ATAD5,53,86,0.004582388326525688,6
seed_125,SR-ATAD5,40,87,0.00457810191437602,6
seed_125,SR-ATAD5,61,88,0.004571308381855488,6
seed_125,SR-ATAD5,67,89,0.004566838964819908,16
seed_125,SR-ATAD5,155,90,0.0045388005673885345,3
seed_125,SR-ATAD5,124,91,0.0045145247131586075,4
seed_125,SR-ATAD5,164,92,0.004513180814683437,2
seed_125,SR-ATAD5,39,93,0.004496500361710787,9
seed_125,SR-ATAD5,56,94,0.0044824909418821335,17
seed_125,SR-ATAD5,59,95,0.00447838706895709,8
seed_125,SR-ATAD5,57,96,0.0044723995961248875,9
seed_125,SR-ATAD5,26,97,0.0044412920251488686,4
seed_125,SR-ATAD5,179,98,0.004436066839843988,3
seed_125,SR-ATAD5,256,99,0.004419330507516861,2
seed_125,SR-ATAD5,64,100,0.004395507741719484,7
seed_125,SR-ATAD5,176,101,0.004372051917016506,5
seed_125,SR-ATAD5,249,102,0.004357016179710627,3
seed_125,SR-ATAD5,192,103,0.004354790784418583,3
seed_125,SR-ATAD5,72,104,0.004346561152487993,15
seed_125,SR-ATAD5,88,105,0.004328986629843712,4
seed_125,SR-ATAD5,213,106,0.004311659373342991,4
seed_125,SR-ATAD5,80,107,0.004284076392650604,8
seed_125,SR-ATAD5,290,108,0.00424524862319231,10
seed_125,SR-ATAD5,37,109,0.0042240796610713005,7
seed_125,SR-ATAD5,42,110,0.004208158235996962,5
seed_125,SR-ATAD5,262,111,0.004178613889962435,3
seed_125,SR-ATAD5,83,112,0.004174740053713322,9
seed_125,SR-ATAD5,60,113,0.004171190317720175,3
seed_125,SR-ATAD5,104,114,0.004169157240539789,4
seed_125,SR-ATAD5,229,115,0.004131264053285122,7
seed_125,SR-ATAD5,276,116,0.004102650564163923,8
seed_125,SR-ATAD5,172,117,0.00410092156380415,4
seed_125,SR-ATAD5,71,118,0.004088554065674543,11
seed_125,SR-ATAD5,167,119,0.004058403894305229,6
seed_125,SR-ATAD5,6,120,0.004040881991386414,18
seed_125,SR-ATAD5,32,121,0.0039756749756634235,8
seed_125,SR-ATAD5,52,122,0.003969300538301468,16
seed_125,SR-ATAD5,36,123,0.003962284419685602,7
seed_125,SR-ATAD5,258,124,0.003939485177397728,3
seed_125,SR-ATAD5,184,125,0.003937517758458853,7
seed_125,SR-ATAD5,173,126,0.003937366884201765,4
seed_125,SR-ATAD5,170,127,0.003926318604499102,6
seed_125,SR-ATAD5,112,128,0.0038691668305546045,10
seed_125,SR-ATAD5,96,129,0.0038539348170161247,5
seed_125,SR-ATAD5,12,130,0.0038516561035066843,6
seed_125,SR-ATAD5,58,131,0.0038504372350871563,10
seed_125,SR-ATAD5,243,132,0.0038485093973577023,2
seed_125,SR-ATAD5,126,133,0.0038413703441619873,10
seed_125,SR-ATAD5,69,134,0.0038188574835658073,8
seed_125,SR-ATAD5,166,135,0.003818766213953495,6
seed_125,SR-ATAD5,38,136,0.003816915675997734,4
seed_125,SR-ATAD5,188,137,0.0037966794334352016,2
seed_125,SR-ATAD5,17,138,0.0037421269807964563,5
seed_125,SR-ATAD5,174,139,0.003722545923665166,2
seed_125,SR-ATAD5,100,140,0.003718072548508644,3
seed_125,SR-ATAD5,43,141,0.0036649759858846664,9
seed_125,SR-ATAD5,99,142,0.003601277945563197,7
seed_125,SR-ATAD5,200,143,0.0035902010276913643,8
seed_125,SR-ATAD5,195,144,0.003569283988326788,11
seed_125,SR-ATAD5,199,145,0.0035645796451717615,2
seed_125,SR-ATAD5,267,146,0.0035563181154429913,2
seed_125,SR-ATAD5,169,147,0.0035368299577385187,8
seed_125,SR-ATAD5,204,148,0.003507219487801194,7
seed_125,SR-ATAD5,107,149,0.0034638410434126854,6
seed_125,SR-ATAD5,45,150,0.0034550102427601814,8
seed_125,SR-ATAD5,8,151,0.0033984275069087744,6
seed_125,SR-ATAD5,224,152,0.0033758601639419794,2
seed_125,SR-ATAD5,16,153,0.0033604921773076057,4
seed_125,SR-ATAD5,161,154,0.003352945437654853,2
seed_125,SR-ATAD5,103,155,0.0033476075623184443,3
seed_125,SR-ATAD5,111,156,0.003322053700685501,5
seed_125,SR-ATAD5,25,157,0.0033018121030181646,8
seed_125,SR-ATAD5,143,158,0.0032598059624433517,5
seed_125,SR-ATAD5,34,159,0.003250888315960765,5
seed_125,SR-ATAD5,114,160,0.0032378912437707186,7
seed_125,SR-ATAD5,193,161,0.003222917439416051,9
seed_125,SR-ATAD5,217,162,0.003218651982024312,4
seed_125,SR-ATAD5,28,163,0.0032052260357886553,7
seed_125,SR-ATAD5,205,164,0.0031836945563554764,3
seed_125,SR-ATAD5,95,165,0.0031651118770241737,4
seed_125,SR-ATAD5,90,166,0.0031619900837540627,6
seed_125,SR-ATAD5,180,167,0.0031596433836966753,5
seed_125,SR-ATAD5,35,168,0.003136561717838049,4
seed_125,SR-ATAD5,162,169,0.003120001871138811,3
seed_125,SR-ATAD5,5,170,0.003115707077085972,4
seed_125,SR-ATAD5,198,171,0.003109065117314458,3
seed_125,SR-ATAD5,275,172,0.003108532866463065,2
seed_125,SR-ATAD5,77,173,0.003108283504843712,5
seed_125,SR-ATAD5,85,174,0.0030934021342545748,3
seed_125,SR-ATAD5,191,175,0.003091566264629364,2
seed_125,SR-ATAD5,106,176,0.003084324300289154,4
seed_125,SR-ATAD5,163,177,0.0030703747179359198,3
seed_125,SR-ATAD5,129,178,0.003033719025552273,9
seed_125,SR-ATAD5,216,179,0.003033651737496257,2
seed_125,SR-ATAD5,87,180,0.0030328482389450073,4
seed_125,SR-ATAD5,116,181,0.0030280931387096643,3
seed_125,SR-ATAD5,228,182,0.003023377386853099,4
seed_125,SR-ATAD5,259,183,0.0030166844371706247,2
seed_125,SR-ATAD5,254,184,0.003004835918545723,2
seed_125,SR-ATAD5,299,185,0.002988908439874649,7
seed_125,SR-ATAD5,261,186,0.0029874886386096478,3
seed_125,SR-ATAD5,73,187,0.0029858872294425964,16
seed_125,SR-ATAD5,280,188,0.0029502208344638348,3
seed_125,SR-ATAD5,289,189,0.0029229926876723766,2
seed_125,SR-ATAD5,212,190,0.002909096423536539,7
seed_125,SR-ATAD5,203,191,0.0028738295659422874,4
seed_125,SR-ATAD5,288,192,0.002861717017367482,2
seed_125,SR-ATAD5,91,193,0.002835120540112257,6
seed_125,SR-ATAD5,41,194,0.0028187581337988377,2
seed_125,SR-ATAD5,263,195,0.0028102679643779993,6
seed_125,SR-ATAD5,241,196,0.002774421125650406,3
seed_125,SR-ATAD5,150,197,0.0027317111380398273,3
seed_125,SR-ATAD5,122,198,0.002709957305341959,6
seed_125,SR-ATAD5,14,199,0.002705541905015707,5
seed_125,SR-ATAD5,208,200,0.0026838004123419523,3
seed_125,SR-ATAD5,210,201,0.0026792017742991447,6
seed_125,SR-ATAD5,292,202,0.002672986127436161,3
seed_125,SR-ATAD5,293,203,0.0026669774670153856,3
seed_125,SR-ATAD5,182,204,0.0026580477133393288,2
seed_125,SR-ATAD5,3,205,0.0026553322095423937,6
seed_125,SR-ATAD5,234,206,0.0026519340462982655,2
seed_125,SR-ATAD5,120,207,0.002615949371829629,5
seed_125,SR-ATAD5,165,208,0.002570228185504675,4
seed_125,SR-ATAD5,55,209,0.002549689495936036,6
seed_125,SR-ATAD5,156,210,0.0025046481750905514,2
seed_125,SR-ATAD5,225,211,0.0025013943668454885,6
seed_125,SR-ATAD5,19,212,0.0024868922773748636,4
seed_125,SR-ATAD5,20,213,0.002476578811183572,4
seed_125,SR-ATAD5,237,214,0.002470137784257531,2
seed_125,SR-ATAD5,105,215,0.0024651295971125364,3
seed_125,SR-ATAD5,127,216,0.002457325579598546,4
seed_125,SR-ATAD5,138,217,0.002426963998004794,3
seed_125,SR-ATAD5,132,218,0.002411989960819483,2
seed_125,SR-ATAD5,251,219,0.0023933453485369682,3
seed_125,SR-ATAD5,159,220,0.002383703365921974,2
seed_125,SR-ATAD5,297,221,0.002333767944946885,1
seed_125,SR-ATAD5,18,222,0.002327044028788805,4
seed_125,SR-ATAD5,239,223,0.002307512564584613,3
seed_125,SR-ATAD5,157,224,0.0022676114458590746,2
seed_125,SR-ATAD5,269,225,0.002263058675453067,4
seed_125,SR-ATAD5,186,226,0.0022523391526192427,3
seed_125,SR-ATAD5,223,227,0.002241270849481225,2
seed_125,SR-ATAD5,175,228,0.002239230554550886,9
seed_125,SR-ATAD5,102,229,0.0022220262326300144,6
seed_125,SR-ATAD5,133,230,0.002206883393228054,6
seed_125,SR-ATAD5,153,231,0.002123605227097869,2
seed_125,SR-ATAD5,231,232,0.002112507587298751,8
seed_125,SR-ATAD5,65,233,0.002104053972288966,3
seed_125,SR-ATAD5,230,234,0.0020970136392861605,3
seed_125,SR-ATAD5,134,235,0.0020507285371422768,3
seed_125,SR-ATAD5,246,236,0.0020502640400081873,3
seed_125,SR-ATAD5,235,237,0.001969452714547515,5
seed_125,SR-ATAD5,202,238,0.0019672787748277187,3
seed_125,SR-ATAD5,78,239,0.0019528678385540843,5
seed_125,SR-ATAD5,206,240,0.0019422367913648486,4
seed_125,SR-ATAD5,226,241,0.0019344132160767913,2
seed_125,SR-ATAD5,119,242,0.0018590642139315605,2
seed_125,SR-ATAD5,265,243,0.0018523496109992266,1
seed_125,SR-ATAD5,209,244,0.0018389835022389889,7
seed_125,SR-ATAD5,68,245,0.0018248368287459016,2
seed_125,SR-ATAD5,9,246,0.0018148737726733088,3
seed_125,SR-ATAD5,158,247,0.0018108246149495244,3
seed_125,SR-ATAD5,137,248,0.0018003162695094943,2
seed_125,SR-ATAD5,215,249,0.0017678928561508656,4
seed_125,SR-ATAD5,185,250,0.0017292641568928957,3
seed_125,SR-ATAD5,207,251,0.0017134547233581543,2
seed_125,SR-ATAD5,101,252,0.0016905813245102763,3
seed_125,SR-ATAD5,277,253,0.0016730382340028882,1
seed_125,SR-ATAD5,149,254,0.0016423204215243459,2
seed_125,SR-ATAD5,214,255,0.0016340785659849644,2
seed_125,SR-ATAD5,118,256,0.0016013927524909377,4
seed_125,SR-ATAD5,125,257,0.0015895102405920625,3
seed_125,SR-ATAD5,222,258,0.0015563139459118247,4
seed_125,SR-ATAD5,131,259,0.0015124762430787086,2
seed_125,SR-ATAD5,50,260,0.0014820146607235074,3
seed_125,SR-ATAD5,294,261,0.00147526734508574,2
seed_125,SR-ATAD5,97,262,0.0014690860407426953,2
seed_125,SR-ATAD5,76,263,0.0014508292078971863,2
seed_125,SR-ATAD5,248,264,0.0014107649913057685,2
seed_125,SR-ATAD5,250,265,0.001394987921230495,4
seed_125,SR-ATAD5,197,266,0.001371257472783327,3
seed_125,SR-ATAD5,187,267,0.0013183982810005546,3
seed_125,SR-ATAD5,274,268,0.0012948927469551563,2
seed_125,SR-ATAD5,201,269,0.0012903314782306552,4
seed_125,SR-ATAD5,194,270,0.001241455553099513,3
seed_125,SR-ATAD5,227,271,0.0012353620259091258,3
seed_125,SR-ATAD5,236,272,0.0012026872718706727,3
seed_125,SR-ATAD5,232,273,0.0012022103182971478,2
seed_125,SR-ATAD5,286,274,0.0011938541429117322,2
seed_125,SR-ATAD5,94,275,0.0011089141480624676,2
seed_125,SR-ATAD5,264,276,0.0010690265335142612,3
seed_125,SR-ATAD5,260,277,0.0010434662690386176,5
seed_125,SR-ATAD5,130,278,0.0010182217229157686,4
seed_125,SR-ATAD5,255,279,0.0009842729195952415,2
seed_125,SR-ATAD5,298,280,0.0009706815471872687,4
seed_125,SR-ATAD5,284,281,0.0009078074945136905,2
seed_125,SR-ATAD5,82,282,0.0009070021333172917,4
seed_125,SR-ATAD5,279,283,0.0008965730085037649,2
seed_125,SR-ATAD5,278,284,0.0008038971573114395,2
seed_125,SR-ATAD5,266,285,0.000787735334597528,1
seed_125,SR-ATAD5,238,286,0.0006371769704855978,1
seed_125,SR-ATAD5,11,287,0.0006054196273908019,2
seed_125,SR-ATAD5,295,288,0.000603233405854553,2
seed_125,SR-ATAD5,141,289,0.0005030034808441997,2
seed_125,SR-ATAD5,272,290,0.0004499453352764249,1
seed_125,SR-ATAD5,281,291,0.0003874885442201048,1
seed_125,SR-ATAD5,178,292,0.0003257472126279026,2
seed_125,SR-ATAD5,240,293,0.00031916811713017523,1
seed_125,SR-ATAD5,220,294,0.00031358993146568537,2
seed_125,SR-ATAD5,151,295,0.000309252500301227,2
seed_125,SR-ATAD5,283,296,0.00029349871329031885,2
seed_125,SR-ATAD5,253,297,0.00012655647879000753,1
seed_125,SR-ATAD5,244,298,9.257245255867019e-05,1
seed_125,SR-ATAD5,285,299,8.68685165187344e-05,1
seed_125,SR-p53,168,0,0.27517831325531006,79
seed_125,SR-p53,63,1,0.21548156440258026,51
seed_125,SR-p53,7,2,0.2109505832195282,33
seed_125,SR-p53,23,3,0.20717862248420715,30
seed_125,SR-p53,29,4,0.18769119679927826,39
seed_125,SR-p53,128,5,0.18162988126277924,42
seed_125,SR-p53,135,6,0.16597536206245422,9
seed_125,SR-p53,15,7,0.1648254245519638,26
seed_125,SR-p53,24,8,0.16048040986061096,21
seed_125,SR-p53,33,9,0.15615451335906982,17
seed_125,SR-p53,108,10,0.15055282413959503,14
seed_125,SR-p53,21,11,0.1469380259513855,13
seed_125,SR-p53,56,12,0.14606711268424988,17
seed_125,SR-p53,148,13,0.14384035766124725,14
seed_125,SR-p53,193,14,0.14304980635643005,9
seed_125,SR-p53,235,15,0.14149363338947296,5
seed_125,SR-p53,183,16,0.1403900682926178,7
seed_125,SR-p53,99,17,0.13868145644664764,7
seed_125,SR-p53,74,18,0.13851313292980194,19
seed_125,SR-p53,219,19,0.13808996975421906,16
seed_125,SR-p53,147,20,0.13784466683864594,16
seed_125,SR-p53,245,21,0.1376667469739914,15
seed_125,SR-p53,51,22,0.13753768801689148,10
seed_125,SR-p53,290,23,0.13684608042240143,10
seed_125,SR-p53,112,24,0.1352071315050125,10
seed_125,SR-p53,0,25,0.13321594893932343,20
seed_125,SR-p53,6,26,0.13282547891139984,18
seed_125,SR-p53,62,27,0.131355881690979,24
seed_125,SR-p53,49,28,0.13017530739307404,17
seed_125,SR-p53,31,29,0.12878532707691193,20
seed_125,SR-p53,113,30,0.12814749777317047,13
seed_125,SR-p53,70,31,0.1274866908788681,27
seed_125,SR-p53,67,32,0.12558932602405548,16
seed_125,SR-p53,177,33,0.12550397217273712,4
seed_125,SR-p53,140,34,0.12435688823461533,19
seed_125,SR-p53,39,35,0.12399378418922424,9
seed_125,SR-p53,123,36,0.12376964837312698,11
seed_125,SR-p53,17,37,0.12098130583763123,5
seed_125,SR-p53,184,38,0.12081894278526306,7
seed_125,SR-p53,83,39,0.12026640772819519,9
seed_125,SR-p53,110,40,0.12024644762277603,20
seed_125,SR-p53,136,41,0.11906497180461884,18
seed_125,SR-p53,46,42,0.11835809797048569,13
seed_125,SR-p53,10,43,0.11759268492460251,17
seed_125,SR-p53,81,44,0.11598669737577438,19
seed_125,SR-p53,93,45,0.11597870290279388,16
seed_125,SR-p53,195,46,0.11569779366254807,11
seed_125,SR-p53,92,47,0.11462411284446716,21
seed_125,SR-p53,87,48,0.11432810127735138,4
seed_125,SR-p53,137,49,0.11345785856246948,2
seed_125,SR-p53,211,50,0.11234299838542938,13
seed_125,SR-p53,52,51,0.11221449077129364,16
seed_125,SR-p53,4,52,0.11083216220140457,9
seed_125,SR-p53,145,53,0.11054123193025589,17
seed_125,SR-p53,27,54,0.10933398455381393,8
seed_125,SR-p53,48,55,0.1088280901312828,7
seed_125,SR-p53,144,56,0.10869184136390686,7
seed_125,SR-p53,43,57,0.10728210210800171,9
seed_125,SR-p53,189,58,0.10653377324342728,9
seed_125,SR-p53,167,59,0.10651123523712158,6
seed_125,SR-p53,225,60,0.10645032674074173,6
seed_125,SR-p53,36,61,0.10629292577505112,7
seed_125,SR-p53,143,62,0.10549860447645187,5
seed_125,SR-p53,133,63,0.10527363419532776,6
seed_125,SR-p53,242,64,0.10498379170894623,6
seed_125,SR-p53,126,65,0.10392916947603226,10
seed_125,SR-p53,114,66,0.10391496866941452,7
seed_125,SR-p53,25,67,0.1030808836221695,8
seed_125,SR-p53,42,68,0.10242348909378052,5
seed_125,SR-p53,175,69,0.10105178505182266,9
seed_125,SR-p53,169,70,0.10084448754787445,8
seed_125,SR-p53,13,71,0.1006116047501564,6
seed_125,SR-p53,72,72,0.09979376196861267,15
seed_125,SR-p53,149,73,0.09957382827997208,2
seed_125,SR-p53,231,74,0.0993017926812172,8
seed_125,SR-p53,69,75,0.0992174744606018,8
seed_125,SR-p53,142,76,0.09920427203178406,3
seed_125,SR-p53,32,77,0.09862165153026581,8
seed_125,SR-p53,160,78,0.09823841601610184,11
seed_125,SR-p53,263,79,0.09816088527441025,6
seed_125,SR-p53,90,80,0.09763796627521515,6
seed_125,SR-p53,28,81,0.0973995253443718,7
seed_125,SR-p53,190,82,0.0967898741364479,13
seed_125,SR-p53,57,83,0.09669283032417297,9
seed_125,SR-p53,30,84,0.0940389335155487,5
seed_125,SR-p53,38,85,0.0939290001988411,4
seed_125,SR-p53,120,86,0.09237899631261826,5
seed_125,SR-p53,45,87,0.0923355296254158,8
seed_125,SR-p53,54,88,0.09232624620199203,5
seed_125,SR-p53,166,89,0.09184743463993073,6
seed_125,SR-p53,129,90,0.0916123166680336,9
seed_125,SR-p53,284,91,0.09128030389547348,2
seed_125,SR-p53,8,92,0.09103254228830338,6
seed_125,SR-p53,146,93,0.09079967439174652,5
seed_125,SR-p53,243,94,0.09048042446374893,2
seed_125,SR-p53,204,95,0.09033224731683731,7
seed_125,SR-p53,78,96,0.09020465612411499,5
seed_125,SR-p53,22,97,0.09001181274652481,13
seed_125,SR-p53,66,98,0.08989914506673813,13
seed_125,SR-p53,75,99,0.08945934474468231,13
seed_125,SR-p53,14,100,0.08902932703495026,5
seed_125,SR-p53,164,101,0.08889971673488617,2
seed_125,SR-p53,227,102,0.08806385844945908,3
seed_125,SR-p53,179,103,0.08782974630594254,3
seed_125,SR-p53,267,104,0.08746802061796188,2
seed_125,SR-p53,117,105,0.08622045069932938,7
seed_125,SR-p53,139,106,0.08619527518749237,12
seed_125,SR-p53,212,107,0.08547218143939972,7
seed_125,SR-p53,88,108,0.08544310182332993,4
seed_125,SR-p53,217,109,0.08372346311807632,4
seed_125,SR-p53,34,110,0.08367057144641876,5
seed_125,SR-p53,130,111,0.08333215117454529,4
seed_125,SR-p53,247,112,0.08319704979658127,4
seed_125,SR-p53,213,113,0.08266487717628479,4
seed_125,SR-p53,84,114,0.08226410299539566,15
seed_125,SR-p53,264,115,0.08224104344844818,3
seed_125,SR-p53,95,116,0.0822383463382721,4
seed_125,SR-p53,79,117,0.08175616711378098,9
seed_125,SR-p53,194,118,0.08159089088439941,3
seed_125,SR-p53,121,119,0.08147946000099182,7
seed_125,SR-p53,192,120,0.08124271035194397,3
seed_125,SR-p53,64,121,0.08108071982860565,7
seed_125,SR-p53,200,122,0.0808950811624527,8
seed_125,SR-p53,77,123,0.08085229247808456,5
seed_125,SR-p53,199,124,0.08057677000761032,2
seed_125,SR-p53,260,125,0.08056847751140594,5
seed_125,SR-p53,103,126,0.08005604892969131,3
seed_125,SR-p53,233,127,0.07963622361421585,6
seed_125,SR-p53,2,128,0.0794624537229538,14
seed_125,SR-p53,73,129,0.07924162596464157,16
seed_125,SR-p53,80,130,0.07912415266036987,8
seed_125,SR-p53,12,131,0.07872293889522552,6
seed_125,SR-p53,158,132,0.07829536497592926,3
seed_125,SR-p53,229,133,0.07817872613668442,7
seed_125,SR-p53,59,134,0.0775936096906662,8
seed_125,SR-p53,216,135,0.07640089094638824,2
seed_125,SR-p53,127,136,0.07628478854894638,4
seed_125,SR-p53,299,137,0.07602565735578537,7
seed_125,SR-p53,271,138,0.07564861327409744,3
seed_125,SR-p53,180,139,0.07542920112609863,5
seed_125,SR-p53,215,140,0.07513444870710373,4
seed_125,SR-p53,174,141,0.07498525083065033,2
seed_125,SR-p53,249,142,0.0749061107635498,3
seed_125,SR-p53,276,143,0.07456576079130173,8
seed_125,SR-p53,85,144,0.07391652464866638,3
seed_125,SR-p53,89,145,0.07364877313375473,3
seed_125,SR-p53,71,146,0.0730777308344841,11
seed_125,SR-p53,55,147,0.07255404442548752,6
seed_125,SR-p53,91,148,0.07250393182039261,6
seed_125,SR-p53,1,149,0.07219064235687256,6
seed_125,SR-p53,170,150,0.07189876586198807,6
seed_125,SR-p53,162,151,0.07143686711788177,3
seed_125,SR-p53,239,152,0.07100629061460495,3
seed_125,SR-p53,252,153,0.07094505429267883,4
seed_125,SR-p53,58,154,0.07093559205532074,10
seed_125,SR-p53,154,155,0.07084716111421585,5
seed_125,SR-p53,116,156,0.07048794627189636,3
seed_125,SR-p53,104,157,0.07041569799184799,4
seed_125,SR-p53,185,158,0.07007381319999695,3
seed_125,SR-p53,5,159,0.0698651522397995,4
seed_125,SR-p53,40,160,0.0698109045624733,6
seed_125,SR-p53,86,161,0.06908498704433441,9
seed_125,SR-p53,165,162,0.06898489594459534,4
seed_125,SR-p53,287,163,0.06883761286735535,8
seed_125,SR-p53,125,164,0.06847526878118515,3
seed_125,SR-p53,37,165,0.06788241118192673,7
seed_125,SR-p53,109,166,0.0674322247505188,7
seed_125,SR-p53,265,167,0.06703054159879684,1
seed_125,SR-p53,228,168,0.06675663590431213,4
seed_125,SR-p53,163,169,0.06623616814613342,3
seed_125,SR-p53,210,170,0.06598545610904694,6
seed_125,SR-p53,240,171,0.0657692477107048,1
seed_125,SR-p53,181,172,0.06506102532148361,4
seed_125,SR-p53,198,173,0.06505857408046722,3
seed_125,SR-p53,124,174,0.06489308923482895,4
seed_125,SR-p53,221,175,0.06444340199232101,6
seed_125,SR-p53,282,176,0.06437728554010391,3
seed_125,SR-p53,61,177,0.0642198696732521,6
seed_125,SR-p53,209,178,0.06338917464017868,7
seed_125,SR-p53,294,179,0.06312285363674164,2
seed_125,SR-p53,173,180,0.06298036128282547,4
seed_125,SR-p53,196,181,0.06172778457403183,4
seed_125,SR-p53,298,182,0.061560992151498795,4
seed_125,SR-p53,251,183,0.061474062502384186,3
seed_125,SR-p53,97,184,0.061335571110248566,2
seed_125,SR-p53,202,185,0.060007281601428986,3
seed_125,SR-p53,76,186,0.05989256128668785,2
seed_125,SR-p53,203,187,0.05987453833222389,4
seed_125,SR-p53,96,188,0.0598176084458828,5
seed_125,SR-p53,176,189,0.05980313941836357,5
seed_125,SR-p53,157,190,0.05924726277589798,2
seed_125,SR-p53,280,191,0.0589388944208622,3
seed_125,SR-p53,53,192,0.058914296329021454,6
seed_125,SR-p53,273,193,0.05882370471954346,2
seed_125,SR-p53,269,194,0.05844206362962723,4
seed_125,SR-p53,82,195,0.058184631168842316,4
seed_125,SR-p53,238,196,0.05812792107462883,1
seed_125,SR-p53,150,197,0.057707030326128006,3
seed_125,SR-p53,187,198,0.0567178949713707,3
seed_125,SR-p53,230,199,0.05637510493397713,3
seed_125,SR-p53,111,200,0.05597686767578125,5
seed_125,SR-p53,296,201,0.0555463582277298,10
seed_125,SR-p53,206,202,0.05512525513768196,4
seed_125,SR-p53,178,203,0.05498822405934334,2
seed_125,SR-p53,224,204,0.054851822555065155,2
seed_125,SR-p53,289,205,0.05470886081457138,2
seed_125,SR-p53,246,206,0.054429031908512115,3
seed_125,SR-p53,35,207,0.054277386516332626,4
seed_125,SR-p53,172,208,0.05425098538398743,4
seed_125,SR-p53,237,209,0.053808145225048065,2
seed_125,SR-p53,258,210,0.05360466614365578,3
seed_125,SR-p53,26,211,0.05358089879155159,4
seed_125,SR-p53,115,212,0.053156834095716476,4
seed_125,SR-p53,101,213,0.05303283780813217,3
seed_125,SR-p53,107,214,0.051883287727832794,6
seed_125,SR-p53,274,215,0.05160271376371384,2
seed_125,SR-p53,278,216,0.05145719647407532,2
seed_125,SR-p53,254,217,0.05110125616192818,2
seed_125,SR-p53,3,218,0.05032696947455406,6
seed_125,SR-p53,270,219,0.0502760075032711,4
seed_125,SR-p53,122,220,0.04993028566241264,6
seed_125,SR-p53,16,221,0.049864478409290314,4
seed_125,SR-p53,155,222,0.049859240651130676,3
seed_125,SR-p53,257,223,0.049424733966588974,8
seed_125,SR-p53,60,224,0.04906519502401352,3
seed_125,SR-p53,218,225,0.04867788404226303,3
seed_125,SR-p53,68,226,0.048318032175302505,2
seed_125,SR-p53,98,227,0.04804513603448868,2
seed_125,SR-p53,236,228,0.047635555267333984,3
seed_125,SR-p53,141,229,0.04699069261550903,2
seed_125,SR-p53,288,230,0.04681045562028885,2
seed_125,SR-p53,161,231,0.04667975753545761,2
seed_125,SR-p53,102,232,0.04638048633933067,6
seed_125,SR-p53,20,233,0.04603510722517967,4
seed_125,SR-p53,94,234,0.04590587317943573,2
seed_125,SR-p53,285,235,0.04570470750331879,1
seed_125,SR-p53,186,236,0.0455792061984539,3
seed_125,SR-p53,292,237,0.045443542301654816,3
seed_125,SR-p53,241,238,0.04540475085377693,3
seed_125,SR-p53,156,239,0.04520094767212868,2
seed_125,SR-p53,106,240,0.04508926719427109,4
seed_125,SR-p53,250,241,0.045023009181022644,4
seed_125,SR-p53,207,242,0.04487552493810654,2
seed_125,SR-p53,208,243,0.04475096985697746,3
seed_125,SR-p53,275,244,0.044560398906469345,2
seed_125,SR-p53,201,245,0.043458081781864166,4
seed_125,SR-p53,286,246,0.04109423980116844,2
seed_125,SR-p53,47,247,0.040450066328048706,4
seed_125,SR-p53,277,248,0.039862945675849915,1
seed_125,SR-p53,41,249,0.039645321667194366,2
seed_125,SR-p53,19,250,0.03937200456857681,4
seed_125,SR-p53,261,251,0.03933160379528999,3
seed_125,SR-p53,253,252,0.03923783078789711,1
seed_125,SR-p53,118,253,0.039076630026102066,4
seed_125,SR-p53,105,254,0.038200389593839645,3
seed_125,SR-p53,44,255,0.037846360355615616,3
seed_125,SR-p53,171,256,0.037809599190950394,2
seed_125,SR-p53,138,257,0.037627507001161575,3
seed_125,SR-p53,131,258,0.037583742290735245,2
seed_125,SR-p53,50,259,0.03755638748407364,3
seed_125,SR-p53,293,260,0.0374164842069149,3
seed_125,SR-p53,132,261,0.037119414657354355,2
seed_125,SR-p53,9,262,0.0365183986723423,3
seed_125,SR-p53,214,263,0.03624827414751053,2
seed_125,SR-p53,291,264,0.035279594361782074,2
seed_125,SR-p53,268,265,0.03522266447544098,4
seed_125,SR-p53,256,266,0.0340307392179966,2
seed_125,SR-p53,18,267,0.03310078755021095,4
seed_125,SR-p53,283,268,0.03247134014964104,2
seed_125,SR-p53,188,269,0.0318589061498642,2
seed_125,SR-p53,191,270,0.03145124018192291,2
seed_125,SR-p53,159,271,0.030048683285713196,2
seed_125,SR-p53,197,272,0.03004586137831211,3
seed_125,SR-p53,244,273,0.02980015240609646,1
seed_125,SR-p53,234,274,0.029069233685731888,2
seed_125,SR-p53,223,275,0.028886092826724052,2
seed_125,SR-p53,266,276,0.028817193582654,1
seed_125,SR-p53,279,277,0.02846815437078476,2
seed_125,SR-p53,272,278,0.02747754566371441,1
seed_125,SR-p53,222,279,0.026804480701684952,4
seed_125,SR-p53,119,280,0.02604890801012516,2
seed_125,SR-p53,153,281,0.02544926293194294,2
seed_125,SR-p53,205,282,0.024760207161307335,3
seed_125,SR-p53,11,283,0.024163946509361267,2
seed_125,SR-p53,262,284,0.02249688282608986,3
seed_125,SR-p53,281,285,0.022311655804514885,1
seed_125,SR-p53,152,286,0.021789435297250748,3
seed_125,SR-p53,226,287,0.02161194197833538,2
seed_125,SR-p53,220,288,0.019488554447889328,2
seed_125,SR-p53,295,289,0.018683001399040222,2
seed_125,SR-p53,248,290,0.01664586551487446,2
seed_125,SR-p53,151,291,0.01616385579109192,2
seed_125,SR-p53,134,292,0.015456012450158596,3
seed_125,SR-p53,259,293,0.01507997140288353,2
seed_125,SR-p53,297,294,0.014909234829246998,1
seed_125,SR-p53,100,295,0.013812956400215626,3
seed_125,SR-p53,232,296,0.013437156565487385,2
seed_125,SR-p53,182,297,0.012151287868618965,2
seed_125,SR-p53,255,298,0.009403732605278492,2
seed_125,SR-p53,65,299,0.009333210997283459,3
seed_126,NR-AR,63,0,0.013344133272767067,51
seed_126,NR-AR,168,1,0.011689726263284683,79
seed_126,NR-AR,128,2,0.010643688961863518,42
seed_126,NR-AR,70,3,0.009644580073654652,27
seed_126,NR-AR,15,4,0.009635740891098976,26
seed_126,NR-AR,29,5,0.009523018263280392,39
seed_126,NR-AR,81,6,0.009486861526966095,19
seed_126,NR-AR,245,7,0.0093007180839777,15
seed_126,NR-AR,7,8,0.00897457730025053,33
seed_126,NR-AR,110,9,0.008567864075303078,20
seed_126,NR-AR,23,10,0.00828760489821434,30
seed_126,NR-AR,93,11,0.008230255916714668,16
seed_126,NR-AR,69,12,0.008152651600539684,8
seed_126,NR-AR,210,13,0.008038378320634365,6
seed_126,NR-AR,248,14,0.007990761660039425,2
seed_126,NR-AR,163,15,0.007914786227047443,3
seed_126,NR-AR,38,16,0.007797599770128727,4
seed_126,NR-AR,92,17,0.007777780294418335,21
seed_126,NR-AR,33,18,0.007725287228822708,17
seed_126,NR-AR,86,19,0.007683059200644493,9
seed_126,NR-AR,49,20,0.007618851959705353,17
seed_126,NR-AR,104,21,0.007582241203635931,4
seed_126,NR-AR,75,22,0.00757257966324687,13
seed_126,NR-AR,62,23,0.007465205155313015,24
seed_126,NR-AR,84,24,0.007393116131424904,15
seed_126,NR-AR,24,25,0.0073010241612792015,21
seed_126,NR-AR,66,26,0.007278751116245985,13
seed_126,NR-AR,133,27,0.007264404091984034,6
seed_126,NR-AR,10,28,0.007237669080495834,17
seed_126,NR-AR,113,29,0.007177272345870733,13
seed_126,NR-AR,57,30,0.00715889036655426,9
seed_126,NR-AR,51,31,0.007151002995669842,10
seed_126,NR-AR,224,32,0.007140549831092358,2
seed_126,NR-AR,129,33,0.007119749207049608,9
seed_126,NR-AR,184,34,0.007108270190656185,7
seed_126,NR-AR,0,35,0.007032996043562889,20
seed_126,NR-AR,241,36,0.006989561021327972,3
seed_126,NR-AR,48,37,0.006971654016524553,7
seed_126,NR-AR,206,38,0.0069347526878118515,4
seed_126,NR-AR,31,39,0.006911412347108126,20
seed_126,NR-AR,134,40,0.006876329425722361,3
seed_126,NR-AR,235,41,0.0068390266969799995,5
seed_126,NR-AR,67,42,0.006758761592209339,16
seed_126,NR-AR,229,43,0.0066795614548027515,7
seed_126,NR-AR,144,44,0.006676036398857832,7
seed_126,NR-AR,74,45,0.006645604968070984,19
seed_126,NR-AR,140,46,0.006587174255400896,19
seed_126,NR-AR,211,47,0.006570260506123304,13
seed_126,NR-AR,114,48,0.0065583414398133755,7
seed_126,NR-AR,108,49,0.006553662475198507,14
seed_126,NR-AR,147,50,0.006450301501899958,16
seed_126,NR-AR,148,51,0.006432730704545975,14
seed_126,NR-AR,256,52,0.006430479232221842,2
seed_126,NR-AR,207,53,0.006344656925648451,2
seed_126,NR-AR,27,54,0.006302460562437773,8
seed_126,NR-AR,269,55,0.006281869485974312,4
seed_126,NR-AR,30,56,0.00626648822799325,5
seed_126,NR-AR,264,57,0.006217509042471647,3
seed_126,NR-AR,46,58,0.006150109693408012,13
seed_126,NR-AR,190,59,0.00610199524089694,13
seed_126,NR-AR,56,60,0.006086694076657295,17
seed_126,NR-AR,36,61,0.006071703974157572,7
seed_126,NR-AR,287,62,0.006050941534340382,8
seed_126,NR-AR,213,63,0.00602708337828517,4
seed_126,NR-AR,71,64,0.0060111479833722115,11
seed_126,NR-AR,249,65,0.005966638680547476,3
seed_126,NR-AR,2,66,0.005952069070190191,14
seed_126,NR-AR,21,67,0.0059519559144973755,13
seed_126,NR-AR,80,68,0.005928790662437677,8
seed_126,NR-AR,73,69,0.005917084403336048,16
seed_126,NR-AR,296,70,0.005912529770284891,10
seed_126,NR-AR,79,71,0.005895069334656,9
seed_126,NR-AR,198,72,0.00584727618843317,3
seed_126,NR-AR,200,73,0.00582888862118125,8
seed_126,NR-AR,136,74,0.005824282765388489,18
seed_126,NR-AR,109,75,0.0057310303673148155,7
seed_126,NR-AR,141,76,0.005694396793842316,2
seed_126,NR-AR,17,77,0.005664901342242956,5
seed_126,NR-AR,203,78,0.005594823509454727,4
seed_126,NR-AR,52,79,0.005582279991358519,16
seed_126,NR-AR,135,80,0.005525592714548111,9
seed_126,NR-AR,82,81,0.005504407919943333,4
seed_126,NR-AR,243,82,0.00548264104872942,2
seed_126,NR-AR,189,83,0.005448368843644857,9
seed_126,NR-AR,22,84,0.005439292639493942,13
seed_126,NR-AR,4,85,0.005429209675639868,9
seed_126,NR-AR,219,86,0.00542885297909379,16
seed_126,NR-AR,90,87,0.005316663067787886,6
seed_126,NR-AR,204,88,0.005270901136100292,7
seed_126,NR-AR,201,89,0.005267797503620386,4
seed_126,NR-AR,185,90,0.005220287013798952,3
seed_126,NR-AR,40,91,0.005189306102693081,6
seed_126,NR-AR,267,92,0.005171750206500292,2
seed_126,NR-AR,45,93,0.0050984644331038,8
seed_126,NR-AR,197,94,0.0050941351801157,3
seed_126,NR-AR,139,95,0.005047724116593599,12
seed_126,NR-AR,145,96,0.00503492821007967,17
seed_126,NR-AR,34,97,0.0050219278782606125,5
seed_126,NR-AR,233,98,0.0050122858956456184,6
seed_126,NR-AR,6,99,0.005010982509702444,18
seed_126,NR-AR,268,100,0.004993751645088196,4
seed_126,NR-AR,154,101,0.0049886093474924564,5
seed_126,NR-AR,142,102,0.004965666681528091,3
seed_126,NR-AR,169,103,0.004914129618555307,8
seed_126,NR-AR,59,104,0.004907333292067051,8
seed_126,NR-AR,195,105,0.004895239137113094,11
seed_126,NR-AR,50,106,0.0048497761599719524,3
seed_126,NR-AR,64,107,0.004843206610530615,7
seed_126,NR-AR,231,108,0.004833357874304056,8
seed_126,NR-AR,278,109,0.004822654649615288,2
seed_126,NR-AR,173,110,0.004806238226592541,4
seed_126,NR-AR,138,111,0.004776631016284227,3
seed_126,NR-AR,35,112,0.004775700159370899,4
seed_126,NR-AR,12,113,0.004772255662828684,6
seed_126,NR-AR,257,114,0.004767448175698519,8
seed_126,NR-AR,252,115,0.00473423209041357,4
seed_126,NR-AR,111,116,0.004705327097326517,5
seed_126,NR-AR,130,117,0.004659838043153286,4
seed_126,NR-AR,160,118,0.004638338927179575,11
seed_126,NR-AR,54,119,0.00461242301389575,5
seed_126,NR-AR,166,120,0.004598489496856928,6
seed_126,NR-AR,122,121,0.004558543674647808,6
seed_126,NR-AR,192,122,0.004558018874377012,3
seed_126,NR-AR,18,123,0.004534923937171698,4
seed_126,NR-AR,215,124,0.004533891566097736,4
seed_126,NR-AR,187,125,0.0045068105682730675,3
seed_126,NR-AR,32,126,0.004432655405253172,8
seed_126,NR-AR,95,127,0.004415710922330618,4
seed_126,NR-AR,167,128,0.004412041045725346,6
seed_126,NR-AR,121,129,0.004334889352321625,7
seed_126,NR-AR,273,130,0.004313705023378134,2
seed_126,NR-AR,228,131,0.004308558069169521,4
seed_126,NR-AR,103,132,0.0042794072069227695,3
seed_126,NR-AR,116,133,0.004245441406965256,3
seed_126,NR-AR,72,134,0.00422695092856884,15
seed_126,NR-AR,179,135,0.0042182388715445995,3
seed_126,NR-AR,265,136,0.004208758473396301,1
seed_126,NR-AR,260,137,0.004106990527361631,5
seed_126,NR-AR,83,138,0.004099419340491295,9
seed_126,NR-AR,112,139,0.004097800701856613,10
seed_126,NR-AR,131,140,0.004089005291461945,2
seed_126,NR-AR,20,141,0.004056387580931187,4
seed_126,NR-AR,99,142,0.004028615541756153,7
seed_126,NR-AR,299,143,0.00402448745444417,7
seed_126,NR-AR,85,144,0.003991229459643364,3
seed_126,NR-AR,44,145,0.003958042245358229,3
seed_126,NR-AR,43,146,0.003951071295887232,9
seed_126,NR-AR,244,147,0.003937209490686655,1
seed_126,NR-AR,28,148,0.0039055475499480963,7
seed_126,NR-AR,101,149,0.0038882282096892595,3
seed_126,NR-AR,239,150,0.00388778536580503,3
seed_126,NR-AR,77,151,0.003861312987282872,5
seed_126,NR-AR,61,152,0.003855491988360882,6
seed_126,NR-AR,102,153,0.003845589468255639,6
seed_126,NR-AR,146,154,0.0038433189038187265,5
seed_126,NR-AR,8,155,0.0038322233594954014,6
seed_126,NR-AR,295,156,0.0038194020744413137,2
seed_126,NR-AR,174,157,0.0038142153061926365,2
seed_126,NR-AR,175,158,0.0038123445119708776,9
seed_126,NR-AR,39,159,0.0038016506005078554,9
seed_126,NR-AR,78,160,0.0037956563755869865,5
seed_126,NR-AR,177,161,0.0037892325781285763,4
seed_126,NR-AR,1,162,0.0037528087850660086,6
seed_126,NR-AR,127,163,0.0037398741114884615,4
seed_126,NR-AR,155,164,0.0037375539541244507,3
seed_126,NR-AR,91,165,0.0037128424737602472,6
seed_126,NR-AR,53,166,0.0036947547923773527,6
seed_126,NR-AR,3,167,0.0036773821339011192,6
seed_126,NR-AR,193,168,0.003665795549750328,9
seed_126,NR-AR,126,169,0.0036641675978899,10
seed_126,NR-AR,13,170,0.0036251952406018972,6
seed_126,NR-AR,96,171,0.003608009312301874,5
seed_126,NR-AR,246,172,0.0035588033497333527,3
seed_126,NR-AR,25,173,0.003545209765434265,8
seed_126,NR-AR,42,174,0.0034848067443817854,5
seed_126,NR-AR,158,175,0.0034601185470819473,3
seed_126,NR-AR,271,176,0.0034523303620517254,3
seed_126,NR-AR,161,177,0.0034521324560046196,2
seed_126,NR-AR,171,178,0.003443557769060135,2
seed_126,NR-AR,123,179,0.0034294184297323227,11
seed_126,NR-AR,37,180,0.003415704006329179,7
seed_126,NR-AR,124,181,0.0034122474025934935,4
seed_126,NR-AR,281,182,0.0033476068638265133,1
seed_126,NR-AR,153,183,0.0033471521455794573,2
seed_126,NR-AR,242,184,0.0033359809312969446,6
seed_126,NR-AR,212,185,0.0033288421109318733,7
seed_126,NR-AR,276,186,0.003321787342429161,8
seed_126,NR-AR,26,187,0.003302583936601877,4
seed_126,NR-AR,9,188,0.003299681469798088,3
seed_126,NR-AR,247,189,0.0032778822351247072,4
seed_126,NR-AR,180,190,0.0032776035368442535,5
seed_126,NR-AR,5,191,0.0032613947987556458,4
seed_126,NR-AR,172,192,0.003222181461751461,4
seed_126,NR-AR,117,193,0.003177857957780361,7
seed_126,NR-AR,250,194,0.0031490898691117764,4
seed_126,NR-AR,222,195,0.003138367086648941,4
seed_126,NR-AR,202,196,0.003063669428229332,3
seed_126,NR-AR,217,197,0.0030635357834398746,4
seed_126,NR-AR,238,198,0.0030489566270262003,1
seed_126,NR-AR,199,199,0.003043106757104397,2
seed_126,NR-AR,181,200,0.0030306419357657433,4
seed_126,NR-AR,125,201,0.002994883107021451,3
seed_126,NR-AR,230,202,0.0029684186447411776,3
seed_126,NR-AR,191,203,0.002954649506136775,2
seed_126,NR-AR,275,204,0.0029414640739560127,2
seed_126,NR-AR,288,205,0.0029353126883506775,2
seed_126,NR-AR,284,206,0.002929098205640912,2
seed_126,NR-AR,263,207,0.002926585264503956,6
seed_126,NR-AR,251,208,0.0028672905173152685,3
seed_126,NR-AR,208,209,0.002865701913833618,3
seed_126,NR-AR,225,210,0.002829860197380185,6
seed_126,NR-AR,88,211,0.0027987807989120483,4
seed_126,NR-AR,290,212,0.0027908168267458677,10
seed_126,NR-AR,280,213,0.002785097574815154,3
seed_126,NR-AR,291,214,0.002770819002762437,2
seed_126,NR-AR,76,215,0.0027697363402694464,2
seed_126,NR-AR,286,216,0.0027183699421584606,2
seed_126,NR-AR,47,217,0.0027166211511939764,4
seed_126,NR-AR,221,218,0.0027148930821567774,6
seed_126,NR-AR,157,219,0.002702635945752263,2
seed_126,NR-AR,205,220,0.002687315922230482,3
seed_126,NR-AR,298,221,0.0026805917732417583,4
seed_126,NR-AR,274,222,0.002672910690307617,2
seed_126,NR-AR,289,223,0.0026717360597103834,2
seed_126,NR-AR,55,224,0.0026714454870671034,6
seed_126,NR-AR,209,225,0.0026530420873314142,7
seed_126,NR-AR,106,226,0.0026431530714035034,4
seed_126,NR-AR,152,227,0.0026416273321956396,3
seed_126,NR-AR,58,228,0.002600243780761957,10
seed_126,NR-AR,149,229,0.00259604724124074,2
seed_126,NR-AR,293,230,0.0025597757194191217,3
seed_126,NR-AR,16,231,0.002516343491151929,4
seed_126,NR-AR,270,232,0.002514299936592579,4
seed_126,NR-AR,162,233,0.0024932734668254852,3
seed_126,NR-AR,132,234,0.0024802342522889376,2
seed_126,NR-AR,176,235,0.00247088517062366,5
seed_126,NR-AR,107,236,0.002469050930812955,6
seed_126,NR-AR,282,237,0.0024674872402101755,3
seed_126,NR-AR,194,238,0.002460728632286191,3
seed_126,NR-AR,259,239,0.0023888053838163614,2
seed_126,NR-AR,262,240,0.002373818075284362,3
seed_126,NR-AR,223,241,0.002361627295613289,2
seed_126,NR-AR,118,242,0.0023544044233858585,4
seed_126,NR-AR,170,243,0.0023409000132232904,6
seed_126,NR-AR,279,244,0.00233279587700963,2
seed_126,NR-AR,68,245,0.0023255206178873777,2
seed_126,NR-AR,261,246,0.0023155584931373596,3
seed_126,NR-AR,272,247,0.002287209965288639,1
seed_126,NR-AR,115,248,0.002275497652590275,4
seed_126,NR-AR,196,249,0.0022618325892835855,4
seed_126,NR-AR,14,250,0.0022548504639416933,5
seed_126,NR-AR,188,251,0.002254167338833213,2
seed_126,NR-AR,294,252,0.0021820333786308765,2
seed_126,NR-AR,216,253,0.002165089128538966,2
seed_126,NR-AR,120,254,0.002105486812070012,5
seed_126,NR-AR,236,255,0.0020937484223395586,3
seed_126,NR-AR,277,256,0.0020932306069880724,1
seed_126,NR-AR,183,257,0.0020768498070538044,7
seed_126,NR-AR,156,258,0.002022841712459922,2
seed_126,NR-AR,186,259,0.0020083158742636442,3
seed_126,NR-AR,87,260,0.0020077573135495186,4
seed_126,NR-AR,19,261,0.0019738348200917244,4
seed_126,NR-AR,232,262,0.001939748297445476,2
seed_126,NR-AR,151,263,0.001921714167110622,2
seed_126,NR-AR,258,264,0.0019136937335133553,3
seed_126,NR-AR,253,265,0.0018799006938934326,1
seed_126,NR-AR,218,266,0.0018552216934040189,3
seed_126,NR-AR,237,267,0.0018202834762632847,2
seed_126,NR-AR,226,268,0.0018031568033620715,2
seed_126,NR-AR,41,269,0.0017778541659936309,2
seed_126,NR-AR,220,270,0.0017332328716292977,2
seed_126,NR-AR,98,271,0.0017314122524112463,2
seed_126,NR-AR,65,272,0.001731065334752202,3
seed_126,NR-AR,150,273,0.0017193543026223779,3
seed_126,NR-AR,105,274,0.0017125436570495367,3
seed_126,NR-AR,11,275,0.001546889659948647,2
seed_126,NR-AR,143,276,0.0015456281835213304,5
seed_126,NR-AR,137,277,0.001528845983557403,2
seed_126,NR-AR,89,278,0.0015279774088412523,3
seed_126,NR-AR,60,279,0.0015189683763310313,3
seed_126,NR-AR,94,280,0.00149996776599437,2
seed_126,NR-AR,254,281,0.001475851284340024,2
seed_126,NR-AR,165,282,0.0014663215260952711,4
seed_126,NR-AR,227,283,0.0014444852713495493,3
seed_126,NR-AR,292,284,0.0013839632738381624,3
seed_126,NR-AR,234,285,0.0013607649598270655,2
seed_126,NR-AR,297,286,0.0013482719659805298,1
seed_126,NR-AR,159,287,0.0013309599598869681,2
seed_126,NR-AR,283,288,0.001294819638133049,2
seed_126,NR-AR,266,289,0.0012615142622962594,1
seed_126,NR-AR,100,290,0.0011650229571387172,3
seed_126,NR-AR,178,291,0.0010066649410873652,2
seed_126,NR-AR,97,292,0.0009103992488235235,2
seed_126,NR-AR,255,293,0.000893798191100359,2
seed_126,NR-AR,182,294,0.000871220778208226,2
seed_126,NR-AR,164,295,0.0008438141667284071,2
seed_126,NR-AR,214,296,0.0006128098466433585,2
seed_126,NR-AR,119,297,0.0005910612526349723,2
seed_126,NR-AR,285,298,0.0004921936779282987,1
seed_126,NR-AR,240,299,0.00029332516714930534,1
seed_126,NR-Aromatase,168,0,0.025021694600582123,79
seed_126,NR-Aromatase,63,1,0.01879950426518917,51
seed_126,NR-Aromatase,23,2,0.017479050904512405,30
seed_126,NR-Aromatase,128,3,0.016949662938714027,42
seed_126,NR-Aromatase,29,4,0.016614209860563278,39
seed_126,NR-Aromatase,62,5,0.016139157116413116,24
seed_126,NR-Aromatase,15,6,0.014845452271401882,26
seed_126,NR-Aromatase,33,7,0.014549722895026207,17
seed_126,NR-Aromatase,92,8,0.014217330142855644,21
seed_126,NR-Aromatase,84,9,0.013796533457934856,15
seed_126,NR-Aromatase,7,10,0.01312011294066906,33
seed_126,NR-Aromatase,5,11,0.013077863492071629,4
seed_126,NR-Aromatase,93,12,0.012793416157364845,16
seed_126,NR-Aromatase,71,13,0.01272308174520731,11
seed_126,NR-Aromatase,31,14,0.012693063355982304,20
seed_126,NR-Aromatase,211,15,0.01249721646308899,13
seed_126,NR-Aromatase,177,16,0.01230651419609785,4
seed_126,NR-Aromatase,219,17,0.012185975909233093,16
seed_126,NR-Aromatase,86,18,0.011928527615964413,9
seed_126,NR-Aromatase,123,19,0.0116330087184906,11
seed_126,NR-Aromatase,24,20,0.011591888032853603,21
seed_126,NR-Aromatase,135,21,0.011580205522477627,9
seed_126,NR-Aromatase,2,22,0.011434941552579403,14
seed_126,NR-Aromatase,69,23,0.011306539177894592,8
seed_126,NR-Aromatase,140,24,0.01113772951066494,19
seed_126,NR-Aromatase,110,25,0.011071939952671528,20
seed_126,NR-Aromatase,147,26,0.011027011089026928,16
seed_126,NR-Aromatase,18,27,0.010913573205471039,4
seed_126,NR-Aromatase,145,28,0.010836645029485226,17
seed_126,NR-Aromatase,53,29,0.010670318268239498,6
seed_126,NR-Aromatase,193,30,0.010552613995969296,9
seed_126,NR-Aromatase,192,31,0.010486900806427002,3
seed_126,NR-Aromatase,49,32,0.010477299802005291,17
seed_126,NR-Aromatase,43,33,0.010461374185979366,9
seed_126,NR-Aromatase,195,34,0.010427778586745262,11
seed_126,NR-Aromatase,39,35,0.010380472056567669,9
seed_126,NR-Aromatase,21,36,0.010122434236109257,13
seed_126,NR-Aromatase,70,37,0.01011159922927618,27
seed_126,NR-Aromatase,268,38,0.010090947151184082,4
seed_126,NR-Aromatase,72,39,0.010069658979773521,15
seed_126,NR-Aromatase,67,40,0.010006874799728394,16
seed_126,NR-Aromatase,8,41,0.009993121027946472,6
seed_126,NR-Aromatase,95,42,0.009941731579601765,4
seed_126,NR-Aromatase,52,43,0.009918108582496643,16
seed_126,NR-Aromatase,107,44,0.009871716611087322,6
seed_126,NR-Aromatase,66,45,0.00986818503588438,13
seed_126,NR-Aromatase,169,46,0.009862065315246582,8
seed_126,NR-Aromatase,10,47,0.00981933530420065,17
seed_126,NR-Aromatase,139,48,0.009744491428136826,12
seed_126,NR-Aromatase,113,49,0.009722148068249226,13
seed_126,NR-Aromatase,83,50,0.009711080230772495,9
seed_126,NR-Aromatase,75,51,0.009691419079899788,13
seed_126,NR-Aromatase,26,52,0.009690687991678715,4
seed_126,NR-Aromatase,104,53,0.009665018878877163,4
seed_126,NR-Aromatase,4,54,0.00966152548789978,9
seed_126,NR-Aromatase,245,55,0.009650900959968567,15
seed_126,NR-Aromatase,40,56,0.009649403393268585,6
seed_126,NR-Aromatase,13,57,0.009642761200666428,6
seed_126,NR-Aromatase,190,58,0.009572030045092106,13
seed_126,NR-Aromatase,129,59,0.009472864679992199,9
seed_126,NR-Aromatase,208,60,0.009442250244319439,3
seed_126,NR-Aromatase,14,61,0.009414123371243477,5
seed_126,NR-Aromatase,96,62,0.009403649717569351,5
seed_126,NR-Aromatase,209,63,0.00937978457659483,7
seed_126,NR-Aromatase,176,64,0.009355509653687477,5
seed_126,NR-Aromatase,22,65,0.009245016612112522,13
seed_126,NR-Aromatase,51,66,0.009131700731813908,10
seed_126,NR-Aromatase,287,67,0.009095149114727974,8
seed_126,NR-Aromatase,205,68,0.00909382849931717,3
seed_126,NR-Aromatase,37,69,0.009074949659407139,7
seed_126,NR-Aromatase,44,70,0.009074331261217594,3
seed_126,NR-Aromatase,148,71,0.009020977653563023,14
seed_126,NR-Aromatase,90,72,0.008988754823803902,6
seed_126,NR-Aromatase,6,73,0.008979814127087593,18
seed_126,NR-Aromatase,81,74,0.008915383368730545,19
seed_126,NR-Aromatase,57,75,0.008869283832609653,9
seed_126,NR-Aromatase,74,76,0.00882777851074934,19
seed_126,NR-Aromatase,1,77,0.008809048682451248,6
seed_126,NR-Aromatase,212,78,0.008741362951695919,7
seed_126,NR-Aromatase,226,79,0.008727943524718285,2
seed_126,NR-Aromatase,46,80,0.00865320023149252,13
seed_126,NR-Aromatase,278,81,0.008631354197859764,2
seed_126,NR-Aromatase,183,82,0.008600476197898388,7
seed_126,NR-Aromatase,263,83,0.008598352782428265,6
seed_126,NR-Aromatase,160,84,0.008587300777435303,11
seed_126,NR-Aromatase,198,85,0.008552463725209236,3
seed_126,NR-Aromatase,64,86,0.00851569976657629,7
seed_126,NR-Aromatase,112,87,0.008512606844305992,10
seed_126,NR-Aromatase,0,88,0.008502229116857052,20
seed_126,NR-Aromatase,280,89,0.008429807610809803,3
seed_126,NR-Aromatase,200,90,0.008394960314035416,8
seed_126,NR-Aromatase,94,91,0.008346843533217907,2
seed_126,NR-Aromatase,100,92,0.008279826492071152,3
seed_126,NR-Aromatase,166,93,0.00822471920400858,6
seed_126,NR-Aromatase,217,94,0.008210408501327038,4
seed_126,NR-Aromatase,122,95,0.008168802596628666,6
seed_126,NR-Aromatase,48,96,0.008114293217658997,7
seed_126,NR-Aromatase,253,97,0.008024281822144985,1
seed_126,NR-Aromatase,231,98,0.008021806366741657,8
seed_126,NR-Aromatase,108,99,0.007953857071697712,14
seed_126,NR-Aromatase,3,100,0.007929888553917408,6
seed_126,NR-Aromatase,167,101,0.007897456176578999,6
seed_126,NR-Aromatase,91,102,0.00781818013638258,6
seed_126,NR-Aromatase,296,103,0.007735826075077057,10
seed_126,NR-Aromatase,136,104,0.007662454154342413,18
seed_126,NR-Aromatase,230,105,0.007633392233401537,3
seed_126,NR-Aromatase,9,106,0.007557380478829145,3
seed_126,NR-Aromatase,290,107,0.007472124416381121,10
seed_126,NR-Aromatase,157,108,0.0074588339775800705,2
seed_126,NR-Aromatase,170,109,0.007446454372256994,6
seed_126,NR-Aromatase,179,110,0.007423199713230133,3
seed_126,NR-Aromatase,132,111,0.007406082469969988,2
seed_126,NR-Aromatase,189,112,0.0073502701707184315,9
seed_126,NR-Aromatase,73,113,0.0073122791945934296,16
seed_126,NR-Aromatase,28,114,0.00726075004786253,7
seed_126,NR-Aromatase,116,115,0.007230150513350964,3
seed_126,NR-Aromatase,276,116,0.007196071092039347,8
seed_126,NR-Aromatase,241,117,0.0071516260504722595,3
seed_126,NR-Aromatase,58,118,0.0070839147083461285,10
seed_126,NR-Aromatase,271,119,0.00708205858245492,3
seed_126,NR-Aromatase,121,120,0.007047258783131838,7
seed_126,NR-Aromatase,247,121,0.007041764445602894,4
seed_126,NR-Aromatase,222,122,0.007013308349996805,4
seed_126,NR-Aromatase,32,123,0.006884871982038021,8
seed_126,NR-Aromatase,56,124,0.006834497209638357,17
seed_126,NR-Aromatase,16,125,0.006810742896050215,4
seed_126,NR-Aromatase,42,126,0.006776916794478893,5
seed_126,NR-Aromatase,285,127,0.006605503614991903,1
seed_126,NR-Aromatase,150,128,0.0065599470399320126,3
seed_126,NR-Aromatase,162,129,0.00655928673222661,3
seed_126,NR-Aromatase,269,130,0.006557433865964413,4
seed_126,NR-Aromatase,54,131,0.006506001111119986,5
seed_126,NR-Aromatase,210,132,0.006457773968577385,6
seed_126,NR-Aromatase,216,133,0.006440381519496441,2
seed_126,NR-Aromatase,117,134,0.006438194774091244,7
seed_126,NR-Aromatase,213,135,0.006432730704545975,4
seed_126,NR-Aromatase,55,136,0.006426449399441481,6
seed_126,NR-Aromatase,233,137,0.0064035565592348576,6
seed_126,NR-Aromatase,98,138,0.00639622937887907,2
seed_126,NR-Aromatase,199,139,0.006353315897285938,2
seed_126,NR-Aromatase,258,140,0.006318582221865654,3
seed_126,NR-Aromatase,102,141,0.006309719756245613,6
seed_126,NR-Aromatase,273,142,0.006302059628069401,2
seed_126,NR-Aromatase,260,143,0.006288532633334398,5
seed_126,NR-Aromatase,126,144,0.006286787334829569,10
seed_126,NR-Aromatase,79,145,0.006279261317104101,9
seed_126,NR-Aromatase,220,146,0.006222795229405165,2
seed_126,NR-Aromatase,180,147,0.0062054721638560295,5
seed_126,NR-Aromatase,124,148,0.006135842762887478,4
seed_126,NR-Aromatase,80,149,0.006058905739337206,8
seed_126,NR-Aromatase,286,150,0.006050408817827702,2
seed_126,NR-Aromatase,165,151,0.006028444971889257,4
seed_126,NR-Aromatase,87,152,0.006017601117491722,4
seed_126,NR-Aromatase,237,153,0.006003925111144781,2
seed_126,NR-Aromatase,27,154,0.00592948729172349,8
seed_126,NR-Aromatase,267,155,0.005851383320987225,2
seed_126,NR-Aromatase,68,156,0.005813866853713989,2
seed_126,NR-Aromatase,298,157,0.005722379311919212,4
seed_126,NR-Aromatase,259,158,0.00566597655415535,2
seed_126,NR-Aromatase,45,159,0.005657735746353865,8
seed_126,NR-Aromatase,254,160,0.005590186920017004,2
seed_126,NR-Aromatase,114,161,0.005576895549893379,7
seed_126,NR-Aromatase,118,162,0.0055444370955228806,4
seed_126,NR-Aromatase,292,163,0.0055336719378829,3
seed_126,NR-Aromatase,59,164,0.0054909419268369675,8
seed_126,NR-Aromatase,144,165,0.00546586699783802,7
seed_126,NR-Aromatase,178,166,0.005462063010782003,2
seed_126,NR-Aromatase,262,167,0.005439783446490765,3
seed_126,NR-Aromatase,257,168,0.0054296632297337055,8
seed_126,NR-Aromatase,242,169,0.005406662821769714,6
seed_126,NR-Aromatase,282,170,0.005336451809853315,3
seed_126,NR-Aromatase,36,171,0.005272386129945517,7
seed_126,NR-Aromatase,154,172,0.005266215652227402,5
seed_126,NR-Aromatase,25,173,0.005255515221506357,8
seed_126,NR-Aromatase,187,174,0.0052047851495444775,3
seed_126,NR-Aromatase,82,175,0.005185319110751152,4
seed_126,NR-Aromatase,275,176,0.005129110533744097,2
seed_126,NR-Aromatase,235,177,0.005128724500536919,5
seed_126,NR-Aromatase,299,178,0.005115524400025606,7
seed_126,NR-Aromatase,12,179,0.005115200765430927,6
seed_126,NR-Aromatase,78,180,0.005069403443485498,5
seed_126,NR-Aromatase,20,181,0.005066844634711742,4
seed_126,NR-Aromatase,99,182,0.005059751216322184,7
seed_126,NR-Aromatase,77,183,0.005056135822087526,5
seed_126,NR-Aromatase,143,184,0.0050393580459058285,5
seed_126,NR-Aromatase,111,185,0.005014893598854542,5
seed_126,NR-Aromatase,174,186,0.005011782981455326,2
seed_126,NR-Aromatase,188,187,0.005011406261473894,2
seed_126,NR-Aromatase,97,188,0.004981246776878834,2
seed_126,NR-Aromatase,239,189,0.004979661200195551,3
seed_126,NR-Aromatase,204,190,0.004977620206773281,7
seed_126,NR-Aromatase,109,191,0.004974068608134985,7
seed_126,NR-Aromatase,142,192,0.0049718329682946205,3
seed_126,NR-Aromatase,251,193,0.004941279534250498,3
seed_126,NR-Aromatase,229,194,0.00491099338978529,7
seed_126,NR-Aromatase,194,195,0.004906912799924612,3
seed_126,NR-Aromatase,106,196,0.004875317681580782,4
seed_126,NR-Aromatase,30,197,0.004864713177084923,5
seed_126,NR-Aromatase,89,198,0.004819483496248722,3
seed_126,NR-Aromatase,264,199,0.004808761179447174,3
seed_126,NR-Aromatase,47,200,0.004753852728754282,4
seed_126,NR-Aromatase,225,201,0.004750446416437626,6
seed_126,NR-Aromatase,130,202,0.0047420477494597435,4
seed_126,NR-Aromatase,228,203,0.0047127665020525455,4
seed_126,NR-Aromatase,221,204,0.0046862890012562275,6
seed_126,NR-Aromatase,288,205,0.004578614141792059,2
seed_126,NR-Aromatase,146,206,0.0045308517292141914,5
seed_126,NR-Aromatase,238,207,0.004493865184485912,1
seed_126,NR-Aromatase,196,208,0.004438675940036774,4
seed_126,NR-Aromatase,173,209,0.004345740657299757,4
seed_126,NR-Aromatase,270,210,0.004333693068474531,4
seed_126,NR-Aromatase,19,211,0.004320006351917982,4
seed_126,NR-Aromatase,295,212,0.004300405737012625,2
seed_126,NR-Aromatase,244,213,0.004246620461344719,1
seed_126,NR-Aromatase,175,214,0.0042064557783305645,9
seed_126,NR-Aromatase,115,215,0.004206018056720495,4
seed_126,NR-Aromatase,133,216,0.004190037492662668,6
seed_126,NR-Aromatase,185,217,0.004147738683968782,3
seed_126,NR-Aromatase,249,218,0.004126617219299078,3
seed_126,NR-Aromatase,103,219,0.004100264981389046,3
seed_126,NR-Aromatase,34,220,0.00409635528922081,5
seed_126,NR-Aromatase,35,221,0.004088591318577528,4
seed_126,NR-Aromatase,65,222,0.004076622426509857,3
seed_126,NR-Aromatase,85,223,0.0040476880967617035,3
seed_126,NR-Aromatase,297,224,0.0040441714227199554,1
seed_126,NR-Aromatase,153,225,0.004032192751765251,2
seed_126,NR-Aromatase,184,226,0.004010622855275869,7
seed_126,NR-Aromatase,289,227,0.003989395685493946,2
seed_126,NR-Aromatase,291,228,0.0039786696434021,2
seed_126,NR-Aromatase,156,229,0.003969882614910603,2
seed_126,NR-Aromatase,294,230,0.003944844473153353,2
seed_126,NR-Aromatase,224,231,0.0039308322593569756,2
seed_126,NR-Aromatase,182,232,0.0039023873396217823,2
seed_126,NR-Aromatase,206,233,0.003855192568153143,4
seed_126,NR-Aromatase,138,234,0.0038452574517577887,3
seed_126,NR-Aromatase,201,235,0.003764734836295247,4
seed_126,NR-Aromatase,41,236,0.003732976969331503,2
seed_126,NR-Aromatase,119,237,0.003724281908944249,2
seed_126,NR-Aromatase,191,238,0.0037217542994767427,2
seed_126,NR-Aromatase,246,239,0.0036083823069930077,3
seed_126,NR-Aromatase,202,240,0.003530842252075672,3
seed_126,NR-Aromatase,248,241,0.0034923157654702663,2
seed_126,NR-Aromatase,181,242,0.0034890740644186735,4
seed_126,NR-Aromatase,155,243,0.0034742518328130245,3
seed_126,NR-Aromatase,149,244,0.0034422569442540407,2
seed_126,NR-Aromatase,207,245,0.003394668223336339,2
seed_126,NR-Aromatase,186,246,0.0033874069340527058,3
seed_126,NR-Aromatase,171,247,0.003364713629707694,2
seed_126,NR-Aromatase,277,248,0.003336861729621887,1
seed_126,NR-Aromatase,101,249,0.0033308714628219604,3
seed_126,NR-Aromatase,105,250,0.0033308358397334814,3
seed_126,NR-Aromatase,163,251,0.0033255387097597122,3
seed_126,NR-Aromatase,197,252,0.003311975160613656,3
seed_126,NR-Aromatase,61,253,0.00326928892172873,6
seed_126,NR-Aromatase,88,254,0.0031928971875458956,4
seed_126,NR-Aromatase,17,255,0.003180754603818059,5
seed_126,NR-Aromatase,172,256,0.003144289832562208,4
seed_126,NR-Aromatase,283,257,0.0031172381713986397,2
seed_126,NR-Aromatase,274,258,0.0030850893817842007,2
seed_126,NR-Aromatase,223,259,0.0030541664455085993,2
seed_126,NR-Aromatase,125,260,0.0030336203053593636,3
seed_126,NR-Aromatase,250,261,0.003024559235200286,4
seed_126,NR-Aromatase,261,262,0.002942053135484457,3
seed_126,NR-Aromatase,243,263,0.002925915876403451,2
seed_126,NR-Aromatase,284,264,0.002921714913100004,2
seed_126,NR-Aromatase,38,265,0.0029141984414309263,4
seed_126,NR-Aromatase,11,266,0.0029016220942139626,2
seed_126,NR-Aromatase,120,267,0.0028640558011829853,5
seed_126,NR-Aromatase,218,268,0.002858399413526058,3
seed_126,NR-Aromatase,158,269,0.00283425091765821,3
seed_126,NR-Aromatase,152,270,0.0028285880107432604,3
seed_126,NR-Aromatase,127,271,0.002769808517768979,4
seed_126,NR-Aromatase,203,272,0.002756045665591955,4
seed_126,NR-Aromatase,266,273,0.0027559231966733932,1
seed_126,NR-Aromatase,252,274,0.002733336528763175,4
seed_126,NR-Aromatase,164,275,0.002649987582117319,2
seed_126,NR-Aromatase,161,276,0.002636452903971076,2
seed_126,NR-Aromatase,227,277,0.0026052091270685196,3
seed_126,NR-Aromatase,134,278,0.002599324332550168,3
seed_126,NR-Aromatase,137,279,0.002463528187945485,2
seed_126,NR-Aromatase,151,280,0.0023720520548522472,2
seed_126,NR-Aromatase,141,281,0.002331202384084463,2
seed_126,NR-Aromatase,50,282,0.0023162055294960737,3
seed_126,NR-Aromatase,214,283,0.0023154134396463633,2
seed_126,NR-Aromatase,236,284,0.002156329806894064,3
seed_126,NR-Aromatase,279,285,0.002137595321983099,2
seed_126,NR-Aromatase,60,286,0.002118350937962532,3
seed_126,NR-Aromatase,256,287,0.0021097504068166018,2
seed_126,NR-Aromatase,232,288,0.0021021340508013964,2
seed_126,NR-Aromatase,215,289,0.0020564617589116096,4
seed_126,NR-Aromatase,76,290,0.0020353917498141527,2
seed_126,NR-Aromatase,255,291,0.0018875886453315616,2
seed_126,NR-Aromatase,293,292,0.0018159386236220598,3
seed_126,NR-Aromatase,234,293,0.0014702404150739312,2
seed_126,NR-Aromatase,265,294,0.001381460577249527,1
seed_126,NR-Aromatase,159,295,0.0013491098070517182,2
seed_126,NR-Aromatase,131,296,0.001089588738977909,2
seed_126,NR-Aromatase,240,297,0.0010241363197565079,1
seed_126,NR-Aromatase,272,298,0.0008499721297994256,1
seed_126,NR-Aromatase,281,299,0.0002559575659688562,1
seed_126,NR-PPAR-gamma,93,0,0.11334804445505142,16
seed_126,NR-PPAR-gamma,168,1,0.11330978572368622,79
seed_126,NR-PPAR-gamma,63,2,0.10438182950019836,51
seed_126,NR-PPAR-gamma,74,3,0.08823399245738983,19
seed_126,NR-PPAR-gamma,23,4,0.08814436197280884,30
seed_126,NR-PPAR-gamma,128,5,0.08621103316545486,42
seed_126,NR-PPAR-gamma,46,6,0.08531085401773453,13
seed_126,NR-PPAR-gamma,39,7,0.08522122353315353,9
seed_126,NR-PPAR-gamma,29,8,0.08032801747322083,39
seed_126,NR-PPAR-gamma,6,9,0.07896653562784195,18
seed_126,NR-PPAR-gamma,112,10,0.07877376675605774,10
seed_126,NR-PPAR-gamma,0,11,0.07853222638368607,20
seed_126,NR-PPAR-gamma,42,12,0.0748380497097969,5
seed_126,NR-PPAR-gamma,228,13,0.07460445165634155,4
seed_126,NR-PPAR-gamma,15,14,0.07222623378038406,26
seed_126,NR-PPAR-gamma,140,15,0.07207152992486954,19
seed_126,NR-PPAR-gamma,7,16,0.0706048309803009,33
seed_126,NR-PPAR-gamma,219,17,0.07002975046634674,16
seed_126,NR-PPAR-gamma,33,18,0.0696348249912262,17
seed_126,NR-PPAR-gamma,136,19,0.06914921849966049,18
seed_126,NR-PPAR-gamma,92,20,0.06671248376369476,21
seed_126,NR-PPAR-gamma,81,21,0.06599625945091248,19
seed_126,NR-PPAR-gamma,139,22,0.06572803854942322,12
seed_126,NR-PPAR-gamma,190,23,0.06495794653892517,13
seed_126,NR-PPAR-gamma,75,24,0.06486360728740692,13
seed_126,NR-PPAR-gamma,52,25,0.06438793987035751,16
seed_126,NR-PPAR-gamma,22,26,0.06409204006195068,13
seed_126,NR-PPAR-gamma,129,27,0.06393828988075256,9
seed_126,NR-PPAR-gamma,145,28,0.06353795528411865,17
seed_126,NR-PPAR-gamma,83,29,0.0634816512465477,9
seed_126,NR-PPAR-gamma,66,30,0.062454063445329666,13
seed_126,NR-PPAR-gamma,67,31,0.06238894909620285,16
seed_126,NR-PPAR-gamma,31,32,0.06218987703323364,20
seed_126,NR-PPAR-gamma,49,33,0.06191159412264824,17
seed_126,NR-PPAR-gamma,121,34,0.061387673020362854,7
seed_126,NR-PPAR-gamma,10,35,0.06030452623963356,17
seed_126,NR-PPAR-gamma,17,36,0.060272298753261566,5
seed_126,NR-PPAR-gamma,2,37,0.05946158990263939,14
seed_126,NR-PPAR-gamma,62,38,0.05874799191951752,24
seed_126,NR-PPAR-gamma,72,39,0.05869405344128609,15
seed_126,NR-PPAR-gamma,59,40,0.05855042487382889,8
seed_126,NR-PPAR-gamma,69,41,0.058527424931526184,8
seed_126,NR-PPAR-gamma,195,42,0.05845725163817406,11
seed_126,NR-PPAR-gamma,24,43,0.058118678629398346,21
seed_126,NR-PPAR-gamma,56,44,0.058067698031663895,17
seed_126,NR-PPAR-gamma,117,45,0.057974886149168015,7
seed_126,NR-PPAR-gamma,110,46,0.05795884504914284,20
seed_126,NR-PPAR-gamma,70,47,0.05760008096694946,27
seed_126,NR-PPAR-gamma,218,48,0.057204678654670715,3
seed_126,NR-PPAR-gamma,215,49,0.05646713450551033,4
seed_126,NR-PPAR-gamma,221,50,0.05528061464428902,6
seed_126,NR-PPAR-gamma,299,51,0.05437302216887474,7
seed_126,NR-PPAR-gamma,34,52,0.05425003170967102,5
seed_126,NR-PPAR-gamma,86,53,0.054110825061798096,9
seed_126,NR-PPAR-gamma,18,54,0.05398247390985489,4
seed_126,NR-PPAR-gamma,166,55,0.053921185433864594,6
seed_126,NR-PPAR-gamma,148,56,0.053841665387153625,14
seed_126,NR-PPAR-gamma,245,57,0.053757235407829285,15
seed_126,NR-PPAR-gamma,178,58,0.05350451171398163,2
seed_126,NR-PPAR-gamma,3,59,0.053428519517183304,6
seed_126,NR-PPAR-gamma,57,60,0.05320167541503906,9
seed_126,NR-PPAR-gamma,298,61,0.05293259024620056,4
seed_126,NR-PPAR-gamma,254,62,0.05277195945382118,2
seed_126,NR-PPAR-gamma,116,63,0.05222253501415253,3
seed_126,NR-PPAR-gamma,123,64,0.05220935866236687,11
seed_126,NR-PPAR-gamma,211,65,0.052013594657182693,13
seed_126,NR-PPAR-gamma,36,66,0.05194084718823433,7
seed_126,NR-PPAR-gamma,165,67,0.051469895988702774,4
seed_126,NR-PPAR-gamma,73,68,0.050886232405900955,16
seed_126,NR-PPAR-gamma,54,69,0.050462305545806885,5
seed_126,NR-PPAR-gamma,258,70,0.05004461482167244,3
seed_126,NR-PPAR-gamma,146,71,0.04984933137893677,5
seed_126,NR-PPAR-gamma,152,72,0.049753494560718536,3
seed_126,NR-PPAR-gamma,147,73,0.04932853579521179,16
seed_126,NR-PPAR-gamma,181,74,0.0492960661649704,4
seed_126,NR-PPAR-gamma,189,75,0.04923371598124504,9
seed_126,NR-PPAR-gamma,21,76,0.04903511330485344,13
seed_126,NR-PPAR-gamma,80,77,0.04844161123037338,8
seed_126,NR-PPAR-gamma,242,78,0.04805956408381462,6
seed_126,NR-PPAR-gamma,64,79,0.047849129885435104,7
seed_126,NR-PPAR-gamma,40,80,0.04762177914381027,6
seed_126,NR-PPAR-gamma,109,81,0.04727020114660263,7
seed_126,NR-PPAR-gamma,280,82,0.046606987714767456,3
seed_126,NR-PPAR-gamma,196,83,0.046474091708660126,4
seed_126,NR-PPAR-gamma,200,84,0.04645923897624016,8
seed_126,NR-PPAR-gamma,251,85,0.046251364052295685,3
seed_126,NR-PPAR-gamma,113,86,0.046155184507369995,13
seed_126,NR-PPAR-gamma,297,87,0.04613006114959717,1
seed_126,NR-PPAR-gamma,160,88,0.04610917344689369,11
seed_126,NR-PPAR-gamma,71,89,0.0451061837375164,11
seed_126,NR-PPAR-gamma,126,90,0.044957540929317474,10
seed_126,NR-PPAR-gamma,269,91,0.04472855478525162,4
seed_126,NR-PPAR-gamma,84,92,0.044667672365903854,15
seed_126,NR-PPAR-gamma,48,93,0.04451240599155426,7
seed_126,NR-PPAR-gamma,233,94,0.04417591542005539,6
seed_126,NR-PPAR-gamma,108,95,0.044004060328006744,14
seed_126,NR-PPAR-gamma,27,96,0.043933942914009094,8
seed_126,NR-PPAR-gamma,175,97,0.043927695602178574,9
seed_126,NR-PPAR-gamma,257,98,0.04392153024673462,8
seed_126,NR-PPAR-gamma,85,99,0.043737128376960754,3
seed_126,NR-PPAR-gamma,13,100,0.04367873817682266,6
seed_126,NR-PPAR-gamma,32,101,0.04330544173717499,8
seed_126,NR-PPAR-gamma,12,102,0.04318840056657791,6
seed_126,NR-PPAR-gamma,102,103,0.04310552030801773,6
seed_126,NR-PPAR-gamma,183,104,0.04289635270833969,7
seed_126,NR-PPAR-gamma,290,105,0.04275359585881233,10
seed_126,NR-PPAR-gamma,51,106,0.04268617555499077,10
seed_126,NR-PPAR-gamma,208,107,0.04267203435301781,3
seed_126,NR-PPAR-gamma,169,108,0.042609669268131256,8
seed_126,NR-PPAR-gamma,198,109,0.04210697114467621,3
seed_126,NR-PPAR-gamma,276,110,0.04206852987408638,8
seed_126,NR-PPAR-gamma,16,111,0.04194135218858719,4
seed_126,NR-PPAR-gamma,134,112,0.04188479110598564,3
seed_126,NR-PPAR-gamma,142,113,0.04184452444314957,3
seed_126,NR-PPAR-gamma,99,114,0.0416921004652977,7
seed_126,NR-PPAR-gamma,206,115,0.041386254131793976,4
seed_126,NR-PPAR-gamma,107,116,0.041043367236852646,6
seed_126,NR-PPAR-gamma,4,117,0.040741682052612305,9
seed_126,NR-PPAR-gamma,45,118,0.040734559297561646,8
seed_126,NR-PPAR-gamma,229,119,0.04063848778605461,7
seed_126,NR-PPAR-gamma,118,120,0.04058931767940521,4
seed_126,NR-PPAR-gamma,58,121,0.04040033370256424,10
seed_126,NR-PPAR-gamma,171,122,0.04030304402112961,2
seed_126,NR-PPAR-gamma,26,123,0.03977173566818237,4
seed_126,NR-PPAR-gamma,78,124,0.03969957306981087,5
seed_126,NR-PPAR-gamma,1,125,0.03953088819980621,6
seed_126,NR-PPAR-gamma,177,126,0.03940468281507492,4
seed_126,NR-PPAR-gamma,263,127,0.03931659832596779,6
seed_126,NR-PPAR-gamma,61,128,0.03879774361848831,6
seed_126,NR-PPAR-gamma,201,129,0.038713738322257996,4
seed_126,NR-PPAR-gamma,144,130,0.03824189677834511,7
seed_126,NR-PPAR-gamma,77,131,0.03814880549907684,5
seed_126,NR-PPAR-gamma,120,132,0.03806585073471069,5
seed_126,NR-PPAR-gamma,37,133,0.03803195059299469,7
seed_126,NR-PPAR-gamma,119,134,0.03781959041953087,2
seed_126,NR-PPAR-gamma,283,135,0.037737563252449036,2
seed_126,NR-PPAR-gamma,277,136,0.037019941955804825,1
seed_126,NR-PPAR-gamma,43,137,0.03695657476782799,9
seed_126,NR-PPAR-gamma,261,138,0.03682496026158333,3
seed_126,NR-PPAR-gamma,247,139,0.03681770712137222,4
seed_126,NR-PPAR-gamma,163,140,0.036710821092128754,3
seed_126,NR-PPAR-gamma,44,141,0.03634904325008392,3
seed_126,NR-PPAR-gamma,274,142,0.03604201227426529,2
seed_126,NR-PPAR-gamma,296,143,0.03587256744503975,10
seed_126,NR-PPAR-gamma,167,144,0.03583204373717308,6
seed_126,NR-PPAR-gamma,287,145,0.03575582802295685,8
seed_126,NR-PPAR-gamma,194,146,0.03547434136271477,3
seed_126,NR-PPAR-gamma,115,147,0.03532366082072258,4
seed_126,NR-PPAR-gamma,270,148,0.03517521545290947,4
seed_126,NR-PPAR-gamma,186,149,0.03513980284333229,3
seed_126,NR-PPAR-gamma,268,150,0.03507097065448761,4
seed_126,NR-PPAR-gamma,53,151,0.034784186631441116,6
seed_126,NR-PPAR-gamma,135,152,0.0345163457095623,9
seed_126,NR-PPAR-gamma,252,153,0.03449937701225281,4
seed_126,NR-PPAR-gamma,202,154,0.03441404923796654,3
seed_126,NR-PPAR-gamma,231,155,0.03435702994465828,8
seed_126,NR-PPAR-gamma,292,156,0.0342797227203846,3
seed_126,NR-PPAR-gamma,235,157,0.03398702293634415,5
seed_126,NR-PPAR-gamma,138,158,0.03388691321015358,3
seed_126,NR-PPAR-gamma,284,159,0.033877987414598465,2
seed_126,NR-PPAR-gamma,222,160,0.03385208547115326,4
seed_126,NR-PPAR-gamma,143,161,0.03379254788160324,5
seed_126,NR-PPAR-gamma,157,162,0.03359821438789368,2
seed_126,NR-PPAR-gamma,14,163,0.03328142315149307,5
seed_126,NR-PPAR-gamma,30,164,0.03312608227133751,5
seed_126,NR-PPAR-gamma,50,165,0.03305603191256523,3
seed_126,NR-PPAR-gamma,232,166,0.03282363340258598,2
seed_126,NR-PPAR-gamma,127,167,0.03277577832341194,4
seed_126,NR-PPAR-gamma,260,168,0.03272971138358116,5
seed_126,NR-PPAR-gamma,210,169,0.03258076310157776,6
seed_126,NR-PPAR-gamma,55,170,0.03247206658124924,6
seed_126,NR-PPAR-gamma,273,171,0.031923070549964905,2
seed_126,NR-PPAR-gamma,65,172,0.03187449648976326,3
seed_126,NR-PPAR-gamma,249,173,0.031871262937784195,3
seed_126,NR-PPAR-gamma,76,174,0.031717073172330856,2
seed_126,NR-PPAR-gamma,185,175,0.031461600214242935,3
seed_126,NR-PPAR-gamma,259,176,0.031415726989507675,2
seed_126,NR-PPAR-gamma,271,177,0.031233875080943108,3
seed_126,NR-PPAR-gamma,122,178,0.03108130395412445,6
seed_126,NR-PPAR-gamma,204,179,0.030275052413344383,7
seed_126,NR-PPAR-gamma,87,180,0.030117470771074295,4
seed_126,NR-PPAR-gamma,47,181,0.029931968078017235,4
seed_126,NR-PPAR-gamma,133,182,0.029780039563775063,6
seed_126,NR-PPAR-gamma,25,183,0.029606996104121208,8
seed_126,NR-PPAR-gamma,28,184,0.029580939561128616,7
seed_126,NR-PPAR-gamma,179,185,0.029570898041129112,3
seed_126,NR-PPAR-gamma,262,186,0.029539968818426132,3
seed_126,NR-PPAR-gamma,279,187,0.029424600303173065,2
seed_126,NR-PPAR-gamma,19,188,0.029411569237709045,4
seed_126,NR-PPAR-gamma,239,189,0.029363593086600304,3
seed_126,NR-PPAR-gamma,295,190,0.029285021126270294,2
seed_126,NR-PPAR-gamma,193,191,0.028916731476783752,9
seed_126,NR-PPAR-gamma,188,192,0.028557587414979935,2
seed_126,NR-PPAR-gamma,184,193,0.028411902487277985,7
seed_126,NR-PPAR-gamma,158,194,0.02817484550178051,3
seed_126,NR-PPAR-gamma,159,195,0.027900470420718193,2
seed_126,NR-PPAR-gamma,95,196,0.027776924893260002,4
seed_126,NR-PPAR-gamma,227,197,0.027766535058617592,3
seed_126,NR-PPAR-gamma,68,198,0.0277621578425169,2
seed_126,NR-PPAR-gamma,172,199,0.027667805552482605,4
seed_126,NR-PPAR-gamma,38,200,0.027010561898350716,4
seed_126,NR-PPAR-gamma,256,201,0.02690287120640278,2
seed_126,NR-PPAR-gamma,137,202,0.026808680966496468,2
seed_126,NR-PPAR-gamma,293,203,0.02650458551943302,3
seed_126,NR-PPAR-gamma,35,204,0.026187745854258537,4
seed_126,NR-PPAR-gamma,124,205,0.02617204748094082,4
seed_126,NR-PPAR-gamma,212,206,0.026094011962413788,7
seed_126,NR-PPAR-gamma,88,207,0.025729017332196236,4
seed_126,NR-PPAR-gamma,288,208,0.02559865266084671,2
seed_126,NR-PPAR-gamma,209,209,0.02550940029323101,7
seed_126,NR-PPAR-gamma,20,210,0.024827977642416954,4
seed_126,NR-PPAR-gamma,203,211,0.02450723387300968,4
seed_126,NR-PPAR-gamma,154,212,0.02432350441813469,5
seed_126,NR-PPAR-gamma,130,213,0.023995105177164078,4
seed_126,NR-PPAR-gamma,192,214,0.023854298517107964,3
seed_126,NR-PPAR-gamma,187,215,0.023725600913167,3
seed_126,NR-PPAR-gamma,264,216,0.023560604080557823,3
seed_126,NR-PPAR-gamma,9,217,0.02345341071486473,3
seed_126,NR-PPAR-gamma,132,218,0.02342633530497551,2
seed_126,NR-PPAR-gamma,207,219,0.023280244320631027,2
seed_126,NR-PPAR-gamma,79,220,0.022777410224080086,9
seed_126,NR-PPAR-gamma,191,221,0.02271437831223011,2
seed_126,NR-PPAR-gamma,223,222,0.022667769342660904,2
seed_126,NR-PPAR-gamma,105,223,0.02261381410062313,3
seed_126,NR-PPAR-gamma,156,224,0.022604869678616524,2
seed_126,NR-PPAR-gamma,180,225,0.022463368251919746,5
seed_126,NR-PPAR-gamma,106,226,0.0223806481808424,4
seed_126,NR-PPAR-gamma,8,227,0.02237587608397007,6
seed_126,NR-PPAR-gamma,213,228,0.022263232618570328,4
seed_126,NR-PPAR-gamma,241,229,0.021756932139396667,3
seed_126,NR-PPAR-gamma,275,230,0.021639680489897728,2
seed_126,NR-PPAR-gamma,162,231,0.021434884518384933,3
seed_126,NR-PPAR-gamma,91,232,0.021328259259462357,6
seed_126,NR-PPAR-gamma,96,233,0.02098182402551174,5
seed_126,NR-PPAR-gamma,291,234,0.02097681351006031,2
seed_126,NR-PPAR-gamma,98,235,0.020856115967035294,2
seed_126,NR-PPAR-gamma,267,236,0.020673761144280434,2
seed_126,NR-PPAR-gamma,5,237,0.020583340898156166,4
seed_126,NR-PPAR-gamma,240,238,0.02019384689629078,1
seed_126,NR-PPAR-gamma,90,239,0.019985487684607506,6
seed_126,NR-PPAR-gamma,155,240,0.019935565069317818,3
seed_126,NR-PPAR-gamma,243,241,0.019895143806934357,2
seed_126,NR-PPAR-gamma,11,242,0.019818389788269997,2
seed_126,NR-PPAR-gamma,285,243,0.019806019961833954,1
seed_126,NR-PPAR-gamma,104,244,0.019599877297878265,4
seed_126,NR-PPAR-gamma,174,245,0.01949840597808361,2
seed_126,NR-PPAR-gamma,250,246,0.01888131909072399,4
seed_126,NR-PPAR-gamma,230,247,0.018620464950799942,3
seed_126,NR-PPAR-gamma,225,248,0.018583744764328003,6
seed_126,NR-PPAR-gamma,248,249,0.01812600903213024,2
seed_126,NR-PPAR-gamma,205,250,0.018049195408821106,3
seed_126,NR-PPAR-gamma,114,251,0.01800728030502796,7
seed_126,NR-PPAR-gamma,217,252,0.017997894436120987,4
seed_126,NR-PPAR-gamma,216,253,0.017849626019597054,2
seed_126,NR-PPAR-gamma,101,254,0.01772496849298477,3
seed_126,NR-PPAR-gamma,125,255,0.017586298286914825,3
seed_126,NR-PPAR-gamma,236,256,0.017517749220132828,3
seed_126,NR-PPAR-gamma,111,257,0.017287645488977432,5
seed_126,NR-PPAR-gamma,89,258,0.017096860334277153,3
seed_126,NR-PPAR-gamma,265,259,0.017065484076738358,1
seed_126,NR-PPAR-gamma,60,260,0.016997801139950752,3
seed_126,NR-PPAR-gamma,173,261,0.016779202967882156,4
seed_126,NR-PPAR-gamma,255,262,0.01663302257657051,2
seed_126,NR-PPAR-gamma,289,263,0.016487829387187958,2
seed_126,NR-PPAR-gamma,224,264,0.016349975019693375,2
seed_126,NR-PPAR-gamma,164,265,0.016214076429605484,2
seed_126,NR-PPAR-gamma,170,266,0.016161933541297913,6
seed_126,NR-PPAR-gamma,131,267,0.01614694483578205,2
seed_126,NR-PPAR-gamma,103,268,0.01572703942656517,3
seed_126,NR-PPAR-gamma,151,269,0.015420662239193916,2
seed_126,NR-PPAR-gamma,199,270,0.015145002864301205,2
seed_126,NR-PPAR-gamma,41,271,0.015099544078111649,2
seed_126,NR-PPAR-gamma,176,272,0.015074672177433968,5
seed_126,NR-PPAR-gamma,282,273,0.013938569463789463,3
seed_126,NR-PPAR-gamma,82,274,0.013854587450623512,4
seed_126,NR-PPAR-gamma,272,275,0.013743555173277855,1
seed_126,NR-PPAR-gamma,141,276,0.01252737082540989,2
seed_126,NR-PPAR-gamma,253,277,0.012462940998375416,1
seed_126,NR-PPAR-gamma,244,278,0.012020058929920197,1
seed_126,NR-PPAR-gamma,238,279,0.011724894866347313,1
seed_126,NR-PPAR-gamma,246,280,0.011643647216260433,3
seed_126,NR-PPAR-gamma,266,281,0.011539788916707039,1
seed_126,NR-PPAR-gamma,197,282,0.010775431990623474,3
seed_126,NR-PPAR-gamma,149,283,0.010702901519834995,2
seed_126,NR-PPAR-gamma,286,284,0.010545565746724606,2
seed_126,NR-PPAR-gamma,97,285,0.010545323602855206,2
seed_126,NR-PPAR-gamma,94,286,0.010340255685150623,2
seed_126,NR-PPAR-gamma,226,287,0.010335011407732964,2
seed_126,NR-PPAR-gamma,161,288,0.010018859058618546,2
seed_126,NR-PPAR-gamma,237,289,0.009255144745111465,2
seed_126,NR-PPAR-gamma,150,290,0.00923021137714386,3
seed_126,NR-PPAR-gamma,153,291,0.009229697287082672,2
seed_126,NR-PPAR-gamma,234,292,0.008631374686956406,2
seed_126,NR-PPAR-gamma,100,293,0.008033284917473793,3
seed_126,NR-PPAR-gamma,294,294,0.007847924716770649,2
seed_126,NR-PPAR-gamma,182,295,0.0071381693705916405,2
seed_126,NR-PPAR-gamma,220,296,0.006254986859858036,2
seed_126,NR-PPAR-gamma,278,297,0.006055252160876989,2
seed_126,NR-PPAR-gamma,214,298,0.0026175728999078274,2
seed_126,NR-PPAR-gamma,281,299,0.0022717821411788464,1
seed_126,SR-HSE,168,0,0.0194180216640234,79
seed_126,SR-HSE,63,1,0.018728669732809067,51
seed_126,SR-HSE,128,2,0.016928723081946373,42
seed_126,SR-HSE,245,3,0.014829638414084911,15
seed_126,SR-HSE,86,4,0.014702416956424713,9
seed_126,SR-HSE,15,5,0.014594928361475468,26
seed_126,SR-HSE,7,6,0.014227628707885742,33
seed_126,SR-HSE,62,7,0.01235478837043047,24
seed_126,SR-HSE,31,8,0.012147441506385803,20
seed_126,SR-HSE,29,9,0.012118917889893055,39
seed_126,SR-HSE,93,10,0.012043538503348827,16
seed_126,SR-HSE,140,11,0.011899991892278194,19
seed_126,SR-HSE,169,12,0.01153878215700388,8
seed_126,SR-HSE,42,13,0.011527985334396362,5
seed_126,SR-HSE,195,14,0.011224761605262756,11
seed_126,SR-HSE,81,15,0.011200523935258389,19
seed_126,SR-HSE,290,16,0.011146733537316322,10
seed_126,SR-HSE,129,17,0.010701478458940983,9
seed_126,SR-HSE,24,18,0.010647098533809185,21
seed_126,SR-HSE,52,19,0.010466180741786957,16
seed_126,SR-HSE,147,20,0.010390380397439003,16
seed_126,SR-HSE,23,21,0.010248672217130661,30
seed_126,SR-HSE,67,22,0.010130682960152626,16
seed_126,SR-HSE,66,23,0.009751087985932827,13
seed_126,SR-HSE,70,24,0.009718984365463257,27
seed_126,SR-HSE,56,25,0.009600909426808357,17
seed_126,SR-HSE,124,26,0.009587882086634636,4
seed_126,SR-HSE,173,27,0.009568060748279095,4
seed_126,SR-HSE,75,28,0.009558582678437233,13
seed_126,SR-HSE,74,29,0.00951098371297121,19
seed_126,SR-HSE,64,30,0.009401530958712101,7
seed_126,SR-HSE,19,31,0.009335123002529144,4
seed_126,SR-HSE,120,32,0.009334461763501167,5
seed_126,SR-HSE,83,33,0.009325900115072727,9
seed_126,SR-HSE,49,34,0.00922962836921215,17
seed_126,SR-HSE,135,35,0.009012951515614986,9
seed_126,SR-HSE,46,36,0.009009599685668945,13
seed_126,SR-HSE,0,37,0.008969801478087902,20
seed_126,SR-HSE,217,38,0.00889638438820839,4
seed_126,SR-HSE,22,39,0.008738241158425808,13
seed_126,SR-HSE,167,40,0.008646510541439056,6
seed_126,SR-HSE,21,41,0.008610403165221214,13
seed_126,SR-HSE,39,42,0.00858512707054615,9
seed_126,SR-HSE,200,43,0.008522456511855125,8
seed_126,SR-HSE,136,44,0.008503238670527935,18
seed_126,SR-HSE,110,45,0.008449060842394829,20
seed_126,SR-HSE,57,46,0.008348160423338413,9
seed_126,SR-HSE,6,47,0.008301801979541779,18
seed_126,SR-HSE,276,48,0.008274263702332973,8
seed_126,SR-HSE,33,49,0.008198629133403301,17
seed_126,SR-HSE,2,50,0.00819646567106247,14
seed_126,SR-HSE,92,51,0.0081016318872571,21
seed_126,SR-HSE,163,52,0.008055518381297588,3
seed_126,SR-HSE,43,53,0.008042089641094208,9
seed_126,SR-HSE,40,54,0.008032971061766148,6
seed_126,SR-HSE,231,55,0.008008690550923347,8
seed_126,SR-HSE,17,56,0.00796019658446312,5
seed_126,SR-HSE,184,57,0.00795646384358406,7
seed_126,SR-HSE,18,58,0.007956434041261673,4
seed_126,SR-HSE,271,59,0.007954590953886509,3
seed_126,SR-HSE,79,60,0.007896321825683117,9
seed_126,SR-HSE,80,61,0.007850565947592258,8
seed_126,SR-HSE,121,62,0.007798113860189915,7
seed_126,SR-HSE,108,63,0.007727483753114939,14
seed_126,SR-HSE,113,64,0.007726114243268967,13
seed_126,SR-HSE,190,65,0.007716962601989508,13
seed_126,SR-HSE,139,66,0.00765687320381403,12
seed_126,SR-HSE,233,67,0.00763910124078393,6
seed_126,SR-HSE,127,68,0.007615220732986927,4
seed_126,SR-HSE,287,69,0.007585751358419657,8
seed_126,SR-HSE,185,70,0.0075680892914533615,3
seed_126,SR-HSE,36,71,0.00756278820335865,7
seed_126,SR-HSE,145,72,0.0074731395579874516,17
seed_126,SR-HSE,72,73,0.007452406454831362,15
seed_126,SR-HSE,126,74,0.007442535366863012,10
seed_126,SR-HSE,211,75,0.007405659183859825,13
seed_126,SR-HSE,122,76,0.007369928061962128,6
seed_126,SR-HSE,219,77,0.007365135475993156,16
seed_126,SR-HSE,61,78,0.007362766191363335,6
seed_126,SR-HSE,71,79,0.007315582595765591,11
seed_126,SR-HSE,183,80,0.007243627682328224,7
seed_126,SR-HSE,73,81,0.007238255348056555,16
seed_126,SR-HSE,117,82,0.007236667908728123,7
seed_126,SR-HSE,107,83,0.007217207923531532,6
seed_126,SR-HSE,51,84,0.007156252861022949,10
seed_126,SR-HSE,209,85,0.007112280931323767,7
seed_126,SR-HSE,3,86,0.007094237953424454,6
seed_126,SR-HSE,148,87,0.007016866933554411,14
seed_126,SR-HSE,112,88,0.006989886984229088,10
seed_126,SR-HSE,10,89,0.006986127234995365,17
seed_126,SR-HSE,212,90,0.006923291832208633,7
seed_126,SR-HSE,20,91,0.006915023550391197,4
seed_126,SR-HSE,41,92,0.006908880081027746,2
seed_126,SR-HSE,203,93,0.006901220418512821,4
seed_126,SR-HSE,144,94,0.006853936705738306,7
seed_126,SR-HSE,44,95,0.0068315863609313965,3
seed_126,SR-HSE,246,96,0.006809304002672434,3
seed_126,SR-HSE,193,97,0.006729019805788994,9
seed_126,SR-HSE,288,98,0.006715206895023584,2
seed_126,SR-HSE,37,99,0.006706801243126392,7
seed_126,SR-HSE,257,100,0.006670063361525536,8
seed_126,SR-HSE,262,101,0.006649057846516371,3
seed_126,SR-HSE,1,102,0.006553639657795429,6
seed_126,SR-HSE,289,103,0.006534132640808821,2
seed_126,SR-HSE,181,104,0.006517360918223858,4
seed_126,SR-HSE,221,105,0.0065132202580571175,6
seed_126,SR-HSE,100,106,0.006484788376837969,3
seed_126,SR-HSE,229,107,0.006456534378230572,7
seed_126,SR-HSE,65,108,0.006325655151158571,3
seed_126,SR-HSE,69,109,0.006295731756836176,8
seed_126,SR-HSE,76,110,0.006287151947617531,2
seed_126,SR-HSE,156,111,0.006274393294006586,2
seed_126,SR-HSE,4,112,0.006245688069611788,9
seed_126,SR-HSE,132,113,0.006198584567755461,2
seed_126,SR-HSE,133,114,0.006172372493892908,6
seed_126,SR-HSE,298,115,0.0061653596349060535,4
seed_126,SR-HSE,54,116,0.0061323028057813644,5
seed_126,SR-HSE,123,117,0.006102949380874634,11
seed_126,SR-HSE,236,118,0.0060324035584926605,3
seed_126,SR-HSE,175,119,0.00602225074544549,9
seed_126,SR-HSE,208,120,0.0060159191489219666,3
seed_126,SR-HSE,172,121,0.006009818986058235,4
seed_126,SR-HSE,45,122,0.0059934272430837154,8
seed_126,SR-HSE,32,123,0.0059504578821361065,8
seed_126,SR-HSE,84,124,0.005931442603468895,15
seed_126,SR-HSE,170,125,0.005931173916906118,6
seed_126,SR-HSE,48,126,0.005862818565219641,7
seed_126,SR-HSE,116,127,0.005835731513798237,3
seed_126,SR-HSE,269,128,0.005817820318043232,4
seed_126,SR-HSE,160,129,0.005816708784550428,11
seed_126,SR-HSE,102,130,0.005784064065665007,6
seed_126,SR-HSE,146,131,0.005775576923042536,5
seed_126,SR-HSE,154,132,0.005768828094005585,5
seed_126,SR-HSE,283,133,0.005737918894737959,2
seed_126,SR-HSE,12,134,0.005729797296226025,6
seed_126,SR-HSE,95,135,0.005727599374949932,4
seed_126,SR-HSE,292,136,0.005704760551452637,3
seed_126,SR-HSE,104,137,0.005680304020643234,4
seed_126,SR-HSE,60,138,0.005634804256260395,3
seed_126,SR-HSE,58,139,0.0056244730949401855,10
seed_126,SR-HSE,118,140,0.005586966872215271,4
seed_126,SR-HSE,179,141,0.005584100726991892,3
seed_126,SR-HSE,138,142,0.005582819692790508,3
seed_126,SR-HSE,87,143,0.0055295308120548725,4
seed_126,SR-HSE,210,144,0.005525793880224228,6
seed_126,SR-HSE,34,145,0.0055254301987588406,5
seed_126,SR-HSE,30,146,0.005525082349777222,5
seed_126,SR-HSE,99,147,0.005508920643478632,7
seed_126,SR-HSE,201,148,0.005502486601471901,4
seed_126,SR-HSE,59,149,0.005496674217283726,8
seed_126,SR-HSE,263,150,0.005482554901391268,6
seed_126,SR-HSE,165,151,0.005481136031448841,4
seed_126,SR-HSE,265,152,0.005462164990603924,1
seed_126,SR-HSE,194,153,0.005415712017565966,3
seed_126,SR-HSE,25,154,0.005409077741205692,8
seed_126,SR-HSE,284,155,0.005374138709157705,2
seed_126,SR-HSE,261,156,0.005334718618541956,3
seed_126,SR-HSE,227,157,0.005324758123606443,3
seed_126,SR-HSE,239,158,0.005310888402163982,3
seed_126,SR-HSE,114,159,0.005299241282045841,7
seed_126,SR-HSE,142,160,0.005280911922454834,3
seed_126,SR-HSE,131,161,0.0052663302049040794,2
seed_126,SR-HSE,205,162,0.005246255546808243,3
seed_126,SR-HSE,299,163,0.005239947699010372,7
seed_126,SR-HSE,97,164,0.005226840265095234,2
seed_126,SR-HSE,268,165,0.0052129062823951244,4
seed_126,SR-HSE,216,166,0.005188596900552511,2
seed_126,SR-HSE,222,167,0.005184209439903498,4
seed_126,SR-HSE,214,168,0.005173793528228998,2
seed_126,SR-HSE,159,169,0.0051701911725103855,2
seed_126,SR-HSE,130,170,0.005170065443962812,4
seed_126,SR-HSE,278,171,0.005149484146386385,2
seed_126,SR-HSE,78,172,0.005139729008078575,5
seed_126,SR-HSE,38,173,0.005092133767902851,4
seed_126,SR-HSE,152,174,0.005068531259894371,3
seed_126,SR-HSE,166,175,0.005045631434768438,6
seed_126,SR-HSE,28,176,0.00499983225017786,7
seed_126,SR-HSE,196,177,0.004972316790372133,4
seed_126,SR-HSE,82,178,0.004971381276845932,4
seed_126,SR-HSE,115,179,0.0049452646635472775,4
seed_126,SR-HSE,256,180,0.004904862493276596,2
seed_126,SR-HSE,77,181,0.004900183528661728,5
seed_126,SR-HSE,90,182,0.0048077902756631374,6
seed_126,SR-HSE,53,183,0.004806112963706255,6
seed_126,SR-HSE,8,184,0.004804793745279312,6
seed_126,SR-HSE,242,185,0.004798080772161484,6
seed_126,SR-HSE,89,186,0.004794502630829811,3
seed_126,SR-HSE,255,187,0.004751552827656269,2
seed_126,SR-HSE,235,188,0.004723277874290943,5
seed_126,SR-HSE,250,189,0.004719011019915342,4
seed_126,SR-HSE,96,190,0.00470286700874567,5
seed_126,SR-HSE,204,191,0.004694695118814707,7
seed_126,SR-HSE,177,192,0.0046311975456774235,4
seed_126,SR-HSE,94,193,0.004615825600922108,2
seed_126,SR-HSE,273,194,0.004609037656337023,2
seed_126,SR-HSE,270,195,0.004485694225877523,4
seed_126,SR-HSE,189,196,0.0044834972359240055,9
seed_126,SR-HSE,109,197,0.0044818478636443615,7
seed_126,SR-HSE,187,198,0.004460733383893967,3
seed_126,SR-HSE,26,199,0.004436300601810217,4
seed_126,SR-HSE,199,200,0.004432348534464836,2
seed_126,SR-HSE,243,201,0.004384150262922049,2
seed_126,SR-HSE,192,202,0.004364596214145422,3
seed_126,SR-HSE,164,203,0.004363499581813812,2
seed_126,SR-HSE,174,204,0.004356429912149906,2
seed_126,SR-HSE,267,205,0.004343755077570677,2
seed_126,SR-HSE,225,206,0.004311407916247845,6
seed_126,SR-HSE,280,207,0.004287675488740206,3
seed_126,SR-HSE,213,208,0.004126957152038813,4
seed_126,SR-HSE,234,209,0.004110108595341444,2
seed_126,SR-HSE,274,210,0.004106325097382069,2
seed_126,SR-HSE,91,211,0.004086964763700962,6
seed_126,SR-HSE,14,212,0.004065324552357197,5
seed_126,SR-HSE,134,213,0.004048531409353018,3
seed_126,SR-HSE,85,214,0.003999936394393444,3
seed_126,SR-HSE,296,215,0.003967540338635445,10
seed_126,SR-HSE,143,216,0.003956460859626532,5
seed_126,SR-HSE,9,217,0.003941733855754137,3
seed_126,SR-HSE,258,218,0.003914222586899996,3
seed_126,SR-HSE,16,219,0.003910664934664965,4
seed_126,SR-HSE,215,220,0.003909273073077202,4
seed_126,SR-HSE,293,221,0.0038408776745200157,3
seed_126,SR-HSE,281,222,0.003811273956671357,1
seed_126,SR-HSE,226,223,0.003807944478467107,2
seed_126,SR-HSE,35,224,0.0038062818348407745,4
seed_126,SR-HSE,176,225,0.0037998526822775602,5
seed_126,SR-HSE,55,226,0.0037440001033246517,6
seed_126,SR-HSE,105,227,0.003703107824549079,3
seed_126,SR-HSE,111,228,0.00367450388148427,5
seed_126,SR-HSE,294,229,0.003663396229967475,2
seed_126,SR-HSE,282,230,0.0035381719935685396,3
seed_126,SR-HSE,27,231,0.0034721132833510637,8
seed_126,SR-HSE,125,232,0.0034682934638112783,3
seed_126,SR-HSE,101,233,0.003462519496679306,3
seed_126,SR-HSE,13,234,0.0034584153909236193,6
seed_126,SR-HSE,223,235,0.0034508444368839264,2
seed_126,SR-HSE,149,236,0.0034406944178044796,2
seed_126,SR-HSE,244,237,0.003440061816945672,1
seed_126,SR-HSE,266,238,0.0033957448322325945,1
seed_126,SR-HSE,228,239,0.003381195245310664,4
seed_126,SR-HSE,286,240,0.00335206207819283,2
seed_126,SR-HSE,150,241,0.003350486047565937,3
seed_126,SR-HSE,247,242,0.003349329810589552,4
seed_126,SR-HSE,202,243,0.0033460576087236404,3
seed_126,SR-HSE,180,244,0.0033355322666466236,5
seed_126,SR-HSE,251,245,0.003332453314214945,3
seed_126,SR-HSE,252,246,0.003317460883408785,4
seed_126,SR-HSE,5,247,0.003264122409746051,4
seed_126,SR-HSE,171,248,0.0032057324424386024,2
seed_126,SR-HSE,197,249,0.0031828538049012423,3
seed_126,SR-HSE,291,250,0.0031217860523611307,2
seed_126,SR-HSE,106,251,0.002980619203299284,4
seed_126,SR-HSE,206,252,0.002943849191069603,4
seed_126,SR-HSE,207,253,0.002932833507657051,2
seed_126,SR-HSE,47,254,0.0028781734872609377,4
seed_126,SR-HSE,297,255,0.0028185525443404913,1
seed_126,SR-HSE,155,256,0.0027799548115581274,3
seed_126,SR-HSE,137,257,0.0027453238144516945,2
seed_126,SR-HSE,151,258,0.0027065284084528685,2
seed_126,SR-HSE,230,259,0.00269749341532588,3
seed_126,SR-HSE,272,260,0.0026748597156256437,1
seed_126,SR-HSE,88,261,0.0026514162309467793,4
seed_126,SR-HSE,238,262,0.002608364447951317,1
seed_126,SR-HSE,220,263,0.002587334718555212,2
seed_126,SR-HSE,279,264,0.0025304320733994246,2
seed_126,SR-HSE,153,265,0.0024742973037064075,2
seed_126,SR-HSE,260,266,0.0024344518315047026,5
seed_126,SR-HSE,240,267,0.002426794031634927,1
seed_126,SR-HSE,158,268,0.0023185242898762226,3
seed_126,SR-HSE,182,269,0.002300721826031804,2
seed_126,SR-HSE,11,270,0.0022949459962546825,2
seed_126,SR-HSE,248,271,0.0022315073292702436,2
seed_126,SR-HSE,198,272,0.0021879742853343487,3
seed_126,SR-HSE,249,273,0.002178344177082181,3
seed_126,SR-HSE,157,274,0.0020687051583081484,2
seed_126,SR-HSE,224,275,0.0020619977731257677,2
seed_126,SR-HSE,186,276,0.0020491674076765776,3
seed_126,SR-HSE,50,277,0.0020052322652190924,3
seed_126,SR-HSE,259,278,0.0019523159135133028,2
seed_126,SR-HSE,98,279,0.0018880576826632023,2
seed_126,SR-HSE,241,280,0.0018693300662562251,3
seed_126,SR-HSE,178,281,0.001839383621700108,2
seed_126,SR-HSE,237,282,0.0017541118431836367,2
seed_126,SR-HSE,68,283,0.0017533269710838795,2
seed_126,SR-HSE,264,284,0.001745043438859284,3
seed_126,SR-HSE,161,285,0.0016952931182458997,2
seed_126,SR-HSE,275,286,0.0016564673278480768,2
seed_126,SR-HSE,218,287,0.0016523320227861404,3
seed_126,SR-HSE,277,288,0.0014076718362048268,1
seed_126,SR-HSE,191,289,0.0013623249251395464,2
seed_126,SR-HSE,188,290,0.0012992011616006494,2
seed_126,SR-HSE,285,291,0.0012851537903770804,1
seed_126,SR-HSE,295,292,0.0012838392285630107,2
seed_126,SR-HSE,103,293,0.0012196601601317525,3
seed_126,SR-HSE,254,294,0.0011748361866921186,2
seed_126,SR-HSE,232,295,0.0011450418969616294,2
seed_126,SR-HSE,162,296,0.0010524682002142072,3
seed_126,SR-HSE,253,297,0.0009326214785687625,1
seed_126,SR-HSE,141,298,0.0007846796652302146,2
seed_126,SR-HSE,119,299,0.0006411450449377298,2
seed_126,NR-AR-LBD,63,0,0.013550623320043087,51
seed_126,NR-AR-LBD,168,1,0.01293294969946146,79
seed_126,NR-AR-LBD,276,2,0.009315629489719868,8
seed_126,NR-AR-LBD,92,3,0.009192341938614845,21
seed_126,NR-AR-LBD,128,4,0.009052983485162258,42
seed_126,NR-AR-LBD,29,5,0.008597662672400475,39
seed_126,NR-AR-LBD,6,6,0.00855567492544651,18
seed_126,NR-AR-LBD,23,7,0.008002156391739845,30
seed_126,NR-AR-LBD,7,8,0.007780903484672308,33
seed_126,NR-AR-LBD,10,9,0.007716146297752857,17
seed_126,NR-AR-LBD,21,10,0.007692554034292698,13
seed_126,NR-AR-LBD,15,11,0.007637849077582359,26
seed_126,NR-AR-LBD,46,12,0.007636497728526592,13
seed_126,NR-AR-LBD,113,13,0.007438461296260357,13
seed_126,NR-AR-LBD,145,14,0.007411877624690533,17
seed_126,NR-AR-LBD,0,15,0.007164708338677883,20
seed_126,NR-AR-LBD,102,16,0.0071406918577849865,6
seed_126,NR-AR-LBD,38,17,0.007054334972053766,4
seed_126,NR-AR-LBD,24,18,0.006989586167037487,21
seed_126,NR-AR-LBD,136,19,0.006888620089739561,18
seed_126,NR-AR-LBD,49,20,0.006873176898807287,17
seed_126,NR-AR-LBD,235,21,0.006865593604743481,5
seed_126,NR-AR-LBD,81,22,0.006859501823782921,19
seed_126,NR-AR-LBD,123,23,0.00666461419314146,11
seed_126,NR-AR-LBD,66,24,0.0066607799381017685,13
seed_126,NR-AR-LBD,62,25,0.006562544032931328,24
seed_126,NR-AR-LBD,31,26,0.006466713733971119,20
seed_126,NR-AR-LBD,169,27,0.00639535766094923,8
seed_126,NR-AR-LBD,264,28,0.006353529170155525,3
seed_126,NR-AR-LBD,245,29,0.006257866974920034,15
seed_126,NR-AR-LBD,88,30,0.006256979424506426,4
seed_126,NR-AR-LBD,147,31,0.00624369690194726,16
seed_126,NR-AR-LBD,51,32,0.006219259463250637,10
seed_126,NR-AR-LBD,287,33,0.0062070321291685104,8
seed_126,NR-AR-LBD,22,34,0.006165600847452879,13
seed_126,NR-AR-LBD,108,35,0.006084169261157513,14
seed_126,NR-AR-LBD,110,36,0.0060658263973891735,20
seed_126,NR-AR-LBD,84,37,0.006062721833586693,15
seed_126,NR-AR-LBD,70,38,0.006025075912475586,27
seed_126,NR-AR-LBD,144,39,0.006022692192345858,7
seed_126,NR-AR-LBD,124,40,0.005930745042860508,4
seed_126,NR-AR-LBD,116,41,0.005930242594331503,3
seed_126,NR-AR-LBD,211,42,0.005927906837314367,13
seed_126,NR-AR-LBD,129,43,0.005921128671616316,9
seed_126,NR-AR-LBD,33,44,0.00581123773008585,17
seed_126,NR-AR-LBD,146,45,0.005789400544017553,5
seed_126,NR-AR-LBD,61,46,0.005763564724475145,6
seed_126,NR-AR-LBD,59,47,0.005754463840276003,8
seed_126,NR-AR-LBD,18,48,0.005740063730627298,4
seed_126,NR-AR-LBD,93,49,0.005703211296349764,16
seed_126,NR-AR-LBD,150,50,0.005697247572243214,3
seed_126,NR-AR-LBD,75,51,0.005686950404196978,13
seed_126,NR-AR-LBD,133,52,0.005656978581100702,6
seed_126,NR-AR-LBD,2,53,0.005651176907122135,14
seed_126,NR-AR-LBD,195,54,0.005581282544881105,11
seed_126,NR-AR-LBD,112,55,0.005567786283791065,10
seed_126,NR-AR-LBD,114,56,0.005563047248870134,7
seed_126,NR-AR-LBD,229,57,0.005472573451697826,7
seed_126,NR-AR-LBD,199,58,0.005470012314617634,2
seed_126,NR-AR-LBD,79,59,0.005437951069325209,9
seed_126,NR-AR-LBD,140,60,0.005295728333294392,19
seed_126,NR-AR-LBD,160,61,0.005231008864939213,11
seed_126,NR-AR-LBD,78,62,0.005199803505092859,5
seed_126,NR-AR-LBD,190,63,0.005189938470721245,13
seed_126,NR-AR-LBD,228,64,0.00516473688185215,4
seed_126,NR-AR-LBD,54,65,0.005156939383596182,5
seed_126,NR-AR-LBD,26,66,0.005142385605722666,4
seed_126,NR-AR-LBD,209,67,0.005131118465214968,7
seed_126,NR-AR-LBD,219,68,0.005113046616315842,16
seed_126,NR-AR-LBD,60,69,0.00510351313278079,3
seed_126,NR-AR-LBD,57,70,0.005055406130850315,9
seed_126,NR-AR-LBD,27,71,0.0050228009931743145,8
seed_126,NR-AR-LBD,233,72,0.0050026788376271725,6
seed_126,NR-AR-LBD,213,73,0.004910698160529137,4
seed_126,NR-AR-LBD,69,74,0.004885223228484392,8
seed_126,NR-AR-LBD,36,75,0.00485184183344245,7
seed_126,NR-AR-LBD,72,76,0.004847555886954069,15
seed_126,NR-AR-LBD,217,77,0.004810024984180927,4
seed_126,NR-AR-LBD,42,78,0.004803990013897419,5
seed_126,NR-AR-LBD,135,79,0.004794538952410221,9
seed_126,NR-AR-LBD,90,80,0.004788531456142664,6
seed_126,NR-AR-LBD,241,81,0.00478489650413394,3
seed_126,NR-AR-LBD,126,82,0.004739848896861076,10
seed_126,NR-AR-LBD,132,83,0.004726721439510584,2
seed_126,NR-AR-LBD,184,84,0.004722372628748417,7
seed_126,NR-AR-LBD,242,85,0.00472129276022315,6
seed_126,NR-AR-LBD,165,86,0.004713484086096287,4
seed_126,NR-AR-LBD,47,87,0.004704117774963379,4
seed_126,NR-AR-LBD,40,88,0.004700392950326204,6
seed_126,NR-AR-LBD,56,89,0.004683176055550575,17
seed_126,NR-AR-LBD,52,90,0.0046806540340185165,16
seed_126,NR-AR-LBD,74,91,0.0046443939208984375,19
seed_126,NR-AR-LBD,200,92,0.0046286373399198055,8
seed_126,NR-AR-LBD,34,93,0.004621332976967096,5
seed_126,NR-AR-LBD,83,94,0.00461541535332799,9
seed_126,NR-AR-LBD,154,95,0.004553912673145533,5
seed_126,NR-AR-LBD,82,96,0.004544766619801521,4
seed_126,NR-AR-LBD,138,97,0.0045276666060090065,3
seed_126,NR-AR-LBD,260,98,0.0044924295507371426,5
seed_126,NR-AR-LBD,204,99,0.004488414619117975,7
seed_126,NR-AR-LBD,207,100,0.004484053235501051,2
seed_126,NR-AR-LBD,201,101,0.004470227286219597,4
seed_126,NR-AR-LBD,148,102,0.004453891422599554,14
seed_126,NR-AR-LBD,53,103,0.004442474339157343,6
seed_126,NR-AR-LBD,222,104,0.004433584399521351,4
seed_126,NR-AR-LBD,296,105,0.0044227601028978825,10
seed_126,NR-AR-LBD,271,106,0.004404145758599043,3
seed_126,NR-AR-LBD,142,107,0.004403876606374979,3
seed_126,NR-AR-LBD,67,108,0.004354165401309729,16
seed_126,NR-AR-LBD,189,109,0.004341225605458021,9
seed_126,NR-AR-LBD,43,110,0.004330210853368044,9
seed_126,NR-AR-LBD,125,111,0.004307951312512159,3
seed_126,NR-AR-LBD,107,112,0.004297245759516954,6
seed_126,NR-AR-LBD,257,113,0.0042946236208081245,8
seed_126,NR-AR-LBD,174,114,0.0042911977507174015,2
seed_126,NR-AR-LBD,4,115,0.004288666415959597,9
seed_126,NR-AR-LBD,99,116,0.004274880513548851,7
seed_126,NR-AR-LBD,277,117,0.004253965336829424,1
seed_126,NR-AR-LBD,117,118,0.00423336261883378,7
seed_126,NR-AR-LBD,141,119,0.004215575754642487,2
seed_126,NR-AR-LBD,30,120,0.004211040213704109,5
seed_126,NR-AR-LBD,178,121,0.004192784894257784,2
seed_126,NR-AR-LBD,167,122,0.004123074933886528,6
seed_126,NR-AR-LBD,122,123,0.004121864214539528,6
seed_126,NR-AR-LBD,73,124,0.004113378468900919,16
seed_126,NR-AR-LBD,71,125,0.004103400744497776,11
seed_126,NR-AR-LBD,80,126,0.004045620560646057,8
seed_126,NR-AR-LBD,39,127,0.0040315487422049046,9
seed_126,NR-AR-LBD,118,128,0.004017986357212067,4
seed_126,NR-AR-LBD,163,129,0.004017244558781385,3
seed_126,NR-AR-LBD,1,130,0.0040121362544596195,6
seed_126,NR-AR-LBD,161,131,0.004011038690805435,2
seed_126,NR-AR-LBD,77,132,0.003977383021265268,5
seed_126,NR-AR-LBD,25,133,0.003960934933274984,8
seed_126,NR-AR-LBD,215,134,0.003950044978410006,4
seed_126,NR-AR-LBD,13,135,0.003946010489016771,6
seed_126,NR-AR-LBD,17,136,0.0039208815433084965,5
seed_126,NR-AR-LBD,91,137,0.003907839767634869,6
seed_126,NR-AR-LBD,12,138,0.003872549394145608,6
seed_126,NR-AR-LBD,231,139,0.0038559609092772007,8
seed_126,NR-AR-LBD,55,140,0.003794790944084525,6
seed_126,NR-AR-LBD,37,141,0.0037491044495254755,7
seed_126,NR-AR-LBD,177,142,0.0037214288022369146,4
seed_126,NR-AR-LBD,143,143,0.0037009245716035366,5
seed_126,NR-AR-LBD,210,144,0.0036859132815152407,6
seed_126,NR-AR-LBD,166,145,0.003682677401229739,6
seed_126,NR-AR-LBD,268,146,0.003670405363664031,4
seed_126,NR-AR-LBD,115,147,0.003662751754745841,4
seed_126,NR-AR-LBD,179,148,0.0036504145245999098,3
seed_126,NR-AR-LBD,151,149,0.00364865455776453,2
seed_126,NR-AR-LBD,175,150,0.00364688690751791,9
seed_126,NR-AR-LBD,152,151,0.00360231869854033,3
seed_126,NR-AR-LBD,172,152,0.0035762451589107513,4
seed_126,NR-AR-LBD,279,153,0.003561582649126649,2
seed_126,NR-AR-LBD,87,154,0.003557885531336069,4
seed_126,NR-AR-LBD,299,155,0.0035473539028316736,7
seed_126,NR-AR-LBD,89,156,0.0035440786741673946,3
seed_126,NR-AR-LBD,104,157,0.0035354401916265488,4
seed_126,NR-AR-LBD,273,158,0.0035298727452754974,2
seed_126,NR-AR-LBD,243,159,0.003501261817291379,2
seed_126,NR-AR-LBD,185,160,0.003497521160170436,3
seed_126,NR-AR-LBD,139,161,0.003486958798021078,12
seed_126,NR-AR-LBD,137,162,0.00348078110255301,2
seed_126,NR-AR-LBD,8,163,0.003431889694184065,6
seed_126,NR-AR-LBD,14,164,0.0033996726851910353,5
seed_126,NR-AR-LBD,32,165,0.00339157204143703,8
seed_126,NR-AR-LBD,272,166,0.0033804092090576887,1
seed_126,NR-AR-LBD,248,167,0.003372935811057687,2
seed_126,NR-AR-LBD,103,168,0.0033700165804475546,3
seed_126,NR-AR-LBD,221,169,0.00335837434977293,6
seed_126,NR-AR-LBD,258,170,0.003354359185323119,3
seed_126,NR-AR-LBD,246,171,0.003344096941873431,3
seed_126,NR-AR-LBD,290,172,0.0033335622865706682,10
seed_126,NR-AR-LBD,16,173,0.003311882494017482,4
seed_126,NR-AR-LBD,86,174,0.003290486754849553,9
seed_126,NR-AR-LBD,261,175,0.0032857258338481188,3
seed_126,NR-AR-LBD,101,176,0.003285088110715151,3
seed_126,NR-AR-LBD,28,177,0.0032736731227487326,7
seed_126,NR-AR-LBD,41,178,0.0032716740388423204,2
seed_126,NR-AR-LBD,298,179,0.003238601377233863,4
seed_126,NR-AR-LBD,170,180,0.003236804623156786,6
seed_126,NR-AR-LBD,48,181,0.003235203679651022,7
seed_126,NR-AR-LBD,212,182,0.0032051356974989176,7
seed_126,NR-AR-LBD,289,183,0.0031797331757843494,2
seed_126,NR-AR-LBD,171,184,0.0031672059558331966,2
seed_126,NR-AR-LBD,234,185,0.0031619970686733723,2
seed_126,NR-AR-LBD,218,186,0.0031592545565217733,3
seed_126,NR-AR-LBD,196,187,0.0031572587322443724,4
seed_126,NR-AR-LBD,262,188,0.0031412788666784763,3
seed_126,NR-AR-LBD,131,189,0.00313939549960196,2
seed_126,NR-AR-LBD,45,190,0.003126508556306362,8
seed_126,NR-AR-LBD,3,191,0.0031213629990816116,6
seed_126,NR-AR-LBD,227,192,0.003075436921790242,3
seed_126,NR-AR-LBD,19,193,0.00301378988660872,4
seed_126,NR-AR-LBD,192,194,0.003010313492268324,3
seed_126,NR-AR-LBD,252,195,0.0030042771250009537,4
seed_126,NR-AR-LBD,297,196,0.003001216799020767,1
seed_126,NR-AR-LBD,121,197,0.00297327502630651,7
seed_126,NR-AR-LBD,187,198,0.002971387468278408,3
seed_126,NR-AR-LBD,259,199,0.0029639718122780323,2
seed_126,NR-AR-LBD,64,200,0.002949316520243883,7
seed_126,NR-AR-LBD,96,201,0.002948830835521221,5
seed_126,NR-AR-LBD,155,202,0.0029207225888967514,3
seed_126,NR-AR-LBD,249,203,0.00292029301635921,3
seed_126,NR-AR-LBD,58,204,0.002920200815424323,10
seed_126,NR-AR-LBD,292,205,0.0029148156754672527,3
seed_126,NR-AR-LBD,255,206,0.0029070100281387568,2
seed_126,NR-AR-LBD,240,207,0.002906737383455038,1
seed_126,NR-AR-LBD,176,208,0.002902938285842538,5
seed_126,NR-AR-LBD,109,209,0.002889742376282811,7
seed_126,NR-AR-LBD,198,210,0.0028151830192655325,3
seed_126,NR-AR-LBD,194,211,0.0027900803834199905,3
seed_126,NR-AR-LBD,130,212,0.0027846761513501406,4
seed_126,NR-AR-LBD,127,213,0.0027697477489709854,4
seed_126,NR-AR-LBD,180,214,0.0027637016028165817,5
seed_126,NR-AR-LBD,263,215,0.0027617374435067177,6
seed_126,NR-AR-LBD,295,216,0.002758305985480547,2
seed_126,NR-AR-LBD,193,217,0.0027426322922110558,9
seed_126,NR-AR-LBD,225,218,0.00268477201461792,6
seed_126,NR-AR-LBD,134,219,0.002625431399792433,3
seed_126,NR-AR-LBD,206,220,0.0026129325851798058,4
seed_126,NR-AR-LBD,270,221,0.002588985487818718,4
seed_126,NR-AR-LBD,95,222,0.0025887861847877502,4
seed_126,NR-AR-LBD,223,223,0.002578657353296876,2
seed_126,NR-AR-LBD,197,224,0.0025786387268453836,3
seed_126,NR-AR-LBD,120,225,0.002558761276304722,5
seed_126,NR-AR-LBD,35,226,0.0025456356815993786,4
seed_126,NR-AR-LBD,111,227,0.0025420484598726034,5
seed_126,NR-AR-LBD,188,228,0.002503303810954094,2
seed_126,NR-AR-LBD,182,229,0.0024660478811711073,2
seed_126,NR-AR-LBD,50,230,0.002447146689519286,3
seed_126,NR-AR-LBD,173,231,0.0023614175152033567,4
seed_126,NR-AR-LBD,254,232,0.002351937349885702,2
seed_126,NR-AR-LBD,274,233,0.00229671411216259,2
seed_126,NR-AR-LBD,239,234,0.0022627522703260183,3
seed_126,NR-AR-LBD,186,235,0.002260152017697692,3
seed_126,NR-AR-LBD,250,236,0.002257376676425338,4
seed_126,NR-AR-LBD,65,237,0.0022108652628958225,3
seed_126,NR-AR-LBD,157,238,0.0021923482418060303,2
seed_126,NR-AR-LBD,105,239,0.002188879530876875,3
seed_126,NR-AR-LBD,11,240,0.002172543667256832,2
seed_126,NR-AR-LBD,106,241,0.0021504228934645653,4
seed_126,NR-AR-LBD,230,242,0.0021292732562869787,3
seed_126,NR-AR-LBD,205,243,0.0021156498696655035,3
seed_126,NR-AR-LBD,280,244,0.0021138647571206093,3
seed_126,NR-AR-LBD,202,245,0.0021079634316265583,3
seed_126,NR-AR-LBD,256,246,0.002088746055960655,2
seed_126,NR-AR-LBD,236,247,0.0020242626778781414,3
seed_126,NR-AR-LBD,156,248,0.002009226009249687,2
seed_126,NR-AR-LBD,291,249,0.0020072003826498985,2
seed_126,NR-AR-LBD,85,250,0.001998253632336855,3
seed_126,NR-AR-LBD,98,251,0.0019744080491364002,2
seed_126,NR-AR-LBD,119,252,0.0019361231243237853,2
seed_126,NR-AR-LBD,253,253,0.001909430604428053,1
seed_126,NR-AR-LBD,247,254,0.0018746592104434967,4
seed_126,NR-AR-LBD,232,255,0.0018454971723258495,2
seed_126,NR-AR-LBD,282,256,0.0017748032696545124,3
seed_126,NR-AR-LBD,286,257,0.001729459036141634,2
seed_126,NR-AR-LBD,269,258,0.001714189536869526,4
seed_126,NR-AR-LBD,191,259,0.0017107791500166059,2
seed_126,NR-AR-LBD,220,260,0.0016932499129325151,2
seed_126,NR-AR-LBD,267,261,0.0016924062510952353,2
seed_126,NR-AR-LBD,183,262,0.0016744660679250956,7
seed_126,NR-AR-LBD,224,263,0.0016645690193399787,2
seed_126,NR-AR-LBD,281,264,0.0016432201955467463,1
seed_126,NR-AR-LBD,181,265,0.0016411968972533941,4
seed_126,NR-AR-LBD,251,266,0.0016116223996505141,3
seed_126,NR-AR-LBD,275,267,0.0016112499870359898,2
seed_126,NR-AR-LBD,149,268,0.0016097677871584892,2
seed_126,NR-AR-LBD,20,269,0.001607464044354856,4
seed_126,NR-AR-LBD,265,270,0.0016030832193791866,1
seed_126,NR-AR-LBD,244,271,0.0015839145053178072,1
seed_126,NR-AR-LBD,9,272,0.0015822200803086162,3
seed_126,NR-AR-LBD,68,273,0.001544869039207697,2
seed_126,NR-AR-LBD,226,274,0.0015143882483243942,2
seed_126,NR-AR-LBD,284,275,0.0014966841554269195,2
seed_126,NR-AR-LBD,5,276,0.001487022265791893,4
seed_126,NR-AR-LBD,158,277,0.0014533762587234378,3
seed_126,NR-AR-LBD,100,278,0.0014451562892645597,3
seed_126,NR-AR-LBD,76,279,0.0013591890456154943,2
seed_126,NR-AR-LBD,293,280,0.0013526685070246458,3
seed_126,NR-AR-LBD,203,281,0.0013072771253064275,4
seed_126,NR-AR-LBD,159,282,0.00127299630548805,2
seed_126,NR-AR-LBD,283,283,0.0012343584094196558,2
seed_126,NR-AR-LBD,164,284,0.0012337290681898594,2
seed_126,NR-AR-LBD,162,285,0.0012306111166253686,3
seed_126,NR-AR-LBD,44,286,0.0011626206105574965,3
seed_126,NR-AR-LBD,216,287,0.0011526207672432065,2
seed_126,NR-AR-LBD,208,288,0.0010629716562107205,3
seed_126,NR-AR-LBD,238,289,0.0009922387544065714,1
seed_126,NR-AR-LBD,97,290,0.0009439738350920379,2
seed_126,NR-AR-LBD,288,291,0.0008886202704161406,2
seed_126,NR-AR-LBD,214,292,0.0007863937644287944,2
seed_126,NR-AR-LBD,285,293,0.0007703428855165839,1
seed_126,NR-AR-LBD,278,294,0.0007486022659577429,2
seed_126,NR-AR-LBD,237,295,0.0006977897137403488,2
seed_126,NR-AR-LBD,294,296,0.0006963752675801516,2
seed_126,NR-AR-LBD,94,297,0.0006885803304612637,2
seed_126,NR-AR-LBD,266,298,0.0003711179888341576,1
seed_126,NR-AR-LBD,153,299,0.00031629097065888345,2
seed_126,NR-ER,168,0,0.2876274585723877,79
seed_126,NR-ER,128,1,0.24050939083099365,42
seed_126,NR-ER,63,2,0.23044252395629883,51
seed_126,NR-ER,49,3,0.21775290369987488,17
seed_126,NR-ER,140,4,0.2118387073278427,19
seed_126,NR-ER,23,5,0.20900140702724457,30
seed_126,NR-ER,70,6,0.20689798891544342,27
seed_126,NR-ER,219,7,0.20167255401611328,16
seed_126,NR-ER,46,8,0.19631506502628326,13
seed_126,NR-ER,81,9,0.1888427436351776,19
seed_126,NR-ER,29,10,0.18724653124809265,39
seed_126,NR-ER,15,11,0.1863221824169159,26
seed_126,NR-ER,7,12,0.1850629299879074,33
seed_126,NR-ER,148,13,0.18293023109436035,14
seed_126,NR-ER,62,14,0.18250514566898346,24
seed_126,NR-ER,126,15,0.18135622143745422,10
seed_126,NR-ER,145,16,0.1755141019821167,17
seed_126,NR-ER,108,17,0.17477825284004211,14
seed_126,NR-ER,136,18,0.1742236167192459,18
seed_126,NR-ER,11,19,0.16912104189395905,2
seed_126,NR-ER,113,20,0.16894187033176422,13
seed_126,NR-ER,69,21,0.16844859719276428,8
seed_126,NR-ER,48,22,0.1665356606245041,7
seed_126,NR-ER,52,23,0.16623221337795258,16
seed_126,NR-ER,31,24,0.16527076065540314,20
seed_126,NR-ER,74,25,0.1650715172290802,19
seed_126,NR-ER,4,26,0.1640583872795105,9
seed_126,NR-ER,147,27,0.1595163196325302,16
seed_126,NR-ER,130,28,0.15859699249267578,4
seed_126,NR-ER,114,29,0.1566425859928131,7
seed_126,NR-ER,32,30,0.15652905404567719,8
seed_126,NR-ER,245,31,0.15642812848091125,15
seed_126,NR-ER,0,32,0.15532046556472778,20
seed_126,NR-ER,79,33,0.1547500044107437,9
seed_126,NR-ER,247,34,0.15404659509658813,4
seed_126,NR-ER,123,35,0.15240833163261414,11
seed_126,NR-ER,144,36,0.15229453146457672,7
seed_126,NR-ER,56,37,0.15128779411315918,17
seed_126,NR-ER,24,38,0.14997220039367676,21
seed_126,NR-ER,190,39,0.1499311774969101,13
seed_126,NR-ER,203,40,0.14850905537605286,4
seed_126,NR-ER,204,41,0.1480979174375534,7
seed_126,NR-ER,266,42,0.14806398749351501,1
seed_126,NR-ER,10,43,0.14795933663845062,17
seed_126,NR-ER,269,44,0.1472032517194748,4
seed_126,NR-ER,92,45,0.14716199040412903,21
seed_126,NR-ER,198,46,0.14644742012023926,3
seed_126,NR-ER,37,47,0.14514371752738953,7
seed_126,NR-ER,276,48,0.14350652694702148,8
seed_126,NR-ER,39,49,0.14343400299549103,9
seed_126,NR-ER,165,50,0.14306260645389557,4
seed_126,NR-ER,195,51,0.1418135017156601,11
seed_126,NR-ER,200,52,0.1397174596786499,8
seed_126,NR-ER,6,53,0.13957197964191437,18
seed_126,NR-ER,96,54,0.13947555422782898,5
seed_126,NR-ER,33,55,0.13941507041454315,17
seed_126,NR-ER,229,56,0.13853484392166138,7
seed_126,NR-ER,166,57,0.1381680816411972,6
seed_126,NR-ER,286,58,0.13763631880283356,2
seed_126,NR-ER,85,59,0.13748443126678467,3
seed_126,NR-ER,178,60,0.13665565848350525,2
seed_126,NR-ER,104,61,0.13616612553596497,4
seed_126,NR-ER,67,62,0.13535761833190918,16
seed_126,NR-ER,16,63,0.13521476089954376,4
seed_126,NR-ER,84,64,0.1350473016500473,15
seed_126,NR-ER,160,65,0.13455326855182648,11
seed_126,NR-ER,110,66,0.13401035964488983,20
seed_126,NR-ER,41,67,0.1329067498445511,2
seed_126,NR-ER,18,68,0.13238656520843506,4
seed_126,NR-ER,93,69,0.1317249983549118,16
seed_126,NR-ER,209,70,0.1292077749967575,7
seed_126,NR-ER,122,71,0.12769857048988342,6
seed_126,NR-ER,34,72,0.12729188799858093,5
seed_126,NR-ER,102,73,0.12698525190353394,6
seed_126,NR-ER,77,74,0.1263079047203064,5
seed_126,NR-ER,98,75,0.1262843906879425,2
seed_126,NR-ER,61,76,0.12618784606456757,6
seed_126,NR-ER,45,77,0.1261092573404312,8
seed_126,NR-ER,22,78,0.12492642551660538,13
seed_126,NR-ER,167,79,0.12430557608604431,6
seed_126,NR-ER,83,80,0.12393778562545776,9
seed_126,NR-ER,101,81,0.12377206981182098,3
seed_126,NR-ER,220,82,0.12350090593099594,2
seed_126,NR-ER,228,83,0.12287511676549911,4
seed_126,NR-ER,28,84,0.12281560897827148,7
seed_126,NR-ER,177,85,0.12272189557552338,4
seed_126,NR-ER,90,86,0.12232845276594162,6
seed_126,NR-ER,162,87,0.12209926545619965,3
seed_126,NR-ER,55,88,0.12090428918600082,6
seed_126,NR-ER,75,89,0.12026187777519226,13
seed_126,NR-ER,175,90,0.11992458254098892,9
seed_126,NR-ER,262,91,0.11949694901704788,3
seed_126,NR-ER,72,92,0.11940678209066391,15
seed_126,NR-ER,1,93,0.11829531192779541,6
seed_126,NR-ER,211,94,0.11773449927568436,13
seed_126,NR-ER,57,95,0.11688882112503052,9
seed_126,NR-ER,99,96,0.11680199950933456,7
seed_126,NR-ER,135,97,0.11646460741758347,9
seed_126,NR-ER,71,98,0.11635872721672058,11
seed_126,NR-ER,163,99,0.11584199965000153,3
seed_126,NR-ER,40,100,0.11554107815027237,6
seed_126,NR-ER,86,101,0.11484339833259583,9
seed_126,NR-ER,252,102,0.11474555730819702,4
seed_126,NR-ER,210,103,0.11403384804725647,6
seed_126,NR-ER,54,104,0.11395774781703949,5
seed_126,NR-ER,21,105,0.11392439156770706,13
seed_126,NR-ER,30,106,0.11348729580640793,5
seed_126,NR-ER,193,107,0.11339577287435532,9
seed_126,NR-ER,2,108,0.1132475808262825,14
seed_126,NR-ER,64,109,0.11202508211135864,7
seed_126,NR-ER,265,110,0.11196314543485641,1
seed_126,NR-ER,141,111,0.11133785545825958,2
seed_126,NR-ER,133,112,0.11105513572692871,6
seed_126,NR-ER,73,113,0.11089169234037399,16
seed_126,NR-ER,294,114,0.11069868505001068,2
seed_126,NR-ER,161,115,0.11050654947757721,2
seed_126,NR-ER,127,116,0.1087428480386734,4
seed_126,NR-ER,279,117,0.10758540779352188,2
seed_126,NR-ER,12,118,0.10743599385023117,6
seed_126,NR-ER,154,119,0.10718084871768951,5
seed_126,NR-ER,53,120,0.10716570913791656,6
seed_126,NR-ER,239,121,0.10686757415533066,3
seed_126,NR-ER,78,122,0.10661640763282776,5
seed_126,NR-ER,139,123,0.10639151930809021,12
seed_126,NR-ER,51,124,0.10576696693897247,10
seed_126,NR-ER,112,125,0.10485365986824036,10
seed_126,NR-ER,231,126,0.1047171875834465,8
seed_126,NR-ER,288,127,0.10385120660066605,2
seed_126,NR-ER,205,128,0.1034950241446495,3
seed_126,NR-ER,109,129,0.1022534966468811,7
seed_126,NR-ER,76,130,0.10176298767328262,2
seed_126,NR-ER,17,131,0.10147858411073685,5
seed_126,NR-ER,66,132,0.10092443227767944,13
seed_126,NR-ER,243,133,0.10091742873191833,2
seed_126,NR-ER,173,134,0.10061277449131012,4
seed_126,NR-ER,59,135,0.1002507358789444,8
seed_126,NR-ER,183,136,0.09948369115591049,7
seed_126,NR-ER,235,137,0.09928983449935913,5
seed_126,NR-ER,182,138,0.0990188717842102,2
seed_126,NR-ER,117,139,0.09711611270904541,7
seed_126,NR-ER,5,140,0.09688575565814972,4
seed_126,NR-ER,3,141,0.09664483368396759,6
seed_126,NR-ER,213,142,0.09612078219652176,4
seed_126,NR-ER,287,143,0.09597081691026688,8
seed_126,NR-ER,80,144,0.09584827721118927,8
seed_126,NR-ER,199,145,0.09581650048494339,2
seed_126,NR-ER,253,146,0.09517344832420349,1
seed_126,NR-ER,118,147,0.0951053649187088,4
seed_126,NR-ER,169,148,0.095064178109169,8
seed_126,NR-ER,36,149,0.09503669291734695,7
seed_126,NR-ER,250,150,0.09487205743789673,4
seed_126,NR-ER,261,151,0.0947742834687233,3
seed_126,NR-ER,65,152,0.09468686580657959,3
seed_126,NR-ER,120,153,0.09449811279773712,5
seed_126,NR-ER,35,154,0.09420647472143173,4
seed_126,NR-ER,106,155,0.09412402659654617,4
seed_126,NR-ER,47,156,0.09330516308546066,4
seed_126,NR-ER,284,157,0.09311065822839737,2
seed_126,NR-ER,124,158,0.09240745007991791,4
seed_126,NR-ER,60,159,0.0912310853600502,3
seed_126,NR-ER,27,160,0.09104301035404205,8
seed_126,NR-ER,138,161,0.09048482775688171,3
seed_126,NR-ER,172,162,0.09034615755081177,4
seed_126,NR-ER,254,163,0.08962492644786835,2
seed_126,NR-ER,58,164,0.08939217776060104,10
seed_126,NR-ER,291,165,0.08908160030841827,2
seed_126,NR-ER,290,166,0.08907081186771393,10
seed_126,NR-ER,88,167,0.08727125078439713,4
seed_126,NR-ER,251,168,0.08645791560411453,3
seed_126,NR-ER,299,169,0.08628788590431213,7
seed_126,NR-ER,240,170,0.08587036281824112,1
seed_126,NR-ER,216,171,0.08582662791013718,2
seed_126,NR-ER,246,172,0.08456604182720184,3
seed_126,NR-ER,82,173,0.08410497009754181,4
seed_126,NR-ER,226,174,0.08381207287311554,2
seed_126,NR-ER,242,175,0.08365684747695923,6
seed_126,NR-ER,171,176,0.08346779644489288,2
seed_126,NR-ER,192,177,0.08333729952573776,3
seed_126,NR-ER,260,178,0.0831020325422287,5
seed_126,NR-ER,184,179,0.08235015720129013,7
seed_126,NR-ER,151,180,0.08181170374155045,2
seed_126,NR-ER,143,181,0.08103793114423752,5
seed_126,NR-ER,13,182,0.08046398311853409,6
seed_126,NR-ER,189,183,0.08038894087076187,9
seed_126,NR-ER,129,184,0.07992497086524963,9
seed_126,NR-ER,217,185,0.07958867400884628,4
seed_126,NR-ER,196,186,0.07925313711166382,4
seed_126,NR-ER,222,187,0.07908619195222855,4
seed_126,NR-ER,201,188,0.07897108793258667,4
seed_126,NR-ER,233,189,0.07855433225631714,6
seed_126,NR-ER,125,190,0.07790965586900711,3
seed_126,NR-ER,180,191,0.07711058109998703,5
seed_126,NR-ER,241,192,0.07536917924880981,3
seed_126,NR-ER,187,193,0.07522299885749817,3
seed_126,NR-ER,282,194,0.07498714327812195,3
seed_126,NR-ER,263,195,0.07497880607843399,6
seed_126,NR-ER,293,196,0.07486104965209961,3
seed_126,NR-ER,42,197,0.07342229783535004,5
seed_126,NR-ER,174,198,0.07341182231903076,2
seed_126,NR-ER,232,199,0.07323316484689713,2
seed_126,NR-ER,8,200,0.07297199964523315,6
seed_126,NR-ER,156,201,0.07240989059209824,2
seed_126,NR-ER,121,202,0.07240612059831619,7
seed_126,NR-ER,223,203,0.07237584888935089,2
seed_126,NR-ER,44,204,0.0722111389040947,3
seed_126,NR-ER,221,205,0.07155589014291763,6
seed_126,NR-ER,296,206,0.07146035879850388,10
seed_126,NR-ER,283,207,0.06960541754961014,2
seed_126,NR-ER,146,208,0.06934373825788498,5
seed_126,NR-ER,50,209,0.06857491284608841,3
seed_126,NR-ER,225,210,0.0676959902048111,6
seed_126,NR-ER,142,211,0.06739775836467743,3
seed_126,NR-ER,116,212,0.06730007380247116,3
seed_126,NR-ER,188,213,0.06704676151275635,2
seed_126,NR-ER,25,214,0.06682252883911133,8
seed_126,NR-ER,227,215,0.06602101027965546,3
seed_126,NR-ER,38,216,0.0657711774110794,4
seed_126,NR-ER,91,217,0.06547516584396362,6
seed_126,NR-ER,43,218,0.06396159529685974,9
seed_126,NR-ER,95,219,0.0636717677116394,4
seed_126,NR-ER,212,220,0.06296435743570328,7
seed_126,NR-ER,191,221,0.06287473440170288,2
seed_126,NR-ER,20,222,0.06258714199066162,4
seed_126,NR-ER,278,223,0.06239258870482445,2
seed_126,NR-ER,206,224,0.06210725009441376,4
seed_126,NR-ER,218,225,0.06177490949630737,3
seed_126,NR-ER,194,226,0.061018042266368866,3
seed_126,NR-ER,14,227,0.06088513880968094,5
seed_126,NR-ER,68,228,0.06007286161184311,2
seed_126,NR-ER,107,229,0.06003566458821297,6
seed_126,NR-ER,158,230,0.059802401810884476,3
seed_126,NR-ER,132,231,0.0594431571662426,2
seed_126,NR-ER,181,232,0.05900014936923981,4
seed_126,NR-ER,207,233,0.057747889310121536,2
seed_126,NR-ER,259,234,0.057602014392614365,2
seed_126,NR-ER,230,235,0.056901246309280396,3
seed_126,NR-ER,176,236,0.05659300461411476,5
seed_126,NR-ER,271,237,0.05652881786227226,3
seed_126,NR-ER,298,238,0.05623962730169296,4
seed_126,NR-ER,134,239,0.05538121610879898,3
seed_126,NR-ER,97,240,0.05441724881529808,2
seed_126,NR-ER,208,241,0.05433477461338043,3
seed_126,NR-ER,179,242,0.053006935864686966,3
seed_126,NR-ER,197,243,0.05287010967731476,3
seed_126,NR-ER,256,244,0.052690498530864716,2
seed_126,NR-ER,270,245,0.05227331817150116,4
seed_126,NR-ER,268,246,0.05185408890247345,4
seed_126,NR-ER,157,247,0.051749229431152344,2
seed_126,NR-ER,164,248,0.05166185647249222,2
seed_126,NR-ER,257,249,0.05161016434431076,8
seed_126,NR-ER,215,250,0.05115089938044548,4
seed_126,NR-ER,89,251,0.049937449395656586,3
seed_126,NR-ER,224,252,0.04975093901157379,2
seed_126,NR-ER,94,253,0.0494157038629055,2
seed_126,NR-ER,275,254,0.04892269894480705,2
seed_126,NR-ER,280,255,0.04698978736996651,3
seed_126,NR-ER,150,256,0.046525731682777405,3
seed_126,NR-ER,152,257,0.04589904099702835,3
seed_126,NR-ER,289,258,0.045486416667699814,2
seed_126,NR-ER,238,259,0.04544374719262123,1
seed_126,NR-ER,202,260,0.045347120612859726,3
seed_126,NR-ER,103,261,0.04526963084936142,3
seed_126,NR-ER,249,262,0.04515879601240158,3
seed_126,NR-ER,292,263,0.04509459808468819,3
seed_126,NR-ER,236,264,0.04436144977807999,3
seed_126,NR-ER,258,265,0.04241050034761429,3
seed_126,NR-ER,214,266,0.041767463088035583,2
seed_126,NR-ER,115,267,0.03997550159692764,4
seed_126,NR-ER,274,268,0.039928216487169266,2
seed_126,NR-ER,234,269,0.03980933502316475,2
seed_126,NR-ER,19,270,0.03965277969837189,4
seed_126,NR-ER,155,271,0.03890293464064598,3
seed_126,NR-ER,186,272,0.03869861364364624,3
seed_126,NR-ER,153,273,0.03842516615986824,2
seed_126,NR-ER,100,274,0.03776685148477554,3
seed_126,NR-ER,111,275,0.03753749653697014,5
seed_126,NR-ER,149,276,0.03713234141469002,2
seed_126,NR-ER,9,277,0.03713196888566017,3
seed_126,NR-ER,185,278,0.03684500977396965,3
seed_126,NR-ER,87,279,0.03675646334886551,4
seed_126,NR-ER,26,280,0.036669231951236725,4
seed_126,NR-ER,297,281,0.03565404191613197,1
seed_126,NR-ER,255,282,0.03538370877504349,2
seed_126,NR-ER,170,283,0.03412926197052002,6
seed_126,NR-ER,277,284,0.033881280571222305,1
seed_126,NR-ER,295,285,0.033229682594537735,2
seed_126,NR-ER,137,286,0.03316813334822655,2
seed_126,NR-ER,159,287,0.03196440264582634,2
seed_126,NR-ER,244,288,0.03172975033521652,1
seed_126,NR-ER,131,289,0.030975252389907837,2
seed_126,NR-ER,105,290,0.030638549476861954,3
seed_126,NR-ER,267,291,0.02958977408707142,2
seed_126,NR-ER,264,292,0.02952396124601364,3
seed_126,NR-ER,119,293,0.028513135388493538,2
seed_126,NR-ER,248,294,0.02436903864145279,2
seed_126,NR-ER,273,295,0.023090308532118797,2
seed_126,NR-ER,237,296,0.021284770220518112,2
seed_126,NR-ER,281,297,0.019370075315237045,1
seed_126,NR-ER,285,298,0.019117537885904312,1
seed_126,NR-ER,272,299,0.015038203448057175,1
seed_126,SR-ARE,168,0,0.2645186185836792,79
seed_126,SR-ARE,128,1,0.24124744534492493,42
seed_126,SR-ARE,63,2,0.23205427825450897,51
seed_126,SR-ARE,15,3,0.19578151404857635,26
seed_126,SR-ARE,29,4,0.19490814208984375,39
seed_126,SR-ARE,23,5,0.19437704980373383,30
seed_126,SR-ARE,147,6,0.183231920003891,16
seed_126,SR-ARE,140,7,0.18205119669437408,19
seed_126,SR-ARE,56,8,0.17385552823543549,17
seed_126,SR-ARE,33,9,0.16194023191928864,17
seed_126,SR-ARE,21,10,0.161921888589859,13
seed_126,SR-ARE,81,11,0.16121841967105865,19
seed_126,SR-ARE,251,12,0.15942662954330444,3
seed_126,SR-ARE,145,13,0.15796449780464172,17
seed_126,SR-ARE,129,14,0.15749460458755493,9
seed_126,SR-ARE,110,15,0.15651729702949524,20
seed_126,SR-ARE,10,16,0.15566879510879517,17
seed_126,SR-ARE,7,17,0.15364991128444672,33
seed_126,SR-ARE,31,18,0.15285681188106537,20
seed_126,SR-ARE,92,19,0.15089036524295807,21
seed_126,SR-ARE,173,20,0.14771652221679688,4
seed_126,SR-ARE,62,21,0.14472369849681854,24
seed_126,SR-ARE,207,22,0.14457383751869202,2
seed_126,SR-ARE,22,23,0.14386336505413055,13
seed_126,SR-ARE,17,24,0.14273518323898315,5
seed_126,SR-ARE,219,25,0.1407066285610199,16
seed_126,SR-ARE,0,26,0.13988369703292847,20
seed_126,SR-ARE,75,27,0.13880954682826996,13
seed_126,SR-ARE,86,28,0.1374691277742386,9
seed_126,SR-ARE,200,29,0.1370702087879181,8
seed_126,SR-ARE,190,30,0.13530077040195465,13
seed_126,SR-ARE,66,31,0.13202601671218872,13
seed_126,SR-ARE,13,32,0.1285497397184372,6
seed_126,SR-ARE,241,33,0.12838943302631378,3
seed_126,SR-ARE,136,34,0.1282791644334793,18
seed_126,SR-ARE,84,35,0.12669721245765686,15
seed_126,SR-ARE,39,36,0.12617993354797363,9
seed_126,SR-ARE,276,37,0.12574604153633118,8
seed_126,SR-ARE,113,38,0.12568695843219757,13
seed_126,SR-ARE,225,39,0.12551869451999664,6
seed_126,SR-ARE,49,40,0.12491399794816971,17
seed_126,SR-ARE,70,41,0.12490617483854294,27
seed_126,SR-ARE,12,42,0.12482515722513199,6
seed_126,SR-ARE,68,43,0.12445491552352905,2
seed_126,SR-ARE,160,44,0.12428146600723267,11
seed_126,SR-ARE,24,45,0.12387549877166748,21
seed_126,SR-ARE,121,46,0.1231246069073677,7
seed_126,SR-ARE,53,47,0.12246345728635788,6
seed_126,SR-ARE,274,48,0.12202789634466171,2
seed_126,SR-ARE,6,49,0.1217026636004448,18
seed_126,SR-ARE,152,50,0.12112082540988922,3
seed_126,SR-ARE,93,51,0.12110141664743423,16
seed_126,SR-ARE,3,52,0.11821279674768448,6
seed_126,SR-ARE,108,53,0.11699366569519043,14
seed_126,SR-ARE,169,54,0.11630230396986008,8
seed_126,SR-ARE,27,55,0.1161954253911972,8
seed_126,SR-ARE,115,56,0.11550863087177277,4
seed_126,SR-ARE,67,57,0.11445846408605576,16
seed_126,SR-ARE,2,58,0.11434616893529892,14
seed_126,SR-ARE,42,59,0.11431574076414108,5
seed_126,SR-ARE,123,60,0.11390259116888046,11
seed_126,SR-ARE,46,61,0.11351331323385239,13
seed_126,SR-ARE,74,62,0.11340869963169098,19
seed_126,SR-ARE,1,63,0.1132877916097641,6
seed_126,SR-ARE,245,64,0.11314643174409866,15
seed_126,SR-ARE,143,65,0.11232029646635056,5
seed_126,SR-ARE,244,66,0.11221419274806976,1
seed_126,SR-ARE,99,67,0.11207517236471176,7
seed_126,SR-ARE,185,68,0.11206082999706268,3
seed_126,SR-ARE,69,69,0.1119242012500763,8
seed_126,SR-ARE,85,70,0.1113995686173439,3
seed_126,SR-ARE,64,71,0.11070778965950012,7
seed_126,SR-ARE,177,72,0.1102554053068161,4
seed_126,SR-ARE,126,73,0.1101701408624649,10
seed_126,SR-ARE,229,74,0.11004956066608429,7
seed_126,SR-ARE,90,75,0.10999459773302078,6
seed_126,SR-ARE,51,76,0.10999064147472382,10
seed_126,SR-ARE,71,77,0.10976044088602066,11
seed_126,SR-ARE,83,78,0.10940634459257126,9
seed_126,SR-ARE,132,79,0.10918206721544266,2
seed_126,SR-ARE,290,80,0.10885104537010193,10
seed_126,SR-ARE,189,81,0.10786986351013184,9
seed_126,SR-ARE,151,82,0.10765250027179718,2
seed_126,SR-ARE,103,83,0.10732845962047577,3
seed_126,SR-ARE,72,84,0.10688842833042145,15
seed_126,SR-ARE,148,85,0.1060129851102829,14
seed_126,SR-ARE,149,86,0.10598427802324295,2
seed_126,SR-ARE,233,87,0.10551580786705017,6
seed_126,SR-ARE,16,88,0.1049702987074852,4
seed_126,SR-ARE,59,89,0.10460755228996277,8
seed_126,SR-ARE,299,90,0.10425633937120438,7
seed_126,SR-ARE,249,91,0.1041053906083107,3
seed_126,SR-ARE,198,92,0.10296503454446793,3
seed_126,SR-ARE,137,93,0.10292194783687592,2
seed_126,SR-ARE,112,94,0.10260336101055145,10
seed_126,SR-ARE,175,95,0.10105365514755249,9
seed_126,SR-ARE,47,96,0.10049299895763397,4
seed_126,SR-ARE,163,97,0.10033264756202698,3
seed_126,SR-ARE,293,98,0.10003069788217545,3
seed_126,SR-ARE,55,99,0.09956097602844238,6
seed_126,SR-ARE,54,100,0.09935050457715988,5
seed_126,SR-ARE,34,101,0.09909740090370178,5
seed_126,SR-ARE,122,102,0.09904484450817108,6
seed_126,SR-ARE,73,103,0.09834975004196167,16
seed_126,SR-ARE,4,104,0.09779980033636093,9
seed_126,SR-ARE,36,105,0.09699468314647675,7
seed_126,SR-ARE,79,106,0.09692677855491638,9
seed_126,SR-ARE,257,107,0.09684544801712036,8
seed_126,SR-ARE,45,108,0.09629110991954803,8
seed_126,SR-ARE,236,109,0.09590014815330505,3
seed_126,SR-ARE,133,110,0.09539060294628143,6
seed_126,SR-ARE,37,111,0.09506482630968094,7
seed_126,SR-ARE,211,112,0.09489917755126953,13
seed_126,SR-ARE,242,113,0.09483513236045837,6
seed_126,SR-ARE,146,114,0.09481225907802582,5
seed_126,SR-ARE,131,115,0.09465759992599487,2
seed_126,SR-ARE,256,116,0.09362106770277023,2
seed_126,SR-ARE,18,117,0.0933886170387268,4
seed_126,SR-ARE,265,118,0.09319545328617096,1
seed_126,SR-ARE,19,119,0.09291732311248779,4
seed_126,SR-ARE,250,120,0.09243294596672058,4
seed_126,SR-ARE,80,121,0.09198879450559616,8
seed_126,SR-ARE,77,122,0.09156913310289383,5
seed_126,SR-ARE,270,123,0.09147047251462936,4
seed_126,SR-ARE,135,124,0.09141015261411667,9
seed_126,SR-ARE,263,125,0.0908273383975029,6
seed_126,SR-ARE,287,126,0.09072554111480713,8
seed_126,SR-ARE,38,127,0.0907130092382431,4
seed_126,SR-ARE,57,128,0.09018992632627487,9
seed_126,SR-ARE,280,129,0.08702443540096283,3
seed_126,SR-ARE,183,130,0.0870194360613823,7
seed_126,SR-ARE,118,131,0.0866815447807312,4
seed_126,SR-ARE,203,132,0.08648446947336197,4
seed_126,SR-ARE,195,133,0.0864362046122551,11
seed_126,SR-ARE,155,134,0.08580511063337326,3
seed_126,SR-ARE,94,135,0.08551847189664841,2
seed_126,SR-ARE,161,136,0.08509751409292221,2
seed_126,SR-ARE,43,137,0.08453863859176636,9
seed_126,SR-ARE,209,138,0.08377568423748016,7
seed_126,SR-ARE,231,139,0.08359291404485703,8
seed_126,SR-ARE,202,140,0.08356132358312607,3
seed_126,SR-ARE,127,141,0.08309768885374069,4
seed_126,SR-ARE,32,142,0.08303622156381607,8
seed_126,SR-ARE,170,143,0.08300378173589706,6
seed_126,SR-ARE,184,144,0.08289986848831177,7
seed_126,SR-ARE,28,145,0.0824328288435936,7
seed_126,SR-ARE,212,146,0.08222208172082901,7
seed_126,SR-ARE,91,147,0.08210957050323486,6
seed_126,SR-ARE,8,148,0.08195412904024124,6
seed_126,SR-ARE,196,149,0.08156690746545792,4
seed_126,SR-ARE,193,150,0.08121589571237564,9
seed_126,SR-ARE,40,151,0.08114214241504669,6
seed_126,SR-ARE,221,152,0.08065009862184525,6
seed_126,SR-ARE,144,153,0.07988059520721436,7
seed_126,SR-ARE,98,154,0.07946158200502396,2
seed_126,SR-ARE,107,155,0.07930943369865417,6
seed_126,SR-ARE,97,156,0.07930906116962433,2
seed_126,SR-ARE,167,157,0.07847250252962112,6
seed_126,SR-ARE,142,158,0.07829379290342331,3
seed_126,SR-ARE,192,159,0.07777801156044006,3
seed_126,SR-ARE,262,160,0.07728658616542816,3
seed_126,SR-ARE,178,161,0.07726533710956573,2
seed_126,SR-ARE,267,162,0.07694824039936066,2
seed_126,SR-ARE,20,163,0.07687772065401077,4
seed_126,SR-ARE,210,164,0.07679574191570282,6
seed_126,SR-ARE,30,165,0.07673820853233337,5
seed_126,SR-ARE,52,166,0.07641346752643585,16
seed_126,SR-ARE,216,167,0.07589733600616455,2
seed_126,SR-ARE,296,168,0.07529977709054947,10
seed_126,SR-ARE,109,169,0.07523871213197708,7
seed_126,SR-ARE,104,170,0.07462526112794876,4
seed_126,SR-ARE,139,171,0.07461664080619812,12
seed_126,SR-ARE,258,172,0.07362312823534012,3
seed_126,SR-ARE,278,173,0.07256940752267838,2
seed_126,SR-ARE,48,174,0.07214708626270294,7
seed_126,SR-ARE,50,175,0.0719798356294632,3
seed_126,SR-ARE,172,176,0.0712573379278183,4
seed_126,SR-ARE,87,177,0.07026965916156769,4
seed_126,SR-ARE,239,178,0.06941238790750504,3
seed_126,SR-ARE,35,179,0.06935060024261475,4
seed_126,SR-ARE,199,180,0.06928007304668427,2
seed_126,SR-ARE,162,181,0.06882371753454208,3
seed_126,SR-ARE,213,182,0.06748107820749283,4
seed_126,SR-ARE,215,183,0.06698031723499298,4
seed_126,SR-ARE,58,184,0.06684031337499619,10
seed_126,SR-ARE,223,185,0.06655855476856232,2
seed_126,SR-ARE,180,186,0.06606635451316833,5
seed_126,SR-ARE,25,187,0.06559157371520996,8
seed_126,SR-ARE,247,188,0.06545978039503098,4
seed_126,SR-ARE,237,189,0.06485286355018616,2
seed_126,SR-ARE,298,190,0.06483317911624908,4
seed_126,SR-ARE,235,191,0.06430619210004807,5
seed_126,SR-ARE,111,192,0.06412604451179504,5
seed_126,SR-ARE,227,193,0.06402900069952011,3
seed_126,SR-ARE,289,194,0.06391511112451553,2
seed_126,SR-ARE,201,195,0.06391254812479019,4
seed_126,SR-ARE,105,196,0.06372788548469543,3
seed_126,SR-ARE,11,197,0.06341627985239029,2
seed_126,SR-ARE,165,198,0.06281580030918121,4
seed_126,SR-ARE,288,199,0.06266029924154282,2
seed_126,SR-ARE,124,200,0.06199009716510773,4
seed_126,SR-ARE,208,201,0.06120121479034424,3
seed_126,SR-ARE,230,202,0.06070934236049652,3
seed_126,SR-ARE,205,203,0.06022585183382034,3
seed_126,SR-ARE,186,204,0.06017987057566643,3
seed_126,SR-ARE,271,205,0.05971115827560425,3
seed_126,SR-ARE,82,206,0.05958199501037598,4
seed_126,SR-ARE,217,207,0.05947692319750786,4
seed_126,SR-ARE,252,208,0.05922534689307213,4
seed_126,SR-ARE,156,209,0.058987848460674286,2
seed_126,SR-ARE,297,210,0.0584338903427124,1
seed_126,SR-ARE,222,211,0.05828645080327988,4
seed_126,SR-ARE,117,212,0.058266330510377884,7
seed_126,SR-ARE,283,213,0.05811811238527298,2
seed_126,SR-ARE,228,214,0.05801721289753914,4
seed_126,SR-ARE,96,215,0.05734722688794136,5
seed_126,SR-ARE,275,216,0.0570928119122982,2
seed_126,SR-ARE,9,217,0.05655272305011749,3
seed_126,SR-ARE,138,218,0.05654175207018852,3
seed_126,SR-ARE,269,219,0.05594366043806076,4
seed_126,SR-ARE,114,220,0.05579393729567528,7
seed_126,SR-ARE,234,221,0.055690374225378036,2
seed_126,SR-ARE,259,222,0.05544252321124077,2
seed_126,SR-ARE,294,223,0.05505824461579323,2
seed_126,SR-ARE,295,224,0.05457894504070282,2
seed_126,SR-ARE,106,225,0.054304078221321106,4
seed_126,SR-ARE,5,226,0.05373922735452652,4
seed_126,SR-ARE,61,227,0.05340426415205002,6
seed_126,SR-ARE,204,228,0.05262065678834915,7
seed_126,SR-ARE,226,229,0.05134137347340584,2
seed_126,SR-ARE,154,230,0.051005564630031586,5
seed_126,SR-ARE,100,231,0.05074918270111084,3
seed_126,SR-ARE,284,232,0.04981773719191551,2
seed_126,SR-ARE,261,233,0.04970628768205643,3
seed_126,SR-ARE,95,234,0.04948967695236206,4
seed_126,SR-ARE,232,235,0.04851499944925308,2
seed_126,SR-ARE,206,236,0.048474788665771484,4
seed_126,SR-ARE,174,237,0.04820536822080612,2
seed_126,SR-ARE,159,238,0.04804782196879387,2
seed_126,SR-ARE,279,239,0.04797631502151489,2
seed_126,SR-ARE,260,240,0.04785725474357605,5
seed_126,SR-ARE,150,241,0.047541484236717224,3
seed_126,SR-ARE,264,242,0.046777963638305664,3
seed_126,SR-ARE,166,243,0.046275388449430466,6
seed_126,SR-ARE,182,244,0.045933254063129425,2
seed_126,SR-ARE,14,245,0.045105740427970886,5
seed_126,SR-ARE,130,246,0.04508921131491661,4
seed_126,SR-ARE,153,247,0.04465104639530182,2
seed_126,SR-ARE,194,248,0.044620174914598465,3
seed_126,SR-ARE,125,249,0.04432220011949539,3
seed_126,SR-ARE,65,250,0.042761676013469696,3
seed_126,SR-ARE,102,251,0.04257739335298538,6
seed_126,SR-ARE,171,252,0.04244905337691307,2
seed_126,SR-ARE,120,253,0.04244205728173256,5
seed_126,SR-ARE,181,254,0.04114560782909393,4
seed_126,SR-ARE,101,255,0.04074246063828468,3
seed_126,SR-ARE,176,256,0.0405140295624733,5
seed_126,SR-ARE,291,257,0.04049508646130562,2
seed_126,SR-ARE,282,258,0.03904087096452713,3
seed_126,SR-ARE,273,259,0.03859332576394081,2
seed_126,SR-ARE,243,260,0.038547877222299576,2
seed_126,SR-ARE,240,261,0.037808556109666824,1
seed_126,SR-ARE,268,262,0.037662819027900696,4
seed_126,SR-ARE,266,263,0.036895524710416794,1
seed_126,SR-ARE,238,264,0.03611520305275917,1
seed_126,SR-ARE,89,265,0.03603854030370712,3
seed_126,SR-ARE,44,266,0.03558480367064476,3
seed_126,SR-ARE,246,267,0.0353173203766346,3
seed_126,SR-ARE,191,268,0.03501998633146286,2
seed_126,SR-ARE,248,269,0.03439043089747429,2
seed_126,SR-ARE,218,270,0.03386617824435234,3
seed_126,SR-ARE,220,271,0.033636078238487244,2
seed_126,SR-ARE,197,272,0.03340715169906616,3
seed_126,SR-ARE,157,273,0.03321654349565506,2
seed_126,SR-ARE,78,274,0.03197189420461655,5
seed_126,SR-ARE,60,275,0.03180046007037163,3
seed_126,SR-ARE,277,276,0.031765807420015335,1
seed_126,SR-ARE,187,277,0.031136514618992805,3
seed_126,SR-ARE,285,278,0.031091367825865746,1
seed_126,SR-ARE,26,279,0.030377231538295746,4
seed_126,SR-ARE,164,280,0.029094254598021507,2
seed_126,SR-ARE,179,281,0.027118463069200516,3
seed_126,SR-ARE,188,282,0.0268930085003376,2
seed_126,SR-ARE,254,283,0.026872418820858,2
seed_126,SR-ARE,88,284,0.026237154379487038,4
seed_126,SR-ARE,158,285,0.024526316672563553,3
seed_126,SR-ARE,286,286,0.022662494331598282,2
seed_126,SR-ARE,119,287,0.02201923169195652,2
seed_126,SR-ARE,134,288,0.021294569596648216,3
seed_126,SR-ARE,116,289,0.01994730904698372,3
seed_126,SR-ARE,292,290,0.019830413162708282,3
seed_126,SR-ARE,281,291,0.016887973994016647,1
seed_126,SR-ARE,224,292,0.016574949026107788,2
seed_126,SR-ARE,272,293,0.015501270070672035,1
seed_126,SR-ARE,214,294,0.01473982073366642,2
seed_126,SR-ARE,76,295,0.014123202301561832,2
seed_126,SR-ARE,41,296,0.014040309935808182,2
seed_126,SR-ARE,255,297,0.013991892337799072,2
seed_126,SR-ARE,253,298,0.012340197339653969,1
seed_126,SR-ARE,141,299,0.0071284095756709576,2
seed_126,SR-MMP,63,0,0.06738022714853287,51
seed_126,SR-MMP,168,1,0.06696701794862747,79
seed_126,SR-MMP,128,2,0.05778197944164276,42
seed_126,SR-MMP,51,3,0.05725792422890663,10
seed_126,SR-MMP,29,4,0.048939622938632965,39
seed_126,SR-MMP,147,5,0.04833562672138214,16
seed_126,SR-MMP,31,6,0.045375991612672806,20
seed_126,SR-MMP,49,7,0.04380447044968605,17
seed_126,SR-MMP,74,8,0.043038684874773026,19
seed_126,SR-MMP,15,9,0.04279216378927231,26
seed_126,SR-MMP,129,10,0.042612433433532715,9
seed_126,SR-MMP,7,11,0.04072416573762894,33
seed_126,SR-MMP,143,12,0.04067841172218323,5
seed_126,SR-MMP,23,13,0.040498483926057816,30
seed_126,SR-MMP,91,14,0.04044312983751297,6
seed_126,SR-MMP,67,15,0.040123067796230316,16
seed_126,SR-MMP,136,16,0.039455171674489975,18
seed_126,SR-MMP,190,17,0.03944353386759758,13
seed_126,SR-MMP,5,18,0.03940548002719879,4
seed_126,SR-MMP,123,19,0.0393257737159729,11
seed_126,SR-MMP,110,20,0.03914712741971016,20
seed_126,SR-MMP,86,21,0.03896615654230118,9
seed_126,SR-MMP,80,22,0.038718193769454956,8
seed_126,SR-MMP,135,23,0.03850656375288963,9
seed_126,SR-MMP,33,24,0.038250360637903214,17
seed_126,SR-MMP,64,25,0.03819061815738678,7
seed_126,SR-MMP,140,26,0.03782881051301956,19
seed_126,SR-MMP,198,27,0.037112850695848465,3
seed_126,SR-MMP,219,28,0.03706939518451691,16
seed_126,SR-MMP,2,29,0.03706471621990204,14
seed_126,SR-MMP,62,30,0.03661729022860527,24
seed_126,SR-MMP,113,31,0.03636514022946358,13
seed_126,SR-MMP,70,32,0.03584469109773636,27
seed_126,SR-MMP,195,33,0.035200007259845734,11
seed_126,SR-MMP,108,34,0.03498009219765663,14
seed_126,SR-MMP,48,35,0.03479800745844841,7
seed_126,SR-MMP,81,36,0.0347871333360672,19
seed_126,SR-MMP,14,37,0.03472408279776573,5
seed_126,SR-MMP,211,38,0.034470293670892715,13
seed_126,SR-MMP,287,39,0.034181661903858185,8
seed_126,SR-MMP,242,40,0.03406213968992233,6
seed_126,SR-MMP,43,41,0.033534083515405655,9
seed_126,SR-MMP,210,42,0.03336375206708908,6
seed_126,SR-MMP,59,43,0.033326148986816406,8
seed_126,SR-MMP,117,44,0.03325492516160011,7
seed_126,SR-MMP,112,45,0.03320097550749779,10
seed_126,SR-MMP,75,46,0.033145371824502945,13
seed_126,SR-MMP,73,47,0.033110879361629486,16
seed_126,SR-MMP,3,48,0.032991599291563034,6
seed_126,SR-MMP,8,49,0.03281128406524658,6
seed_126,SR-MMP,99,50,0.03257086127996445,7
seed_126,SR-MMP,24,51,0.032362885773181915,21
seed_126,SR-MMP,160,52,0.03233148530125618,11
seed_126,SR-MMP,45,53,0.032326143234968185,8
seed_126,SR-MMP,21,54,0.032310307025909424,13
seed_126,SR-MMP,6,55,0.03227384388446808,18
seed_126,SR-MMP,122,56,0.03222699463367462,6
seed_126,SR-MMP,268,57,0.03217722102999687,4
seed_126,SR-MMP,27,58,0.03194236382842064,8
seed_126,SR-MMP,260,59,0.03191317990422249,5
seed_126,SR-MMP,22,60,0.031713128089904785,13
seed_126,SR-MMP,84,61,0.03141321241855621,15
seed_126,SR-MMP,218,62,0.03133619576692581,3
seed_126,SR-MMP,213,63,0.03127799928188324,4
seed_126,SR-MMP,46,64,0.031265608966350555,13
seed_126,SR-MMP,0,65,0.0312445517629385,20
seed_126,SR-MMP,37,66,0.031114043667912483,7
seed_126,SR-MMP,148,67,0.03105790540575981,14
seed_126,SR-MMP,39,68,0.030974574387073517,9
seed_126,SR-MMP,93,69,0.030951261520385742,16
seed_126,SR-MMP,158,70,0.030854064971208572,3
seed_126,SR-MMP,87,71,0.0307073462754488,4
seed_126,SR-MMP,32,72,0.03069504350423813,8
seed_126,SR-MMP,245,73,0.030688297003507614,15
seed_126,SR-MMP,10,74,0.030462047085165977,17
seed_126,SR-MMP,202,75,0.030316663905978203,3
seed_126,SR-MMP,222,76,0.03029508888721466,4
seed_126,SR-MMP,153,77,0.03025667928159237,2
seed_126,SR-MMP,138,78,0.030063660815358162,3
seed_126,SR-MMP,225,79,0.029626451432704926,6
seed_126,SR-MMP,257,80,0.02953774482011795,8
seed_126,SR-MMP,18,81,0.029497923329472542,4
seed_126,SR-MMP,226,82,0.029440995305776596,2
seed_126,SR-MMP,280,83,0.0294065959751606,3
seed_126,SR-MMP,173,84,0.029242781922221184,4
seed_126,SR-MMP,92,85,0.029226984828710556,21
seed_126,SR-MMP,56,86,0.02899559587240219,17
seed_126,SR-MMP,133,87,0.028919069096446037,6
seed_126,SR-MMP,72,88,0.028885621577501297,15
seed_126,SR-MMP,296,89,0.028840288519859314,10
seed_126,SR-MMP,4,90,0.028092944994568825,9
seed_126,SR-MMP,144,91,0.02798188291490078,7
seed_126,SR-MMP,294,92,0.0278488639742136,2
seed_126,SR-MMP,79,93,0.027781851589679718,9
seed_126,SR-MMP,177,94,0.027744276449084282,4
seed_126,SR-MMP,233,95,0.027684612199664116,6
seed_126,SR-MMP,298,96,0.027461646124720573,4
seed_126,SR-MMP,237,97,0.027359426021575928,2
seed_126,SR-MMP,197,98,0.027140654623508453,3
seed_126,SR-MMP,262,99,0.026705913245677948,3
seed_126,SR-MMP,103,100,0.02666737139225006,3
seed_126,SR-MMP,116,101,0.02653813548386097,3
seed_126,SR-MMP,107,102,0.026477457955479622,6
seed_126,SR-MMP,220,103,0.026381811127066612,2
seed_126,SR-MMP,71,104,0.026163337752223015,11
seed_126,SR-MMP,184,105,0.026066120713949203,7
seed_126,SR-MMP,104,106,0.025797592476010323,4
seed_126,SR-MMP,55,107,0.025747543200850487,6
seed_126,SR-MMP,142,108,0.025607191026210785,3
seed_126,SR-MMP,1,109,0.025589708238840103,6
seed_126,SR-MMP,290,110,0.025511644780635834,10
seed_126,SR-MMP,47,111,0.025346549227833748,4
seed_126,SR-MMP,263,112,0.025315875187516212,6
seed_126,SR-MMP,20,113,0.02522035501897335,4
seed_126,SR-MMP,239,114,0.025216352194547653,3
seed_126,SR-MMP,139,115,0.02520550973713398,12
seed_126,SR-MMP,54,116,0.025008972734212875,5
seed_126,SR-MMP,276,117,0.02498883195221424,8
seed_126,SR-MMP,172,118,0.024928327649831772,4
seed_126,SR-MMP,155,119,0.024921590462327003,3
seed_126,SR-MMP,88,120,0.024906694889068604,4
seed_126,SR-MMP,215,121,0.024711966514587402,4
seed_126,SR-MMP,241,122,0.02458576112985611,3
seed_126,SR-MMP,164,123,0.0245774257928133,2
seed_126,SR-MMP,166,124,0.02454976551234722,6
seed_126,SR-MMP,36,125,0.02447931282222271,7
seed_126,SR-MMP,270,126,0.024430228397250175,4
seed_126,SR-MMP,66,127,0.024385038763284683,13
seed_126,SR-MMP,229,128,0.024372750893235207,7
seed_126,SR-MMP,165,129,0.02420050837099552,4
seed_126,SR-MMP,130,130,0.024130579084157944,4
seed_126,SR-MMP,284,131,0.024051979184150696,2
seed_126,SR-MMP,196,132,0.023829951882362366,4
seed_126,SR-MMP,145,133,0.023415319621562958,17
seed_126,SR-MMP,189,134,0.023410731926560402,9
seed_126,SR-MMP,109,135,0.02332025207579136,7
seed_126,SR-MMP,187,136,0.023148244246840477,3
seed_126,SR-MMP,146,137,0.02302509732544422,5
seed_126,SR-MMP,53,138,0.023016447201371193,6
seed_126,SR-MMP,274,139,0.022999314591288567,2
seed_126,SR-MMP,169,140,0.022978592664003372,8
seed_126,SR-MMP,52,141,0.02295759879052639,16
seed_126,SR-MMP,212,142,0.022951770573854446,7
seed_126,SR-MMP,69,143,0.022940613329410553,8
seed_126,SR-MMP,44,144,0.0225309319794178,3
seed_126,SR-MMP,154,145,0.02208535000681877,5
seed_126,SR-MMP,205,146,0.022062741219997406,3
seed_126,SR-MMP,170,147,0.022061286494135857,6
seed_126,SR-MMP,182,148,0.022037828341126442,2
seed_126,SR-MMP,227,149,0.021773209795355797,3
seed_126,SR-MMP,291,150,0.02177015319466591,2
seed_126,SR-MMP,115,151,0.02176494151353836,4
seed_126,SR-MMP,120,152,0.021594615653157234,5
seed_126,SR-MMP,60,153,0.021380780264735222,3
seed_126,SR-MMP,217,154,0.021218718960881233,4
seed_126,SR-MMP,94,155,0.021209264174103737,2
seed_126,SR-MMP,96,156,0.021167805418372154,5
seed_126,SR-MMP,250,157,0.021120723336935043,4
seed_126,SR-MMP,193,158,0.02098679542541504,9
seed_126,SR-MMP,200,159,0.02090613730251789,8
seed_126,SR-MMP,121,160,0.020798923447728157,7
seed_126,SR-MMP,191,161,0.02068941667675972,2
seed_126,SR-MMP,118,162,0.020575279369950294,4
seed_126,SR-MMP,162,163,0.020532894879579544,3
seed_126,SR-MMP,119,164,0.020474949851632118,2
seed_126,SR-MMP,19,165,0.020463120192289352,4
seed_126,SR-MMP,58,166,0.02044874243438244,10
seed_126,SR-MMP,221,167,0.02042349800467491,6
seed_126,SR-MMP,231,168,0.020374123007059097,8
seed_126,SR-MMP,100,169,0.02018020860850811,3
seed_126,SR-MMP,50,170,0.02008485607802868,3
seed_126,SR-MMP,111,171,0.019937334582209587,5
seed_126,SR-MMP,216,172,0.01971864327788353,2
seed_126,SR-MMP,38,173,0.019703183323144913,4
seed_126,SR-MMP,26,174,0.019656460732221603,4
seed_126,SR-MMP,151,175,0.01954515278339386,2
seed_126,SR-MMP,28,176,0.019248751923441887,7
seed_126,SR-MMP,114,177,0.019122665748000145,7
seed_126,SR-MMP,256,178,0.018943438306450844,2
seed_126,SR-MMP,163,179,0.018896477296948433,3
seed_126,SR-MMP,77,180,0.018893852829933167,5
seed_126,SR-MMP,265,181,0.018760520964860916,1
seed_126,SR-MMP,12,182,0.01875734142959118,6
seed_126,SR-MMP,25,183,0.018721189349889755,8
seed_126,SR-MMP,42,184,0.018715284764766693,5
seed_126,SR-MMP,101,185,0.01863918825984001,3
seed_126,SR-MMP,65,186,0.01857813075184822,3
seed_126,SR-MMP,83,187,0.018469849601387978,9
seed_126,SR-MMP,295,188,0.018257685005664825,2
seed_126,SR-MMP,273,189,0.018179120495915413,2
seed_126,SR-MMP,288,190,0.018040431663393974,2
seed_126,SR-MMP,34,191,0.018038969486951828,5
seed_126,SR-MMP,90,192,0.01802622526884079,6
seed_126,SR-MMP,95,193,0.01784646324813366,4
seed_126,SR-MMP,192,194,0.017755631357431412,3
seed_126,SR-MMP,16,195,0.017746983096003532,4
seed_126,SR-MMP,17,196,0.01769130863249302,5
seed_126,SR-MMP,204,197,0.01765928976237774,7
seed_126,SR-MMP,251,198,0.01765226013958454,3
seed_126,SR-MMP,57,199,0.01763327606022358,9
seed_126,SR-MMP,150,200,0.017528777942061424,3
seed_126,SR-MMP,132,201,0.017488710582256317,2
seed_126,SR-MMP,61,202,0.017454609274864197,6
seed_126,SR-MMP,126,203,0.01738819107413292,10
seed_126,SR-MMP,98,204,0.017281927168369293,2
seed_126,SR-MMP,188,205,0.016938596963882446,2
seed_126,SR-MMP,243,206,0.016915535554289818,2
seed_126,SR-MMP,82,207,0.016900721937417984,4
seed_126,SR-MMP,30,208,0.016652515158057213,5
seed_126,SR-MMP,167,209,0.01662856712937355,6
seed_126,SR-MMP,106,210,0.016614556312561035,4
seed_126,SR-MMP,183,211,0.016521774232387543,7
seed_126,SR-MMP,264,212,0.016504470258951187,3
seed_126,SR-MMP,156,213,0.016454322263598442,2
seed_126,SR-MMP,149,214,0.01640518382191658,2
seed_126,SR-MMP,292,215,0.01635623909533024,3
seed_126,SR-MMP,259,216,0.01626747101545334,2
seed_126,SR-MMP,185,217,0.016163073480129242,3
seed_126,SR-MMP,252,218,0.016128573566675186,4
seed_126,SR-MMP,152,219,0.015845542773604393,3
seed_126,SR-MMP,35,220,0.01580224372446537,4
seed_126,SR-MMP,249,221,0.015800395980477333,3
seed_126,SR-MMP,179,222,0.015773672610521317,3
seed_126,SR-MMP,203,223,0.015733690932393074,4
seed_126,SR-MMP,285,224,0.015390497632324696,1
seed_126,SR-MMP,102,225,0.015337883494794369,6
seed_126,SR-MMP,41,226,0.015296073630452156,2
seed_126,SR-MMP,282,227,0.015191623009741306,3
seed_126,SR-MMP,201,228,0.0151401087641716,4
seed_126,SR-MMP,175,229,0.015018671751022339,9
seed_126,SR-MMP,209,230,0.014937632717192173,7
seed_126,SR-MMP,40,231,0.014898359775543213,6
seed_126,SR-MMP,178,232,0.014867067337036133,2
seed_126,SR-MMP,255,233,0.014437351375818253,2
seed_126,SR-MMP,85,234,0.014376047067344189,3
seed_126,SR-MMP,176,235,0.014161280356347561,5
seed_126,SR-MMP,281,236,0.014118530787527561,1
seed_126,SR-MMP,299,237,0.014002428390085697,7
seed_126,SR-MMP,89,238,0.01392256747931242,3
seed_126,SR-MMP,208,239,0.013909546658396721,3
seed_126,SR-MMP,238,240,0.013729432597756386,1
seed_126,SR-MMP,293,241,0.013514717109501362,3
seed_126,SR-MMP,181,242,0.013461031951010227,4
seed_126,SR-MMP,271,243,0.013234956189990044,3
seed_126,SR-MMP,246,244,0.01320747472345829,3
seed_126,SR-MMP,235,245,0.013165974989533424,5
seed_126,SR-MMP,266,246,0.013039173558354378,1
seed_126,SR-MMP,234,247,0.012969649396836758,2
seed_126,SR-MMP,254,248,0.012493830174207687,2
seed_126,SR-MMP,269,249,0.012159941717982292,4
seed_126,SR-MMP,228,250,0.011841497384011745,4
seed_126,SR-MMP,124,251,0.011629994958639145,4
seed_126,SR-MMP,286,252,0.011409967206418514,2
seed_126,SR-MMP,9,253,0.01129568088799715,3
seed_126,SR-MMP,267,254,0.010694400407373905,2
seed_126,SR-MMP,171,255,0.010607970878481865,2
seed_126,SR-MMP,13,256,0.010603472590446472,6
seed_126,SR-MMP,230,257,0.010570110753178596,3
seed_126,SR-MMP,180,258,0.01050677802413702,5
seed_126,SR-MMP,244,259,0.010430986061692238,1
seed_126,SR-MMP,125,260,0.010256987065076828,3
seed_126,SR-MMP,141,261,0.01008202787488699,2
seed_126,SR-MMP,258,262,0.00995477382093668,3
seed_126,SR-MMP,76,263,0.009543496184051037,2
seed_126,SR-MMP,161,264,0.009421834722161293,2
seed_126,SR-MMP,199,265,0.009335490874946117,2
seed_126,SR-MMP,134,266,0.009163948707282543,3
seed_126,SR-MMP,214,267,0.009134707972407341,2
seed_126,SR-MMP,131,268,0.009033812209963799,2
seed_126,SR-MMP,78,269,0.008947980590164661,5
seed_126,SR-MMP,261,270,0.008774219080805779,3
seed_126,SR-MMP,68,271,0.008770142681896687,2
seed_126,SR-MMP,206,272,0.008748824708163738,4
seed_126,SR-MMP,275,273,0.008727584965527058,2
seed_126,SR-MMP,174,274,0.00848866906017065,2
seed_126,SR-MMP,157,275,0.008418808691203594,2
seed_126,SR-MMP,289,276,0.00817527249455452,2
seed_126,SR-MMP,105,277,0.007948408834636211,3
seed_126,SR-MMP,194,278,0.007889439351856709,3
seed_126,SR-MMP,278,279,0.00787261687219143,2
seed_126,SR-MMP,232,280,0.007757346145808697,2
seed_126,SR-MMP,236,281,0.0076604438945651054,3
seed_126,SR-MMP,247,282,0.0073228999972343445,4
seed_126,SR-MMP,223,283,0.006815984379500151,2
seed_126,SR-MMP,272,284,0.006666247732937336,1
seed_126,SR-MMP,248,285,0.006563614122569561,2
seed_126,SR-MMP,137,286,0.006378264166414738,2
seed_126,SR-MMP,127,287,0.006240363232791424,4
seed_126,SR-MMP,97,288,0.00618711905553937,2
seed_126,SR-MMP,207,289,0.006090750452131033,2
seed_126,SR-MMP,279,290,0.005735818762332201,2
seed_126,SR-MMP,240,291,0.005659346003085375,1
seed_126,SR-MMP,283,292,0.0054784114472568035,2
seed_126,SR-MMP,159,293,0.0054558957926929,2
seed_126,SR-MMP,186,294,0.005283053498715162,3
seed_126,SR-MMP,224,295,0.004761943127959967,2
seed_126,SR-MMP,11,296,0.004372064024209976,2
seed_126,SR-MMP,297,297,0.0035272822715342045,1
seed_126,SR-MMP,253,298,0.00345198274590075,1
seed_126,SR-MMP,277,299,0.002495493972674012,1
seed_126,NR-AhR,63,0,0.08754372596740723,51
seed_126,NR-AhR,23,1,0.07578890025615692,30
seed_126,NR-AhR,168,2,0.07364422082901001,79
seed_126,NR-AhR,140,3,0.07336396723985672,19
seed_126,NR-AhR,145,4,0.07266131788492203,17
seed_126,NR-AhR,15,5,0.07252414524555206,26
seed_126,NR-AhR,6,6,0.06732799112796783,18
seed_126,NR-AhR,29,7,0.06652331352233887,39
seed_126,NR-AhR,229,8,0.0662798285484314,7
seed_126,NR-AhR,128,9,0.06605642288923264,42
seed_126,NR-AhR,81,10,0.06375131011009216,19
seed_126,NR-AhR,136,11,0.06336335837841034,18
seed_126,NR-AhR,147,12,0.06333833187818527,16
seed_126,NR-AhR,129,13,0.06294513493776321,9
seed_126,NR-AhR,62,14,0.06196366623044014,24
seed_126,NR-AhR,97,15,0.06055333465337753,2
seed_126,NR-AhR,112,16,0.06051480397582054,10
seed_126,NR-AhR,110,17,0.059721704572439194,20
seed_126,NR-AhR,24,18,0.05796414613723755,21
seed_126,NR-AhR,204,19,0.057839956134557724,7
seed_126,NR-AhR,92,20,0.05745745450258255,21
seed_126,NR-AhR,21,21,0.05717875435948372,13
seed_126,NR-AhR,72,22,0.05711052939295769,15
seed_126,NR-AhR,93,23,0.056922201067209244,16
seed_126,NR-AhR,31,24,0.05672215297818184,20
seed_126,NR-AhR,296,25,0.055922068655490875,10
seed_126,NR-AhR,67,26,0.05552613362669945,16
seed_126,NR-AhR,219,27,0.05547648295760155,16
seed_126,NR-AhR,36,28,0.054914914071559906,7
seed_126,NR-AhR,169,29,0.05476335063576698,8
seed_126,NR-AhR,245,30,0.05345038324594498,15
seed_126,NR-AhR,73,31,0.05334051698446274,16
seed_126,NR-AhR,148,32,0.052941516041755676,14
seed_126,NR-AhR,190,33,0.05239968001842499,13
seed_126,NR-AhR,107,34,0.05238320678472519,6
seed_126,NR-AhR,33,35,0.05196666345000267,17
seed_126,NR-AhR,232,36,0.05160130187869072,2
seed_126,NR-AhR,212,37,0.0515904538333416,7
seed_126,NR-AhR,10,38,0.050901249051094055,17
seed_126,NR-AhR,288,39,0.050046589225530624,2
seed_126,NR-AhR,70,40,0.05004315450787544,27
seed_126,NR-AhR,55,41,0.04985127970576286,6
seed_126,NR-AhR,65,42,0.04980039596557617,3
seed_126,NR-AhR,108,43,0.0493050254881382,14
seed_126,NR-AhR,133,44,0.0492401085793972,6
seed_126,NR-AhR,172,45,0.0483335517346859,4
seed_126,NR-AhR,135,46,0.04803847149014473,9
seed_126,NR-AhR,122,47,0.04691356047987938,6
seed_126,NR-AhR,14,48,0.04676472768187523,5
seed_126,NR-AhR,84,49,0.04675595089793205,15
seed_126,NR-AhR,123,50,0.04662127047777176,11
seed_126,NR-AhR,162,51,0.046582385897636414,3
seed_126,NR-AhR,104,52,0.04643112048506737,4
seed_126,NR-AhR,8,53,0.046286772936582565,6
seed_126,NR-AhR,184,54,0.04617714136838913,7
seed_126,NR-AhR,46,55,0.04587338864803314,13
seed_126,NR-AhR,193,56,0.045854587107896805,9
seed_126,NR-AhR,69,57,0.0452599935233593,8
seed_126,NR-AhR,79,58,0.04481486603617668,9
seed_126,NR-AhR,56,59,0.04448891058564186,17
seed_126,NR-AhR,38,60,0.04442469775676727,4
seed_126,NR-AhR,43,61,0.044393181800842285,9
seed_126,NR-AhR,166,62,0.04435696080327034,6
seed_126,NR-AhR,75,63,0.04419362545013428,13
seed_126,NR-AhR,113,64,0.043623458594083786,13
seed_126,NR-AhR,209,65,0.04332875460386276,7
seed_126,NR-AhR,39,66,0.04315954074263573,9
seed_126,NR-AhR,27,67,0.043145645409822464,8
seed_126,NR-AhR,74,68,0.043136440217494965,19
seed_126,NR-AhR,17,69,0.042427606880664825,5
seed_126,NR-AhR,96,70,0.04213465005159378,5
seed_126,NR-AhR,49,71,0.041897326707839966,17
seed_126,NR-AhR,12,72,0.04102018475532532,6
seed_126,NR-AhR,99,73,0.04099147394299507,7
seed_126,NR-AhR,298,74,0.040988098829984665,4
seed_126,NR-AhR,260,75,0.04098673164844513,5
seed_126,NR-AhR,53,76,0.040968410670757294,6
seed_126,NR-AhR,7,77,0.040860485285520554,33
seed_126,NR-AhR,22,78,0.04058953374624252,13
seed_126,NR-AhR,0,79,0.04051302745938301,20
seed_126,NR-AhR,47,80,0.04026372730731964,4
seed_126,NR-AhR,58,81,0.04023440554738045,10
seed_126,NR-AhR,285,82,0.04004888981580734,1
seed_126,NR-AhR,216,83,0.03998178988695145,2
seed_126,NR-AhR,188,84,0.03972674533724785,2
seed_126,NR-AhR,109,85,0.03941665217280388,7
seed_126,NR-AhR,160,86,0.039367690682411194,11
seed_126,NR-AhR,111,87,0.039365433156490326,5
seed_126,NR-AhR,258,88,0.038912080228328705,3
seed_126,NR-AhR,125,89,0.03878583759069443,3
seed_126,NR-AhR,82,90,0.03862525522708893,4
seed_126,NR-AhR,117,91,0.038576364517211914,7
seed_126,NR-AhR,83,92,0.03851863369345665,9
seed_126,NR-AhR,35,93,0.03839685022830963,4
seed_126,NR-AhR,87,94,0.03818880021572113,4
seed_126,NR-AhR,283,95,0.038083065301179886,2
seed_126,NR-AhR,155,96,0.03771735727787018,3
seed_126,NR-AhR,88,97,0.037698566913604736,4
seed_126,NR-AhR,18,98,0.037542421370744705,4
seed_126,NR-AhR,45,99,0.037532221525907516,8
seed_126,NR-AhR,94,100,0.03736220300197601,2
seed_126,NR-AhR,126,101,0.037139683961868286,10
seed_126,NR-AhR,239,102,0.03712274879217148,3
seed_126,NR-AhR,1,103,0.037094540894031525,6
seed_126,NR-AhR,276,104,0.0369521826505661,8
seed_126,NR-AhR,16,105,0.036806799471378326,4
seed_126,NR-AhR,175,106,0.036797430366277695,9
seed_126,NR-AhR,198,107,0.03673406317830086,3
seed_126,NR-AhR,242,108,0.03664282336831093,6
seed_126,NR-AhR,294,109,0.03662477433681488,2
seed_126,NR-AhR,2,110,0.03652244806289673,14
seed_126,NR-AhR,267,111,0.03644765168428421,2
seed_126,NR-AhR,71,112,0.03616071492433548,11
seed_126,NR-AhR,102,113,0.03613017126917839,6
seed_126,NR-AhR,60,114,0.03610921651124954,3
seed_126,NR-AhR,173,115,0.036003902554512024,4
seed_126,NR-AhR,4,116,0.03596356883645058,9
seed_126,NR-AhR,246,117,0.0358286052942276,3
seed_126,NR-AhR,233,118,0.035605911165475845,6
seed_126,NR-AhR,20,119,0.03557441011071205,4
seed_126,NR-AhR,80,120,0.03507087752223015,8
seed_126,NR-AhR,61,121,0.03492478281259537,6
seed_126,NR-AhR,48,122,0.03479568287730217,7
seed_126,NR-AhR,116,123,0.034738630056381226,3
seed_126,NR-AhR,114,124,0.03453150391578674,7
seed_126,NR-AhR,176,125,0.03440357744693756,5
seed_126,NR-AhR,57,126,0.034117165952920914,9
seed_126,NR-AhR,213,127,0.034085698425769806,4
seed_126,NR-AhR,52,128,0.03380328416824341,16
seed_126,NR-AhR,51,129,0.033758632838726044,10
seed_126,NR-AhR,139,130,0.03368806093931198,12
seed_126,NR-AhR,180,131,0.03367847204208374,5
seed_126,NR-AhR,11,132,0.03363282233476639,2
seed_126,NR-AhR,32,133,0.03343294933438301,8
seed_126,NR-AhR,64,134,0.03339837118983269,7
seed_126,NR-AhR,211,135,0.03338855132460594,13
seed_126,NR-AhR,132,136,0.03304378315806389,2
seed_126,NR-AhR,34,137,0.03298528119921684,5
seed_126,NR-AhR,98,138,0.03295636922121048,2
seed_126,NR-AhR,78,139,0.032873548567295074,5
seed_126,NR-AhR,228,140,0.03286121040582657,4
seed_126,NR-AhR,59,141,0.03283023089170456,8
seed_126,NR-AhR,115,142,0.032738424837589264,4
seed_126,NR-AhR,201,143,0.03271134942770004,4
seed_126,NR-AhR,187,144,0.03269234299659729,3
seed_126,NR-AhR,156,145,0.032380737364292145,2
seed_126,NR-AhR,13,146,0.032379891723394394,6
seed_126,NR-AhR,30,147,0.0322485975921154,5
seed_126,NR-AhR,124,148,0.03221147507429123,4
seed_126,NR-AhR,141,149,0.03210765868425369,2
seed_126,NR-AhR,287,150,0.031981948763132095,8
seed_126,NR-AhR,263,151,0.031907204538583755,6
seed_126,NR-AhR,199,152,0.031488727778196335,2
seed_126,NR-AhR,42,153,0.03139210492372513,5
seed_126,NR-AhR,144,154,0.03138573095202446,7
seed_126,NR-AhR,26,155,0.031223874539136887,4
seed_126,NR-AhR,25,156,0.031215770170092583,8
seed_126,NR-AhR,37,157,0.030988965183496475,7
seed_126,NR-AhR,121,158,0.030682722106575966,7
seed_126,NR-AhR,171,159,0.030320100486278534,2
seed_126,NR-AhR,236,160,0.03020445629954338,3
seed_126,NR-AhR,86,161,0.030190974473953247,9
seed_126,NR-AhR,279,162,0.03017357923090458,2
seed_126,NR-AhR,54,163,0.02987711876630783,5
seed_126,NR-AhR,225,164,0.029857996851205826,6
seed_126,NR-AhR,185,165,0.02981478162109852,3
seed_126,NR-AhR,142,166,0.029804252088069916,3
seed_126,NR-AhR,192,167,0.029736042022705078,3
seed_126,NR-AhR,177,168,0.029689842835068703,4
seed_126,NR-AhR,200,169,0.02954423986375332,8
seed_126,NR-AhR,195,170,0.02935010753571987,11
seed_126,NR-AhR,271,171,0.029316717758774757,3
seed_126,NR-AhR,28,172,0.028451986610889435,7
seed_126,NR-AhR,203,173,0.028025204315781593,4
seed_126,NR-AhR,165,174,0.02733072079718113,4
seed_126,NR-AhR,257,175,0.027204450219869614,8
seed_126,NR-AhR,218,176,0.02713199518620968,3
seed_126,NR-AhR,206,177,0.02692432329058647,4
seed_126,NR-AhR,269,178,0.026689598336815834,4
seed_126,NR-AhR,290,179,0.026308489963412285,10
seed_126,NR-AhR,44,180,0.02612444944679737,3
seed_126,NR-AhR,66,181,0.025999203324317932,13
seed_126,NR-AhR,106,182,0.02588648349046707,4
seed_126,NR-AhR,50,183,0.025778837502002716,3
seed_126,NR-AhR,146,184,0.025629797950387,5
seed_126,NR-AhR,281,185,0.025604423135519028,1
seed_126,NR-AhR,103,186,0.02549295872449875,3
seed_126,NR-AhR,189,187,0.025390364229679108,9
seed_126,NR-AhR,262,188,0.025389425456523895,3
seed_126,NR-AhR,280,189,0.025156542658805847,3
seed_126,NR-AhR,40,190,0.025052573531866074,6
seed_126,NR-AhR,100,191,0.025005823001265526,3
seed_126,NR-AhR,170,192,0.02500328980386257,6
seed_126,NR-AhR,292,193,0.024635232985019684,3
seed_126,NR-AhR,227,194,0.0246066153049469,3
seed_126,NR-AhR,202,195,0.024550238624215126,3
seed_126,NR-AhR,274,196,0.02454555779695511,2
seed_126,NR-AhR,261,197,0.02436826378107071,3
seed_126,NR-AhR,19,198,0.024313243106007576,4
seed_126,NR-AhR,161,199,0.024100221693515778,2
seed_126,NR-AhR,181,200,0.02408803254365921,4
seed_126,NR-AhR,215,201,0.024084337055683136,4
seed_126,NR-AhR,235,202,0.02402390167117119,5
seed_126,NR-AhR,154,203,0.023988500237464905,5
seed_126,NR-AhR,210,204,0.023775050416588783,6
seed_126,NR-AhR,127,205,0.023760616779327393,4
seed_126,NR-AhR,91,206,0.02340155839920044,6
seed_126,NR-AhR,264,207,0.023303445428609848,3
seed_126,NR-AhR,273,208,0.023145508021116257,2
seed_126,NR-AhR,241,209,0.02312115766108036,3
seed_126,NR-AhR,197,210,0.022630540654063225,3
seed_126,NR-AhR,101,211,0.022445037961006165,3
seed_126,NR-AhR,143,212,0.02238655462861061,5
seed_126,NR-AhR,284,213,0.02208896540105343,2
seed_126,NR-AhR,205,214,0.02197233960032463,3
seed_126,NR-AhR,120,215,0.02192085050046444,5
seed_126,NR-AhR,231,216,0.021681059151887894,8
seed_126,NR-AhR,118,217,0.02153005078434944,4
seed_126,NR-AhR,3,218,0.0215047225356102,6
seed_126,NR-AhR,137,219,0.021382994949817657,2
seed_126,NR-AhR,222,220,0.021330151706933975,4
seed_126,NR-AhR,164,221,0.0212403517216444,2
seed_126,NR-AhR,167,222,0.021223388612270355,6
seed_126,NR-AhR,174,223,0.021178681403398514,2
seed_126,NR-AhR,191,224,0.021079212427139282,2
seed_126,NR-AhR,158,225,0.02103552035987377,3
seed_126,NR-AhR,230,226,0.020908065140247345,3
seed_126,NR-AhR,90,227,0.020662659779191017,6
seed_126,NR-AhR,95,228,0.020502692088484764,4
seed_126,NR-AhR,151,229,0.019886674359440804,2
seed_126,NR-AhR,252,230,0.019878912717103958,4
seed_126,NR-AhR,243,231,0.019736560061573982,2
seed_126,NR-AhR,268,232,0.01969962567090988,4
seed_126,NR-AhR,183,233,0.01969321258366108,7
seed_126,NR-AhR,282,234,0.0196322500705719,3
seed_126,NR-AhR,105,235,0.019386811181902885,3
seed_126,NR-AhR,208,236,0.019094236195087433,3
seed_126,NR-AhR,138,237,0.018975401297211647,3
seed_126,NR-AhR,196,238,0.018884867429733276,4
seed_126,NR-AhR,291,239,0.018857857212424278,2
seed_126,NR-AhR,224,240,0.018487975001335144,2
seed_126,NR-AhR,150,241,0.018444174900650978,3
seed_126,NR-AhR,159,242,0.018338356167078018,2
seed_126,NR-AhR,270,243,0.018234657123684883,4
seed_126,NR-AhR,299,244,0.017886482179164886,7
seed_126,NR-AhR,157,245,0.017608031630516052,2
seed_126,NR-AhR,248,246,0.0171867273747921,2
seed_126,NR-AhR,130,247,0.017156332731246948,4
seed_126,NR-AhR,85,248,0.01706749200820923,3
seed_126,NR-AhR,217,249,0.016588110476732254,4
seed_126,NR-AhR,247,250,0.016492024064064026,4
seed_126,NR-AhR,9,251,0.01648884266614914,3
seed_126,NR-AhR,259,252,0.0162661112844944,2
seed_126,NR-AhR,265,253,0.01625690422952175,1
seed_126,NR-AhR,89,254,0.01595146954059601,3
seed_126,NR-AhR,179,255,0.01582842878997326,3
seed_126,NR-AhR,250,256,0.015610452741384506,4
seed_126,NR-AhR,293,257,0.01541959773749113,3
seed_126,NR-AhR,254,258,0.015212275087833405,2
seed_126,NR-AhR,253,259,0.015141625888645649,1
seed_126,NR-AhR,77,260,0.014998799189925194,5
seed_126,NR-AhR,68,261,0.01486009731888771,2
seed_126,NR-AhR,275,262,0.014599794521927834,2
seed_126,NR-AhR,182,263,0.014518306590616703,2
seed_126,NR-AhR,134,264,0.014516975730657578,3
seed_126,NR-AhR,237,265,0.014515681192278862,2
seed_126,NR-AhR,238,266,0.014189228415489197,1
seed_126,NR-AhR,256,267,0.01415158249437809,2
seed_126,NR-AhR,5,268,0.013565683737397194,4
seed_126,NR-AhR,286,269,0.01337877381592989,2
seed_126,NR-AhR,295,270,0.013014105148613453,2
seed_126,NR-AhR,194,271,0.01293667871505022,3
seed_126,NR-AhR,152,272,0.012392071075737476,3
seed_126,NR-AhR,221,273,0.012133576907217503,6
seed_126,NR-AhR,41,274,0.012002485804259777,2
seed_126,NR-AhR,251,275,0.01171223446726799,3
seed_126,NR-AhR,226,276,0.01168071199208498,2
seed_126,NR-AhR,119,277,0.011646558530628681,2
seed_126,NR-AhR,178,278,0.011593573726713657,2
seed_126,NR-AhR,249,279,0.011565486900508404,3
seed_126,NR-AhR,297,280,0.011090997606515884,1
seed_126,NR-AhR,163,281,0.01028891559690237,3
seed_126,NR-AhR,278,282,0.009759999811649323,2
seed_126,NR-AhR,153,283,0.008628643117845058,2
seed_126,NR-AhR,149,284,0.008241526782512665,2
seed_126,NR-AhR,207,285,0.007545119617134333,2
seed_126,NR-AhR,244,286,0.007206069305539131,1
seed_126,NR-AhR,131,287,0.006711919791996479,2
seed_126,NR-AhR,214,288,0.006602169945836067,2
seed_126,NR-AhR,240,289,0.006593675818294287,1
seed_126,NR-AhR,277,290,0.0064924960024654865,1
seed_126,NR-AhR,255,291,0.00593063049018383,2
seed_126,NR-AhR,220,292,0.005589692387729883,2
seed_126,NR-AhR,289,293,0.0055732037872076035,2
seed_126,NR-AhR,186,294,0.005478307604789734,3
seed_126,NR-AhR,266,295,0.0053505850955843925,1
seed_126,NR-AhR,272,296,0.004912902135401964,1
seed_126,NR-AhR,234,297,0.004365337546914816,2
seed_126,NR-AhR,76,298,0.004354982636868954,2
seed_126,NR-AhR,223,299,0.004225235898047686,2
seed_126,NR-ER-LBD,168,0,0.019490687176585197,79
seed_126,NR-ER-LBD,63,1,0.016667526215314865,51
seed_126,NR-ER-LBD,74,2,0.015519159846007824,19
seed_126,NR-ER-LBD,128,3,0.015216291882097721,42
seed_126,NR-ER-LBD,23,4,0.014714856632053852,30
seed_126,NR-ER-LBD,46,5,0.014164422638714314,13
seed_126,NR-ER-LBD,219,6,0.013601504266262054,16
seed_126,NR-ER-LBD,136,7,0.013484476134181023,18
seed_126,NR-ER-LBD,81,8,0.012934350408613682,19
seed_126,NR-ER-LBD,31,9,0.012836198322474957,20
seed_126,NR-ER-LBD,147,10,0.012640099972486496,16
seed_126,NR-ER-LBD,7,11,0.01215166412293911,33
seed_126,NR-ER-LBD,57,12,0.012005177326500416,9
seed_126,NR-ER-LBD,62,13,0.012003136798739433,24
seed_126,NR-ER-LBD,108,14,0.011988730169832706,14
seed_126,NR-ER-LBD,69,15,0.01177311409264803,8
seed_126,NR-ER-LBD,29,16,0.01170041598379612,39
seed_126,NR-ER-LBD,172,17,0.011470727622509003,4
seed_126,NR-ER-LBD,262,18,0.011308006010949612,3
seed_126,NR-ER-LBD,70,19,0.011194056831300259,27
seed_126,NR-ER-LBD,145,20,0.011177422478795052,17
seed_126,NR-ER-LBD,229,21,0.01114655751734972,7
seed_126,NR-ER-LBD,15,22,0.010928735136985779,26
seed_126,NR-ER-LBD,75,23,0.010837630368769169,13
seed_126,NR-ER-LBD,113,24,0.010775324888527393,13
seed_126,NR-ER-LBD,24,25,0.010731689631938934,21
seed_126,NR-ER-LBD,33,26,0.010708162561058998,17
seed_126,NR-ER-LBD,206,27,0.010390078648924828,4
seed_126,NR-ER-LBD,107,28,0.010351124219596386,6
seed_126,NR-ER-LBD,0,29,0.010335817001760006,20
seed_126,NR-ER-LBD,169,30,0.010265195742249489,8
seed_126,NR-ER-LBD,99,31,0.010215808637440205,7
seed_126,NR-ER-LBD,93,32,0.01018825639039278,16
seed_126,NR-ER-LBD,92,33,0.01000747736543417,21
seed_126,NR-ER-LBD,84,34,0.009983500465750694,15
seed_126,NR-ER-LBD,269,35,0.009825070388615131,4
seed_126,NR-ER-LBD,10,36,0.009659664705395699,17
seed_126,NR-ER-LBD,49,37,0.009627655148506165,17
seed_126,NR-ER-LBD,190,38,0.009363004937767982,13
seed_126,NR-ER-LBD,64,39,0.00934112910181284,7
seed_126,NR-ER-LBD,200,40,0.009208675473928452,8
seed_126,NR-ER-LBD,162,41,0.009129968471825123,3
seed_126,NR-ER-LBD,213,42,0.00908705499023199,4
seed_126,NR-ER-LBD,6,43,0.009042630903422832,18
seed_126,NR-ER-LBD,211,44,0.009000147692859173,13
seed_126,NR-ER-LBD,72,45,0.008826473727822304,15
seed_126,NR-ER-LBD,148,46,0.008773403242230415,14
seed_126,NR-ER-LBD,86,47,0.008604279719293118,9
seed_126,NR-ER-LBD,166,48,0.00856008566915989,6
seed_126,NR-ER-LBD,115,49,0.00844877865165472,4
seed_126,NR-ER-LBD,140,50,0.008413494564592838,19
seed_126,NR-ER-LBD,122,51,0.008392727933824062,6
seed_126,NR-ER-LBD,73,52,0.008285260759294033,16
seed_126,NR-ER-LBD,2,53,0.008229645900428295,14
seed_126,NR-ER-LBD,83,54,0.008165936917066574,9
seed_126,NR-ER-LBD,245,55,0.008105062879621983,15
seed_126,NR-ER-LBD,231,56,0.00804159790277481,8
seed_126,NR-ER-LBD,196,57,0.008024417795240879,4
seed_126,NR-ER-LBD,133,58,0.008012522011995316,6
seed_126,NR-ER-LBD,123,59,0.007992626167833805,11
seed_126,NR-ER-LBD,129,60,0.007916620932519436,9
seed_126,NR-ER-LBD,158,61,0.007905669510364532,3
seed_126,NR-ER-LBD,39,62,0.007828634232282639,9
seed_126,NR-ER-LBD,27,63,0.007806141395121813,8
seed_126,NR-ER-LBD,114,64,0.007796766702085733,7
seed_126,NR-ER-LBD,52,65,0.007746248506009579,16
seed_126,NR-ER-LBD,142,66,0.007742906920611858,3
seed_126,NR-ER-LBD,127,67,0.007741240318864584,4
seed_126,NR-ER-LBD,97,68,0.007734772749245167,2
seed_126,NR-ER-LBD,263,69,0.007722571492195129,6
seed_126,NR-ER-LBD,16,70,0.00770279485732317,4
seed_126,NR-ER-LBD,59,71,0.007614527363330126,8
seed_126,NR-ER-LBD,117,72,0.007592806126922369,7
seed_126,NR-ER-LBD,56,73,0.007579109165817499,17
seed_126,NR-ER-LBD,139,74,0.0075609940104186535,12
seed_126,NR-ER-LBD,22,75,0.007522932719439268,13
seed_126,NR-ER-LBD,160,76,0.007507794536650181,11
seed_126,NR-ER-LBD,205,77,0.007501205895096064,3
seed_126,NR-ER-LBD,294,78,0.007439970970153809,2
seed_126,NR-ER-LBD,210,79,0.007426591590046883,6
seed_126,NR-ER-LBD,58,80,0.007386484649032354,10
seed_126,NR-ER-LBD,183,81,0.007284330204129219,7
seed_126,NR-ER-LBD,199,82,0.007240148726850748,2
seed_126,NR-ER-LBD,144,83,0.007219730876386166,7
seed_126,NR-ER-LBD,209,84,0.007206829730421305,7
seed_126,NR-ER-LBD,234,85,0.00715924147516489,2
seed_126,NR-ER-LBD,159,86,0.007141245994716883,2
seed_126,NR-ER-LBD,53,87,0.007134728133678436,6
seed_126,NR-ER-LBD,3,88,0.007123271469026804,6
seed_126,NR-ER-LBD,186,89,0.007103278301656246,3
seed_126,NR-ER-LBD,239,90,0.007068822626024485,3
seed_126,NR-ER-LBD,47,91,0.007062209770083427,4
seed_126,NR-ER-LBD,225,92,0.007034068927168846,6
seed_126,NR-ER-LBD,118,93,0.006986903492361307,4
seed_126,NR-ER-LBD,258,94,0.006986670661717653,3
seed_126,NR-ER-LBD,121,95,0.006964824162423611,7
seed_126,NR-ER-LBD,79,96,0.006937462370842695,9
seed_126,NR-ER-LBD,146,97,0.006918088998645544,5
seed_126,NR-ER-LBD,55,98,0.006915099918842316,6
seed_126,NR-ER-LBD,8,99,0.006914614234119654,6
seed_126,NR-ER-LBD,48,100,0.006913713179528713,7
seed_126,NR-ER-LBD,193,101,0.006896044593304396,9
seed_126,NR-ER-LBD,265,102,0.00687171658501029,1
seed_126,NR-ER-LBD,184,103,0.006869601551443338,7
seed_126,NR-ER-LBD,18,104,0.006856205873191357,4
seed_126,NR-ER-LBD,218,105,0.0068136462941765785,3
seed_126,NR-ER-LBD,192,106,0.006772923283278942,3
seed_126,NR-ER-LBD,112,107,0.006766678765416145,10
seed_126,NR-ER-LBD,252,108,0.006760400719940662,4
seed_126,NR-ER-LBD,66,109,0.0067568267695605755,13
seed_126,NR-ER-LBD,290,110,0.006719691213220358,10
seed_126,NR-ER-LBD,51,111,0.006660930346697569,10
seed_126,NR-ER-LBD,4,112,0.006538949906826019,9
seed_126,NR-ER-LBD,296,113,0.006442119833081961,10
seed_126,NR-ER-LBD,135,114,0.006431466434150934,9
seed_126,NR-ER-LBD,71,115,0.006414006929844618,11
seed_126,NR-ER-LBD,181,116,0.0063721416518092155,4
seed_126,NR-ER-LBD,80,117,0.006354819983243942,8
seed_126,NR-ER-LBD,35,118,0.006342286244034767,4
seed_126,NR-ER-LBD,188,119,0.006302230060100555,2
seed_126,NR-ER-LBD,204,120,0.006271339021623135,7
seed_126,NR-ER-LBD,37,121,0.006219042930752039,7
seed_126,NR-ER-LBD,224,122,0.00621059350669384,2
seed_126,NR-ER-LBD,32,123,0.006177207920700312,8
seed_126,NR-ER-LBD,191,124,0.006174905691295862,2
seed_126,NR-ER-LBD,34,125,0.006164660677313805,5
seed_126,NR-ER-LBD,175,126,0.006158428732305765,9
seed_126,NR-ER-LBD,153,127,0.006152882240712643,2
seed_126,NR-ER-LBD,109,128,0.006129757035523653,7
seed_126,NR-ER-LBD,283,129,0.0060977693647146225,2
seed_126,NR-ER-LBD,182,130,0.006066525354981422,2
seed_126,NR-ER-LBD,42,131,0.006059355102479458,5
seed_126,NR-ER-LBD,44,132,0.006036847364157438,3
seed_126,NR-ER-LBD,14,133,0.006036682520061731,5
seed_126,NR-ER-LBD,235,134,0.00603665504604578,5
seed_126,NR-ER-LBD,236,135,0.006026487331837416,3
seed_126,NR-ER-LBD,276,136,0.0060064117424190044,8
seed_126,NR-ER-LBD,141,137,0.005999937187880278,2
seed_126,NR-ER-LBD,228,138,0.005999802146106958,4
seed_126,NR-ER-LBD,285,139,0.005963618401437998,1
seed_126,NR-ER-LBD,242,140,0.0059614102356135845,6
seed_126,NR-ER-LBD,203,141,0.005961023736745119,4
seed_126,NR-ER-LBD,100,142,0.00594927417114377,3
seed_126,NR-ER-LBD,165,143,0.005942482966929674,4
seed_126,NR-ER-LBD,20,144,0.005895430687814951,4
seed_126,NR-ER-LBD,299,145,0.005877483636140823,7
seed_126,NR-ER-LBD,90,146,0.005869023501873016,6
seed_126,NR-ER-LBD,189,147,0.0058461627922952175,9
seed_126,NR-ER-LBD,30,148,0.005839161109179258,5
seed_126,NR-ER-LBD,21,149,0.005796982906758785,13
seed_126,NR-ER-LBD,5,150,0.005762031767517328,4
seed_126,NR-ER-LBD,77,151,0.005749720614403486,5
seed_126,NR-ER-LBD,195,152,0.005724512506276369,11
seed_126,NR-ER-LBD,96,153,0.005722529720515013,5
seed_126,NR-ER-LBD,260,154,0.005669587757438421,5
seed_126,NR-ER-LBD,198,155,0.00565418042242527,3
seed_126,NR-ER-LBD,124,156,0.005620549898594618,4
seed_126,NR-ER-LBD,106,157,0.005593203939497471,4
seed_126,NR-ER-LBD,1,158,0.005543151404708624,6
seed_126,NR-ER-LBD,170,159,0.00553250964730978,6
seed_126,NR-ER-LBD,201,160,0.005513741634786129,4
seed_126,NR-ER-LBD,157,161,0.005472984164953232,2
seed_126,NR-ER-LBD,246,162,0.0054690046235919,3
seed_126,NR-ER-LBD,67,163,0.005427948199212551,16
seed_126,NR-ER-LBD,287,164,0.005405402276664972,8
seed_126,NR-ER-LBD,275,165,0.005396714899688959,2
seed_126,NR-ER-LBD,259,166,0.005392361432313919,2
seed_126,NR-ER-LBD,110,167,0.005389696452766657,20
seed_126,NR-ER-LBD,176,168,0.005365475080907345,5
seed_126,NR-ER-LBD,232,169,0.005314178764820099,2
seed_126,NR-ER-LBD,50,170,0.005226853769272566,3
seed_126,NR-ER-LBD,286,171,0.005219371989369392,2
seed_126,NR-ER-LBD,161,172,0.005203276872634888,2
seed_126,NR-ER-LBD,105,173,0.0051772682927548885,3
seed_126,NR-ER-LBD,12,174,0.005153820849955082,6
seed_126,NR-ER-LBD,40,175,0.005136427003890276,6
seed_126,NR-ER-LBD,61,176,0.005134863778948784,6
seed_126,NR-ER-LBD,43,177,0.00511098513379693,9
seed_126,NR-ER-LBD,78,178,0.005081071984022856,5
seed_126,NR-ER-LBD,208,179,0.00505187688395381,3
seed_126,NR-ER-LBD,120,180,0.005048337858170271,5
seed_126,NR-ER-LBD,98,181,0.005015097558498383,2
seed_126,NR-ER-LBD,94,182,0.004984997678548098,2
seed_126,NR-ER-LBD,230,183,0.004979814402759075,3
seed_126,NR-ER-LBD,45,184,0.004937933757901192,8
seed_126,NR-ER-LBD,154,185,0.004894120618700981,5
seed_126,NR-ER-LBD,88,186,0.004883979447185993,4
seed_126,NR-ER-LBD,17,187,0.004843410104513168,5
seed_126,NR-ER-LBD,116,188,0.004816838074475527,3
seed_126,NR-ER-LBD,138,189,0.004815186373889446,3
seed_126,NR-ER-LBD,126,190,0.004809507168829441,10
seed_126,NR-ER-LBD,54,191,0.004778719041496515,5
seed_126,NR-ER-LBD,60,192,0.0047448379918932915,3
seed_126,NR-ER-LBD,250,193,0.004744778387248516,4
seed_126,NR-ER-LBD,256,194,0.004734929651021957,2
seed_126,NR-ER-LBD,215,195,0.00461563328281045,4
seed_126,NR-ER-LBD,102,196,0.004600098822265863,6
seed_126,NR-ER-LBD,253,197,0.0045582023449242115,1
seed_126,NR-ER-LBD,167,198,0.004548721015453339,6
seed_126,NR-ER-LBD,291,199,0.0045194621197879314,2
seed_126,NR-ER-LBD,164,200,0.004487770609557629,2
seed_126,NR-ER-LBD,28,201,0.004446031525731087,7
seed_126,NR-ER-LBD,85,202,0.004387503489851952,3
seed_126,NR-ER-LBD,25,203,0.004363630898296833,8
seed_126,NR-ER-LBD,194,204,0.004357657860964537,3
seed_126,NR-ER-LBD,251,205,0.004283387213945389,3
seed_126,NR-ER-LBD,185,206,0.004277735948562622,3
seed_126,NR-ER-LBD,174,207,0.004273616708815098,2
seed_126,NR-ER-LBD,26,208,0.004251633770763874,4
seed_126,NR-ER-LBD,212,209,0.004248057492077351,7
seed_126,NR-ER-LBD,248,210,0.004246931988745928,2
seed_126,NR-ER-LBD,247,211,0.0042432998307049274,4
seed_126,NR-ER-LBD,274,212,0.004211220890283585,2
seed_126,NR-ER-LBD,150,213,0.004175765905529261,3
seed_126,NR-ER-LBD,131,214,0.004136756528168917,2
seed_126,NR-ER-LBD,279,215,0.004127673339098692,2
seed_126,NR-ER-LBD,143,216,0.0040848134085536,5
seed_126,NR-ER-LBD,9,217,0.00406313594430685,3
seed_126,NR-ER-LBD,221,218,0.004039000254124403,6
seed_126,NR-ER-LBD,255,219,0.004034153651446104,2
seed_126,NR-ER-LBD,254,220,0.0040339520201087,2
seed_126,NR-ER-LBD,130,221,0.003996067214757204,4
seed_126,NR-ER-LBD,173,222,0.003848592285066843,4
seed_126,NR-ER-LBD,288,223,0.0038298561703413725,2
seed_126,NR-ER-LBD,41,224,0.003819678444415331,2
seed_126,NR-ER-LBD,38,225,0.0038179270923137665,4
seed_126,NR-ER-LBD,261,226,0.0037972386926412582,3
seed_126,NR-ER-LBD,65,227,0.003795568598434329,3
seed_126,NR-ER-LBD,284,228,0.003748497925698757,2
seed_126,NR-ER-LBD,163,229,0.003744901856407523,3
seed_126,NR-ER-LBD,292,230,0.003737990278750658,3
seed_126,NR-ER-LBD,180,231,0.0037308859173208475,5
seed_126,NR-ER-LBD,111,232,0.0037165675312280655,5
seed_126,NR-ER-LBD,233,233,0.0037120634224265814,6
seed_126,NR-ER-LBD,103,234,0.0037068433593958616,3
seed_126,NR-ER-LBD,227,235,0.0036654670257121325,3
seed_126,NR-ER-LBD,177,236,0.0036397660151124,4
seed_126,NR-ER-LBD,226,237,0.0036116691771894693,2
seed_126,NR-ER-LBD,257,238,0.0035803234204649925,8
seed_126,NR-ER-LBD,89,239,0.0035588436294347048,3
seed_126,NR-ER-LBD,272,240,0.0035551253240555525,1
seed_126,NR-ER-LBD,217,241,0.003509849775582552,4
seed_126,NR-ER-LBD,187,242,0.0034838314168155193,3
seed_126,NR-ER-LBD,91,243,0.0034725931473076344,6
seed_126,NR-ER-LBD,220,244,0.003469576360657811,2
seed_126,NR-ER-LBD,178,245,0.0034476667642593384,2
seed_126,NR-ER-LBD,268,246,0.0033745714463293552,4
seed_126,NR-ER-LBD,104,247,0.003372460138052702,4
seed_126,NR-ER-LBD,125,248,0.0033404738642275333,3
seed_126,NR-ER-LBD,101,249,0.0032660707365721464,3
seed_126,NR-ER-LBD,13,250,0.003260399214923382,6
seed_126,NR-ER-LBD,241,251,0.0032464901451021433,3
seed_126,NR-ER-LBD,119,252,0.0032247991766780615,2
seed_126,NR-ER-LBD,266,253,0.0031965249218046665,1
seed_126,NR-ER-LBD,82,254,0.0031853471882641315,4
seed_126,NR-ER-LBD,216,255,0.00316816009581089,2
seed_126,NR-ER-LBD,179,256,0.0030859580729156733,3
seed_126,NR-ER-LBD,289,257,0.0030821403488516808,2
seed_126,NR-ER-LBD,270,258,0.003075952176004648,4
seed_126,NR-ER-LBD,298,259,0.0029923489782959223,4
seed_126,NR-ER-LBD,95,260,0.0029339217580854893,4
seed_126,NR-ER-LBD,264,261,0.0029309606179594994,3
seed_126,NR-ER-LBD,197,262,0.0028683841228485107,3
seed_126,NR-ER-LBD,134,263,0.0028595307376235723,3
seed_126,NR-ER-LBD,222,264,0.0028407417703419924,4
seed_126,NR-ER-LBD,249,265,0.0028110980056226254,3
seed_126,NR-ER-LBD,293,266,0.002810161327943206,3
seed_126,NR-ER-LBD,280,267,0.0028085224330425262,3
seed_126,NR-ER-LBD,87,268,0.002785374876111746,4
seed_126,NR-ER-LBD,19,269,0.002667846856638789,4
seed_126,NR-ER-LBD,155,270,0.0025953715667128563,3
seed_126,NR-ER-LBD,202,271,0.0025327266193926334,3
seed_126,NR-ER-LBD,68,272,0.002500472590327263,2
seed_126,NR-ER-LBD,277,273,0.0024708639830350876,1
seed_126,NR-ER-LBD,11,274,0.0023969265166670084,2
seed_126,NR-ER-LBD,156,275,0.002379516139626503,2
seed_126,NR-ER-LBD,36,276,0.002305747475475073,7
seed_126,NR-ER-LBD,273,277,0.002273975173011422,2
seed_126,NR-ER-LBD,243,278,0.0022419204469770193,2
seed_126,NR-ER-LBD,149,279,0.0022202858235687017,2
seed_126,NR-ER-LBD,152,280,0.002214547712355852,3
seed_126,NR-ER-LBD,151,281,0.002189165912568569,2
seed_126,NR-ER-LBD,171,282,0.0021722535602748394,2
seed_126,NR-ER-LBD,137,283,0.0021549263037741184,2
seed_126,NR-ER-LBD,223,284,0.002069805283099413,2
seed_126,NR-ER-LBD,267,285,0.002063327468931675,2
seed_126,NR-ER-LBD,278,286,0.0020144747104495764,2
seed_126,NR-ER-LBD,76,287,0.0019864323548972607,2
seed_126,NR-ER-LBD,214,288,0.0019857212901115417,2
seed_126,NR-ER-LBD,282,289,0.0019490582635626197,3
seed_126,NR-ER-LBD,297,290,0.0019109892891719937,1
seed_126,NR-ER-LBD,238,291,0.0019077773904427886,1
seed_126,NR-ER-LBD,207,292,0.00188502948731184,2
seed_126,NR-ER-LBD,244,293,0.0018798495875671506,1
seed_126,NR-ER-LBD,271,294,0.0018697174964472651,3
seed_126,NR-ER-LBD,132,295,0.0017246169736608863,2
seed_126,NR-ER-LBD,295,296,0.0013138412032276392,2
seed_126,NR-ER-LBD,237,297,0.0011136133689433336,2
seed_126,NR-ER-LBD,240,298,0.0005601265584118664,1
seed_126,NR-ER-LBD,281,299,0.0003894740075338632,1
seed_126,SR-ATAD5,168,0,0.00354540953412652,79
seed_126,SR-ATAD5,7,1,0.003541826969012618,33
seed_126,SR-ATAD5,40,2,0.0029410480055958033,6
seed_126,SR-ATAD5,195,3,0.0029409057460725307,11
seed_126,SR-ATAD5,63,4,0.0028824571054428816,51
seed_126,SR-ATAD5,10,5,0.002807647455483675,17
seed_126,SR-ATAD5,128,6,0.0027593255508691072,42
seed_126,SR-ATAD5,23,7,0.002597950166091323,30
seed_126,SR-ATAD5,62,8,0.0025612886529415846,24
seed_126,SR-ATAD5,70,9,0.002556046238169074,27
seed_126,SR-ATAD5,33,10,0.0024865439627319574,17
seed_126,SR-ATAD5,147,11,0.0024282471276819706,16
seed_126,SR-ATAD5,22,12,0.0023999614641070366,13
seed_126,SR-ATAD5,29,13,0.002385912463068962,39
seed_126,SR-ATAD5,84,14,0.0022925958037376404,15
seed_126,SR-ATAD5,44,15,0.0022275957744568586,3
seed_126,SR-ATAD5,81,16,0.002205020049586892,19
seed_126,SR-ATAD5,15,17,0.0021374435164034367,26
seed_126,SR-ATAD5,145,18,0.002114230068400502,17
seed_126,SR-ATAD5,160,19,0.0020821685902774334,11
seed_126,SR-ATAD5,74,20,0.0020752456039190292,19
seed_126,SR-ATAD5,122,21,0.0020683505572378635,6
seed_126,SR-ATAD5,59,22,0.0020541546400636435,8
seed_126,SR-ATAD5,24,23,0.002033842960372567,21
seed_126,SR-ATAD5,169,24,0.002026930218562484,8
seed_126,SR-ATAD5,92,25,0.0019763335585594177,21
seed_126,SR-ATAD5,6,26,0.001973128179088235,18
seed_126,SR-ATAD5,66,27,0.0019602044485509396,13
seed_126,SR-ATAD5,140,28,0.001956491032615304,19
seed_126,SR-ATAD5,67,29,0.0019455011934041977,16
seed_126,SR-ATAD5,190,30,0.0019423153717070818,13
seed_126,SR-ATAD5,219,31,0.0019413377158343792,16
seed_126,SR-ATAD5,144,32,0.0019161280943080783,7
seed_126,SR-ATAD5,31,33,0.0018947012722492218,20
seed_126,SR-ATAD5,32,34,0.0018885057652369142,8
seed_126,SR-ATAD5,93,35,0.0018855894450098276,16
seed_126,SR-ATAD5,83,36,0.0018826351733878255,9
seed_126,SR-ATAD5,260,37,0.0018804538995027542,5
seed_126,SR-ATAD5,227,38,0.0018760926323011518,3
seed_126,SR-ATAD5,237,39,0.0018760224338620901,2
seed_126,SR-ATAD5,229,40,0.0018555475398898125,7
seed_126,SR-ATAD5,136,41,0.0018423018045723438,18
seed_126,SR-ATAD5,108,42,0.0018390275072306395,14
seed_126,SR-ATAD5,75,43,0.0018383049173280597,13
seed_126,SR-ATAD5,73,44,0.0018370901234447956,16
seed_126,SR-ATAD5,43,45,0.0018340816022828221,9
seed_126,SR-ATAD5,117,46,0.0018002268625423312,7
seed_126,SR-ATAD5,2,47,0.0017956934170797467,14
seed_126,SR-ATAD5,51,48,0.0017871179152280092,10
seed_126,SR-ATAD5,49,49,0.001753790071234107,17
seed_126,SR-ATAD5,148,50,0.0017511815531179309,14
seed_126,SR-ATAD5,14,51,0.00175023905467242,5
seed_126,SR-ATAD5,231,52,0.001739060622639954,8
seed_126,SR-ATAD5,79,53,0.001719597727060318,9
seed_126,SR-ATAD5,110,54,0.0016995815094560385,20
seed_126,SR-ATAD5,87,55,0.0016992874443531036,4
seed_126,SR-ATAD5,211,56,0.0016970079159364104,13
seed_126,SR-ATAD5,45,57,0.0016720837447792292,8
seed_126,SR-ATAD5,150,58,0.0016679789405316114,3
seed_126,SR-ATAD5,212,59,0.0016557775670662522,7
seed_126,SR-ATAD5,262,60,0.0016409216914325953,3
seed_126,SR-ATAD5,106,61,0.0016335578402504325,4
seed_126,SR-ATAD5,54,62,0.0016256828093901277,5
seed_126,SR-ATAD5,252,63,0.0016249907203018665,4
seed_126,SR-ATAD5,155,64,0.001618100213818252,3
seed_126,SR-ATAD5,113,65,0.001614810898900032,13
seed_126,SR-ATAD5,129,66,0.0016116080805659294,9
seed_126,SR-ATAD5,80,67,0.0016057721804827452,8
seed_126,SR-ATAD5,225,68,0.00158887286670506,6
seed_126,SR-ATAD5,86,69,0.0015757899964228272,9
seed_126,SR-ATAD5,30,70,0.0015726452693343163,5
seed_126,SR-ATAD5,233,71,0.0015719822840765119,6
seed_126,SR-ATAD5,56,72,0.0015642654616385698,17
seed_126,SR-ATAD5,21,73,0.0015605364460498095,13
seed_126,SR-ATAD5,55,74,0.0015542895998805761,6
seed_126,SR-ATAD5,209,75,0.0015526830684393644,7
seed_126,SR-ATAD5,16,76,0.0015488225035369396,4
seed_126,SR-ATAD5,242,77,0.001530873472802341,6
seed_126,SR-ATAD5,112,78,0.0015194969018921256,10
seed_126,SR-ATAD5,114,79,0.001507516484707594,7
seed_126,SR-ATAD5,102,80,0.0015007234178483486,6
seed_126,SR-ATAD5,36,81,0.0014787449035793543,7
seed_126,SR-ATAD5,184,82,0.0014783533988520503,7
seed_126,SR-ATAD5,135,83,0.0014722394989803433,9
seed_126,SR-ATAD5,5,84,0.0014687099028378725,4
seed_126,SR-ATAD5,249,85,0.001465467968955636,3
seed_126,SR-ATAD5,116,86,0.0014588156482204795,3
seed_126,SR-ATAD5,53,87,0.0014559327391907573,6
seed_126,SR-ATAD5,52,88,0.0014444945845752954,16
seed_126,SR-ATAD5,121,89,0.0014429804868996143,7
seed_126,SR-ATAD5,139,90,0.0014196037082001567,12
seed_126,SR-ATAD5,245,91,0.0014184691244736314,15
seed_126,SR-ATAD5,278,92,0.0014099528780207038,2
seed_126,SR-ATAD5,183,93,0.0014094922225922346,7
seed_126,SR-ATAD5,46,94,0.0014075852232053876,13
seed_126,SR-ATAD5,146,95,0.0014047055738046765,5
seed_126,SR-ATAD5,137,96,0.001403015456162393,2
seed_126,SR-ATAD5,39,97,0.0014015360502526164,9
seed_126,SR-ATAD5,239,98,0.0013937205076217651,3
seed_126,SR-ATAD5,42,99,0.0013910295674577355,5
seed_126,SR-ATAD5,218,100,0.0013889932306483388,3
seed_126,SR-ATAD5,123,101,0.001382714486680925,11
seed_126,SR-ATAD5,189,102,0.0013825701316818595,9
seed_126,SR-ATAD5,99,103,0.0013715821551159024,7
seed_126,SR-ATAD5,35,104,0.0013706344179809093,4
seed_126,SR-ATAD5,27,105,0.001352881663478911,8
seed_126,SR-ATAD5,267,106,0.001347902463749051,2
seed_126,SR-ATAD5,57,107,0.001342527219094336,9
seed_126,SR-ATAD5,282,108,0.0013401295291259885,3
seed_126,SR-ATAD5,290,109,0.0013400519965216517,10
seed_126,SR-ATAD5,96,110,0.0013243204448372126,5
seed_126,SR-ATAD5,287,111,0.0012965236091986299,8
seed_126,SR-ATAD5,230,112,0.001280897413380444,3
seed_126,SR-ATAD5,167,113,0.0012806314043700695,6
seed_126,SR-ATAD5,4,114,0.001272123772650957,9
seed_126,SR-ATAD5,162,115,0.0012301129754632711,3
seed_126,SR-ATAD5,291,116,0.0012268343707546592,2
seed_126,SR-ATAD5,177,117,0.0012255297042429447,4
seed_126,SR-ATAD5,193,118,0.0012187663232907653,9
seed_126,SR-ATAD5,8,119,0.0012167957611382008,6
seed_126,SR-ATAD5,69,120,0.001215035910718143,8
seed_126,SR-ATAD5,68,121,0.0012024568859487772,2
seed_126,SR-ATAD5,198,122,0.0012000483693554997,3
seed_126,SR-ATAD5,166,123,0.0011988449841737747,6
seed_126,SR-ATAD5,182,124,0.0011877877404913306,2
seed_126,SR-ATAD5,185,125,0.0011840825900435448,3
seed_126,SR-ATAD5,103,126,0.001177488244138658,3
seed_126,SR-ATAD5,72,127,0.001173751661553979,15
seed_126,SR-ATAD5,243,128,0.0011697354493662715,2
seed_126,SR-ATAD5,48,129,0.0011662932811304927,7
seed_126,SR-ATAD5,188,130,0.0011644229525700212,2
seed_126,SR-ATAD5,0,131,0.0011611098889261484,20
seed_126,SR-ATAD5,263,132,0.0011482047848403454,6
seed_126,SR-ATAD5,3,133,0.0011391268344596028,6
seed_126,SR-ATAD5,126,134,0.0011381276417523623,10
seed_126,SR-ATAD5,210,135,0.0011288770474493504,6
seed_126,SR-ATAD5,199,136,0.001124903210438788,2
seed_126,SR-ATAD5,154,137,0.0011216774582862854,5
seed_126,SR-ATAD5,201,138,0.0011172948870807886,4
seed_126,SR-ATAD5,34,139,0.00110582634806633,5
seed_126,SR-ATAD5,265,140,0.001104906783439219,1
seed_126,SR-ATAD5,220,141,0.0010986252455040812,2
seed_126,SR-ATAD5,204,142,0.0010971673764288425,7
seed_126,SR-ATAD5,12,143,0.0010923071531578898,6
seed_126,SR-ATAD5,208,144,0.0010920605855062604,3
seed_126,SR-ATAD5,1,145,0.0010916090104728937,6
seed_126,SR-ATAD5,268,146,0.0010815523564815521,4
seed_126,SR-ATAD5,127,147,0.0010754115646705031,4
seed_126,SR-ATAD5,284,148,0.0010736940894275904,2
seed_126,SR-ATAD5,222,149,0.0010735000250861049,4
seed_126,SR-ATAD5,223,150,0.0010734107345342636,2
seed_126,SR-ATAD5,37,151,0.0010700923157855868,7
seed_126,SR-ATAD5,85,152,0.0010549839353188872,3
seed_126,SR-ATAD5,273,153,0.0010408759117126465,2
seed_126,SR-ATAD5,247,154,0.00102684972807765,4
seed_126,SR-ATAD5,82,155,0.0010241998825222254,4
seed_126,SR-ATAD5,257,156,0.0010187426814809442,8
seed_126,SR-ATAD5,47,157,0.001010095584206283,4
seed_126,SR-ATAD5,89,158,0.0010006623342633247,3
seed_126,SR-ATAD5,38,159,0.0010005388176068664,4
seed_126,SR-ATAD5,25,160,0.0009931939421221614,8
seed_126,SR-ATAD5,120,161,0.0009843844454735518,5
seed_126,SR-ATAD5,288,162,0.000983384088613093,2
seed_126,SR-ATAD5,17,163,0.0009772757766768336,5
seed_126,SR-ATAD5,226,164,0.0009767531882971525,2
seed_126,SR-ATAD5,115,165,0.0009671499137766659,4
seed_126,SR-ATAD5,203,166,0.000962383346632123,4
seed_126,SR-ATAD5,28,167,0.000957587908487767,7
seed_126,SR-ATAD5,100,168,0.0009537552832625806,3
seed_126,SR-ATAD5,65,169,0.0009519787854515016,3
seed_126,SR-ATAD5,133,170,0.0009505756897851825,6
seed_126,SR-ATAD5,176,171,0.000947968743275851,5
seed_126,SR-ATAD5,26,172,0.0009464195463806391,4
seed_126,SR-ATAD5,107,173,0.0009402114083059132,6
seed_126,SR-ATAD5,296,174,0.000938301847781986,10
seed_126,SR-ATAD5,172,175,0.0009288719738833606,4
seed_126,SR-ATAD5,178,176,0.0009283336694352329,2
seed_126,SR-ATAD5,98,177,0.0009263607207685709,2
seed_126,SR-ATAD5,186,178,0.0009195083403028548,3
seed_126,SR-ATAD5,78,179,0.0009179257322102785,5
seed_126,SR-ATAD5,118,180,0.0009155070874840021,4
seed_126,SR-ATAD5,88,181,0.0009126374498009682,4
seed_126,SR-ATAD5,216,182,0.0009123501367866993,2
seed_126,SR-ATAD5,180,183,0.0009114787681028247,5
seed_126,SR-ATAD5,130,184,0.0009047677740454674,4
seed_126,SR-ATAD5,20,185,0.0009040309814736247,4
seed_126,SR-ATAD5,175,186,0.0008976026438176632,9
seed_126,SR-ATAD5,60,187,0.0008947652531787753,3
seed_126,SR-ATAD5,90,188,0.0008929812465794384,6
seed_126,SR-ATAD5,246,189,0.0008902589906938374,3
seed_126,SR-ATAD5,58,190,0.0008865922573022544,10
seed_126,SR-ATAD5,187,191,0.0008782550576142967,3
seed_126,SR-ATAD5,205,192,0.0008710460388101637,3
seed_126,SR-ATAD5,191,193,0.0008686787914484739,2
seed_126,SR-ATAD5,214,194,0.0008630396914668381,2
seed_126,SR-ATAD5,215,195,0.0008545722812414169,4
seed_126,SR-ATAD5,104,196,0.0008536933455616236,4
seed_126,SR-ATAD5,171,197,0.000852162775117904,2
seed_126,SR-ATAD5,234,198,0.000851544551551342,2
seed_126,SR-ATAD5,132,199,0.0008373367018066347,2
seed_126,SR-ATAD5,276,200,0.0008365856483578682,8
seed_126,SR-ATAD5,158,201,0.0008360620704479516,3
seed_126,SR-ATAD5,294,202,0.0008321245550177991,2
seed_126,SR-ATAD5,163,203,0.000829674827400595,3
seed_126,SR-ATAD5,194,204,0.0008213854162022471,3
seed_126,SR-ATAD5,181,205,0.0008186723571270704,4
seed_126,SR-ATAD5,64,206,0.0008024327107705176,7
seed_126,SR-ATAD5,61,207,0.0008017946965992451,6
seed_126,SR-ATAD5,254,208,0.000800422509200871,2
seed_126,SR-ATAD5,164,209,0.000795863859821111,2
seed_126,SR-ATAD5,196,210,0.0007887356914579868,4
seed_126,SR-ATAD5,173,211,0.0007858871249482036,4
seed_126,SR-ATAD5,299,212,0.0007767746574245393,7
seed_126,SR-ATAD5,251,213,0.0007764424663037062,3
seed_126,SR-ATAD5,143,214,0.000763554242439568,5
seed_126,SR-ATAD5,213,215,0.0007592756301164627,4
seed_126,SR-ATAD5,270,216,0.0007506971596740186,4
seed_126,SR-ATAD5,224,217,0.0007460109191015363,2
seed_126,SR-ATAD5,71,218,0.0007443072972819209,11
seed_126,SR-ATAD5,271,219,0.0007423764327540994,3
seed_126,SR-ATAD5,109,220,0.0007393390987999737,7
seed_126,SR-ATAD5,91,221,0.000733529101125896,6
seed_126,SR-ATAD5,18,222,0.0007224886794574559,4
seed_126,SR-ATAD5,170,223,0.0007136160274967551,6
seed_126,SR-ATAD5,221,224,0.0007050595595501363,6
seed_126,SR-ATAD5,280,225,0.0007023520302027464,3
seed_126,SR-ATAD5,142,226,0.0007014392758719623,3
seed_126,SR-ATAD5,152,227,0.0006993457209318876,3
seed_126,SR-ATAD5,13,228,0.0006977926823310554,6
seed_126,SR-ATAD5,277,229,0.0006969996611587703,1
seed_126,SR-ATAD5,124,230,0.0006883058231323957,4
seed_126,SR-ATAD5,232,231,0.0006718097720295191,2
seed_126,SR-ATAD5,202,232,0.0006596448365598917,3
seed_126,SR-ATAD5,192,233,0.0006266708369366825,3
seed_126,SR-ATAD5,206,234,0.0006262008682824671,4
seed_126,SR-ATAD5,228,235,0.0006227244739420712,4
seed_126,SR-ATAD5,76,236,0.0006180264172144234,2
seed_126,SR-ATAD5,200,237,0.0006165088852867484,8
seed_126,SR-ATAD5,161,238,0.0006145910010673106,2
seed_126,SR-ATAD5,264,239,0.0006130434921942651,3
seed_126,SR-ATAD5,156,240,0.0005988075863569975,2
seed_126,SR-ATAD5,236,241,0.00059668900212273,3
seed_126,SR-ATAD5,240,242,0.0005889651365578175,1
seed_126,SR-ATAD5,165,243,0.0005783973028883338,4
seed_126,SR-ATAD5,50,244,0.0005770282004959881,3
seed_126,SR-ATAD5,95,245,0.0005750518175773323,4
seed_126,SR-ATAD5,217,246,0.0005620885640382767,4
seed_126,SR-ATAD5,241,247,0.0005467554437927902,3
seed_126,SR-ATAD5,179,248,0.0005453270277939737,3
seed_126,SR-ATAD5,293,249,0.0005256684962660074,3
seed_126,SR-ATAD5,258,250,0.0005236423457972705,3
seed_126,SR-ATAD5,101,251,0.0005173326935619116,3
seed_126,SR-ATAD5,77,252,0.0005117992986924946,5
seed_126,SR-ATAD5,248,253,0.0005096756503917277,2
seed_126,SR-ATAD5,111,254,0.0004994251648895442,5
seed_126,SR-ATAD5,289,255,0.0004973378963768482,2
seed_126,SR-ATAD5,207,256,0.0004924435052089393,2
seed_126,SR-ATAD5,19,257,0.0004917364567518234,4
seed_126,SR-ATAD5,286,258,0.00048743782099336386,2
seed_126,SR-ATAD5,119,259,0.0004845264193136245,2
seed_126,SR-ATAD5,283,260,0.0004840708861593157,2
seed_126,SR-ATAD5,153,261,0.0004793108382727951,2
seed_126,SR-ATAD5,197,262,0.00047650333726778626,3
seed_126,SR-ATAD5,250,263,0.00047259885468520224,4
seed_126,SR-ATAD5,261,264,0.0004604088026098907,3
seed_126,SR-ATAD5,125,265,0.0004474411252886057,3
seed_126,SR-ATAD5,269,266,0.00044487477862276137,4
seed_126,SR-ATAD5,149,267,0.00041381773189641535,2
seed_126,SR-ATAD5,275,268,0.0004123026446904987,2
seed_126,SR-ATAD5,97,269,0.0004122650425415486,2
seed_126,SR-ATAD5,157,270,0.0003994475118815899,2
seed_126,SR-ATAD5,259,271,0.0003954021376557648,2
seed_126,SR-ATAD5,138,272,0.000387152744224295,3
seed_126,SR-ATAD5,298,273,0.00038602337008342147,4
seed_126,SR-ATAD5,94,274,0.0003686040290631354,2
seed_126,SR-ATAD5,279,275,0.0003665944095700979,2
seed_126,SR-ATAD5,244,276,0.0003625279350671917,1
seed_126,SR-ATAD5,9,277,0.0003545208019204438,3
seed_126,SR-ATAD5,295,278,0.00034736518864519894,2
seed_126,SR-ATAD5,174,279,0.0003446360642556101,2
seed_126,SR-ATAD5,151,280,0.0003424575843382627,2
seed_126,SR-ATAD5,297,281,0.0003200719365850091,1
seed_126,SR-ATAD5,235,282,0.00030457580578513443,5
seed_126,SR-ATAD5,281,283,0.00030168192461133003,1
seed_126,SR-ATAD5,272,284,0.00028140866197645664,1
seed_126,SR-ATAD5,131,285,0.00028085109079256654,2
seed_126,SR-ATAD5,41,286,0.0002748032275121659,2
seed_126,SR-ATAD5,256,287,0.00026588051696307957,2
seed_126,SR-ATAD5,292,288,0.00024878940894268453,3
seed_126,SR-ATAD5,274,289,0.00023330346448346972,2
seed_126,SR-ATAD5,255,290,0.0002288453106302768,2
seed_126,SR-ATAD5,134,291,0.00022162434470374137,3
seed_126,SR-ATAD5,266,292,0.00022083718795329332,1
seed_126,SR-ATAD5,141,293,0.00021529122022911906,2
seed_126,SR-ATAD5,253,294,0.0002076645178021863,1
seed_126,SR-ATAD5,159,295,0.00019956940377596766,2
seed_126,SR-ATAD5,105,296,0.00016320469148922712,3
seed_126,SR-ATAD5,11,297,0.00014434862532652915,2
seed_126,SR-ATAD5,285,298,0.0001177484227810055,1
seed_126,SR-ATAD5,238,299,4.6620581997558475e-05,1
seed_126,SR-p53,168,0,0.04329048842191696,79
seed_126,SR-p53,63,1,0.02928265370428562,51
seed_126,SR-p53,74,2,0.02728544920682907,19
seed_126,SR-p53,23,3,0.02683129720389843,30
seed_126,SR-p53,29,4,0.02625366486608982,39
seed_126,SR-p53,128,5,0.026214376091957092,42
seed_126,SR-p53,7,6,0.026167675852775574,33
seed_126,SR-p53,39,7,0.025890082120895386,9
seed_126,SR-p53,24,8,0.024847183376550674,21
seed_126,SR-p53,46,9,0.024104012176394463,13
seed_126,SR-p53,108,10,0.023681171238422394,14
seed_126,SR-p53,6,11,0.023521091789007187,18
seed_126,SR-p53,31,12,0.023320602253079414,20
seed_126,SR-p53,70,13,0.02328249253332615,27
seed_126,SR-p53,92,14,0.02295961230993271,21
seed_126,SR-p53,245,15,0.022700661793351173,15
seed_126,SR-p53,93,16,0.022613056004047394,16
seed_126,SR-p53,135,17,0.02234436757862568,9
seed_126,SR-p53,140,18,0.022174429148435593,19
seed_126,SR-p53,249,19,0.022036787122488022,3
seed_126,SR-p53,33,20,0.021646421402692795,17
seed_126,SR-p53,148,21,0.02152721956372261,14
seed_126,SR-p53,219,22,0.021265197545289993,16
seed_126,SR-p53,67,23,0.02109472081065178,16
seed_126,SR-p53,15,24,0.020722614601254463,26
seed_126,SR-p53,10,25,0.02068638987839222,17
seed_126,SR-p53,117,26,0.020632753148674965,7
seed_126,SR-p53,195,27,0.02061186544597149,11
seed_126,SR-p53,56,28,0.020587503910064697,17
seed_126,SR-p53,139,29,0.020224247127771378,12
seed_126,SR-p53,66,30,0.019799085333943367,13
seed_126,SR-p53,123,31,0.0196458138525486,11
seed_126,SR-p53,211,32,0.019642416387796402,13
seed_126,SR-p53,0,33,0.019624067470431328,20
seed_126,SR-p53,49,34,0.019471529871225357,17
seed_126,SR-p53,147,35,0.019398905336856842,16
seed_126,SR-p53,230,36,0.019358010962605476,3
seed_126,SR-p53,189,37,0.01922227256000042,9
seed_126,SR-p53,235,38,0.019129224121570587,5
seed_126,SR-p53,17,39,0.018951233476400375,5
seed_126,SR-p53,150,40,0.018781539052724838,3
seed_126,SR-p53,136,41,0.01873096264898777,18
seed_126,SR-p53,83,42,0.018670672550797462,9
seed_126,SR-p53,3,43,0.018604543060064316,6
seed_126,SR-p53,193,44,0.01838185451924801,9
seed_126,SR-p53,156,45,0.018303493037819862,2
seed_126,SR-p53,263,46,0.01823226362466812,6
seed_126,SR-p53,52,47,0.018083050847053528,16
seed_126,SR-p53,51,48,0.018056204542517662,10
seed_126,SR-p53,137,49,0.0179827269166708,2
seed_126,SR-p53,22,50,0.0179734006524086,13
seed_126,SR-p53,110,51,0.017947090789675713,20
seed_126,SR-p53,112,52,0.017885729670524597,10
seed_126,SR-p53,99,53,0.017817607149481773,7
seed_126,SR-p53,62,54,0.01770276390016079,24
seed_126,SR-p53,90,55,0.017429418861865997,6
seed_126,SR-p53,116,56,0.017279114574193954,3
seed_126,SR-p53,73,57,0.01717953197658062,16
seed_126,SR-p53,21,58,0.017170630395412445,13
seed_126,SR-p53,287,59,0.01713266782462597,8
seed_126,SR-p53,105,60,0.016871338710188866,3
seed_126,SR-p53,75,61,0.01685977354645729,13
seed_126,SR-p53,247,62,0.016858626157045364,4
seed_126,SR-p53,48,63,0.01682423986494541,7
seed_126,SR-p53,81,64,0.01680757664144039,19
seed_126,SR-p53,71,65,0.016741616651415825,11
seed_126,SR-p53,57,66,0.016714967787265778,9
seed_126,SR-p53,198,67,0.016596093773841858,3
seed_126,SR-p53,32,68,0.016578299924731255,8
seed_126,SR-p53,121,69,0.016566859558224678,7
seed_126,SR-p53,38,70,0.016344595700502396,4
seed_126,SR-p53,192,71,0.016333723440766335,3
seed_126,SR-p53,72,72,0.016237810254096985,15
seed_126,SR-p53,97,73,0.016150183975696564,2
seed_126,SR-p53,43,74,0.01604105345904827,9
seed_126,SR-p53,28,75,0.015902556478977203,7
seed_126,SR-p53,145,76,0.01584596373140812,17
seed_126,SR-p53,36,77,0.015834977850317955,7
seed_126,SR-p53,167,78,0.01580355316400528,6
seed_126,SR-p53,278,79,0.01569993980228901,2
seed_126,SR-p53,18,80,0.01567818783223629,4
seed_126,SR-p53,61,81,0.01548775378614664,6
seed_126,SR-p53,162,82,0.01546650193631649,3
seed_126,SR-p53,212,83,0.015405397862195969,7
seed_126,SR-p53,210,84,0.015348827466368675,6
seed_126,SR-p53,64,85,0.01531312894076109,7
seed_126,SR-p53,160,86,0.015302902087569237,11
seed_126,SR-p53,120,87,0.015275495126843452,5
seed_126,SR-p53,59,88,0.015133639797568321,8
seed_126,SR-p53,30,89,0.015119506046175957,5
seed_126,SR-p53,184,90,0.015030650421977043,7
seed_126,SR-p53,69,91,0.01500250305980444,8
seed_126,SR-p53,242,92,0.014931376092135906,6
seed_126,SR-p53,79,93,0.01487326342612505,9
seed_126,SR-p53,183,94,0.014826281927525997,7
seed_126,SR-p53,2,95,0.014788760803639889,14
seed_126,SR-p53,129,96,0.014783657155930996,9
seed_126,SR-p53,159,97,0.014672208577394485,2
seed_126,SR-p53,86,98,0.01460480596870184,9
seed_126,SR-p53,84,99,0.014560920186340809,15
seed_126,SR-p53,196,100,0.014531492255628109,4
seed_126,SR-p53,127,101,0.014464490115642548,4
seed_126,SR-p53,264,102,0.01444214303046465,3
seed_126,SR-p53,190,103,0.01437393482774496,13
seed_126,SR-p53,77,104,0.01436584908515215,5
seed_126,SR-p53,106,105,0.014361596666276455,4
seed_126,SR-p53,5,106,0.014193655923008919,4
seed_126,SR-p53,236,107,0.01387420017272234,3
seed_126,SR-p53,231,108,0.01386728510260582,8
seed_126,SR-p53,143,109,0.013735945336520672,5
seed_126,SR-p53,229,110,0.013715262524783611,7
seed_126,SR-p53,126,111,0.013695765286684036,10
seed_126,SR-p53,175,112,0.013596960343420506,9
seed_126,SR-p53,290,113,0.013591315597295761,10
seed_126,SR-p53,299,114,0.013513375073671341,7
seed_126,SR-p53,27,115,0.01327416580170393,8
seed_126,SR-p53,228,116,0.013207759708166122,4
seed_126,SR-p53,270,117,0.013192675076425076,4
seed_126,SR-p53,296,118,0.013186563737690449,10
seed_126,SR-p53,45,119,0.013179857283830643,8
seed_126,SR-p53,166,120,0.01316300593316555,6
seed_126,SR-p53,199,121,0.013144656084477901,2
seed_126,SR-p53,152,122,0.013079220429062843,3
seed_126,SR-p53,8,123,0.013053473085165024,6
seed_126,SR-p53,37,124,0.012975825928151608,7
seed_126,SR-p53,47,125,0.012955998070538044,4
seed_126,SR-p53,217,126,0.012933106161653996,4
seed_126,SR-p53,280,127,0.012912868522107601,3
seed_126,SR-p53,115,128,0.012892606668174267,4
seed_126,SR-p53,44,129,0.01284833624958992,3
seed_126,SR-p53,133,130,0.01282915472984314,6
seed_126,SR-p53,227,131,0.01279874425381422,3
seed_126,SR-p53,276,132,0.01277948822826147,8
seed_126,SR-p53,285,133,0.012776028364896774,1
seed_126,SR-p53,114,134,0.012702593579888344,7
seed_126,SR-p53,181,135,0.012690276838839054,4
seed_126,SR-p53,288,136,0.01267335470765829,2
seed_126,SR-p53,239,137,0.012571887113153934,3
seed_126,SR-p53,177,138,0.01254869345575571,4
seed_126,SR-p53,142,139,0.012511962093412876,3
seed_126,SR-p53,16,140,0.012488097883760929,4
seed_126,SR-p53,209,141,0.012450676411390305,7
seed_126,SR-p53,82,142,0.01242550928145647,4
seed_126,SR-p53,237,143,0.012350305914878845,2
seed_126,SR-p53,50,144,0.012326586991548538,3
seed_126,SR-p53,53,145,0.012287426739931107,6
seed_126,SR-p53,282,146,0.012263181619346142,3
seed_126,SR-p53,11,147,0.012237410061061382,2
seed_126,SR-p53,233,148,0.012197804637253284,6
seed_126,SR-p53,113,149,0.012159212492406368,13
seed_126,SR-p53,60,150,0.012047232128679752,3
seed_126,SR-p53,243,151,0.012040166184306145,2
seed_126,SR-p53,252,152,0.012021315284073353,4
seed_126,SR-p53,203,153,0.011972486041486263,4
seed_126,SR-p53,87,154,0.01183759793639183,4
seed_126,SR-p53,169,155,0.011816038750112057,8
seed_126,SR-p53,292,156,0.011803298257291317,3
seed_126,SR-p53,91,157,0.011731691658496857,6
seed_126,SR-p53,279,158,0.011731117032468319,2
seed_126,SR-p53,271,159,0.011702354997396469,3
seed_126,SR-p53,185,160,0.011693962849676609,3
seed_126,SR-p53,262,161,0.01168731227517128,3
seed_126,SR-p53,12,162,0.011673164553940296,6
seed_126,SR-p53,204,163,0.011671377345919609,7
seed_126,SR-p53,14,164,0.011470546014606953,5
seed_126,SR-p53,4,165,0.011451604776084423,9
seed_126,SR-p53,200,166,0.011440957896411419,8
seed_126,SR-p53,144,167,0.01139366626739502,7
seed_126,SR-p53,170,168,0.011260136030614376,6
seed_126,SR-p53,109,169,0.01124569121748209,7
seed_126,SR-p53,80,170,0.011230221018195152,8
seed_126,SR-p53,125,171,0.011190587654709816,3
seed_126,SR-p53,225,172,0.011186102405190468,6
seed_126,SR-p53,13,173,0.011154788546264172,6
seed_126,SR-p53,55,174,0.011122587136924267,6
seed_126,SR-p53,158,175,0.011082133278250694,3
seed_126,SR-p53,253,176,0.011062484234571457,1
seed_126,SR-p53,155,177,0.010772007517516613,3
seed_126,SR-p53,58,178,0.010722143575549126,10
seed_126,SR-p53,223,179,0.010697496123611927,2
seed_126,SR-p53,88,180,0.010630562901496887,4
seed_126,SR-p53,104,181,0.010552911087870598,4
seed_126,SR-p53,40,182,0.010524390265345573,6
seed_126,SR-p53,205,183,0.01051412895321846,3
seed_126,SR-p53,273,184,0.010439290665090084,2
seed_126,SR-p53,283,185,0.010353455320000648,2
seed_126,SR-p53,256,186,0.010334324091672897,2
seed_126,SR-p53,141,187,0.010248534381389618,2
seed_126,SR-p53,85,188,0.010233075357973576,3
seed_126,SR-p53,34,189,0.010168502107262611,5
seed_126,SR-p53,1,190,0.010161603800952435,6
seed_126,SR-p53,176,191,0.010133824311196804,5
seed_126,SR-p53,222,192,0.010118391364812851,4
seed_126,SR-p53,161,193,0.010075992904603481,2
seed_126,SR-p53,250,194,0.010032353922724724,4
seed_126,SR-p53,240,195,0.009969420731067657,1
seed_126,SR-p53,163,196,0.009836336597800255,3
seed_126,SR-p53,221,197,0.009825129993259907,6
seed_126,SR-p53,213,198,0.009753271006047726,4
seed_126,SR-p53,132,199,0.009677939116954803,2
seed_126,SR-p53,258,200,0.00965811125934124,3
seed_126,SR-p53,178,201,0.009655071422457695,2
seed_126,SR-p53,277,202,0.009459924884140491,1
seed_126,SR-p53,25,203,0.009324491955339909,8
seed_126,SR-p53,206,204,0.009312758222222328,4
seed_126,SR-p53,298,205,0.009302342310547829,4
seed_126,SR-p53,138,206,0.009266145527362823,3
seed_126,SR-p53,78,207,0.009064006619155407,5
seed_126,SR-p53,118,208,0.00906034279614687,4
seed_126,SR-p53,269,209,0.009017182514071465,4
seed_126,SR-p53,173,210,0.008928363211452961,4
seed_126,SR-p53,172,211,0.008917462080717087,4
seed_126,SR-p53,94,212,0.008887400850653648,2
seed_126,SR-p53,102,213,0.008822309784591198,6
seed_126,SR-p53,194,214,0.008780024014413357,3
seed_126,SR-p53,220,215,0.008710821159183979,2
seed_126,SR-p53,272,216,0.008620677515864372,1
seed_126,SR-p53,165,217,0.008613983169198036,4
seed_126,SR-p53,174,218,0.00858504232019186,2
seed_126,SR-p53,146,219,0.008528867736458778,5
seed_126,SR-p53,26,220,0.008471266366541386,4
seed_126,SR-p53,267,221,0.008421204052865505,2
seed_126,SR-p53,122,222,0.008363677188754082,6
seed_126,SR-p53,265,223,0.008182667195796967,1
seed_126,SR-p53,9,224,0.007958806119859219,3
seed_126,SR-p53,261,225,0.00795662123709917,3
seed_126,SR-p53,260,226,0.007906903512775898,5
seed_126,SR-p53,134,227,0.007893591187894344,3
seed_126,SR-p53,20,228,0.007893044501543045,4
seed_126,SR-p53,164,229,0.007849317975342274,2
seed_126,SR-p53,180,230,0.007789900992065668,5
seed_126,SR-p53,234,231,0.00769843952730298,2
seed_126,SR-p53,124,232,0.007647904567420483,4
seed_126,SR-p53,187,233,0.0075175086967647076,3
seed_126,SR-p53,257,234,0.007510306779295206,8
seed_126,SR-p53,149,235,0.007461629342287779,2
seed_126,SR-p53,186,236,0.007439553737640381,3
seed_126,SR-p53,107,237,0.007388472557067871,6
seed_126,SR-p53,254,238,0.007338040508329868,2
seed_126,SR-p53,103,239,0.007291288115084171,3
seed_126,SR-p53,119,240,0.007228829897940159,2
seed_126,SR-p53,284,241,0.007085566874593496,2
seed_126,SR-p53,35,242,0.006968136411160231,4
seed_126,SR-p53,96,243,0.006956220138818026,5
seed_126,SR-p53,207,244,0.006931415293365717,2
seed_126,SR-p53,259,245,0.006878476124256849,2
seed_126,SR-p53,215,246,0.00685222540050745,4
seed_126,SR-p53,54,247,0.006773548200726509,5
seed_126,SR-p53,95,248,0.006725274957716465,4
seed_126,SR-p53,251,249,0.006722362246364355,3
seed_126,SR-p53,42,250,0.006648714188486338,5
seed_126,SR-p53,295,251,0.006543049123138189,2
seed_126,SR-p53,218,252,0.006490526720881462,3
seed_126,SR-p53,19,253,0.006413566879928112,4
seed_126,SR-p53,171,254,0.006373438518494368,2
seed_126,SR-p53,68,255,0.006284051109105349,2
seed_126,SR-p53,151,256,0.006280460394918919,2
seed_126,SR-p53,224,257,0.0061094556003808975,2
seed_126,SR-p53,154,258,0.006095182616263628,5
seed_126,SR-p53,291,259,0.006082646548748016,2
seed_126,SR-p53,208,260,0.006032370496541262,3
seed_126,SR-p53,89,261,0.0057928781025111675,3
seed_126,SR-p53,246,262,0.005753539968281984,3
seed_126,SR-p53,268,263,0.005713082384318113,4
seed_126,SR-p53,191,264,0.005701486486941576,2
seed_126,SR-p53,226,265,0.005589816719293594,2
seed_126,SR-p53,111,266,0.005581921432167292,5
seed_126,SR-p53,297,267,0.005474260076880455,1
seed_126,SR-p53,179,268,0.005381124559789896,3
seed_126,SR-p53,232,269,0.005193254444748163,2
seed_126,SR-p53,201,270,0.005167736671864986,4
seed_126,SR-p53,197,271,0.005132894963026047,3
seed_126,SR-p53,241,272,0.005116821266710758,3
seed_126,SR-p53,41,273,0.005053321365267038,2
seed_126,SR-p53,101,274,0.004951468203216791,3
seed_126,SR-p53,130,275,0.004813419654965401,4
seed_126,SR-p53,289,276,0.004811729304492474,2
seed_126,SR-p53,275,277,0.00477995490655303,2
seed_126,SR-p53,286,278,0.004773085471242666,2
seed_126,SR-p53,216,279,0.004735834430903196,2
seed_126,SR-p53,100,280,0.004671295173466206,3
seed_126,SR-p53,294,281,0.004589071962982416,2
seed_126,SR-p53,98,282,0.004554497078061104,2
seed_126,SR-p53,76,283,0.004339009523391724,2
seed_126,SR-p53,248,284,0.004261936526745558,2
seed_126,SR-p53,202,285,0.0042121149599552155,3
seed_126,SR-p53,293,286,0.003998021129518747,3
seed_126,SR-p53,214,287,0.003939602058380842,2
seed_126,SR-p53,281,288,0.003936823457479477,1
seed_126,SR-p53,157,289,0.0031313225626945496,2
seed_126,SR-p53,255,290,0.003109718207269907,2
seed_126,SR-p53,153,291,0.0030672855209559202,2
seed_126,SR-p53,266,292,0.0029476231429725885,1
seed_126,SR-p53,238,293,0.0023243511095643044,1
seed_126,SR-p53,274,294,0.0022412401158362627,2
seed_126,SR-p53,188,295,0.0021919829305261374,2
seed_126,SR-p53,65,296,0.0019987584091722965,3
seed_126,SR-p53,131,297,0.0019067543325945735,2
seed_126,SR-p53,182,298,0.0018651311984285712,2
seed_126,SR-p53,244,299,0.0016680540284141898,1
