task,cluster,rank,importance,n_features
NR-AR,63,0,0.15104952454566956,51
NR-AR,168,1,0.14665041863918304,79
NR-AR,29,2,0.11414043605327606,39
NR-AR,128,3,0.11136223375797272,42
NR-AR,23,4,0.11040367186069489,30
NR-AR,7,5,0.106511689722538,33
NR-AR,62,6,0.10343800485134125,24
NR-AR,15,7,0.1030314564704895,26
NR-AR,74,8,0.10169104486703873,19
NR-AR,81,9,0.0988539606332779,19
NR-AR,70,10,0.09525126218795776,27
NR-AR,31,11,0.09441906213760376,20
NR-AR,110,12,0.09248656779527664,20
NR-AR,235,13,0.09157730638980865,5
NR-AR,49,14,0.09050999581813812,17
NR-AR,113,15,0.0900154858827591,13
NR-AR,66,16,0.09001084417104721,13
NR-AR,33,17,0.08948643505573273,17
NR-AR,144,18,0.0891406387090683,7
NR-AR,75,19,0.08903364837169647,13
NR-AR,245,20,0.08809830248355865,15
NR-AR,136,21,0.08737252652645111,18
NR-AR,46,22,0.08625021576881409,13
NR-AR,140,23,0.08283896744251251,19
NR-AR,108,24,0.08271672576665878,14
NR-AR,92,25,0.08211229741573334,21
NR-AR,184,26,0.08198489993810654,7
NR-AR,190,27,0.08080856502056122,13
NR-AR,10,28,0.08056684583425522,17
NR-AR,147,29,0.07929577678442001,16
NR-AR,2,30,0.07862795889377594,14
NR-AR,123,31,0.07643847167491913,11
NR-AR,129,32,0.07531058043241501,9
NR-AR,24,33,0.07523833215236664,21
NR-AR,0,34,0.07489010691642761,20
NR-AR,142,35,0.0748509094119072,3
NR-AR,133,36,0.07463409006595612,6
NR-AR,93,37,0.07429574429988861,16
NR-AR,48,38,0.0741157978773117,7
NR-AR,67,39,0.0720900148153305,16
NR-AR,51,40,0.07192625105381012,10
NR-AR,69,41,0.07149716466665268,8
NR-AR,59,42,0.07147075235843658,8
NR-AR,86,43,0.07116544991731644,9
NR-AR,145,44,0.0709691196680069,17
NR-AR,4,45,0.07094572484493256,9
NR-AR,56,46,0.07088721543550491,17
NR-AR,211,47,0.07077710330486298,13
NR-AR,25,48,0.0699755921959877,8
NR-AR,90,49,0.06994321197271347,6
NR-AR,57,50,0.06989429891109467,9
NR-AR,135,51,0.06976325809955597,9
NR-AR,148,52,0.06965534389019012,14
NR-AR,21,53,0.06960306316614151,13
NR-AR,84,54,0.06954451650381088,15
NR-AR,6,55,0.06916941702365875,18
NR-AR,52,56,0.06882534176111221,16
NR-AR,189,57,0.06780001521110535,9
NR-AR,146,58,0.06676314026117325,5
NR-AR,139,59,0.06604175269603729,12
NR-AR,54,60,0.06574292480945587,5
NR-AR,219,61,0.06542108952999115,16
NR-AR,79,62,0.06529301404953003,9
NR-AR,229,63,0.06485416740179062,7
NR-AR,296,64,0.06477944552898407,10
NR-AR,73,65,0.06474146246910095,16
NR-AR,134,66,0.06468337774276733,3
NR-AR,198,67,0.06459589302539825,3
NR-AR,96,68,0.06415683776140213,5
NR-AR,252,69,0.06389447301626205,4
NR-AR,203,70,0.06371400505304337,4
NR-AR,53,71,0.06366647034883499,6
NR-AR,117,72,0.0635896548628807,7
NR-AR,257,73,0.06333012878894806,8
NR-AR,17,74,0.06323222815990448,5
NR-AR,200,75,0.06243026256561279,8
NR-AR,264,76,0.06234779953956604,3
NR-AR,36,77,0.062150441110134125,7
NR-AR,30,78,0.06213676929473877,5
NR-AR,160,79,0.06206902861595154,11
NR-AR,224,80,0.06103447079658508,2
NR-AR,114,81,0.06067327782511711,7
NR-AR,38,82,0.060335297137498856,4
NR-AR,173,83,0.060189466923475266,4
NR-AR,91,84,0.06005484610795975,6
NR-AR,104,85,0.05951504036784172,4
NR-AR,40,86,0.05884936451911926,6
NR-AR,289,87,0.058844029903411865,2
NR-AR,163,88,0.058580201119184494,3
NR-AR,185,89,0.05849352478981018,3
NR-AR,275,90,0.0583941750228405,2
NR-AR,281,91,0.05781244486570358,1
NR-AR,233,92,0.05776406079530716,6
NR-AR,71,93,0.05775690823793411,11
NR-AR,287,94,0.05750318244099617,8
NR-AR,122,95,0.057324547320604324,6
NR-AR,166,96,0.05715613812208176,6
NR-AR,99,97,0.05703079700469971,7
NR-AR,22,98,0.05679989606142044,13
NR-AR,80,99,0.05663550645112991,8
NR-AR,126,100,0.056310348212718964,10
NR-AR,180,101,0.0559486523270607,5
NR-AR,28,102,0.0554310604929924,7
NR-AR,72,103,0.05529198795557022,15
NR-AR,213,104,0.05523546785116196,4
NR-AR,169,105,0.055148202925920486,8
NR-AR,83,106,0.05489451810717583,9
NR-AR,206,107,0.05485936999320984,4
NR-AR,13,108,0.05458899214863777,6
NR-AR,204,109,0.0537363663315773,7
NR-AR,127,110,0.053246282041072845,4
NR-AR,276,111,0.05317608639597893,8
NR-AR,212,112,0.05298057198524475,7
NR-AR,207,113,0.05295808985829353,2
NR-AR,19,114,0.052680619060993195,4
NR-AR,124,115,0.05197753384709358,4
NR-AR,60,116,0.05181889608502388,3
NR-AR,269,117,0.051811449229717255,4
NR-AR,3,118,0.05137117952108383,6
NR-AR,78,119,0.0510123185813427,5
NR-AR,8,120,0.05082262307405472,6
NR-AR,18,121,0.05075455829501152,4
NR-AR,256,122,0.050623081624507904,2
NR-AR,192,123,0.049909040331840515,3
NR-AR,290,124,0.049503423273563385,10
NR-AR,210,125,0.04943860322237015,6
NR-AR,138,126,0.049179624766111374,3
NR-AR,299,127,0.04917093738913536,7
NR-AR,221,128,0.04912765696644783,6
NR-AR,121,129,0.049109410494565964,7
NR-AR,12,130,0.0490788072347641,6
NR-AR,109,131,0.04907567799091339,7
NR-AR,27,132,0.0487169548869133,8
NR-AR,222,133,0.048663180321455,4
NR-AR,193,134,0.048629168421030045,9
NR-AR,172,135,0.048501744866371155,4
NR-AR,95,136,0.048278581351041794,4
NR-AR,242,137,0.048232756555080414,6
NR-AR,231,138,0.04821169376373291,8
NR-AR,268,139,0.048103831708431244,4
NR-AR,157,140,0.047674693167209625,2
NR-AR,50,141,0.04753866046667099,3
NR-AR,43,142,0.04750572890043259,9
NR-AR,107,143,0.04741611331701279,6
NR-AR,20,144,0.04739641398191452,4
NR-AR,261,145,0.04729323461651802,3
NR-AR,273,146,0.04706273227930069,2
NR-AR,263,147,0.04673730581998825,6
NR-AR,259,148,0.046590257436037064,2
NR-AR,215,149,0.04654597491025925,4
NR-AR,239,150,0.04642816260457039,3
NR-AR,179,151,0.046412982046604156,3
NR-AR,39,152,0.04625006020069122,9
NR-AR,241,153,0.04623270034790039,3
NR-AR,194,154,0.04602604731917381,3
NR-AR,45,155,0.0459628589451313,8
NR-AR,58,156,0.04574926942586899,10
NR-AR,37,157,0.045730724930763245,7
NR-AR,1,158,0.04562554880976677,6
NR-AR,116,159,0.04558415710926056,3
NR-AR,238,160,0.04554573819041252,1
NR-AR,271,161,0.045384179800748825,3
NR-AR,197,162,0.045326679944992065,3
NR-AR,177,163,0.04501932114362717,4
NR-AR,61,164,0.044858794659376144,6
NR-AR,250,165,0.044545482844114304,4
NR-AR,130,166,0.044464290142059326,4
NR-AR,35,167,0.044332750141620636,4
NR-AR,42,168,0.044136859476566315,5
NR-AR,175,169,0.043843258172273636,9
NR-AR,155,170,0.0437716469168663,3
NR-AR,279,171,0.043430980294942856,2
NR-AR,44,172,0.0429588183760643,3
NR-AR,158,173,0.042518001049757004,3
NR-AR,82,174,0.04237533360719681,4
NR-AR,258,175,0.042152464389801025,3
NR-AR,262,176,0.04208233207464218,3
NR-AR,249,177,0.04203135520219803,3
NR-AR,32,178,0.04194305092096329,8
NR-AR,243,179,0.0418228842318058,2
NR-AR,26,180,0.041519127786159515,4
NR-AR,112,181,0.041471488773822784,10
NR-AR,64,182,0.04091561213135719,7
NR-AR,103,183,0.04087537154555321,3
NR-AR,248,184,0.04047783836722374,2
NR-AR,98,185,0.04036368057131767,2
NR-AR,292,186,0.040259771049022675,3
NR-AR,267,187,0.039985381066799164,2
NR-AR,65,188,0.03958798199892044,3
NR-AR,227,189,0.03953734040260315,3
NR-AR,156,190,0.0391395129263401,2
NR-AR,77,191,0.039134807884693146,5
NR-AR,277,192,0.03909436985850334,1
NR-AR,244,193,0.03906760737299919,1
NR-AR,151,194,0.039010338485240936,2
NR-AR,280,195,0.03891843557357788,3
NR-AR,102,196,0.03881746158003807,6
NR-AR,201,197,0.03847867250442505,4
NR-AR,246,198,0.03845091536641121,3
NR-AR,220,199,0.03838886693120003,2
NR-AR,251,200,0.0381380096077919,3
NR-AR,106,201,0.038015589118003845,4
NR-AR,167,202,0.03797810897231102,6
NR-AR,228,203,0.03792513161897659,4
NR-AR,55,204,0.037610746920108795,6
NR-AR,174,205,0.0373605415225029,2
NR-AR,195,206,0.03734394162893295,11
NR-AR,236,207,0.03732117637991905,3
NR-AR,89,208,0.037263162434101105,3
NR-AR,47,209,0.03696450963616371,4
NR-AR,115,210,0.03668360784649849,4
NR-AR,125,211,0.036576077342033386,3
NR-AR,165,212,0.03653237968683243,4
NR-AR,132,213,0.03634732961654663,2
NR-AR,118,214,0.036202237010002136,4
NR-AR,141,215,0.03615906834602356,2
NR-AR,230,216,0.03615753725171089,3
NR-AR,105,217,0.036140795797109604,3
NR-AR,265,218,0.03613241761922836,1
NR-AR,294,219,0.03608694672584534,2
NR-AR,111,220,0.03600185364484787,5
NR-AR,152,221,0.03588432818651199,3
NR-AR,87,222,0.0355326309800148,4
NR-AR,209,223,0.03532104566693306,7
NR-AR,225,224,0.035318292677402496,6
NR-AR,191,225,0.03524742275476456,2
NR-AR,181,226,0.03515820950269699,4
NR-AR,143,227,0.03489143028855324,5
NR-AR,282,228,0.03446037322282791,3
NR-AR,205,229,0.03445832058787346,3
NR-AR,202,230,0.03407741338014603,3
NR-AR,34,231,0.033542461693286896,5
NR-AR,76,232,0.032495371997356415,2
NR-AR,298,233,0.032245900481939316,4
NR-AR,286,234,0.03219360113143921,2
NR-AR,5,235,0.03217901661992073,4
NR-AR,101,236,0.031862691044807434,3
NR-AR,154,237,0.031149137765169144,5
NR-AR,149,238,0.031125705689191818,2
NR-AR,284,239,0.030849013477563858,2
NR-AR,278,240,0.03016829490661621,2
NR-AR,120,241,0.030009672045707703,5
NR-AR,214,242,0.029943149536848068,2
NR-AR,183,243,0.029813507571816444,7
NR-AR,291,244,0.02979210950434208,2
NR-AR,41,245,0.029735827818512917,2
NR-AR,240,246,0.029486384242773056,1
NR-AR,196,247,0.029133394360542297,4
NR-AR,16,248,0.02869056537747383,4
NR-AR,247,249,0.028518984094262123,4
NR-AR,297,250,0.02837829850614071,1
NR-AR,232,251,0.028324346989393234,2
NR-AR,272,252,0.028042560443282127,1
NR-AR,218,253,0.028029486536979675,3
NR-AR,11,254,0.027740847319364548,2
NR-AR,178,255,0.027730589732527733,2
NR-AR,187,256,0.027600685134530067,3
NR-AR,88,257,0.027419254183769226,4
NR-AR,234,258,0.02674267813563347,2
NR-AR,217,259,0.02636263333261013,4
NR-AR,188,260,0.026353785768151283,2
NR-AR,150,261,0.026307430118322372,3
NR-AR,253,262,0.026022380217909813,1
NR-AR,14,263,0.025842076167464256,5
NR-AR,199,264,0.025777116417884827,2
NR-AR,153,265,0.02510451339185238,2
NR-AR,162,266,0.02448168769478798,3
NR-AR,161,267,0.023973215371370316,2
NR-AR,85,268,0.023910360410809517,3
NR-AR,293,269,0.023174850270152092,3
NR-AR,260,270,0.02292047254741192,5
NR-AR,100,271,0.022360123693943024,3
NR-AR,270,272,0.02195597067475319,4
NR-AR,186,273,0.021402422338724136,3
NR-AR,171,274,0.021377405151724815,2
NR-AR,170,275,0.021306773647665977,6
NR-AR,68,276,0.021304316818714142,2
NR-AR,254,277,0.021092411130666733,2
NR-AR,9,278,0.020186077803373337,3
NR-AR,131,279,0.01969926618039608,2
NR-AR,216,280,0.019459914416074753,2
NR-AR,237,281,0.019397620111703873,2
NR-AR,208,282,0.018793752416968346,3
NR-AR,288,283,0.018575994297862053,2
NR-AR,182,284,0.018214421346783638,2
NR-AR,295,285,0.01818782091140747,2
NR-AR,283,286,0.017821084707975388,2
NR-AR,176,287,0.01739082671701908,5
NR-AR,223,288,0.017158454284071922,2
NR-AR,137,289,0.016950732097029686,2
NR-AR,159,290,0.01592598296701908,2
NR-AR,164,291,0.01583283022046089,2
NR-AR,274,292,0.01480575930327177,2
NR-AR,94,293,0.014759331941604614,2
NR-AR,255,294,0.014450544491410255,2
NR-AR,226,295,0.014295143075287342,2
NR-AR,266,296,0.013842517510056496,1
NR-AR,97,297,0.01103946939110756,2
NR-AR,119,298,0.010043574497103691,2
NR-AR,285,299,0.009653006680309772,1
NR-Aromatase,168,0,0.046326566487550735,79
NR-Aromatase,29,1,0.038612429052591324,39
NR-Aromatase,63,2,0.037464775145053864,51
NR-Aromatase,23,3,0.03745187073945999,30
NR-Aromatase,128,4,0.03533279150724411,42
NR-Aromatase,7,5,0.03249864652752876,33
NR-Aromatase,33,6,0.03208877891302109,17
NR-Aromatase,75,7,0.029325753450393677,13
NR-Aromatase,209,8,0.02914801798760891,7
NR-Aromatase,31,9,0.028629276901483536,20
NR-Aromatase,15,10,0.028409305959939957,26
NR-Aromatase,62,11,0.028266429901123047,24
NR-Aromatase,6,12,0.02767789736390114,18
NR-Aromatase,110,13,0.027474412694573402,20
NR-Aromatase,49,14,0.02683524787425995,17
NR-Aromatase,98,15,0.026101935654878616,2
NR-Aromatase,46,16,0.026076700538396835,13
NR-Aromatase,167,17,0.02514529787003994,6
NR-Aromatase,148,18,0.024847494438290596,14
NR-Aromatase,93,19,0.024839205667376518,16
NR-Aromatase,123,20,0.024787772446870804,11
NR-Aromatase,67,21,0.024779265746474266,16
NR-Aromatase,140,22,0.024762528017163277,19
NR-Aromatase,10,23,0.024617042392492294,17
NR-Aromatase,24,24,0.02440306916832924,21
NR-Aromatase,84,25,0.024285266175866127,15
NR-Aromatase,86,26,0.024204988032579422,9
NR-Aromatase,74,27,0.024002082645893097,19
NR-Aromatase,92,28,0.023966621607542038,21
NR-Aromatase,129,29,0.023694315925240517,9
NR-Aromatase,245,30,0.02347348816692829,15
NR-Aromatase,219,31,0.023213544860482216,16
NR-Aromatase,71,32,0.02313085086643696,11
NR-Aromatase,0,33,0.022995732724666595,20
NR-Aromatase,169,34,0.022763550281524658,8
NR-Aromatase,34,35,0.02276085689663887,5
NR-Aromatase,39,36,0.022624196484684944,9
NR-Aromatase,81,37,0.02257595583796501,19
NR-Aromatase,147,38,0.022343313321471214,16
NR-Aromatase,14,39,0.02228322997689247,5
NR-Aromatase,193,40,0.022181864827871323,9
NR-Aromatase,177,41,0.022108856588602066,4
NR-Aromatase,108,42,0.021960284560918808,14
NR-Aromatase,268,43,0.021807853132486343,4
NR-Aromatase,18,44,0.02168445847928524,4
NR-Aromatase,136,45,0.021559927612543106,18
NR-Aromatase,70,46,0.021499425172805786,27
NR-Aromatase,200,47,0.021270940080285072,8
NR-Aromatase,91,48,0.021220838651061058,6
NR-Aromatase,2,49,0.021028365939855576,14
NR-Aromatase,66,50,0.020955072715878487,13
NR-Aromatase,43,51,0.02089552767574787,9
NR-Aromatase,95,52,0.020702257752418518,4
NR-Aromatase,21,53,0.02042515017092228,13
NR-Aromatase,212,54,0.02039620280265808,7
NR-Aromatase,211,55,0.020288337022066116,13
NR-Aromatase,289,56,0.02019519917666912,2
NR-Aromatase,4,57,0.02014998160302639,9
NR-Aromatase,276,58,0.020066024735569954,8
NR-Aromatase,52,59,0.020040705800056458,16
NR-Aromatase,205,60,0.019824881106615067,3
NR-Aromatase,51,61,0.01981663703918457,10
NR-Aromatase,69,62,0.01978907361626625,8
NR-Aromatase,160,63,0.019774148240685463,11
NR-Aromatase,113,64,0.01969352550804615,13
NR-Aromatase,5,65,0.019640102982521057,4
NR-Aromatase,139,66,0.019416172057390213,12
NR-Aromatase,190,67,0.019415218383073807,13
NR-Aromatase,112,68,0.019335774704813957,10
NR-Aromatase,192,69,0.019335374236106873,3
NR-Aromatase,176,70,0.019269296899437904,5
NR-Aromatase,57,71,0.01917223632335663,9
NR-Aromatase,120,72,0.018951930105686188,5
NR-Aromatase,135,73,0.018887491896748543,9
NR-Aromatase,145,74,0.018811751157045364,17
NR-Aromatase,16,75,0.018735846504569054,4
NR-Aromatase,220,76,0.0185878723859787,2
NR-Aromatase,210,77,0.01843648962676525,6
NR-Aromatase,48,78,0.018372787162661552,7
NR-Aromatase,287,79,0.01808742806315422,8
NR-Aromatase,40,80,0.01806521788239479,6
NR-Aromatase,253,81,0.0180506594479084,1
NR-Aromatase,299,82,0.018050357699394226,7
NR-Aromatase,44,83,0.017945272848010063,3
NR-Aromatase,233,84,0.017752619460225105,6
NR-Aromatase,72,85,0.01771400310099125,15
NR-Aromatase,90,86,0.01736072264611721,6
NR-Aromatase,58,87,0.017195533961057663,10
NR-Aromatase,263,88,0.017156701534986496,6
NR-Aromatase,115,89,0.01715107448399067,4
NR-Aromatase,183,90,0.017111632972955704,7
NR-Aromatase,22,91,0.017010509967803955,13
NR-Aromatase,32,92,0.016979534178972244,8
NR-Aromatase,45,93,0.016676824539899826,8
NR-Aromatase,25,94,0.016630996018648148,8
NR-Aromatase,144,95,0.01662243716418743,7
NR-Aromatase,126,96,0.016544107347726822,10
NR-Aromatase,107,97,0.01653912290930748,6
NR-Aromatase,229,98,0.01651272363960743,7
NR-Aromatase,96,99,0.016357943415641785,5
NR-Aromatase,37,100,0.016220910474658012,7
NR-Aromatase,122,101,0.01619042456150055,6
NR-Aromatase,204,102,0.0161901842802763,7
NR-Aromatase,104,103,0.01616104133427143,4
NR-Aromatase,73,104,0.01615145429968834,16
NR-Aromatase,127,105,0.016115719452500343,4
NR-Aromatase,166,106,0.01609707623720169,6
NR-Aromatase,38,107,0.016071489080786705,4
NR-Aromatase,13,108,0.01606946624815464,6
NR-Aromatase,231,109,0.01591065153479576,8
NR-Aromatase,12,110,0.01584121212363243,6
NR-Aromatase,79,111,0.015786146745085716,9
NR-Aromatase,290,112,0.015631431713700294,10
NR-Aromatase,296,113,0.015488970093429089,10
NR-Aromatase,218,114,0.015396321192383766,3
NR-Aromatase,103,115,0.015332070179283619,3
NR-Aromatase,89,116,0.015266289003193378,3
NR-Aromatase,179,117,0.015137975104153156,3
NR-Aromatase,230,118,0.015109349973499775,3
NR-Aromatase,208,119,0.015097411349415779,3
NR-Aromatase,87,120,0.015052947215735912,4
NR-Aromatase,198,121,0.015029964968562126,3
NR-Aromatase,130,122,0.014948439784348011,4
NR-Aromatase,133,123,0.014934748411178589,6
NR-Aromatase,189,124,0.014893664047122002,9
NR-Aromatase,275,125,0.014780459925532341,2
NR-Aromatase,225,126,0.01474706269800663,6
NR-Aromatase,8,127,0.014716899022459984,6
NR-Aromatase,132,128,0.014712977223098278,2
NR-Aromatase,83,129,0.014660808257758617,9
NR-Aromatase,59,130,0.014629228040575981,8
NR-Aromatase,42,131,0.014565818011760712,5
NR-Aromatase,146,132,0.014529856853187084,5
NR-Aromatase,195,133,0.014517377130687237,11
NR-Aromatase,80,134,0.01450002659112215,8
NR-Aromatase,26,135,0.01429675705730915,4
NR-Aromatase,28,136,0.014273004606366158,7
NR-Aromatase,56,137,0.014239175245165825,17
NR-Aromatase,102,138,0.014200426638126373,6
NR-Aromatase,36,139,0.014169150963425636,7
NR-Aromatase,262,140,0.01409913133829832,3
NR-Aromatase,55,141,0.014053137972950935,6
NR-Aromatase,257,142,0.014018967747688293,8
NR-Aromatase,99,143,0.01387808658182621,7
NR-Aromatase,121,144,0.01377598661929369,7
NR-Aromatase,41,145,0.013719002716243267,2
NR-Aromatase,27,146,0.013700837269425392,8
NR-Aromatase,119,147,0.013678078539669514,2
NR-Aromatase,106,148,0.013665889389812946,4
NR-Aromatase,213,149,0.013637269847095013,4
NR-Aromatase,161,150,0.013614198192954063,2
NR-Aromatase,217,151,0.013608753681182861,4
NR-Aromatase,280,152,0.013429713435471058,3
NR-Aromatase,221,153,0.013383465819060802,6
NR-Aromatase,259,154,0.013326190412044525,2
NR-Aromatase,53,155,0.013245390728116035,6
NR-Aromatase,114,156,0.013217173516750336,7
NR-Aromatase,241,157,0.013191546313464642,3
NR-Aromatase,202,158,0.0131314005702734,3
NR-Aromatase,278,159,0.013121159747242928,2
NR-Aromatase,247,160,0.012993472628295422,4
NR-Aromatase,54,161,0.012952554039657116,5
NR-Aromatase,17,162,0.012925028800964355,5
NR-Aromatase,188,163,0.012893629260361195,2
NR-Aromatase,187,164,0.01287695299834013,3
NR-Aromatase,19,165,0.012812633998692036,4
NR-Aromatase,109,166,0.012702521868050098,7
NR-Aromatase,20,167,0.012696592137217522,4
NR-Aromatase,226,168,0.012682290747761726,2
NR-Aromatase,251,169,0.012522566132247448,3
NR-Aromatase,117,170,0.012391210533678532,7
NR-Aromatase,1,171,0.012347260490059853,6
NR-Aromatase,116,172,0.012327113188803196,3
NR-Aromatase,150,173,0.011934597045183182,3
NR-Aromatase,235,174,0.011815662495791912,5
NR-Aromatase,175,175,0.011771117337048054,9
NR-Aromatase,30,176,0.011733325198292732,5
NR-Aromatase,157,177,0.011688987724483013,2
NR-Aromatase,94,178,0.01161652710288763,2
NR-Aromatase,77,179,0.01158821303397417,5
NR-Aromatase,242,180,0.011585365980863571,6
NR-Aromatase,174,181,0.011544632725417614,2
NR-Aromatase,239,182,0.011495118960738182,3
NR-Aromatase,228,183,0.01146005280315876,4
NR-Aromatase,250,184,0.011423448100686073,4
NR-Aromatase,203,185,0.011341805569827557,4
NR-Aromatase,159,186,0.011311043985188007,2
NR-Aromatase,3,187,0.011297655291855335,6
NR-Aromatase,199,188,0.011278746649622917,2
NR-Aromatase,64,189,0.011273553594946861,7
NR-Aromatase,149,190,0.011250766925513744,2
NR-Aromatase,270,191,0.011222805827856064,4
NR-Aromatase,224,192,0.011207815259695053,2
NR-Aromatase,216,193,0.011204345151782036,2
NR-Aromatase,222,194,0.01119237206876278,4
NR-Aromatase,260,195,0.011164163239300251,5
NR-Aromatase,248,196,0.011087724938988686,2
NR-Aromatase,184,197,0.011082800105214119,7
NR-Aromatase,163,198,0.01088455505669117,3
NR-Aromatase,142,199,0.010838402435183525,3
NR-Aromatase,201,200,0.010775381699204445,4
NR-Aromatase,154,201,0.010773529298603535,5
NR-Aromatase,125,202,0.01073070801794529,3
NR-Aromatase,61,203,0.010671691037714481,6
NR-Aromatase,78,204,0.010603168979287148,5
NR-Aromatase,143,205,0.01054206769913435,5
NR-Aromatase,141,206,0.010489367879927158,2
NR-Aromatase,165,207,0.010337037965655327,4
NR-Aromatase,293,208,0.010304664261639118,3
NR-Aromatase,47,209,0.010280484333634377,4
NR-Aromatase,9,210,0.01021673996001482,3
NR-Aromatase,172,211,0.010210033506155014,4
NR-Aromatase,124,212,0.010188722983002663,4
NR-Aromatase,97,213,0.010162664577364922,2
NR-Aromatase,162,214,0.010098370723426342,3
NR-Aromatase,105,215,0.010091086849570274,3
NR-Aromatase,164,216,0.009957619942724705,2
NR-Aromatase,100,217,0.009705168195068836,3
NR-Aromatase,185,218,0.009677010588347912,3
NR-Aromatase,261,219,0.009661939926445484,3
NR-Aromatase,207,220,0.009607204236090183,2
NR-Aromatase,118,221,0.009511006064713001,4
NR-Aromatase,237,222,0.009489061310887337,2
NR-Aromatase,254,223,0.009421276859939098,2
NR-Aromatase,82,224,0.009414474479854107,4
NR-Aromatase,138,225,0.009348547086119652,3
NR-Aromatase,273,226,0.00932072103023529,2
NR-Aromatase,180,227,0.009103883057832718,5
NR-Aromatase,181,228,0.00907253846526146,4
NR-Aromatase,215,229,0.009062303230166435,4
NR-Aromatase,285,230,0.0090200649574399,1
NR-Aromatase,274,231,0.00889449194073677,2
NR-Aromatase,269,232,0.008852285332977772,4
NR-Aromatase,101,233,0.008745918050408363,3
NR-Aromatase,258,234,0.008671579882502556,3
NR-Aromatase,88,235,0.008652052842080593,4
NR-Aromatase,243,236,0.008547336794435978,2
NR-Aromatase,191,237,0.008441849611699581,2
NR-Aromatase,65,238,0.008412393741309643,3
NR-Aromatase,227,239,0.008405414409935474,3
NR-Aromatase,206,240,0.0082050496712327,4
NR-Aromatase,173,241,0.008158041164278984,4
NR-Aromatase,11,242,0.008126715198159218,2
NR-Aromatase,294,243,0.008119836449623108,2
NR-Aromatase,298,244,0.008118540048599243,4
NR-Aromatase,153,245,0.00806357990950346,2
NR-Aromatase,68,246,0.008059043437242508,2
NR-Aromatase,295,247,0.008027416653931141,2
NR-Aromatase,170,248,0.007998120971024036,6
NR-Aromatase,196,249,0.007960178889334202,4
NR-Aromatase,297,250,0.007921063341200352,1
NR-Aromatase,246,251,0.007912080734968185,3
NR-Aromatase,197,252,0.007822941057384014,3
NR-Aromatase,249,253,0.007762394845485687,3
NR-Aromatase,35,254,0.007753829471766949,4
NR-Aromatase,256,255,0.007668857462704182,2
NR-Aromatase,281,256,0.0076036611571908,1
NR-Aromatase,155,257,0.007553690113127232,3
NR-Aromatase,182,258,0.007500489708036184,2
NR-Aromatase,223,259,0.007398867513984442,2
NR-Aromatase,279,260,0.007396576460450888,2
NR-Aromatase,266,261,0.007330067455768585,1
NR-Aromatase,178,262,0.007155205123126507,2
NR-Aromatase,156,263,0.007124682422727346,2
NR-Aromatase,282,264,0.007029699627310038,3
NR-Aromatase,236,265,0.007021973840892315,3
NR-Aromatase,134,266,0.007005984894931316,3
NR-Aromatase,291,267,0.00697873393073678,2
NR-Aromatase,267,268,0.006970833986997604,2
NR-Aromatase,50,269,0.006925810128450394,3
NR-Aromatase,171,270,0.0068931966088712215,2
NR-Aromatase,158,271,0.00686309952288866,3
NR-Aromatase,240,272,0.006773901171982288,1
NR-Aromatase,137,273,0.006736430339515209,2
NR-Aromatase,111,274,0.006492272950708866,5
NR-Aromatase,186,275,0.006326223257929087,3
NR-Aromatase,151,276,0.0063019716180861,2
NR-Aromatase,85,277,0.006289027631282806,3
NR-Aromatase,60,278,0.006282788701355457,3
NR-Aromatase,264,279,0.006243349052965641,3
NR-Aromatase,292,280,0.006162735633552074,3
NR-Aromatase,288,281,0.00607075821608305,2
NR-Aromatase,194,282,0.005941645707935095,3
NR-Aromatase,152,283,0.005869076121598482,3
NR-Aromatase,76,284,0.005854531191289425,2
NR-Aromatase,252,285,0.005420290399342775,4
NR-Aromatase,244,286,0.0053398497402668,1
NR-Aromatase,214,287,0.00523062190040946,2
NR-Aromatase,271,288,0.00522503349930048,3
NR-Aromatase,283,289,0.004835079424083233,2
NR-Aromatase,286,290,0.004715367220342159,2
NR-Aromatase,265,291,0.004286549054086208,1
NR-Aromatase,232,292,0.004226731136441231,2
NR-Aromatase,234,293,0.00399367418140173,2
NR-Aromatase,284,294,0.003873675363138318,2
NR-Aromatase,131,295,0.00341396639123559,2
NR-Aromatase,272,296,0.0033593971747905016,1
NR-Aromatase,238,297,0.0033253231085836887,1
NR-Aromatase,255,298,0.0030803168192505836,2
NR-Aromatase,277,299,0.002941373735666275,1
NR-PPAR-gamma,168,0,0.040458451956510544,79
NR-PPAR-gamma,63,1,0.037550248205661774,51
NR-PPAR-gamma,93,2,0.0329342857003212,16
NR-PPAR-gamma,128,3,0.030241047963500023,42
NR-PPAR-gamma,46,4,0.029490876942873,13
NR-PPAR-gamma,23,5,0.028930848464369774,30
NR-PPAR-gamma,29,6,0.028747837990522385,39
NR-PPAR-gamma,74,7,0.027066335082054138,19
NR-PPAR-gamma,39,8,0.026162484660744667,9
NR-PPAR-gamma,0,9,0.026024946942925453,20
NR-PPAR-gamma,140,10,0.025814145803451538,19
NR-PPAR-gamma,15,11,0.025392066687345505,26
NR-PPAR-gamma,6,12,0.025326073169708252,18
NR-PPAR-gamma,112,13,0.02435900643467903,10
NR-PPAR-gamma,7,14,0.024355169385671616,33
NR-PPAR-gamma,33,15,0.023615336045622826,17
NR-PPAR-gamma,136,16,0.023275263607501984,18
NR-PPAR-gamma,219,17,0.023129571229219437,16
NR-PPAR-gamma,81,18,0.0230154599994421,19
NR-PPAR-gamma,92,19,0.02290784940123558,21
NR-PPAR-gamma,22,20,0.02261439710855484,13
NR-PPAR-gamma,42,21,0.022429604083299637,5
NR-PPAR-gamma,31,22,0.022365398705005646,20
NR-PPAR-gamma,10,23,0.02221859060227871,17
NR-PPAR-gamma,70,24,0.02215096913278103,27
NR-PPAR-gamma,129,25,0.022108161821961403,9
NR-PPAR-gamma,67,26,0.02200407348573208,16
NR-PPAR-gamma,56,27,0.02163931354880333,17
NR-PPAR-gamma,228,28,0.021637845784425735,4
NR-PPAR-gamma,110,29,0.021613437682390213,20
NR-PPAR-gamma,62,30,0.02158384770154953,24
NR-PPAR-gamma,49,31,0.021222632378339767,17
NR-PPAR-gamma,24,32,0.02101435884833336,21
NR-PPAR-gamma,2,33,0.020967775955796242,14
NR-PPAR-gamma,83,34,0.020870789885520935,9
NR-PPAR-gamma,75,35,0.020854420959949493,13
NR-PPAR-gamma,139,36,0.020677590742707253,12
NR-PPAR-gamma,121,37,0.0202491395175457,7
NR-PPAR-gamma,145,38,0.020197467878460884,17
NR-PPAR-gamma,3,39,0.020159829407930374,6
NR-PPAR-gamma,52,40,0.020070519298315048,16
NR-PPAR-gamma,69,41,0.020026860758662224,8
NR-PPAR-gamma,17,42,0.019565235823392868,5
NR-PPAR-gamma,245,43,0.01954369619488716,15
NR-PPAR-gamma,66,44,0.019397923722863197,13
NR-PPAR-gamma,190,45,0.019250208511948586,13
NR-PPAR-gamma,113,46,0.019121823832392693,13
NR-PPAR-gamma,195,47,0.01883670687675476,11
NR-PPAR-gamma,72,48,0.018762219697237015,15
NR-PPAR-gamma,57,49,0.018666476011276245,9
NR-PPAR-gamma,123,50,0.0185898058116436,11
NR-PPAR-gamma,59,51,0.018576662987470627,8
NR-PPAR-gamma,147,52,0.018450120463967323,16
NR-PPAR-gamma,148,53,0.018088655546307564,14
NR-PPAR-gamma,221,54,0.01799364760518074,6
NR-PPAR-gamma,21,55,0.017972582951188087,13
NR-PPAR-gamma,64,56,0.017914440482854843,7
NR-PPAR-gamma,86,57,0.01772988960146904,9
NR-PPAR-gamma,152,58,0.01754840277135372,3
NR-PPAR-gamma,200,59,0.017485031858086586,8
NR-PPAR-gamma,36,60,0.017484154552221298,7
NR-PPAR-gamma,299,61,0.017432278022170067,7
NR-PPAR-gamma,117,62,0.017396990209817886,7
NR-PPAR-gamma,298,63,0.017308231443166733,4
NR-PPAR-gamma,126,64,0.017116572707891464,10
NR-PPAR-gamma,218,65,0.017098544165492058,3
NR-PPAR-gamma,73,66,0.017048075795173645,16
NR-PPAR-gamma,109,67,0.016977321356534958,7
NR-PPAR-gamma,18,68,0.016932394355535507,4
NR-PPAR-gamma,108,69,0.01693079248070717,14
NR-PPAR-gamma,54,70,0.01687541976571083,5
NR-PPAR-gamma,181,71,0.016769560053944588,4
NR-PPAR-gamma,34,72,0.016421355307102203,5
NR-PPAR-gamma,116,73,0.01640528067946434,3
NR-PPAR-gamma,254,74,0.016310125589370728,2
NR-PPAR-gamma,211,75,0.01627006009221077,13
NR-PPAR-gamma,166,76,0.016166875138878822,6
NR-PPAR-gamma,215,77,0.016008978709578514,4
NR-PPAR-gamma,146,78,0.01597721129655838,5
NR-PPAR-gamma,160,79,0.01596960797905922,11
NR-PPAR-gamma,251,80,0.015958968549966812,3
NR-PPAR-gamma,134,81,0.015877950936555862,3
NR-PPAR-gamma,84,82,0.01575363241136074,15
NR-PPAR-gamma,189,83,0.015579024329781532,9
NR-PPAR-gamma,290,84,0.015541034750640392,10
NR-PPAR-gamma,51,85,0.015528771094977856,10
NR-PPAR-gamma,13,86,0.015527757816016674,6
NR-PPAR-gamma,175,87,0.015508843585848808,9
NR-PPAR-gamma,80,88,0.015332480892539024,8
NR-PPAR-gamma,257,89,0.01527812797576189,8
NR-PPAR-gamma,165,90,0.015094725415110588,4
NR-PPAR-gamma,274,91,0.015067574568092823,2
NR-PPAR-gamma,27,92,0.015066495165228844,8
NR-PPAR-gamma,4,93,0.015048099681735039,9
NR-PPAR-gamma,196,94,0.015029674395918846,4
NR-PPAR-gamma,48,95,0.014884588308632374,7
NR-PPAR-gamma,122,96,0.014806032180786133,6
NR-PPAR-gamma,71,97,0.01478517334908247,11
NR-PPAR-gamma,233,98,0.014724004082381725,6
NR-PPAR-gamma,99,99,0.014712291769683361,7
NR-PPAR-gamma,144,100,0.014671158976852894,7
NR-PPAR-gamma,61,101,0.014653044752776623,6
NR-PPAR-gamma,276,102,0.01456309575587511,8
NR-PPAR-gamma,32,103,0.014481142163276672,8
NR-PPAR-gamma,258,104,0.014395585283637047,3
NR-PPAR-gamma,107,105,0.014366358518600464,6
NR-PPAR-gamma,169,106,0.014358247630298138,8
NR-PPAR-gamma,12,107,0.014285927638411522,6
NR-PPAR-gamma,178,108,0.014228412881493568,2
NR-PPAR-gamma,40,109,0.01418595016002655,6
NR-PPAR-gamma,45,110,0.014137093909084797,8
NR-PPAR-gamma,167,111,0.014135852456092834,6
NR-PPAR-gamma,297,112,0.014133641496300697,1
NR-PPAR-gamma,242,113,0.014006240293383598,6
NR-PPAR-gamma,138,114,0.01399094145745039,3
NR-PPAR-gamma,296,115,0.013985121622681618,10
NR-PPAR-gamma,16,116,0.013946274295449257,4
NR-PPAR-gamma,58,117,0.01392583828419447,10
NR-PPAR-gamma,26,118,0.013911550864577293,4
NR-PPAR-gamma,102,119,0.01388800423592329,6
NR-PPAR-gamma,19,120,0.013877421617507935,4
NR-PPAR-gamma,78,121,0.013845955021679401,5
NR-PPAR-gamma,183,122,0.013810256496071815,7
NR-PPAR-gamma,235,123,0.01380893588066101,5
NR-PPAR-gamma,210,124,0.013683770783245564,6
NR-PPAR-gamma,269,125,0.013654215261340141,4
NR-PPAR-gamma,283,126,0.013348584994673729,2
NR-PPAR-gamma,247,127,0.013317422941327095,4
NR-PPAR-gamma,208,128,0.01327003538608551,3
NR-PPAR-gamma,206,129,0.013202193193137646,4
NR-PPAR-gamma,231,130,0.01308367121964693,8
NR-PPAR-gamma,43,131,0.012951317243278027,9
NR-PPAR-gamma,229,132,0.01290351152420044,7
NR-PPAR-gamma,53,133,0.012766187079250813,6
NR-PPAR-gamma,135,134,0.012747332453727722,9
NR-PPAR-gamma,261,135,0.012703503482043743,3
NR-PPAR-gamma,171,136,0.01268833875656128,2
NR-PPAR-gamma,1,137,0.012561646290123463,6
NR-PPAR-gamma,55,138,0.012550553306937218,6
NR-PPAR-gamma,85,139,0.012519849464297295,3
NR-PPAR-gamma,202,140,0.012382479384541512,3
NR-PPAR-gamma,277,141,0.012333529070019722,1
NR-PPAR-gamma,263,142,0.012311018072068691,6
NR-PPAR-gamma,280,143,0.012253198772668839,3
NR-PPAR-gamma,37,144,0.01218955498188734,7
NR-PPAR-gamma,120,145,0.012182625941932201,5
NR-PPAR-gamma,118,146,0.01209819596260786,4
NR-PPAR-gamma,287,147,0.012080797925591469,8
NR-PPAR-gamma,143,148,0.012076368555426598,5
NR-PPAR-gamma,115,149,0.012016216292977333,4
NR-PPAR-gamma,198,150,0.011987576261162758,3
NR-PPAR-gamma,201,151,0.011876225471496582,4
NR-PPAR-gamma,222,152,0.011827091686427593,4
NR-PPAR-gamma,119,153,0.01180965919047594,2
NR-PPAR-gamma,133,154,0.011795965023338795,6
NR-PPAR-gamma,47,155,0.011713712476193905,4
NR-PPAR-gamma,270,156,0.011702796444296837,4
NR-PPAR-gamma,249,157,0.01165818888694048,3
NR-PPAR-gamma,177,158,0.011623425409197807,4
NR-PPAR-gamma,28,159,0.01161283440887928,7
NR-PPAR-gamma,268,160,0.0115822060033679,4
NR-PPAR-gamma,184,161,0.011537102982401848,7
NR-PPAR-gamma,260,162,0.011504286900162697,5
NR-PPAR-gamma,158,163,0.011362885124981403,3
NR-PPAR-gamma,186,164,0.01130949892103672,3
NR-PPAR-gamma,204,165,0.01127656176686287,7
NR-PPAR-gamma,14,166,0.011219996027648449,5
NR-PPAR-gamma,193,167,0.011213441379368305,9
NR-PPAR-gamma,44,168,0.011101936921477318,3
NR-PPAR-gamma,65,169,0.011088801547884941,3
NR-PPAR-gamma,142,170,0.011084548197686672,3
NR-PPAR-gamma,157,171,0.010948258452117443,2
NR-PPAR-gamma,77,172,0.010942252352833748,5
NR-PPAR-gamma,163,173,0.010919121094048023,3
NR-PPAR-gamma,232,174,0.010873127728700638,2
NR-PPAR-gamma,25,175,0.0108290184289217,8
NR-PPAR-gamma,209,176,0.010800029151141644,7
NR-PPAR-gamma,252,177,0.010600471869111061,4
NR-PPAR-gamma,256,178,0.0104823037981987,2
NR-PPAR-gamma,30,179,0.010474199429154396,5
NR-PPAR-gamma,76,180,0.0104392534121871,2
NR-PPAR-gamma,185,181,0.010390663519501686,3
NR-PPAR-gamma,271,182,0.010345794260501862,3
NR-PPAR-gamma,264,183,0.01032987516373396,3
NR-PPAR-gamma,8,184,0.010091406293213367,6
NR-PPAR-gamma,273,185,0.010075850412249565,2
NR-PPAR-gamma,239,186,0.009929211810231209,3
NR-PPAR-gamma,87,187,0.009863007813692093,4
NR-PPAR-gamma,124,188,0.009859824553132057,4
NR-PPAR-gamma,5,189,0.009845085442066193,4
NR-PPAR-gamma,227,190,0.009788157418370247,3
NR-PPAR-gamma,194,191,0.00976723711937666,3
NR-PPAR-gamma,259,192,0.009742802008986473,2
NR-PPAR-gamma,137,193,0.009688707068562508,2
NR-PPAR-gamma,125,194,0.009678661823272705,3
NR-PPAR-gamma,38,195,0.009659034200012684,4
NR-PPAR-gamma,292,196,0.009603573940694332,3
NR-PPAR-gamma,20,197,0.009568899869918823,4
NR-PPAR-gamma,130,198,0.00953506026417017,4
NR-PPAR-gamma,203,199,0.009517664089798927,4
NR-PPAR-gamma,127,200,0.00951529759913683,4
NR-PPAR-gamma,132,201,0.00942312553524971,2
NR-PPAR-gamma,50,202,0.009410363622009754,3
NR-PPAR-gamma,187,203,0.009387613274157047,3
NR-PPAR-gamma,191,204,0.009251775220036507,2
NR-PPAR-gamma,212,205,0.009235384874045849,7
NR-PPAR-gamma,114,206,0.009225609712302685,7
NR-PPAR-gamma,159,207,0.009178321808576584,2
NR-PPAR-gamma,293,208,0.009064625017344952,3
NR-PPAR-gamma,173,209,0.00902516394853592,4
NR-PPAR-gamma,217,210,0.008968496695160866,4
NR-PPAR-gamma,279,211,0.00883540790528059,2
NR-PPAR-gamma,284,212,0.008793720975518227,2
NR-PPAR-gamma,90,213,0.008788851089775562,6
NR-PPAR-gamma,255,214,0.00878598727285862,2
NR-PPAR-gamma,179,215,0.008749643340706825,3
NR-PPAR-gamma,79,216,0.008713789284229279,9
NR-PPAR-gamma,172,217,0.008710859343409538,4
NR-PPAR-gamma,225,218,0.008666785433888435,6
NR-PPAR-gamma,262,219,0.008660790510475636,3
NR-PPAR-gamma,89,220,0.00862973928451538,3
NR-PPAR-gamma,88,221,0.008599565364420414,4
NR-PPAR-gamma,91,222,0.008562644943594933,6
NR-PPAR-gamma,95,223,0.008508649654686451,4
NR-PPAR-gamma,101,224,0.00843777321279049,3
NR-PPAR-gamma,241,225,0.008427011780440807,3
NR-PPAR-gamma,295,226,0.008332458324730396,2
NR-PPAR-gamma,207,227,0.008304273709654808,2
NR-PPAR-gamma,68,228,0.008298806846141815,2
NR-PPAR-gamma,98,229,0.008186908438801765,2
NR-PPAR-gamma,106,230,0.008115393109619617,4
NR-PPAR-gamma,267,231,0.008049091324210167,2
NR-PPAR-gamma,213,232,0.008039547130465508,4
NR-PPAR-gamma,35,233,0.008025817573070526,4
NR-PPAR-gamma,291,234,0.008001072332262993,2
NR-PPAR-gamma,111,235,0.007990274578332901,5
NR-PPAR-gamma,288,236,0.007869541645050049,2
NR-PPAR-gamma,104,237,0.007826204411685467,4
NR-PPAR-gamma,188,238,0.007818063721060753,2
NR-PPAR-gamma,103,239,0.007789383642375469,3
NR-PPAR-gamma,105,240,0.007764595560729504,3
NR-PPAR-gamma,240,241,0.007759195752441883,1
NR-PPAR-gamma,192,242,0.007681778632104397,3
NR-PPAR-gamma,236,243,0.007674175314605236,3
NR-PPAR-gamma,154,244,0.007668143603950739,5
NR-PPAR-gamma,275,245,0.007662066724151373,2
NR-PPAR-gamma,9,246,0.0075633591040968895,3
NR-PPAR-gamma,155,247,0.0075277164578437805,3
NR-PPAR-gamma,96,248,0.007482554763555527,5
NR-PPAR-gamma,180,249,0.00740422960370779,5
NR-PPAR-gamma,243,250,0.007274127099663019,2
NR-PPAR-gamma,223,251,0.007222160696983337,2
NR-PPAR-gamma,162,252,0.007162833120673895,3
NR-PPAR-gamma,11,253,0.007160751614719629,2
NR-PPAR-gamma,248,254,0.007109983824193478,2
NR-PPAR-gamma,216,255,0.007074615452438593,2
NR-PPAR-gamma,60,256,0.007070548832416534,3
NR-PPAR-gamma,246,257,0.007032786495983601,3
NR-PPAR-gamma,176,258,0.007029206492006779,5
NR-PPAR-gamma,230,259,0.0068917348980903625,3
NR-PPAR-gamma,265,260,0.00687065627425909,1
NR-PPAR-gamma,170,261,0.006852379534393549,6
NR-PPAR-gamma,161,262,0.006846684962511063,2
NR-PPAR-gamma,174,263,0.006758430507034063,2
NR-PPAR-gamma,289,264,0.006734604947268963,2
NR-PPAR-gamma,151,265,0.0067259459756314754,2
NR-PPAR-gamma,100,266,0.006579765118658543,3
NR-PPAR-gamma,156,267,0.006461133249104023,2
NR-PPAR-gamma,250,268,0.0064002471044659615,4
NR-PPAR-gamma,150,269,0.006375444121658802,3
NR-PPAR-gamma,224,270,0.006215629167854786,2
NR-PPAR-gamma,272,271,0.006209360435605049,1
NR-PPAR-gamma,82,272,0.006171754561364651,4
NR-PPAR-gamma,197,273,0.005969157908111811,3
NR-PPAR-gamma,41,274,0.005916899535804987,2
NR-PPAR-gamma,131,275,0.005744828376919031,2
NR-PPAR-gamma,205,276,0.005717563442885876,3
NR-PPAR-gamma,294,277,0.005644535180181265,2
NR-PPAR-gamma,282,278,0.0054769208654761314,3
NR-PPAR-gamma,285,279,0.005319517105817795,1
NR-PPAR-gamma,199,280,0.005252464674413204,2
NR-PPAR-gamma,234,281,0.005235838703811169,2
NR-PPAR-gamma,244,282,0.005205473862588406,1
NR-PPAR-gamma,141,283,0.004931688774377108,2
NR-PPAR-gamma,94,284,0.0049312664195895195,2
NR-PPAR-gamma,164,285,0.004855274222791195,2
NR-PPAR-gamma,286,286,0.004810553044080734,2
NR-PPAR-gamma,149,287,0.004456414841115475,2
NR-PPAR-gamma,226,288,0.00443530548363924,2
NR-PPAR-gamma,278,289,0.004330720752477646,2
NR-PPAR-gamma,153,290,0.004201107658445835,2
NR-PPAR-gamma,237,291,0.004176959861069918,2
NR-PPAR-gamma,182,292,0.003942214883863926,2
NR-PPAR-gamma,253,293,0.003867529332637787,1
NR-PPAR-gamma,266,294,0.0036596476566046476,1
NR-PPAR-gamma,220,295,0.0036224289797246456,2
NR-PPAR-gamma,97,296,0.0035503865219652653,2
NR-PPAR-gamma,238,297,0.003509108442813158,1
NR-PPAR-gamma,281,298,0.0025433700066059828,1
NR-PPAR-gamma,214,299,0.0024972513783723116,2
SR-HSE,168,0,0.04717879742383957,79
SR-HSE,128,1,0.038773998618125916,42
SR-HSE,63,2,0.038092099130153656,51
SR-HSE,7,3,0.036317113786935806,33
SR-HSE,24,4,0.03251657634973526,21
SR-HSE,29,5,0.03239606320858002,39
SR-HSE,15,6,0.03208616375923157,26
SR-HSE,62,7,0.03084276244044304,24
SR-HSE,23,8,0.030242744833230972,30
SR-HSE,195,9,0.029561299830675125,11
SR-HSE,31,10,0.028251904994249344,20
SR-HSE,92,11,0.027744939550757408,21
SR-HSE,81,12,0.02641349472105503,19
SR-HSE,245,13,0.026411335915327072,15
SR-HSE,110,14,0.02593318000435829,20
SR-HSE,139,15,0.025712614879012108,12
SR-HSE,70,16,0.025164097547531128,27
SR-HSE,211,17,0.02516220510005951,13
SR-HSE,46,18,0.024762162938714027,13
SR-HSE,52,19,0.024739161133766174,16
SR-HSE,56,20,0.024582626298069954,17
SR-HSE,64,21,0.024342471733689308,7
SR-HSE,75,22,0.02382863312959671,13
SR-HSE,73,23,0.023785075172781944,16
SR-HSE,80,24,0.02353653684258461,8
SR-HSE,0,25,0.023421701043844223,20
SR-HSE,19,26,0.02337237074971199,4
SR-HSE,136,27,0.023168090730905533,18
SR-HSE,129,28,0.023029252886772156,9
SR-HSE,140,29,0.02298254519701004,19
SR-HSE,102,30,0.022968685254454613,6
SR-HSE,74,31,0.022876128554344177,19
SR-HSE,190,32,0.022825445979833603,13
SR-HSE,38,33,0.022791925817728043,4
SR-HSE,22,34,0.02266976609826088,13
SR-HSE,145,35,0.022598911076784134,17
SR-HSE,67,36,0.022581923753023148,16
SR-HSE,6,37,0.02251150831580162,18
SR-HSE,147,38,0.022173423320055008,16
SR-HSE,10,39,0.021892081946134567,17
SR-HSE,135,40,0.021889273077249527,9
SR-HSE,33,41,0.021737804636359215,17
SR-HSE,93,42,0.021457727998495102,16
SR-HSE,2,43,0.021405933424830437,14
SR-HSE,59,44,0.02098175138235092,8
SR-HSE,42,45,0.02094661071896553,5
SR-HSE,72,46,0.020908795297145844,15
SR-HSE,66,47,0.020858159288764,13
SR-HSE,95,48,0.020780306309461594,4
SR-HSE,39,49,0.020692545920610428,9
SR-HSE,219,50,0.020597513765096664,16
SR-HSE,193,51,0.020586302503943443,9
SR-HSE,148,52,0.020437361672520638,14
SR-HSE,200,53,0.020416606217622757,8
SR-HSE,290,54,0.020097466185688972,10
SR-HSE,123,55,0.02005796507000923,11
SR-HSE,61,56,0.01999220810830593,6
SR-HSE,169,57,0.019984837621450424,8
SR-HSE,167,58,0.01997762732207775,6
SR-HSE,124,59,0.019886424764990807,4
SR-HSE,287,60,0.019825298339128494,8
SR-HSE,84,61,0.01965942792594433,15
SR-HSE,43,62,0.019601281732320786,9
SR-HSE,257,63,0.019570661708712578,8
SR-HSE,21,64,0.019370699301362038,13
SR-HSE,69,65,0.019326286390423775,8
SR-HSE,86,66,0.01919633522629738,9
SR-HSE,71,67,0.01915808394551277,11
SR-HSE,49,68,0.01898232102394104,17
SR-HSE,4,69,0.018934454768896103,9
SR-HSE,217,70,0.018671631813049316,4
SR-HSE,209,71,0.01854768954217434,7
SR-HSE,117,72,0.018478067591786385,7
SR-HSE,32,73,0.018363144248723984,8
SR-HSE,79,74,0.01830136403441429,9
SR-HSE,108,75,0.018283382058143616,14
SR-HSE,229,76,0.018135394901037216,7
SR-HSE,113,77,0.018085341900587082,13
SR-HSE,57,78,0.017967307940125465,9
SR-HSE,173,79,0.017919940873980522,4
SR-HSE,83,80,0.017857130616903305,9
SR-HSE,183,81,0.017812455072999,7
SR-HSE,112,82,0.017770925536751747,10
SR-HSE,189,83,0.0173969529569149,9
SR-HSE,3,84,0.01733054779469967,6
SR-HSE,231,85,0.017272980883717537,8
SR-HSE,212,86,0.017249058932065964,7
SR-HSE,283,87,0.01715019904077053,2
SR-HSE,152,88,0.016927078366279602,3
SR-HSE,276,89,0.016888977959752083,8
SR-HSE,37,90,0.016763586550951004,7
SR-HSE,130,91,0.016486812382936478,4
SR-HSE,120,92,0.016400210559368134,5
SR-HSE,225,93,0.016308516263961792,6
SR-HSE,44,94,0.016286496073007584,3
SR-HSE,122,95,0.016096437349915504,6
SR-HSE,144,96,0.016061563044786453,7
SR-HSE,8,97,0.016036327928304672,6
SR-HSE,12,98,0.01589387096464634,6
SR-HSE,126,99,0.015830041840672493,10
SR-HSE,268,100,0.01576875150203705,4
SR-HSE,194,101,0.01575607992708683,3
SR-HSE,18,102,0.015744876116514206,4
SR-HSE,235,103,0.015738921239972115,5
SR-HSE,160,104,0.01563408598303795,11
SR-HSE,116,105,0.015457074157893658,3
SR-HSE,230,106,0.015449821949005127,3
SR-HSE,78,107,0.015410196967422962,5
SR-HSE,55,108,0.015223613008856773,6
SR-HSE,40,109,0.01519288681447506,6
SR-HSE,25,110,0.015145701356232166,8
SR-HSE,121,111,0.01498652994632721,7
SR-HSE,146,112,0.014981904998421669,5
SR-HSE,166,113,0.014968069270253181,6
SR-HSE,34,114,0.014874632470309734,5
SR-HSE,221,115,0.014863500371575356,6
SR-HSE,14,116,0.01486147940158844,5
SR-HSE,90,117,0.01480836607515812,6
SR-HSE,239,118,0.014579521492123604,3
SR-HSE,85,119,0.014436112716794014,3
SR-HSE,233,120,0.014409656636416912,6
SR-HSE,213,121,0.014255349524319172,4
SR-HSE,28,122,0.014234259724617004,7
SR-HSE,216,123,0.014229451306164265,2
SR-HSE,5,124,0.014081518165767193,4
SR-HSE,51,125,0.013958035036921501,10
SR-HSE,252,126,0.013890303671360016,4
SR-HSE,17,127,0.013868632726371288,5
SR-HSE,206,128,0.01377397496253252,4
SR-HSE,267,129,0.013728301040828228,2
SR-HSE,203,130,0.013626406900584698,4
SR-HSE,77,131,0.013518040999770164,5
SR-HSE,296,132,0.013384210877120495,10
SR-HSE,187,133,0.01338193565607071,3
SR-HSE,109,134,0.013372841291129589,7
SR-HSE,27,135,0.013267834670841694,8
SR-HSE,143,136,0.013264631852507591,5
SR-HSE,99,137,0.013252045027911663,7
SR-HSE,246,138,0.013061018660664558,3
SR-HSE,16,139,0.013018107041716576,4
SR-HSE,30,140,0.012974251993000507,5
SR-HSE,26,141,0.012970958836376667,4
SR-HSE,154,142,0.012962618842720985,5
SR-HSE,185,143,0.012954259291291237,3
SR-HSE,103,144,0.012924013659358025,3
SR-HSE,13,145,0.012869526632130146,6
SR-HSE,48,146,0.012850547209382057,7
SR-HSE,288,147,0.012837449088692665,2
SR-HSE,20,148,0.012795506045222282,4
SR-HSE,179,149,0.012772413901984692,3
SR-HSE,222,150,0.012771901674568653,4
SR-HSE,258,151,0.012770968489348888,3
SR-HSE,182,152,0.012716380879282951,2
SR-HSE,205,153,0.012627226300537586,3
SR-HSE,299,154,0.01261532586067915,7
SR-HSE,175,155,0.012573331594467163,9
SR-HSE,94,156,0.012443503364920616,2
SR-HSE,184,157,0.012400815263390541,7
SR-HSE,275,158,0.01229634415358305,2
SR-HSE,87,159,0.01219733152538538,4
SR-HSE,191,160,0.012193898670375347,2
SR-HSE,227,161,0.012192885391414165,3
SR-HSE,247,162,0.01216130517423153,4
SR-HSE,114,163,0.012131188064813614,7
SR-HSE,274,164,0.012058349326252937,2
SR-HSE,236,165,0.01193344034254551,3
SR-HSE,65,166,0.011866707354784012,3
SR-HSE,36,167,0.011835413984954357,7
SR-HSE,82,168,0.011835182085633278,4
SR-HSE,98,169,0.011748836375772953,2
SR-HSE,115,170,0.011680743657052517,4
SR-HSE,261,171,0.011671436950564384,3
SR-HSE,250,172,0.011610126122832298,4
SR-HSE,181,173,0.011608587577939034,4
SR-HSE,155,174,0.011543835513293743,3
SR-HSE,280,175,0.011541197076439857,3
SR-HSE,150,176,0.011490500532090664,3
SR-HSE,142,177,0.01139895524829626,3
SR-HSE,208,178,0.011301846243441105,3
SR-HSE,159,179,0.011286783032119274,2
SR-HSE,201,180,0.011204913258552551,4
SR-HSE,60,181,0.01118629053235054,3
SR-HSE,177,182,0.011106166057288647,4
SR-HSE,271,183,0.01106355618685484,3
SR-HSE,54,184,0.011053875088691711,5
SR-HSE,260,185,0.011042499914765358,5
SR-HSE,281,186,0.01098906621336937,1
SR-HSE,204,187,0.010988635942339897,7
SR-HSE,125,188,0.010987823829054832,3
SR-HSE,47,189,0.010964112356305122,4
SR-HSE,270,190,0.010908967815339565,4
SR-HSE,105,191,0.010900844819843769,3
SR-HSE,237,192,0.010888996534049511,2
SR-HSE,96,193,0.010797590017318726,5
SR-HSE,1,194,0.010702378116548061,6
SR-HSE,9,195,0.010679730214178562,3
SR-HSE,53,196,0.010615278966724873,6
SR-HSE,295,197,0.010602082125842571,2
SR-HSE,180,198,0.010590894147753716,5
SR-HSE,210,199,0.01056672167032957,6
SR-HSE,176,200,0.010553307831287384,5
SR-HSE,35,201,0.010514434427022934,4
SR-HSE,104,202,0.010496252216398716,4
SR-HSE,138,203,0.010351767763495445,3
SR-HSE,198,204,0.010343416593968868,3
SR-HSE,244,205,0.010331660509109497,1
SR-HSE,263,206,0.010327264666557312,6
SR-HSE,172,207,0.010272027924656868,4
SR-HSE,249,208,0.010223103687167168,3
SR-HSE,100,209,0.01018047146499157,3
SR-HSE,266,210,0.010157591663300991,1
SR-HSE,214,211,0.010132954455912113,2
SR-HSE,118,212,0.010096936486661434,4
SR-HSE,58,213,0.010044202208518982,10
SR-HSE,242,214,0.010008239187300205,6
SR-HSE,127,215,0.009950309991836548,4
SR-HSE,45,216,0.009892386384308338,8
SR-HSE,97,217,0.00981309823691845,2
SR-HSE,91,218,0.009792502969503403,6
SR-HSE,157,219,0.009775029495358467,2
SR-HSE,156,220,0.009721066802740097,2
SR-HSE,264,221,0.0096919359639287,3
SR-HSE,243,222,0.009690583683550358,2
SR-HSE,158,223,0.009668491780757904,3
SR-HSE,196,224,0.009543606080114841,4
SR-HSE,133,225,0.00952715240418911,6
SR-HSE,111,226,0.009441772475838661,5
SR-HSE,298,227,0.009425058029592037,4
SR-HSE,192,228,0.009366212412714958,3
SR-HSE,262,229,0.009275706484913826,3
SR-HSE,240,230,0.009267526678740978,1
SR-HSE,259,231,0.009267186746001244,2
SR-HSE,163,232,0.009253391996026039,3
SR-HSE,292,233,0.009211992844939232,3
SR-HSE,218,234,0.009190909564495087,3
SR-HSE,137,235,0.00918307714164257,2
SR-HSE,256,236,0.009116698987782001,2
SR-HSE,265,237,0.009083036333322525,1
SR-HSE,41,238,0.008924984373152256,2
SR-HSE,279,239,0.008856586180627346,2
SR-HSE,165,240,0.008763710036873817,4
SR-HSE,170,241,0.008757838979363441,6
SR-HSE,149,242,0.008555606938898563,2
SR-HSE,88,243,0.008554914966225624,4
SR-HSE,134,244,0.008541918359696865,3
SR-HSE,286,245,0.008539089933037758,2
SR-HSE,101,246,0.008498466573655605,3
SR-HSE,162,247,0.008418379351496696,3
SR-HSE,161,248,0.008405554108321667,2
SR-HSE,107,249,0.008388342335820198,6
SR-HSE,293,250,0.008349229581654072,3
SR-HSE,174,251,0.008228634484112263,2
SR-HSE,153,252,0.008191576227545738,2
SR-HSE,50,253,0.008093349635601044,3
SR-HSE,241,254,0.008020838722586632,3
SR-HSE,197,255,0.008001178503036499,3
SR-HSE,89,256,0.007851069793105125,3
SR-HSE,282,257,0.007715359330177307,3
SR-HSE,215,258,0.007679299917072058,4
SR-HSE,228,259,0.007642730139195919,4
SR-HSE,164,260,0.00754901859909296,2
SR-HSE,278,261,0.007534761913120747,2
SR-HSE,251,262,0.007475813385099173,3
SR-HSE,269,263,0.007358959876000881,4
SR-HSE,291,264,0.0073045059107244015,2
SR-HSE,223,265,0.007258863653987646,2
SR-HSE,294,266,0.007192189339548349,2
SR-HSE,226,267,0.00715882470831275,2
SR-HSE,220,268,0.007119280286133289,2
SR-HSE,76,269,0.007048416882753372,2
SR-HSE,199,270,0.007021957542747259,2
SR-HSE,178,271,0.006847755517810583,2
SR-HSE,151,272,0.00682066148146987,2
SR-HSE,297,273,0.006819597445428371,1
SR-HSE,207,274,0.00673545291647315,2
SR-HSE,255,275,0.006592392921447754,2
SR-HSE,202,276,0.006503443233668804,3
SR-HSE,186,277,0.006458088755607605,3
SR-HSE,224,278,0.006356102880090475,2
SR-HSE,284,279,0.006286457180976868,2
SR-HSE,188,280,0.006164985708892345,2
SR-HSE,106,281,0.006143664009869099,4
SR-HSE,248,282,0.006034759804606438,2
SR-HSE,119,283,0.0060220141895115376,2
SR-HSE,273,284,0.005768608767539263,2
SR-HSE,289,285,0.005553558003157377,2
SR-HSE,141,286,0.0054126619361341,2
SR-HSE,68,287,0.005347738042473793,2
SR-HSE,171,288,0.005259388126432896,2
SR-HSE,132,289,0.004926946945488453,2
SR-HSE,11,290,0.004838293883949518,2
SR-HSE,234,291,0.004596788436174393,2
SR-HSE,131,292,0.0045530223287642,2
SR-HSE,232,293,0.004336319863796234,2
SR-HSE,254,294,0.00430669542402029,2
SR-HSE,277,295,0.003847943153232336,1
SR-HSE,238,296,0.003843216225504875,1
SR-HSE,253,297,0.0037223349791020155,1
SR-HSE,285,298,0.0034132651053369045,1
SR-HSE,272,299,0.002922620391473174,1
NR-AR-LBD,168,0,0.05279644578695297,79
NR-AR-LBD,63,1,0.04676496237516403,51
NR-AR-LBD,276,2,0.04464485123753548,8
NR-AR-LBD,128,3,0.0393514409661293,42
NR-AR-LBD,29,4,0.037005651742219925,39
NR-AR-LBD,15,5,0.03639562800526619,26
NR-AR-LBD,92,6,0.03464646264910698,21
NR-AR-LBD,49,7,0.03281106799840927,17
NR-AR-LBD,23,8,0.032779939472675323,30
NR-AR-LBD,7,9,0.032294224947690964,33
NR-AR-LBD,70,10,0.031023114919662476,27
NR-AR-LBD,46,11,0.030573874711990356,13
NR-AR-LBD,81,12,0.030491333454847336,19
NR-AR-LBD,144,13,0.03023528680205345,7
NR-AR-LBD,24,14,0.030199792236089706,21
NR-AR-LBD,113,15,0.030188381671905518,13
NR-AR-LBD,0,16,0.03010084666311741,20
NR-AR-LBD,36,17,0.030060112476348877,7
NR-AR-LBD,33,18,0.029615934938192368,17
NR-AR-LBD,110,19,0.029164645820856094,20
NR-AR-LBD,90,20,0.028930241242051125,6
NR-AR-LBD,21,21,0.028888896107673645,13
NR-AR-LBD,74,22,0.027906570583581924,19
NR-AR-LBD,219,23,0.027764614671468735,16
NR-AR-LBD,10,24,0.027731284499168396,17
NR-AR-LBD,40,25,0.027060136198997498,6
NR-AR-LBD,147,26,0.026994695886969566,16
NR-AR-LBD,123,27,0.02662835642695427,11
NR-AR-LBD,75,28,0.0263363067060709,13
NR-AR-LBD,62,29,0.02584126964211464,24
NR-AR-LBD,93,30,0.025577425956726074,16
NR-AR-LBD,209,31,0.025561070069670677,7
NR-AR-LBD,108,32,0.025541841983795166,14
NR-AR-LBD,212,33,0.0255311019718647,7
NR-AR-LBD,135,34,0.025161108002066612,9
NR-AR-LBD,51,35,0.02504262886941433,10
NR-AR-LBD,31,36,0.024848762899637222,20
NR-AR-LBD,245,37,0.024664586409926414,15
NR-AR-LBD,22,38,0.024655790999531746,13
NR-AR-LBD,189,39,0.02458800934255123,9
NR-AR-LBD,150,40,0.02458145096898079,3
NR-AR-LBD,57,41,0.024197431281208992,9
NR-AR-LBD,242,42,0.024197369813919067,6
NR-AR-LBD,30,43,0.024150537326931953,5
NR-AR-LBD,133,44,0.024090398102998734,6
NR-AR-LBD,1,45,0.023844456300139427,6
NR-AR-LBD,160,46,0.023733098059892654,11
NR-AR-LBD,69,47,0.02322543039917946,8
NR-AR-LBD,204,48,0.02318272367119789,7
NR-AR-LBD,88,49,0.02304207533597946,4
NR-AR-LBD,184,50,0.022825831547379494,7
NR-AR-LBD,213,51,0.022719860076904297,4
NR-AR-LBD,6,52,0.022666748613119125,18
NR-AR-LBD,117,53,0.022589996457099915,7
NR-AR-LBD,264,54,0.02219213917851448,3
NR-AR-LBD,211,55,0.022156208753585815,13
NR-AR-LBD,71,56,0.02200952172279358,11
NR-AR-LBD,80,57,0.021999651566147804,8
NR-AR-LBD,145,58,0.021911460906267166,17
NR-AR-LBD,169,59,0.02189428173005581,8
NR-AR-LBD,13,60,0.021868569776415825,6
NR-AR-LBD,79,61,0.02183334156870842,9
NR-AR-LBD,247,62,0.021810954436659813,4
NR-AR-LBD,52,63,0.02174621820449829,16
NR-AR-LBD,129,64,0.021720485761761665,9
NR-AR-LBD,84,65,0.02169928327202797,15
NR-AR-LBD,229,66,0.021381612867116928,7
NR-AR-LBD,66,67,0.02130882441997528,13
NR-AR-LBD,39,68,0.02116648480296135,9
NR-AR-LBD,296,69,0.020959246903657913,10
NR-AR-LBD,43,70,0.02089916542172432,9
NR-AR-LBD,235,71,0.020805928856134415,5
NR-AR-LBD,200,72,0.020732387900352478,8
NR-AR-LBD,3,73,0.02066980116069317,6
NR-AR-LBD,38,74,0.020629985257983208,4
NR-AR-LBD,42,75,0.02027955651283264,5
NR-AR-LBD,56,76,0.020265262573957443,17
NR-AR-LBD,27,77,0.02020617201924324,8
NR-AR-LBD,73,78,0.019802121445536613,16
NR-AR-LBD,78,79,0.01974213682115078,5
NR-AR-LBD,139,80,0.019718455150723457,12
NR-AR-LBD,48,81,0.019681137055158615,7
NR-AR-LBD,148,82,0.019486019387841225,14
NR-AR-LBD,67,83,0.019415441900491714,16
NR-AR-LBD,99,84,0.019411008805036545,7
NR-AR-LBD,271,85,0.019391346722841263,3
NR-AR-LBD,233,86,0.019298598170280457,6
NR-AR-LBD,190,87,0.019293298944830894,13
NR-AR-LBD,277,88,0.019218426197767258,1
NR-AR-LBD,72,89,0.01904042437672615,15
NR-AR-LBD,146,90,0.018986906856298447,5
NR-AR-LBD,2,91,0.01879395917057991,14
NR-AR-LBD,37,92,0.01873203180730343,7
NR-AR-LBD,178,93,0.018725771456956863,2
NR-AR-LBD,120,94,0.01868738792836666,5
NR-AR-LBD,45,95,0.018677445128560066,8
NR-AR-LBD,55,96,0.018469329923391342,6
NR-AR-LBD,257,97,0.01834159344434738,8
NR-AR-LBD,180,98,0.01831110380589962,5
NR-AR-LBD,273,99,0.018274620175361633,2
NR-AR-LBD,167,100,0.01824364811182022,6
NR-AR-LBD,124,101,0.01822955533862114,4
NR-AR-LBD,126,102,0.018194163218140602,10
NR-AR-LBD,240,103,0.018175605684518814,1
NR-AR-LBD,199,104,0.01815919578075409,2
NR-AR-LBD,136,105,0.017956893891096115,18
NR-AR-LBD,103,106,0.01775521971285343,3
NR-AR-LBD,59,107,0.017385130748152733,8
NR-AR-LBD,25,108,0.017348844558000565,8
NR-AR-LBD,18,109,0.01734808459877968,4
NR-AR-LBD,218,110,0.017255114391446114,3
NR-AR-LBD,82,111,0.017230385914444923,4
NR-AR-LBD,12,112,0.01715383492410183,6
NR-AR-LBD,102,113,0.017012862488627434,6
NR-AR-LBD,155,114,0.016949329525232315,3
NR-AR-LBD,122,115,0.01693037524819374,6
NR-AR-LBD,217,116,0.01691402681171894,4
NR-AR-LBD,140,117,0.016869325190782547,19
NR-AR-LBD,47,118,0.016834480687975883,4
NR-AR-LBD,194,119,0.01677892357110977,3
NR-AR-LBD,4,120,0.016649316996335983,9
NR-AR-LBD,112,121,0.016535047441720963,10
NR-AR-LBD,195,122,0.016189608722925186,11
NR-AR-LBD,183,123,0.016022156924009323,7
NR-AR-LBD,64,124,0.015841659158468246,7
NR-AR-LBD,26,125,0.015827614814043045,4
NR-AR-LBD,14,126,0.015438552014529705,5
NR-AR-LBD,223,127,0.01525752805173397,2
NR-AR-LBD,181,128,0.015219931490719318,4
NR-AR-LBD,91,129,0.015199619345366955,6
NR-AR-LBD,239,130,0.015113450586795807,3
NR-AR-LBD,105,131,0.014862151816487312,3
NR-AR-LBD,83,132,0.014854220673441887,9
NR-AR-LBD,142,133,0.014837856404483318,3
NR-AR-LBD,166,134,0.014710888266563416,6
NR-AR-LBD,221,135,0.014707982540130615,6
NR-AR-LBD,206,136,0.014584826305508614,4
NR-AR-LBD,53,137,0.014550857245922089,6
NR-AR-LBD,248,138,0.014239439740777016,2
NR-AR-LBD,175,139,0.014236482791602612,9
NR-AR-LBD,158,140,0.014179503545165062,3
NR-AR-LBD,196,141,0.014177082106471062,4
NR-AR-LBD,130,142,0.014060822315514088,4
NR-AR-LBD,114,143,0.01389717124402523,7
NR-AR-LBD,60,144,0.013856424018740654,3
NR-AR-LBD,16,145,0.013845391571521759,4
NR-AR-LBD,107,146,0.01380940992385149,6
NR-AR-LBD,28,147,0.013789798133075237,7
NR-AR-LBD,173,148,0.013732574880123138,4
NR-AR-LBD,193,149,0.013709080405533314,9
NR-AR-LBD,170,150,0.013689761981368065,6
NR-AR-LBD,274,151,0.013648547232151031,2
NR-AR-LBD,44,152,0.013611532747745514,3
NR-AR-LBD,61,153,0.013604809530079365,6
NR-AR-LBD,116,154,0.013574277982115746,3
NR-AR-LBD,32,155,0.013564114458858967,8
NR-AR-LBD,202,156,0.013523584231734276,3
NR-AR-LBD,246,157,0.01349824108183384,3
NR-AR-LBD,231,158,0.01338888518512249,8
NR-AR-LBD,243,159,0.01333530992269516,2
NR-AR-LBD,188,160,0.0133194699883461,2
NR-AR-LBD,165,161,0.01324990950524807,4
NR-AR-LBD,96,162,0.013210211880505085,5
NR-AR-LBD,34,163,0.013148034922778606,5
NR-AR-LBD,41,164,0.013105934485793114,2
NR-AR-LBD,77,165,0.013104076497256756,5
NR-AR-LBD,201,166,0.013092818669974804,4
NR-AR-LBD,138,167,0.013077927753329277,3
NR-AR-LBD,251,168,0.013051493093371391,3
NR-AR-LBD,111,169,0.013024513609707355,5
NR-AR-LBD,171,170,0.012916261330246925,2
NR-AR-LBD,35,171,0.012896144762635231,4
NR-AR-LBD,149,172,0.012844085693359375,2
NR-AR-LBD,222,173,0.012813063338398933,4
NR-AR-LBD,249,174,0.012761523015797138,3
NR-AR-LBD,86,175,0.012755157425999641,9
NR-AR-LBD,20,176,0.012731452472507954,4
NR-AR-LBD,290,177,0.012624891474843025,10
NR-AR-LBD,205,178,0.012620978057384491,3
NR-AR-LBD,89,179,0.012555351480841637,3
NR-AR-LBD,151,180,0.012497100047767162,2
NR-AR-LBD,54,181,0.01244814321398735,5
NR-AR-LBD,208,182,0.012407619506120682,3
NR-AR-LBD,298,183,0.012092472054064274,4
NR-AR-LBD,289,184,0.012034883722662926,2
NR-AR-LBD,258,185,0.011974481865763664,3
NR-AR-LBD,269,186,0.011950748972594738,4
NR-AR-LBD,287,187,0.011740733869373798,8
NR-AR-LBD,101,188,0.011736050248146057,3
NR-AR-LBD,299,189,0.01172502152621746,7
NR-AR-LBD,252,190,0.011707887053489685,4
NR-AR-LBD,250,191,0.011685376055538654,4
NR-AR-LBD,58,192,0.011643976904451847,10
NR-AR-LBD,5,193,0.011611061170697212,4
NR-AR-LBD,118,194,0.011456331238150597,4
NR-AR-LBD,8,195,0.011452903971076012,6
NR-AR-LBD,132,196,0.011450223624706268,2
NR-AR-LBD,50,197,0.011393504217267036,3
NR-AR-LBD,121,198,0.011350671760737896,7
NR-AR-LBD,163,199,0.011313757859170437,3
NR-AR-LBD,187,200,0.011284157633781433,3
NR-AR-LBD,100,201,0.011277751065790653,3
NR-AR-LBD,192,202,0.011273114010691643,3
NR-AR-LBD,230,203,0.011139561422169209,3
NR-AR-LBD,154,204,0.011137716472148895,5
NR-AR-LBD,283,205,0.011092952452600002,2
NR-AR-LBD,182,206,0.011056270450353622,2
NR-AR-LBD,191,207,0.011020510457456112,2
NR-AR-LBD,228,208,0.011007361114025116,4
NR-AR-LBD,292,209,0.010986500419676304,3
NR-AR-LBD,137,210,0.010740886442363262,2
NR-AR-LBD,119,211,0.01061844639480114,2
NR-AR-LBD,225,212,0.010539097711443901,6
NR-AR-LBD,177,213,0.010534967295825481,4
NR-AR-LBD,176,214,0.010506762191653252,5
NR-AR-LBD,197,215,0.010505090467631817,3
NR-AR-LBD,104,216,0.010485139675438404,4
NR-AR-LBD,263,217,0.010411190800368786,6
NR-AR-LBD,11,218,0.010377990081906319,2
NR-AR-LBD,256,219,0.010283130221068859,2
NR-AR-LBD,85,220,0.010187090374529362,3
NR-AR-LBD,143,221,0.010120447725057602,5
NR-AR-LBD,65,222,0.010070327669382095,3
NR-AR-LBD,284,223,0.010064540430903435,2
NR-AR-LBD,87,224,0.010041688568890095,4
NR-AR-LBD,262,225,0.010029764845967293,3
NR-AR-LBD,260,226,0.009944013319909573,5
NR-AR-LBD,232,227,0.00992585625499487,2
NR-AR-LBD,68,228,0.0098325340077281,2
NR-AR-LBD,268,229,0.009814852848649025,4
NR-AR-LBD,185,230,0.009801645763218403,3
NR-AR-LBD,97,231,0.00975397415459156,2
NR-AR-LBD,280,232,0.009710300713777542,3
NR-AR-LBD,115,233,0.009693412110209465,4
NR-AR-LBD,198,234,0.009625826962292194,3
NR-AR-LBD,285,235,0.009617147967219353,1
NR-AR-LBD,109,236,0.009540733881294727,7
NR-AR-LBD,210,237,0.009488527663052082,6
NR-AR-LBD,127,238,0.009450103156268597,4
NR-AR-LBD,259,239,0.009250843897461891,2
NR-AR-LBD,17,240,0.00918351300060749,5
NR-AR-LBD,234,241,0.009180625900626183,2
NR-AR-LBD,281,242,0.009092300198972225,1
NR-AR-LBD,19,243,0.009047942236065865,4
NR-AR-LBD,131,244,0.008985063061118126,2
NR-AR-LBD,172,245,0.008966958150267601,4
NR-AR-LBD,220,246,0.008722197264432907,2
NR-AR-LBD,241,247,0.008703440427780151,3
NR-AR-LBD,227,248,0.008665347471833229,3
NR-AR-LBD,270,249,0.008545102551579475,4
NR-AR-LBD,179,250,0.00847588013857603,3
NR-AR-LBD,278,251,0.008343122899532318,2
NR-AR-LBD,207,252,0.008277407847344875,2
NR-AR-LBD,236,253,0.008242187090218067,3
NR-AR-LBD,214,254,0.008204941637814045,2
NR-AR-LBD,291,255,0.008191615343093872,2
NR-AR-LBD,95,256,0.008137764409184456,4
NR-AR-LBD,203,257,0.008117335848510265,4
NR-AR-LBD,159,258,0.00804874487221241,2
NR-AR-LBD,152,259,0.00802491046488285,3
NR-AR-LBD,9,260,0.007989183999598026,3
NR-AR-LBD,125,261,0.007983246818184853,3
NR-AR-LBD,238,262,0.00797836109995842,1
NR-AR-LBD,297,263,0.007934333756566048,1
NR-AR-LBD,156,264,0.007694710977375507,2
NR-AR-LBD,286,265,0.007407082710415125,2
NR-AR-LBD,215,266,0.007306051440536976,4
NR-AR-LBD,186,267,0.007192885037511587,3
NR-AR-LBD,294,268,0.007172612007707357,2
NR-AR-LBD,157,269,0.007152663078159094,2
NR-AR-LBD,254,270,0.007089938037097454,2
NR-AR-LBD,267,271,0.006989599671214819,2
NR-AR-LBD,255,272,0.006553260143846273,2
NR-AR-LBD,161,273,0.0064223832450807095,2
NR-AR-LBD,134,274,0.006342360284179449,3
NR-AR-LBD,164,275,0.006340824067592621,2
NR-AR-LBD,106,276,0.0061243632808327675,4
NR-AR-LBD,226,277,0.006103190593421459,2
NR-AR-LBD,261,278,0.006095231510698795,3
NR-AR-LBD,275,279,0.005800161045044661,2
NR-AR-LBD,94,280,0.005634908564388752,2
NR-AR-LBD,295,281,0.005055718123912811,2
NR-AR-LBD,162,282,0.004579593893140554,3
NR-AR-LBD,253,283,0.004459118004888296,1
NR-AR-LBD,141,284,0.004359410144388676,2
NR-AR-LBD,272,285,0.004122700542211533,1
NR-AR-LBD,224,286,0.003915517125278711,2
NR-AR-LBD,237,287,0.003881229553371668,2
NR-AR-LBD,216,288,0.003781380131840706,2
NR-AR-LBD,282,289,0.003731370670720935,3
NR-AR-LBD,279,290,0.0034974031150341034,2
NR-AR-LBD,153,291,0.0034181587398052216,2
NR-AR-LBD,76,292,0.0034142371732741594,2
NR-AR-LBD,174,293,0.003363614436239004,2
NR-AR-LBD,98,294,0.003315261797979474,2
NR-AR-LBD,293,295,0.0029931135941296816,3
NR-AR-LBD,288,296,0.0027346275746822357,2
NR-AR-LBD,266,297,0.0024220896884799004,1
NR-AR-LBD,265,298,0.0024112544488161802,1
NR-AR-LBD,244,299,0.001863009063526988,1
NR-ER,168,0,0.20776835083961487,79
NR-ER,63,1,0.17388932406902313,51
NR-ER,23,2,0.1556277573108673,30
NR-ER,128,3,0.1507149040699005,42
NR-ER,29,4,0.1500033587217331,39
NR-ER,7,5,0.14736734330654144,33
NR-ER,70,6,0.13695760071277618,27
NR-ER,140,7,0.13201917707920074,19
NR-ER,49,8,0.12981373071670532,17
NR-ER,219,9,0.12968213856220245,16
NR-ER,81,10,0.12965400516986847,19
NR-ER,62,11,0.1295481026172638,24
NR-ER,15,12,0.12680478394031525,26
NR-ER,229,13,0.12507088482379913,7
NR-ER,148,14,0.12061120569705963,14
NR-ER,69,15,0.12051083147525787,8
NR-ER,136,16,0.11988804489374161,18
NR-ER,126,17,0.11874093860387802,10
NR-ER,31,18,0.11727064847946167,20
NR-ER,113,19,0.11719826608896255,13
NR-ER,46,20,0.11648774147033691,13
NR-ER,10,21,0.11456327140331268,17
NR-ER,204,22,0.11377455294132233,7
NR-ER,56,23,0.11356017738580704,17
NR-ER,147,24,0.11245075613260269,16
NR-ER,108,25,0.111741803586483,14
NR-ER,39,26,0.11113331466913223,9
NR-ER,74,27,0.11001868546009064,19
NR-ER,198,28,0.10827301442623138,3
NR-ER,110,29,0.10616036504507065,20
NR-ER,130,30,0.10602941364049911,4
NR-ER,247,31,0.10561241954565048,4
NR-ER,84,32,0.10493157058954239,15
NR-ER,92,33,0.10491731017827988,21
NR-ER,245,34,0.10446105152368546,15
NR-ER,123,35,0.104115329682827,11
NR-ER,37,36,0.1017039567232132,7
NR-ER,93,37,0.1016940027475357,16
NR-ER,165,38,0.10159315168857574,4
NR-ER,190,39,0.10110996663570404,13
NR-ER,4,40,0.1006932482123375,9
NR-ER,90,41,0.10025982558727264,6
NR-ER,262,42,0.10015439987182617,3
NR-ER,145,43,0.10006745159626007,17
NR-ER,52,44,0.10004270076751709,16
NR-ER,83,45,0.0997295081615448,9
NR-ER,269,46,0.09850086271762848,4
NR-ER,33,47,0.0983641967177391,17
NR-ER,45,48,0.09810974448919296,8
NR-ER,24,49,0.09800592064857483,21
NR-ER,75,50,0.09680945426225662,13
NR-ER,0,51,0.09621807187795639,20
NR-ER,54,52,0.096017025411129,5
NR-ER,32,53,0.09601180255413055,8
NR-ER,104,54,0.09587229043245316,4
NR-ER,6,55,0.09461016952991486,18
NR-ER,99,56,0.09451869130134583,7
NR-ER,195,57,0.0942203551530838,11
NR-ER,21,58,0.09327893704175949,13
NR-ER,200,59,0.09221313148736954,8
NR-ER,166,60,0.0915679782629013,6
NR-ER,144,61,0.0909896269440651,7
NR-ER,48,62,0.09066206216812134,7
NR-ER,203,63,0.09029502421617508,4
NR-ER,167,64,0.0891304686665535,6
NR-ER,55,65,0.08830323815345764,6
NR-ER,96,66,0.08786594122648239,5
NR-ER,160,67,0.08775290101766586,11
NR-ER,51,68,0.08637487888336182,10
NR-ER,122,69,0.0859249085187912,6
NR-ER,57,70,0.08521418273448944,9
NR-ER,67,71,0.08509039878845215,16
NR-ER,71,72,0.08508743345737457,11
NR-ER,2,73,0.08403067290782928,14
NR-ER,102,74,0.08338616043329239,6
NR-ER,28,75,0.08255679905414581,7
NR-ER,77,76,0.08182241767644882,5
NR-ER,135,77,0.08146979659795761,9
NR-ER,16,78,0.08124606311321259,4
NR-ER,66,79,0.08118123561143875,13
NR-ER,1,80,0.08108960837125778,6
NR-ER,169,81,0.08086813986301422,8
NR-ER,284,82,0.08064305037260056,2
NR-ER,36,83,0.08030971884727478,7
NR-ER,64,84,0.07952890545129776,7
NR-ER,276,85,0.07903361320495605,8
NR-ER,59,86,0.07899077981710434,8
NR-ER,53,87,0.07875251770019531,6
NR-ER,72,88,0.0786084309220314,15
NR-ER,211,89,0.07856382429599762,13
NR-ER,235,90,0.07842408865690231,5
NR-ER,290,91,0.07808597385883331,10
NR-ER,40,92,0.0777176097035408,6
NR-ER,175,93,0.0776367038488388,9
NR-ER,163,94,0.07704142481088638,3
NR-ER,193,95,0.07701936364173889,9
NR-ER,73,96,0.07691949605941772,16
NR-ER,80,97,0.07673312723636627,8
NR-ER,120,98,0.07656152546405792,5
NR-ER,183,99,0.07545067369937897,7
NR-ER,86,100,0.0753803551197052,9
NR-ER,11,101,0.07527974992990494,2
NR-ER,60,102,0.07502131164073944,3
NR-ER,173,103,0.07468386739492416,4
NR-ER,178,104,0.07454174757003784,2
NR-ER,22,105,0.07439687103033066,13
NR-ER,114,106,0.07378008216619492,7
NR-ER,44,107,0.07342154532670975,3
NR-ER,79,108,0.07339383661746979,9
NR-ER,13,109,0.0733535885810852,6
NR-ER,27,110,0.07263940572738647,8
NR-ER,17,111,0.07195566594600677,5
NR-ER,210,112,0.07169467210769653,6
NR-ER,117,113,0.07139535993337631,7
NR-ER,231,114,0.07137291133403778,8
NR-ER,228,115,0.07120375335216522,4
NR-ER,141,116,0.0709695965051651,2
NR-ER,129,117,0.07093805074691772,9
NR-ER,286,118,0.07086151838302612,2
NR-ER,265,119,0.07085730135440826,1
NR-ER,30,120,0.0708499625325203,5
NR-ER,78,121,0.07050943374633789,5
NR-ER,216,122,0.07037464529275894,2
NR-ER,139,123,0.0703495517373085,12
NR-ER,177,124,0.07020597159862518,4
NR-ER,34,125,0.07002291828393936,5
NR-ER,133,126,0.06999389827251434,6
NR-ER,199,127,0.06985004991292953,2
NR-ER,18,128,0.06983432918787003,4
NR-ER,205,129,0.06954845041036606,3
NR-ER,47,130,0.06883767992258072,4
NR-ER,112,131,0.06824858486652374,10
NR-ER,154,132,0.0679032951593399,5
NR-ER,287,133,0.06760113686323166,8
NR-ER,127,134,0.06709258258342743,4
NR-ER,61,135,0.06693682819604874,6
NR-ER,261,136,0.06691700220108032,3
NR-ER,225,137,0.06688202917575836,6
NR-ER,109,138,0.06667347997426987,7
NR-ER,196,139,0.06568852066993713,4
NR-ER,85,140,0.06519076973199844,3
NR-ER,189,141,0.06499888002872467,9
NR-ER,42,142,0.06406659632921219,5
NR-ER,296,143,0.06403303891420364,10
NR-ER,101,144,0.06384195387363434,3
NR-ER,246,145,0.06379608809947968,3
NR-ER,35,146,0.06370493024587631,4
NR-ER,252,147,0.06365225464105606,4
NR-ER,232,148,0.0634194016456604,2
NR-ER,5,149,0.06334704160690308,4
NR-ER,98,150,0.06322505325078964,2
NR-ER,209,151,0.06307201087474823,7
NR-ER,143,152,0.06290718913078308,5
NR-ER,243,153,0.06273433566093445,2
NR-ER,181,154,0.06267986446619034,4
NR-ER,124,155,0.062176663428545,4
NR-ER,206,156,0.06216166168451309,4
NR-ER,138,157,0.06150367110967636,3
NR-ER,294,158,0.061491914093494415,2
NR-ER,184,159,0.06127168983221054,7
NR-ER,197,160,0.061070263385772705,3
NR-ER,121,161,0.06103941798210144,7
NR-ER,257,162,0.06071529909968376,8
NR-ER,116,163,0.06037081405520439,3
NR-ER,288,164,0.059885866940021515,2
NR-ER,3,165,0.05977798253297806,6
NR-ER,50,166,0.05952655151486397,3
NR-ER,233,167,0.05926838517189026,6
NR-ER,12,168,0.058983348309993744,6
NR-ER,41,169,0.05820881202816963,2
NR-ER,25,170,0.05757896229624748,8
NR-ER,220,171,0.05737050622701645,2
NR-ER,91,172,0.05717402696609497,6
NR-ER,162,173,0.05715596675872803,3
NR-ER,291,174,0.05713217332959175,2
NR-ER,161,175,0.05709033086895943,2
NR-ER,43,176,0.05704888701438904,9
NR-ER,212,177,0.05701438710093498,7
NR-ER,58,178,0.05700143426656723,10
NR-ER,239,179,0.056489843875169754,3
NR-ER,107,180,0.05628408119082451,6
NR-ER,226,181,0.05603790283203125,2
NR-ER,253,182,0.05587804317474365,1
NR-ER,242,183,0.05567915365099907,6
NR-ER,180,184,0.05566803365945816,5
NR-ER,263,185,0.05565055087208748,6
NR-ER,14,186,0.055314987897872925,5
NR-ER,207,187,0.055282704532146454,2
NR-ER,266,188,0.05514760687947273,1
NR-ER,293,189,0.055039919912815094,3
NR-ER,240,190,0.05422615259885788,1
NR-ER,227,191,0.05394335463643074,3
NR-ER,149,192,0.05372439697384834,2
NR-ER,298,193,0.053632549941539764,4
NR-ER,179,194,0.05316504091024399,3
NR-ER,105,195,0.05312337353825569,3
NR-ER,201,196,0.05303254723548889,4
NR-ER,65,197,0.05278189852833748,3
NR-ER,260,198,0.0522337332367897,5
NR-ER,172,199,0.05156747251749039,4
NR-ER,111,200,0.05125919729471207,5
NR-ER,106,201,0.05115572363138199,4
NR-ER,118,202,0.05100381374359131,4
NR-ER,218,203,0.050971079617738724,3
NR-ER,164,204,0.0504089891910553,2
NR-ER,194,205,0.050336211919784546,3
NR-ER,249,206,0.05018932372331619,3
NR-ER,279,207,0.05005982518196106,2
NR-ER,299,208,0.04997766762971878,7
NR-ER,221,209,0.04969724267721176,6
NR-ER,8,210,0.04928772896528244,6
NR-ER,125,211,0.04919872805476189,3
NR-ER,213,212,0.04908890649676323,4
NR-ER,222,213,0.048991523683071136,4
NR-ER,82,214,0.04868629202246666,4
NR-ER,185,215,0.04867355152964592,3
NR-ER,250,216,0.04858596995472908,4
NR-ER,131,217,0.04853076487779617,2
NR-ER,88,218,0.04838735982775688,4
NR-ER,230,219,0.04821735620498657,3
NR-ER,152,220,0.04812736064195633,3
NR-ER,223,221,0.04614821448922157,2
NR-ER,142,222,0.04586184769868851,3
NR-ER,76,223,0.04572806879878044,2
NR-ER,19,224,0.045593373477458954,4
NR-ER,20,225,0.04558383673429489,4
NR-ER,134,226,0.04505056142807007,3
NR-ER,171,227,0.04486814886331558,2
NR-ER,241,228,0.044516611844301224,3
NR-ER,254,229,0.04419282078742981,2
NR-ER,176,230,0.04389532655477524,5
NR-ER,146,231,0.04362272098660469,5
NR-ER,38,232,0.04313573241233826,4
NR-ER,158,233,0.04310834780335426,3
NR-ER,68,234,0.04296797513961792,2
NR-ER,191,235,0.042058661580085754,2
NR-ER,282,236,0.04181373491883278,3
NR-ER,259,237,0.04155149310827255,2
NR-ER,217,238,0.041092079132795334,4
NR-ER,115,239,0.040876757353544235,4
NR-ER,188,240,0.04074149951338768,2
NR-ER,89,241,0.04067862778902054,3
NR-ER,174,242,0.04003306105732918,2
NR-ER,215,243,0.040032897144556046,4
NR-ER,236,244,0.0400133915245533,3
NR-ER,268,245,0.03997229412198067,4
NR-ER,258,246,0.03989047557115555,3
NR-ER,97,247,0.039733342826366425,2
NR-ER,251,248,0.039551980793476105,3
NR-ER,153,249,0.03949940577149391,2
NR-ER,202,250,0.039479613304138184,3
NR-ER,271,251,0.0393083281815052,3
NR-ER,283,252,0.03924792259931564,2
NR-ER,192,253,0.03793564438819885,3
NR-ER,256,254,0.03790363669395447,2
NR-ER,155,255,0.03780443221330643,3
NR-ER,151,256,0.036775022745132446,2
NR-ER,255,257,0.03659530729055405,2
NR-ER,224,258,0.03657341003417969,2
NR-ER,159,259,0.03656255453824997,2
NR-ER,87,260,0.0359104685485363,4
NR-ER,170,261,0.03554699942469597,6
NR-ER,95,262,0.03543116897344589,4
NR-ER,187,263,0.035249609500169754,3
NR-ER,289,264,0.035247135907411575,2
NR-ER,270,265,0.035114459693431854,4
NR-ER,237,266,0.03460436686873436,2
NR-ER,150,267,0.033965688198804855,3
NR-ER,182,268,0.03389914706349373,2
NR-ER,280,269,0.03340497240424156,3
NR-ER,103,270,0.032781850546598434,3
NR-ER,156,271,0.03275929018855095,2
NR-ER,26,272,0.03168419376015663,4
NR-ER,234,273,0.03152342513203621,2
NR-ER,9,274,0.03136969730257988,3
NR-ER,137,275,0.030744608491659164,2
NR-ER,248,276,0.030477821826934814,2
NR-ER,208,277,0.03023696504533291,3
NR-ER,272,278,0.030048251152038574,1
NR-ER,273,279,0.030033791437745094,2
NR-ER,157,280,0.029942631721496582,2
NR-ER,274,281,0.029716376215219498,2
NR-ER,264,282,0.029595380648970604,3
NR-ER,100,283,0.029196392744779587,3
NR-ER,186,284,0.0291533675044775,3
NR-ER,292,285,0.028879012912511826,3
NR-ER,214,286,0.02870573103427887,2
NR-ER,119,287,0.02847469411790371,2
NR-ER,295,288,0.028074640780687332,2
NR-ER,275,289,0.027514517307281494,2
NR-ER,132,290,0.027254456654191017,2
NR-ER,94,291,0.025586087256669998,2
NR-ER,278,292,0.024282071739435196,2
NR-ER,277,293,0.024169135838747025,1
NR-ER,267,294,0.022508839145302773,2
NR-ER,244,295,0.02163570560514927,1
NR-ER,285,296,0.021598264575004578,1
NR-ER,238,297,0.02065320312976837,1
NR-ER,297,298,0.01606176421046257,1
NR-ER,281,299,0.013105633668601513,1
SR-ARE,168,0,0.18000085651874542,79
SR-ARE,63,1,0.14563313126564026,51
SR-ARE,128,2,0.14132918417453766,42
SR-ARE,23,3,0.1292538195848465,30
SR-ARE,15,4,0.12281272560358047,26
SR-ARE,29,5,0.12191621959209442,39
SR-ARE,81,6,0.11062482744455338,19
SR-ARE,140,7,0.1103188768029213,19
SR-ARE,31,8,0.10937581211328506,20
SR-ARE,110,9,0.10799016803503036,20
SR-ARE,21,10,0.10245335102081299,13
SR-ARE,10,11,0.10156626999378204,17
SR-ARE,145,12,0.10016938298940659,17
SR-ARE,147,13,0.10002362728118896,16
SR-ARE,86,14,0.09688520431518555,9
SR-ARE,62,15,0.09680020809173584,24
SR-ARE,39,16,0.09477205574512482,9
SR-ARE,92,17,0.0938962921500206,21
SR-ARE,33,18,0.09260262548923492,17
SR-ARE,56,19,0.09227006137371063,17
SR-ARE,93,20,0.0916157066822052,16
SR-ARE,7,21,0.09075889736413956,33
SR-ARE,0,22,0.09003328531980515,20
SR-ARE,190,23,0.08903519064188004,13
SR-ARE,22,24,0.08855956792831421,13
SR-ARE,136,25,0.08817573636770248,18
SR-ARE,24,26,0.08786934614181519,21
SR-ARE,129,27,0.08708027005195618,9
SR-ARE,70,28,0.08656466752290726,27
SR-ARE,84,29,0.08573853224515915,15
SR-ARE,75,30,0.08550666272640228,13
SR-ARE,219,31,0.0831998959183693,16
SR-ARE,244,32,0.08275042474269867,1
SR-ARE,207,33,0.08245779573917389,2
SR-ARE,200,34,0.08198629319667816,8
SR-ARE,160,35,0.08192159235477448,11
SR-ARE,173,36,0.08145062625408173,4
SR-ARE,241,37,0.08086482435464859,3
SR-ARE,66,38,0.07975485920906067,13
SR-ARE,148,39,0.07927262783050537,14
SR-ARE,276,40,0.07883112132549286,8
SR-ARE,46,41,0.07805553078651428,13
SR-ARE,6,42,0.07801394164562225,18
SR-ARE,49,43,0.07786493003368378,17
SR-ARE,74,44,0.07716256380081177,19
SR-ARE,113,45,0.07683281600475311,13
SR-ARE,17,46,0.07666566222906113,5
SR-ARE,251,47,0.07572148740291595,3
SR-ARE,245,48,0.0748608261346817,15
SR-ARE,299,49,0.07330124080181122,7
SR-ARE,27,50,0.07294458150863647,8
SR-ARE,143,51,0.0718536525964737,5
SR-ARE,249,52,0.07183927297592163,3
SR-ARE,43,53,0.07136258482933044,9
SR-ARE,3,54,0.0713241845369339,6
SR-ARE,112,55,0.07106727361679077,10
SR-ARE,175,56,0.07066432386636734,9
SR-ARE,38,57,0.07033668458461761,4
SR-ARE,108,58,0.0702730119228363,14
SR-ARE,64,59,0.07015987485647202,7
SR-ARE,13,60,0.06982000917196274,6
SR-ARE,55,61,0.06942062079906464,6
SR-ARE,51,62,0.0688154473900795,10
SR-ARE,53,63,0.06818567216396332,6
SR-ARE,16,64,0.06812407821416855,4
SR-ARE,67,65,0.06795493513345718,16
SR-ARE,2,66,0.06767646223306656,14
SR-ARE,144,67,0.06700819730758667,7
SR-ARE,83,68,0.06688930839300156,9
SR-ARE,57,69,0.06653179228305817,9
SR-ARE,73,70,0.06643535196781158,16
SR-ARE,195,71,0.06606322526931763,11
SR-ARE,132,72,0.06519704312086105,2
SR-ARE,118,73,0.06496958434581757,4
SR-ARE,225,74,0.06484837830066681,6
SR-ARE,185,75,0.06473537534475327,3
SR-ARE,290,76,0.0644141286611557,10
SR-ARE,4,77,0.06429073214530945,9
SR-ARE,169,78,0.0642344206571579,8
SR-ARE,209,79,0.06416469812393188,7
SR-ARE,90,80,0.06415506452322006,6
SR-ARE,72,81,0.06411288678646088,15
SR-ARE,71,82,0.06250933557748795,11
SR-ARE,28,83,0.06247389316558838,7
SR-ARE,103,84,0.06246475130319595,3
SR-ARE,233,85,0.062077008187770844,6
SR-ARE,155,86,0.0619821734726429,3
SR-ARE,68,87,0.06192026287317276,2
SR-ARE,80,88,0.061903215944767,8
SR-ARE,115,89,0.06185799837112427,4
SR-ARE,167,90,0.061710815876722336,6
SR-ARE,123,91,0.06170462816953659,11
SR-ARE,36,92,0.06163112074136734,7
SR-ARE,196,93,0.061159878969192505,4
SR-ARE,25,94,0.06054021790623665,8
SR-ARE,54,95,0.0604623444378376,5
SR-ARE,267,96,0.06029469892382622,2
SR-ARE,257,97,0.06014499068260193,8
SR-ARE,18,98,0.06003835052251816,4
SR-ARE,135,99,0.05983707308769226,9
SR-ARE,32,100,0.05964148789644241,8
SR-ARE,99,101,0.0595204159617424,7
SR-ARE,221,102,0.0593256950378418,6
SR-ARE,52,103,0.05904971435666084,16
SR-ARE,242,104,0.058932363986968994,6
SR-ARE,211,105,0.05888154357671738,13
SR-ARE,79,106,0.05863649770617485,9
SR-ARE,12,107,0.05810205265879631,6
SR-ARE,198,108,0.05808855965733528,3
SR-ARE,59,109,0.05806542560458183,8
SR-ARE,69,110,0.057900428771972656,8
SR-ARE,274,111,0.0575120635330677,2
SR-ARE,146,112,0.057198673486709595,5
SR-ARE,124,113,0.05648094415664673,4
SR-ARE,121,114,0.056446708738803864,7
SR-ARE,162,115,0.05633575841784477,3
SR-ARE,210,116,0.05592959001660347,6
SR-ARE,256,117,0.055771611630916595,2
SR-ARE,42,118,0.055770717561244965,5
SR-ARE,193,119,0.05508880689740181,9
SR-ARE,37,120,0.0550508014857769,7
SR-ARE,45,121,0.054932259023189545,8
SR-ARE,231,122,0.05493054538965225,8
SR-ARE,163,123,0.05476125329732895,3
SR-ARE,298,124,0.054715704172849655,4
SR-ARE,139,125,0.0546560175716877,12
SR-ARE,287,126,0.05420510098338127,8
SR-ARE,280,127,0.05403571203351021,3
SR-ARE,262,128,0.053975917398929596,3
SR-ARE,97,129,0.053798843175172806,2
SR-ARE,270,130,0.05368884280323982,4
SR-ARE,236,131,0.053669653832912445,3
SR-ARE,161,132,0.053407855331897736,2
SR-ARE,189,133,0.053378116339445114,9
SR-ARE,170,134,0.053332436829805374,6
SR-ARE,127,135,0.052831411361694336,4
SR-ARE,107,136,0.05263594537973404,6
SR-ARE,120,137,0.052498094737529755,5
SR-ARE,50,138,0.052449941635131836,3
SR-ARE,212,139,0.05198202282190323,7
SR-ARE,227,140,0.051287900656461716,3
SR-ARE,137,141,0.05108577013015747,2
SR-ARE,296,142,0.051046229898929596,10
SR-ARE,186,143,0.05101596564054489,3
SR-ARE,152,144,0.05073423311114311,3
SR-ARE,1,145,0.05065387487411499,6
SR-ARE,47,146,0.050469327718019485,4
SR-ARE,109,147,0.050353098660707474,7
SR-ARE,177,148,0.05021751672029495,4
SR-ARE,85,149,0.05014050006866455,3
SR-ARE,208,150,0.0497780442237854,3
SR-ARE,133,151,0.049697112292051315,6
SR-ARE,126,152,0.049557946622371674,10
SR-ARE,98,153,0.04943712800741196,2
SR-ARE,40,154,0.04932970553636551,6
SR-ARE,203,155,0.049241580069065094,4
SR-ARE,228,156,0.04871588200330734,4
SR-ARE,204,157,0.04853322356939316,7
SR-ARE,30,158,0.048472773283720016,5
SR-ARE,183,159,0.0483209490776062,7
SR-ARE,14,160,0.048192813992500305,5
SR-ARE,184,161,0.047826193273067474,7
SR-ARE,91,162,0.04772505164146423,6
SR-ARE,101,163,0.047314632683992386,3
SR-ARE,142,164,0.0472261905670166,3
SR-ARE,223,165,0.04716990143060684,2
SR-ARE,8,166,0.04715796187520027,6
SR-ARE,34,167,0.04705546423792839,5
SR-ARE,213,168,0.046711407601833344,4
SR-ARE,104,169,0.04669637233018875,4
SR-ARE,206,170,0.04663842171430588,4
SR-ARE,151,171,0.0465831384062767,2
SR-ARE,235,172,0.046470753848552704,5
SR-ARE,229,173,0.04640718176960945,7
SR-ARE,205,174,0.04620227962732315,3
SR-ARE,166,175,0.04603859782218933,6
SR-ARE,271,176,0.04601682350039482,3
SR-ARE,122,177,0.04596308618783951,6
SR-ARE,178,178,0.04595908150076866,2
SR-ARE,181,179,0.0455855093896389,4
SR-ARE,87,180,0.045506346970796585,4
SR-ARE,20,181,0.04536871984601021,4
SR-ARE,275,182,0.04535982757806778,2
SR-ARE,263,183,0.04523853212594986,6
SR-ARE,250,184,0.04475656896829605,4
SR-ARE,58,185,0.04467516392469406,10
SR-ARE,77,186,0.04463037848472595,5
SR-ARE,5,187,0.044592201709747314,4
SR-ARE,222,188,0.04371132701635361,4
SR-ARE,192,189,0.04370958358049393,3
SR-ARE,289,190,0.04362880438566208,2
SR-ARE,149,191,0.04360898211598396,2
SR-ARE,278,192,0.04329519346356392,2
SR-ARE,288,193,0.04315359145402908,2
SR-ARE,264,194,0.0430884063243866,3
SR-ARE,48,195,0.04300428181886673,7
SR-ARE,260,196,0.042974211275577545,5
SR-ARE,258,197,0.042854975908994675,3
SR-ARE,105,198,0.04267384111881256,3
SR-ARE,293,199,0.04195575788617134,3
SR-ARE,102,200,0.04170439392328262,6
SR-ARE,111,201,0.04165397956967354,5
SR-ARE,172,202,0.04152543842792511,4
SR-ARE,266,203,0.04129611700773239,1
SR-ARE,19,204,0.0410926416516304,4
SR-ARE,247,205,0.04071082919836044,4
SR-ARE,130,206,0.04063156247138977,4
SR-ARE,218,207,0.040393393486738205,3
SR-ARE,131,208,0.040325284004211426,2
SR-ARE,82,209,0.0402282252907753,4
SR-ARE,215,210,0.04017622396349907,4
SR-ARE,252,211,0.040142420679330826,4
SR-ARE,35,212,0.039969511330127716,4
SR-ARE,283,213,0.03977786749601364,2
SR-ARE,156,214,0.03926440328359604,2
SR-ARE,150,215,0.03906668722629547,3
SR-ARE,265,216,0.03875215724110603,1
SR-ARE,117,217,0.038406066596508026,7
SR-ARE,61,218,0.03823971748352051,6
SR-ARE,197,219,0.037186555564403534,3
SR-ARE,159,220,0.037117086350917816,2
SR-ARE,259,221,0.03672667592763901,2
SR-ARE,26,222,0.036726050078868866,4
SR-ARE,179,223,0.03649292141199112,3
SR-ARE,106,224,0.03631862252950668,4
SR-ARE,285,225,0.03597056120634079,1
SR-ARE,182,226,0.035909365862607956,2
SR-ARE,95,227,0.0357811339199543,4
SR-ARE,94,228,0.03556068614125252,2
SR-ARE,165,229,0.035533659160137177,4
SR-ARE,216,230,0.03511791676282883,2
SR-ARE,114,231,0.03467626869678497,7
SR-ARE,154,232,0.03443973511457443,5
SR-ARE,291,233,0.03429937735199928,2
SR-ARE,96,234,0.03413163870573044,5
SR-ARE,217,235,0.03379077464342117,4
SR-ARE,269,236,0.033780306577682495,4
SR-ARE,226,237,0.03373389691114426,2
SR-ARE,125,238,0.033598966896533966,3
SR-ARE,243,239,0.03350939601659775,2
SR-ARE,202,240,0.03342372179031372,3
SR-ARE,220,241,0.03325704112648964,2
SR-ARE,116,242,0.03288557380437851,3
SR-ARE,153,243,0.03250543400645256,2
SR-ARE,78,244,0.032455574721097946,5
SR-ARE,65,245,0.03235665708780289,3
SR-ARE,88,246,0.03229179605841637,4
SR-ARE,284,247,0.03210439532995224,2
SR-ARE,230,248,0.03209714591503143,3
SR-ARE,180,249,0.03208141401410103,5
SR-ARE,279,250,0.03182007744908333,2
SR-ARE,176,251,0.031367577612400055,5
SR-ARE,187,252,0.03126674145460129,3
SR-ARE,174,253,0.0304231159389019,2
SR-ARE,89,254,0.03032899834215641,3
SR-ARE,199,255,0.030175840482115746,2
SR-ARE,138,256,0.030085936188697815,3
SR-ARE,239,257,0.029406409710645676,3
SR-ARE,246,258,0.029057923704385757,3
SR-ARE,237,259,0.02899467945098877,2
SR-ARE,268,260,0.028587350621819496,4
SR-ARE,201,261,0.02764027938246727,4
SR-ARE,234,262,0.027468180283904076,2
SR-ARE,261,263,0.026358986273407936,3
SR-ARE,282,264,0.02624167874455452,3
SR-ARE,11,265,0.0260324664413929,2
SR-ARE,194,266,0.025862550362944603,3
SR-ARE,100,267,0.02525423839688301,3
SR-ARE,254,268,0.025144552811980247,2
SR-ARE,273,269,0.025084471330046654,2
SR-ARE,76,270,0.024835465475916862,2
SR-ARE,9,271,0.02438179776072502,3
SR-ARE,294,272,0.0241995956748724,2
SR-ARE,232,273,0.023944582790136337,2
SR-ARE,164,274,0.02391154132783413,2
SR-ARE,60,275,0.02385144867002964,3
SR-ARE,224,276,0.02383599616587162,2
SR-ARE,157,277,0.023053886368870735,2
SR-ARE,248,278,0.0224112831056118,2
SR-ARE,158,279,0.02232629992067814,3
SR-ARE,141,280,0.022205183282494545,2
SR-ARE,240,281,0.021966690197587013,1
SR-ARE,119,282,0.021828701719641685,2
SR-ARE,44,283,0.02178044617176056,3
SR-ARE,41,284,0.02138889767229557,2
SR-ARE,214,285,0.020998544991016388,2
SR-ARE,255,286,0.01983467862010002,2
SR-ARE,171,287,0.019824448972940445,2
SR-ARE,134,288,0.019621212035417557,3
SR-ARE,297,289,0.019407829269766808,1
SR-ARE,295,290,0.01898149587213993,2
SR-ARE,188,291,0.017852673307061195,2
SR-ARE,191,292,0.01764962635934353,2
SR-ARE,238,293,0.016303028911352158,1
SR-ARE,292,294,0.01601390913128853,3
SR-ARE,286,295,0.015829700976610184,2
SR-ARE,277,296,0.014868011698126793,1
SR-ARE,272,297,0.014464874751865864,1
SR-ARE,253,298,0.009508371353149414,1
SR-ARE,281,299,0.006883258931338787,1
SR-MMP,63,0,0.064163938164711,51
SR-MMP,168,1,0.0623309500515461,79
SR-MMP,29,2,0.04984738677740097,39
SR-MMP,128,3,0.04975680261850357,42
SR-MMP,23,4,0.04959717020392418,30
SR-MMP,15,5,0.04865186661481857,26
SR-MMP,136,6,0.04772106558084488,18
SR-MMP,51,7,0.046151768416166306,10
SR-MMP,7,8,0.045362960547208786,33
SR-MMP,113,9,0.043001990765333176,13
SR-MMP,74,10,0.04227081686258316,19
SR-MMP,31,11,0.040732014924287796,20
SR-MMP,110,12,0.04027136415243149,20
SR-MMP,147,13,0.039893738925457,16
SR-MMP,49,14,0.039606910198926926,17
SR-MMP,5,15,0.03893963247537613,4
SR-MMP,211,16,0.038903482258319855,13
SR-MMP,62,17,0.03874634951353073,24
SR-MMP,140,18,0.03866087272763252,19
SR-MMP,92,19,0.038117822259664536,21
SR-MMP,56,20,0.03786664456129074,17
SR-MMP,219,21,0.03755883872509003,16
SR-MMP,129,22,0.037382472306489944,9
SR-MMP,81,23,0.03716542571783066,19
SR-MMP,67,24,0.0367300808429718,16
SR-MMP,123,25,0.03658885881304741,11
SR-MMP,2,26,0.03649037703871727,14
SR-MMP,195,27,0.035205207765102386,11
SR-MMP,108,28,0.03509213402867317,14
SR-MMP,112,29,0.03504374623298645,10
SR-MMP,64,30,0.03501588851213455,7
SR-MMP,70,31,0.034684665501117706,27
SR-MMP,245,32,0.03459034860134125,15
SR-MMP,135,33,0.034513168036937714,9
SR-MMP,33,34,0.03442675620317459,17
SR-MMP,21,35,0.0340433195233345,13
SR-MMP,10,36,0.033796049654483795,17
SR-MMP,260,37,0.03337268531322479,5
SR-MMP,6,38,0.03311964124441147,18
SR-MMP,121,39,0.032968562096357346,7
SR-MMP,99,40,0.03280090540647507,7
SR-MMP,80,41,0.032671473920345306,8
SR-MMP,86,42,0.03251079469919205,9
SR-MMP,160,43,0.032165396958589554,11
SR-MMP,145,44,0.032080162316560745,17
SR-MMP,0,45,0.03200836107134819,20
SR-MMP,93,46,0.031804680824279785,16
SR-MMP,104,47,0.03077913448214531,4
SR-MMP,276,48,0.030664164572954178,8
SR-MMP,173,49,0.030501380562782288,4
SR-MMP,298,50,0.030406247824430466,4
SR-MMP,75,51,0.030164996162056923,13
SR-MMP,242,52,0.030066227540373802,6
SR-MMP,3,53,0.02993815764784813,6
SR-MMP,148,54,0.02986903116106987,14
SR-MMP,46,55,0.0298293586820364,13
SR-MMP,8,56,0.02979472279548645,6
SR-MMP,91,57,0.029546275734901428,6
SR-MMP,24,58,0.02942745015025139,21
SR-MMP,172,59,0.02861359342932701,4
SR-MMP,233,60,0.028565173968672752,6
SR-MMP,190,61,0.0284524355083704,13
SR-MMP,48,62,0.028078505769371986,7
SR-MMP,39,63,0.028015602380037308,9
SR-MMP,200,64,0.027918824926018715,8
SR-MMP,14,65,0.027882223948836327,5
SR-MMP,177,66,0.027825256809592247,4
SR-MMP,73,67,0.02758472040295601,16
SR-MMP,290,68,0.02742243930697441,10
SR-MMP,184,69,0.027262527495622635,7
SR-MMP,217,70,0.027258390560746193,4
SR-MMP,22,71,0.027105122804641724,13
SR-MMP,84,72,0.027031714096665382,15
SR-MMP,210,73,0.02702426351606846,6
SR-MMP,268,74,0.026994820684194565,4
SR-MMP,138,75,0.026846427470445633,3
SR-MMP,220,76,0.02684115432202816,2
SR-MMP,144,77,0.02678968571126461,7
SR-MMP,294,78,0.026785990223288536,2
SR-MMP,18,79,0.026502901688218117,4
SR-MMP,122,80,0.02629426121711731,6
SR-MMP,43,81,0.026203900575637817,9
SR-MMP,287,82,0.026186030358076096,8
SR-MMP,72,83,0.02615533396601677,15
SR-MMP,17,84,0.026147305965423584,5
SR-MMP,198,85,0.026115084066987038,3
SR-MMP,169,86,0.02605239674448967,8
SR-MMP,96,87,0.02572709694504738,5
SR-MMP,143,88,0.02567351423203945,5
SR-MMP,165,89,0.025595977902412415,4
SR-MMP,52,90,0.02558824047446251,16
SR-MMP,37,91,0.025221746414899826,7
SR-MMP,164,92,0.02515401504933834,2
SR-MMP,120,93,0.02510141395032406,5
SR-MMP,20,94,0.025066712871193886,4
SR-MMP,45,95,0.025056570768356323,8
SR-MMP,280,96,0.024964258074760437,3
SR-MMP,32,97,0.02475137449800968,8
SR-MMP,166,98,0.024666519835591316,6
SR-MMP,202,99,0.02459070086479187,3
SR-MMP,222,100,0.024561140686273575,4
SR-MMP,12,101,0.024542134255170822,6
SR-MMP,34,102,0.024538761004805565,5
SR-MMP,69,103,0.024532247334718704,8
SR-MMP,296,104,0.02443072386085987,10
SR-MMP,87,105,0.024256382137537003,4
SR-MMP,142,106,0.02419133298099041,3
SR-MMP,36,107,0.02418193593621254,7
SR-MMP,117,108,0.024112816900014877,7
SR-MMP,1,109,0.02390209771692753,6
SR-MMP,229,110,0.02385832741856575,7
SR-MMP,153,111,0.023856936022639275,2
SR-MMP,132,112,0.023791097104549408,2
SR-MMP,162,113,0.02377207577228546,3
SR-MMP,256,114,0.023751968517899513,2
SR-MMP,88,115,0.023742608726024628,4
SR-MMP,79,116,0.02373736910521984,9
SR-MMP,66,117,0.023686852306127548,13
SR-MMP,216,118,0.023632148280739784,2
SR-MMP,193,119,0.023535331711173058,9
SR-MMP,185,120,0.023496322333812714,3
SR-MMP,71,121,0.023109160363674164,11
SR-MMP,4,122,0.023105520755052567,9
SR-MMP,270,123,0.02310219779610634,4
SR-MMP,27,124,0.023079881444573402,8
SR-MMP,83,125,0.02307446114718914,9
SR-MMP,102,126,0.022774729877710342,6
SR-MMP,109,127,0.022690163925290108,7
SR-MMP,44,128,0.022421956062316895,3
SR-MMP,115,129,0.02236764505505562,4
SR-MMP,189,130,0.022232960909605026,9
SR-MMP,107,131,0.022138118743896484,6
SR-MMP,116,132,0.02186654880642891,3
SR-MMP,53,133,0.02179611846804619,6
SR-MMP,196,134,0.021655909717082977,4
SR-MMP,118,135,0.021486368030309677,4
SR-MMP,59,136,0.02137589268386364,8
SR-MMP,249,137,0.02132565528154373,3
SR-MMP,38,138,0.021323183551430702,4
SR-MMP,241,139,0.021309910342097282,3
SR-MMP,262,140,0.021299932152032852,3
SR-MMP,170,141,0.021152852103114128,6
SR-MMP,111,142,0.021148648113012314,5
SR-MMP,163,143,0.021106790751218796,3
SR-MMP,55,144,0.02101030945777893,6
SR-MMP,274,145,0.020876672118902206,2
SR-MMP,90,146,0.020794222131371498,6
SR-MMP,257,147,0.02077489160001278,8
SR-MMP,197,148,0.02071736939251423,3
SR-MMP,204,149,0.020711373537778854,7
SR-MMP,187,150,0.020603779703378677,3
SR-MMP,26,151,0.020598579198122025,4
SR-MMP,25,152,0.020556217059493065,8
SR-MMP,124,153,0.02053821086883545,4
SR-MMP,50,154,0.020381787791848183,3
SR-MMP,58,155,0.020373161882162094,10
SR-MMP,133,156,0.020290151238441467,6
SR-MMP,263,157,0.02021664008498192,6
SR-MMP,175,158,0.020190991461277008,9
SR-MMP,47,159,0.020094240084290504,4
SR-MMP,239,160,0.020021477714180946,3
SR-MMP,76,161,0.019973983988165855,2
SR-MMP,213,162,0.019901055842638016,4
SR-MMP,61,163,0.019872069358825684,6
SR-MMP,167,164,0.019867992028594017,6
SR-MMP,228,165,0.019764872267842293,4
SR-MMP,293,166,0.019711934030056,3
SR-MMP,54,167,0.019679296761751175,5
SR-MMP,28,168,0.019673418253660202,7
SR-MMP,130,169,0.019632115960121155,4
SR-MMP,155,170,0.019489051774144173,3
SR-MMP,212,171,0.01947925053536892,7
SR-MMP,13,172,0.019443392753601074,6
SR-MMP,284,173,0.01933075115084648,2
SR-MMP,9,174,0.019313408061861992,3
SR-MMP,158,175,0.019192110747098923,3
SR-MMP,60,176,0.01915597729384899,3
SR-MMP,139,177,0.019084790721535683,12
SR-MMP,218,178,0.018895726650953293,3
SR-MMP,250,179,0.01867413893342018,4
SR-MMP,225,180,0.018654081970453262,6
SR-MMP,157,181,0.018582932651042938,2
SR-MMP,252,182,0.018534567207098007,4
SR-MMP,299,183,0.0185118205845356,7
SR-MMP,286,184,0.018387261778116226,2
SR-MMP,183,185,0.01836644485592842,7
SR-MMP,258,186,0.018313713371753693,3
SR-MMP,265,187,0.018283406272530556,1
SR-MMP,85,188,0.017955800518393517,3
SR-MMP,205,189,0.01789284311234951,3
SR-MMP,215,190,0.017885204404592514,4
SR-MMP,206,191,0.017878126353025436,4
SR-MMP,77,192,0.0178084634244442,5
SR-MMP,30,193,0.017613332718610764,5
SR-MMP,126,194,0.01750902272760868,10
SR-MMP,292,195,0.017481517046689987,3
SR-MMP,98,196,0.017474491149187088,2
SR-MMP,161,197,0.017341963946819305,2
SR-MMP,251,198,0.017214685678482056,3
SR-MMP,243,199,0.017135770991444588,2
SR-MMP,231,200,0.017064228653907776,8
SR-MMP,182,201,0.01702672615647316,2
SR-MMP,57,202,0.016797039657831192,9
SR-MMP,146,203,0.01668529398739338,5
SR-MMP,192,204,0.016684597358107567,3
SR-MMP,152,205,0.01667230948805809,3
SR-MMP,237,206,0.016552014276385307,2
SR-MMP,151,207,0.016428377479314804,2
SR-MMP,149,208,0.016281265765428543,2
SR-MMP,150,209,0.01622639037668705,3
SR-MMP,227,210,0.016173487529158592,3
SR-MMP,283,211,0.016001256182789803,2
SR-MMP,282,212,0.015595560893416405,3
SR-MMP,95,213,0.015581394545733929,4
SR-MMP,254,214,0.015429392457008362,2
SR-MMP,278,215,0.015423865988850594,2
SR-MMP,114,216,0.015400512143969536,7
SR-MMP,100,217,0.015367219224572182,3
SR-MMP,41,218,0.015328672714531422,2
SR-MMP,103,219,0.015272322110831738,3
SR-MMP,235,220,0.015248375944793224,5
SR-MMP,65,221,0.015093321911990643,3
SR-MMP,16,222,0.014980949461460114,4
SR-MMP,226,223,0.014962466433644295,2
SR-MMP,246,224,0.014930198900401592,3
SR-MMP,42,225,0.014914566650986671,5
SR-MMP,156,226,0.014909948222339153,2
SR-MMP,181,227,0.014820322394371033,4
SR-MMP,178,228,0.01478892844170332,2
SR-MMP,267,229,0.0146534014493227,2
SR-MMP,176,230,0.014636275358498096,5
SR-MMP,221,231,0.01461308915168047,6
SR-MMP,209,232,0.014597015455365181,7
SR-MMP,179,233,0.014493167400360107,3
SR-MMP,40,234,0.01445167325437069,6
SR-MMP,199,235,0.01445076148957014,2
SR-MMP,19,236,0.014391263946890831,4
SR-MMP,154,237,0.014218509197235107,5
SR-MMP,234,238,0.013970126397907734,2
SR-MMP,188,239,0.013960570096969604,2
SR-MMP,230,240,0.01388934813439846,3
SR-MMP,105,241,0.013877247460186481,3
SR-MMP,127,242,0.013678873889148235,4
SR-MMP,208,243,0.013561466708779335,3
SR-MMP,78,244,0.013493463397026062,5
SR-MMP,271,245,0.013351840898394585,3
SR-MMP,94,246,0.013142848387360573,2
SR-MMP,203,247,0.013067943044006824,4
SR-MMP,35,248,0.01299489475786686,4
SR-MMP,247,249,0.012923767790198326,4
SR-MMP,259,250,0.01273183524608612,2
SR-MMP,291,251,0.012696008197963238,2
SR-MMP,269,252,0.0126658258959651,4
SR-MMP,82,253,0.012548563070595264,4
SR-MMP,289,254,0.012497416697442532,2
SR-MMP,191,255,0.012449036352336407,2
SR-MMP,238,256,0.012299975380301476,1
SR-MMP,288,257,0.012223760597407818,2
SR-MMP,201,258,0.012049907818436623,4
SR-MMP,194,259,0.011949533596634865,3
SR-MMP,297,260,0.011859861202538013,1
SR-MMP,281,261,0.011554822325706482,1
SR-MMP,244,262,0.01146082766354084,1
SR-MMP,137,263,0.011392186395823956,2
SR-MMP,295,264,0.011141838505864143,2
SR-MMP,261,265,0.011089511215686798,3
SR-MMP,255,266,0.01077011413872242,2
SR-MMP,106,267,0.010594442486763,4
SR-MMP,131,268,0.010538612492382526,2
SR-MMP,180,269,0.01052857656031847,5
SR-MMP,119,270,0.010460689663887024,2
SR-MMP,159,271,0.010451669804751873,2
SR-MMP,186,272,0.010364466346800327,3
SR-MMP,125,273,0.01025410182774067,3
SR-MMP,236,274,0.010065787471830845,3
SR-MMP,272,275,0.009938104078173637,1
SR-MMP,264,276,0.009901229292154312,3
SR-MMP,89,277,0.009451144374907017,3
SR-MMP,101,278,0.009444346651434898,3
SR-MMP,11,279,0.009414507076144218,2
SR-MMP,141,280,0.009293179027736187,2
SR-MMP,134,281,0.009286634624004364,3
SR-MMP,174,282,0.009021569043397903,2
SR-MMP,232,283,0.008763500489294529,2
SR-MMP,279,284,0.008639384061098099,2
SR-MMP,285,285,0.008030267432332039,1
SR-MMP,275,286,0.007886371575295925,2
SR-MMP,223,287,0.007493599317967892,2
SR-MMP,273,288,0.007481023669242859,2
SR-MMP,68,289,0.007461187429726124,2
SR-MMP,97,290,0.007415316998958588,2
SR-MMP,171,291,0.007305965758860111,2
SR-MMP,214,292,0.007300587836652994,2
SR-MMP,224,293,0.0071090878918766975,2
SR-MMP,277,294,0.0067295292392373085,1
SR-MMP,207,295,0.006718678865581751,2
SR-MMP,248,296,0.006204849574714899,2
SR-MMP,253,297,0.006182447541505098,1
SR-MMP,266,298,0.006097502075135708,1
SR-MMP,240,299,0.005010873079299927,1
NR-AhR,63,0,0.07397850602865219,51
NR-AhR,168,1,0.06883562356233597,79
NR-AhR,29,2,0.06546656042337418,39
NR-AhR,23,3,0.06046879291534424,30
NR-AhR,140,4,0.05929812043905258,19
NR-AhR,129,5,0.05749940127134323,9
NR-AhR,136,6,0.05699080228805542,18
NR-AhR,62,7,0.056786246597766876,24
NR-AhR,145,8,0.05624549835920334,17
NR-AhR,128,9,0.05622163414955139,42
NR-AhR,6,10,0.05386847257614136,18
NR-AhR,92,11,0.05334608629345894,21
NR-AhR,112,12,0.05248923972249031,10
NR-AhR,15,13,0.05212438106536865,26
NR-AhR,24,14,0.05182887986302376,21
NR-AhR,21,15,0.05148650333285332,13
NR-AhR,75,16,0.04972093552350998,13
NR-AhR,31,17,0.049401987344026566,20
NR-AhR,84,18,0.04768054559826851,15
NR-AhR,81,19,0.046451449394226074,19
NR-AhR,229,20,0.046312715858221054,7
NR-AhR,190,21,0.04587184637784958,13
NR-AhR,108,22,0.044958364218473434,14
NR-AhR,110,23,0.04490603134036064,20
NR-AhR,33,24,0.04472711309790611,17
NR-AhR,219,25,0.04405964910984039,16
NR-AhR,35,26,0.043682560324668884,4
NR-AhR,46,27,0.04365559294819832,13
NR-AhR,93,28,0.043649546802043915,16
NR-AhR,72,29,0.04330380633473396,15
NR-AhR,147,30,0.04297380521893501,16
NR-AhR,148,31,0.042922720313072205,14
NR-AhR,17,32,0.04261309653520584,5
NR-AhR,7,33,0.040702708065509796,33
NR-AhR,73,34,0.03999822586774826,16
NR-AhR,172,35,0.039791516959667206,4
NR-AhR,56,36,0.03971230238676071,17
NR-AhR,245,37,0.03953752666711807,15
NR-AhR,193,38,0.03946702182292938,9
NR-AhR,107,39,0.0389842763543129,6
NR-AhR,296,40,0.03871838003396988,10
NR-AhR,39,41,0.03838285058736801,9
NR-AhR,169,42,0.03829995542764664,8
NR-AhR,280,43,0.03826137259602547,3
NR-AhR,70,44,0.03814452141523361,27
NR-AhR,69,45,0.03814421221613884,8
NR-AhR,55,46,0.038003113120794296,6
NR-AhR,10,47,0.0377713143825531,17
NR-AhR,8,48,0.03768106549978256,6
NR-AhR,123,49,0.03760383650660515,11
NR-AhR,258,50,0.03744891285896301,3
NR-AhR,204,51,0.037158429622650146,7
NR-AhR,0,52,0.036755867302417755,20
NR-AhR,97,53,0.036710500717163086,2
NR-AhR,173,54,0.036676160991191864,4
NR-AhR,58,55,0.036650680005550385,10
NR-AhR,288,56,0.036633651703596115,2
NR-AhR,67,57,0.03662855178117752,16
NR-AhR,22,58,0.03599117323756218,13
NR-AhR,64,59,0.035959165543317795,7
NR-AhR,242,60,0.03588171675801277,6
NR-AhR,276,61,0.035860829055309296,8
NR-AhR,43,62,0.035667382180690765,9
NR-AhR,80,63,0.03552306443452835,8
NR-AhR,99,64,0.034826695919036865,7
NR-AhR,133,65,0.03477895259857178,6
NR-AhR,83,66,0.034757234156131744,9
NR-AhR,2,67,0.03465072065591812,14
NR-AhR,49,68,0.03422778472304344,17
NR-AhR,116,69,0.03414288908243179,3
NR-AhR,14,70,0.034121252596378326,5
NR-AhR,86,71,0.03406959027051926,9
NR-AhR,30,72,0.03384994715452194,5
NR-AhR,4,73,0.033686794340610504,9
NR-AhR,61,74,0.03368111327290535,6
NR-AhR,183,75,0.033638305962085724,7
NR-AhR,160,76,0.03353055939078331,11
NR-AhR,74,77,0.033516667783260345,19
NR-AhR,184,78,0.03303607180714607,7
NR-AhR,104,79,0.03299584612250328,4
NR-AhR,113,80,0.032850660383701324,13
NR-AhR,209,81,0.03281703591346741,7
NR-AhR,51,82,0.032727498561143875,10
NR-AhR,195,83,0.032478217035532,11
NR-AhR,79,84,0.032418813556432724,9
NR-AhR,211,85,0.03123701550066471,13
NR-AhR,294,86,0.031211253255605698,2
NR-AhR,156,87,0.031208178028464317,2
NR-AhR,175,88,0.031140949577093124,9
NR-AhR,27,89,0.031090956181287766,8
NR-AhR,298,90,0.030988652259111404,4
NR-AhR,216,91,0.030978817492723465,2
NR-AhR,57,92,0.030864501371979713,9
NR-AhR,232,93,0.030704796314239502,2
NR-AhR,59,94,0.030452901497483253,8
NR-AhR,126,95,0.030356863513588905,10
NR-AhR,260,96,0.029930010437965393,5
NR-AhR,287,97,0.02983132377266884,8
NR-AhR,28,98,0.029810568317770958,7
NR-AhR,189,99,0.02969663217663765,9
NR-AhR,53,100,0.029557138681411743,6
NR-AhR,45,101,0.02941208705306053,8
NR-AhR,283,102,0.029367346316576004,2
NR-AhR,47,103,0.02933633327484131,4
NR-AhR,212,104,0.029239874333143234,7
NR-AhR,12,105,0.02917981520295143,6
NR-AhR,210,106,0.029131019487977028,6
NR-AhR,32,107,0.0289656613022089,8
NR-AhR,106,108,0.028953414410352707,4
NR-AhR,18,109,0.028944488614797592,4
NR-AhR,66,110,0.02882046066224575,13
NR-AhR,135,111,0.028567593544721603,9
NR-AhR,290,112,0.028129879385232925,10
NR-AhR,139,113,0.028120284900069237,12
NR-AhR,127,114,0.027949845418334007,4
NR-AhR,102,115,0.02770208939909935,6
NR-AhR,154,116,0.027686357498168945,5
NR-AhR,122,117,0.027605662122368813,6
NR-AhR,201,118,0.02734905481338501,4
NR-AhR,233,119,0.02732815220952034,6
NR-AhR,118,120,0.027036095038056374,4
NR-AhR,263,121,0.026791473850607872,6
NR-AhR,124,122,0.0264890156686306,4
NR-AhR,25,123,0.026342784985899925,8
NR-AhR,65,124,0.026186887174844742,3
NR-AhR,171,125,0.02605016902089119,2
NR-AhR,198,126,0.025971150025725365,3
NR-AhR,1,127,0.02593906782567501,6
NR-AhR,231,128,0.025895070284605026,8
NR-AhR,114,129,0.025873536244034767,7
NR-AhR,13,130,0.02545776404440403,6
NR-AhR,60,131,0.02538321539759636,3
NR-AhR,54,132,0.02531301975250244,5
NR-AhR,185,133,0.025259733200073242,3
NR-AhR,16,134,0.025258034467697144,4
NR-AhR,117,135,0.025221964344382286,7
NR-AhR,228,136,0.025003895163536072,4
NR-AhR,78,137,0.024995964020490646,5
NR-AhR,222,138,0.024971669539809227,4
NR-AhR,52,139,0.02485750988125801,16
NR-AhR,151,140,0.024840448051691055,2
NR-AhR,120,141,0.02481781877577305,5
NR-AhR,176,142,0.024792224168777466,5
NR-AhR,166,143,0.024690356105566025,6
NR-AhR,121,144,0.02457847259938717,7
NR-AhR,200,145,0.024532316252589226,8
NR-AhR,91,146,0.02447608858346939,6
NR-AhR,89,147,0.024438852444291115,3
NR-AhR,20,148,0.024422165006399155,4
NR-AhR,48,149,0.02436777576804161,7
NR-AhR,155,150,0.024325789883732796,3
NR-AhR,87,151,0.024294594302773476,4
NR-AhR,36,152,0.02414124086499214,7
NR-AhR,284,153,0.024055147543549538,2
NR-AhR,105,154,0.024046162143349648,3
NR-AhR,213,155,0.023923156782984734,4
NR-AhR,38,156,0.02383032999932766,4
NR-AhR,256,157,0.023769710212945938,2
NR-AhR,34,158,0.02367936074733734,5
NR-AhR,273,159,0.023673677816987038,2
NR-AhR,162,160,0.022876720875501633,3
NR-AhR,132,161,0.022854741662740707,2
NR-AhR,96,162,0.022851796820759773,5
NR-AhR,206,163,0.022813310846686363,4
NR-AhR,90,164,0.022811349481344223,6
NR-AhR,98,165,0.022769510746002197,2
NR-AhR,42,166,0.022746266797184944,5
NR-AhR,71,167,0.022665921598672867,11
NR-AhR,103,168,0.022502822801470757,3
NR-AhR,180,169,0.022445110604166985,5
NR-AhR,88,170,0.022164873778820038,4
NR-AhR,44,171,0.02197067067027092,3
NR-AhR,167,172,0.021965760737657547,6
NR-AhR,179,173,0.0219636969268322,3
NR-AhR,142,174,0.021949462592601776,3
NR-AhR,109,175,0.02187744341790676,7
NR-AhR,161,176,0.02182057499885559,2
NR-AhR,144,177,0.0217168889939785,7
NR-AhR,264,178,0.02152063325047493,3
NR-AhR,37,179,0.021118080243468285,7
NR-AhR,285,180,0.021079059690237045,1
NR-AhR,130,181,0.021076824516057968,4
NR-AhR,293,182,0.02100854367017746,3
NR-AhR,257,183,0.020997842773795128,8
NR-AhR,146,184,0.020771726965904236,5
NR-AhR,291,185,0.020724305883049965,2
NR-AhR,157,186,0.020715909078717232,2
NR-AhR,271,187,0.020288866013288498,3
NR-AhR,26,188,0.020147088915109634,4
NR-AhR,141,189,0.019764145836234093,2
NR-AhR,251,190,0.019759703427553177,3
NR-AhR,203,191,0.01971806213259697,4
NR-AhR,111,192,0.019690150395035744,5
NR-AhR,174,193,0.01958860456943512,2
NR-AhR,119,194,0.0194673053920269,2
NR-AhR,100,195,0.019397618249058723,3
NR-AhR,188,196,0.01930829882621765,2
NR-AhR,181,197,0.01925985887646675,4
NR-AhR,3,198,0.01918836310505867,6
NR-AhR,268,199,0.019127311185002327,4
NR-AhR,262,200,0.019074030220508575,3
NR-AhR,150,201,0.018981922417879105,3
NR-AhR,199,202,0.018936673179268837,2
NR-AhR,239,203,0.018936557695269585,3
NR-AhR,241,204,0.018920142203569412,3
NR-AhR,191,205,0.018891576677560806,2
NR-AhR,94,206,0.01874138042330742,2
NR-AhR,125,207,0.018699903041124344,3
NR-AhR,115,208,0.018611397594213486,4
NR-AhR,246,209,0.018399599939584732,3
NR-AhR,299,210,0.01837530918419361,7
NR-AhR,164,211,0.018293676897883415,2
NR-AhR,248,212,0.018289705738425255,2
NR-AhR,278,213,0.018265794962644577,2
NR-AhR,158,214,0.018133509904146194,3
NR-AhR,95,215,0.01793762296438217,4
NR-AhR,221,216,0.017916277050971985,6
NR-AhR,40,217,0.017913460731506348,6
NR-AhR,82,218,0.01790546253323555,4
NR-AhR,269,219,0.017681429162621498,4
NR-AhR,215,220,0.01763218455016613,4
NR-AhR,77,221,0.017580639570951462,5
NR-AhR,11,222,0.017510434612631798,2
NR-AhR,5,223,0.017448347061872482,4
NR-AhR,202,224,0.017390556633472443,3
NR-AhR,165,225,0.017119457945227623,4
NR-AhR,177,226,0.017077308148145676,4
NR-AhR,208,227,0.01696726679801941,3
NR-AhR,205,228,0.016694825142621994,3
NR-AhR,275,229,0.016604576259851456,2
NR-AhR,225,230,0.01656978577375412,6
NR-AhR,227,231,0.01642754301428795,3
NR-AhR,270,232,0.016396770253777504,4
NR-AhR,182,233,0.016351770609617233,2
NR-AhR,236,234,0.016248410567641258,3
NR-AhR,131,235,0.01620561257004738,2
NR-AhR,163,236,0.016192296519875526,3
NR-AhR,235,237,0.016188526526093483,5
NR-AhR,159,238,0.016078686341643333,2
NR-AhR,267,239,0.016008883714675903,2
NR-AhR,254,240,0.01573600247502327,2
NR-AhR,187,241,0.015687350183725357,3
NR-AhR,250,242,0.015627603977918625,4
NR-AhR,217,243,0.01561774592846632,4
NR-AhR,243,244,0.015541044995188713,2
NR-AhR,249,245,0.015265884809195995,3
NR-AhR,192,246,0.015202686190605164,3
NR-AhR,143,247,0.015198838897049427,5
NR-AhR,230,248,0.015120729804039001,3
NR-AhR,9,249,0.015072226524353027,3
NR-AhR,261,250,0.014772692695260048,3
NR-AhR,170,251,0.014627903699874878,6
NR-AhR,149,252,0.014627523720264435,2
NR-AhR,244,253,0.014486687257885933,1
NR-AhR,134,254,0.014484817162156105,3
NR-AhR,137,255,0.014481654390692711,2
NR-AhR,274,256,0.014466993510723114,2
NR-AhR,101,257,0.014276218600571156,3
NR-AhR,19,258,0.014255541376769543,4
NR-AhR,178,259,0.013943230733275414,2
NR-AhR,237,260,0.013901522383093834,2
NR-AhR,197,261,0.013879676349461079,3
NR-AhR,282,262,0.013872462324798107,3
NR-AhR,279,263,0.013576611876487732,2
NR-AhR,220,264,0.013409443199634552,2
NR-AhR,252,265,0.013401156291365623,4
NR-AhR,292,266,0.013094842433929443,3
NR-AhR,41,267,0.01306549645960331,2
NR-AhR,226,268,0.013064190745353699,2
NR-AhR,218,269,0.012995308265089989,3
NR-AhR,50,270,0.012990383431315422,3
NR-AhR,152,271,0.012973414734005928,3
NR-AhR,247,272,0.012904936447739601,4
NR-AhR,224,273,0.012880084104835987,2
NR-AhR,138,274,0.012283222749829292,3
NR-AhR,223,275,0.012169810943305492,2
NR-AhR,85,276,0.01206718198955059,3
NR-AhR,196,277,0.011514028534293175,4
NR-AhR,234,278,0.011487288400530815,2
NR-AhR,153,279,0.011449072510004044,2
NR-AhR,207,280,0.011415795423090458,2
NR-AhR,297,281,0.011320631951093674,1
NR-AhR,265,282,0.011319560930132866,1
NR-AhR,194,283,0.01113697700202465,3
NR-AhR,286,284,0.011112086474895477,2
NR-AhR,68,285,0.01099732518196106,2
NR-AhR,295,286,0.010699394159018993,2
NR-AhR,259,287,0.01023123599588871,2
NR-AhR,76,288,0.010015619918704033,2
NR-AhR,281,289,0.009761573746800423,1
NR-AhR,238,290,0.009283007122576237,1
NR-AhR,289,291,0.008964242413640022,2
NR-AhR,186,292,0.008656559512019157,3
NR-AhR,214,293,0.008486146107316017,2
NR-AhR,266,294,0.008035698905587196,1
NR-AhR,253,295,0.006276891566812992,1
NR-AhR,255,296,0.006234107073396444,2
NR-AhR,240,297,0.005547988694161177,1
NR-AhR,272,298,0.003235216485336423,1
NR-AhR,277,299,0.002690554829314351,1
NR-ER-LBD,168,0,0.048042021691799164,79
NR-ER-LBD,128,1,0.03215993195772171,42
NR-ER-LBD,31,2,0.02954022027552128,20
NR-ER-LBD,63,3,0.028881847858428955,51
NR-ER-LBD,219,4,0.027997344732284546,16
NR-ER-LBD,46,5,0.027475517243146896,13
NR-ER-LBD,29,6,0.027097690850496292,39
NR-ER-LBD,108,7,0.026705538854002953,14
NR-ER-LBD,74,8,0.026670586317777634,19
NR-ER-LBD,23,9,0.026435300707817078,30
NR-ER-LBD,136,10,0.025339102372527122,18
NR-ER-LBD,7,11,0.024499524384737015,33
NR-ER-LBD,147,12,0.02276134490966797,16
NR-ER-LBD,62,13,0.022729774937033653,24
NR-ER-LBD,93,14,0.022597769275307655,16
NR-ER-LBD,133,15,0.021942634135484695,6
NR-ER-LBD,15,16,0.021887341514229774,26
NR-ER-LBD,70,17,0.021729372441768646,27
NR-ER-LBD,69,18,0.02137865126132965,8
NR-ER-LBD,56,19,0.021031895652413368,17
NR-ER-LBD,0,20,0.020802149549126625,20
NR-ER-LBD,81,21,0.019760124385356903,19
NR-ER-LBD,148,22,0.01972179114818573,14
NR-ER-LBD,92,23,0.019699212163686752,21
NR-ER-LBD,33,24,0.019571278244256973,17
NR-ER-LBD,75,25,0.01950370892882347,13
NR-ER-LBD,269,26,0.01892096921801567,4
NR-ER-LBD,110,27,0.018574755638837814,20
NR-ER-LBD,64,28,0.018540775403380394,7
NR-ER-LBD,121,29,0.018472760915756226,7
NR-ER-LBD,145,30,0.018467197194695473,17
NR-ER-LBD,49,31,0.018436726182699203,17
NR-ER-LBD,200,32,0.018134260550141335,8
NR-ER-LBD,6,33,0.017771894112229347,18
NR-ER-LBD,144,34,0.0177182387560606,7
NR-ER-LBD,296,35,0.017310239374637604,10
NR-ER-LBD,172,36,0.01728658191859722,4
NR-ER-LBD,32,37,0.01724313013255596,8
NR-ER-LBD,211,38,0.017180005088448524,13
NR-ER-LBD,2,39,0.017073798924684525,14
NR-ER-LBD,123,40,0.016983572393655777,11
NR-ER-LBD,27,41,0.0169597826898098,8
NR-ER-LBD,66,42,0.016873234882950783,13
NR-ER-LBD,129,43,0.016814541071653366,9
NR-ER-LBD,190,44,0.016811514273285866,13
NR-ER-LBD,24,45,0.01674485392868519,21
NR-ER-LBD,10,46,0.016714243218302727,17
NR-ER-LBD,113,47,0.016697710379958153,13
NR-ER-LBD,59,48,0.01665263995528221,8
NR-ER-LBD,229,49,0.01660781539976597,7
NR-ER-LBD,195,50,0.016405930742621422,11
NR-ER-LBD,160,51,0.016394877806305885,11
NR-ER-LBD,96,52,0.016102485358715057,5
NR-ER-LBD,8,53,0.01603645831346512,6
NR-ER-LBD,86,54,0.015939680859446526,9
NR-ER-LBD,84,55,0.015831511467695236,15
NR-ER-LBD,262,56,0.01576007530093193,3
NR-ER-LBD,140,57,0.01570303738117218,19
NR-ER-LBD,245,58,0.015676837414503098,15
NR-ER-LBD,142,59,0.015437953174114227,3
NR-ER-LBD,3,60,0.015407135710120201,6
NR-ER-LBD,72,61,0.01524016261100769,15
NR-ER-LBD,287,62,0.015036527998745441,8
NR-ER-LBD,263,63,0.014877818524837494,6
NR-ER-LBD,135,64,0.01483401469886303,9
NR-ER-LBD,9,65,0.014808110892772675,3
NR-ER-LBD,83,66,0.014749300666153431,9
NR-ER-LBD,122,67,0.014740332961082458,6
NR-ER-LBD,290,68,0.014711561612784863,10
NR-ER-LBD,204,69,0.01470687985420227,7
NR-ER-LBD,124,70,0.01469373982399702,4
NR-ER-LBD,67,71,0.014667414128780365,16
NR-ER-LBD,203,72,0.014599437825381756,4
NR-ER-LBD,161,73,0.014459945261478424,2
NR-ER-LBD,166,74,0.014320308342576027,6
NR-ER-LBD,73,75,0.01420690305531025,16
NR-ER-LBD,53,76,0.014111384749412537,6
NR-ER-LBD,57,77,0.014041095972061157,9
NR-ER-LBD,194,78,0.013960065320134163,3
NR-ER-LBD,71,79,0.013928258791565895,11
NR-ER-LBD,231,80,0.013876576907932758,8
NR-ER-LBD,139,81,0.01383274607360363,12
NR-ER-LBD,4,82,0.013823087327182293,9
NR-ER-LBD,39,83,0.01374267041683197,9
NR-ER-LBD,52,84,0.013737170025706291,16
NR-ER-LBD,181,85,0.013735045678913593,4
NR-ER-LBD,117,86,0.013687503524124622,7
NR-ER-LBD,206,87,0.013633539900183678,4
NR-ER-LBD,28,88,0.013589806854724884,7
NR-ER-LBD,48,89,0.013544335961341858,7
NR-ER-LBD,170,90,0.013425573706626892,6
NR-ER-LBD,99,91,0.013385636731982231,7
NR-ER-LBD,55,92,0.013291284441947937,6
NR-ER-LBD,1,93,0.013247241266071796,6
NR-ER-LBD,213,94,0.013179128058254719,4
NR-ER-LBD,193,95,0.013168295845389366,9
NR-ER-LBD,210,96,0.013094477355480194,6
NR-ER-LBD,79,97,0.013049965724349022,9
NR-ER-LBD,105,98,0.013020863756537437,3
NR-ER-LBD,115,99,0.012978382408618927,4
NR-ER-LBD,192,100,0.012953614816069603,3
NR-ER-LBD,198,101,0.012871019542217255,3
NR-ER-LBD,21,102,0.012798505835235119,13
NR-ER-LBD,118,103,0.012764227576553822,4
NR-ER-LBD,260,104,0.012744592502713203,5
NR-ER-LBD,228,105,0.012630091980099678,4
NR-ER-LBD,189,106,0.01262761652469635,9
NR-ER-LBD,235,107,0.012480522505939007,5
NR-ER-LBD,258,108,0.012427637353539467,3
NR-ER-LBD,51,109,0.012394053861498833,10
NR-ER-LBD,47,110,0.01235620491206646,4
NR-ER-LBD,30,111,0.012338305823504925,5
NR-ER-LBD,77,112,0.012313440442085266,5
NR-ER-LBD,120,113,0.01223188266158104,5
NR-ER-LBD,13,114,0.012219405733048916,6
NR-ER-LBD,100,115,0.01205592229962349,3
NR-ER-LBD,58,116,0.012054900638759136,10
NR-ER-LBD,252,117,0.012030048295855522,4
NR-ER-LBD,37,118,0.012020263820886612,7
NR-ER-LBD,175,119,0.012000995688140392,9
NR-ER-LBD,196,120,0.011934078298509121,4
NR-ER-LBD,22,121,0.01188470609486103,13
NR-ER-LBD,114,122,0.011858958750963211,7
NR-ER-LBD,236,123,0.011805718764662743,3
NR-ER-LBD,154,124,0.011794224381446838,5
NR-ER-LBD,275,125,0.011792565695941448,2
NR-ER-LBD,60,126,0.011772362515330315,3
NR-ER-LBD,183,127,0.011720960028469563,7
NR-ER-LBD,257,128,0.011707320809364319,8
NR-ER-LBD,131,129,0.011689291335642338,2
NR-ER-LBD,45,130,0.011669409461319447,8
NR-ER-LBD,12,131,0.011611062102019787,6
NR-ER-LBD,239,132,0.011601817794144154,3
NR-ER-LBD,165,133,0.011516012251377106,4
NR-ER-LBD,17,134,0.011498629115521908,5
NR-ER-LBD,217,135,0.011450355872511864,4
NR-ER-LBD,209,136,0.011449669487774372,7
NR-ER-LBD,36,137,0.011383000761270523,7
NR-ER-LBD,90,138,0.011347954161465168,6
NR-ER-LBD,112,139,0.011338336393237114,10
NR-ER-LBD,41,140,0.0112898675724864,2
NR-ER-LBD,184,141,0.011263271793723106,7
NR-ER-LBD,80,142,0.011208044365048409,8
NR-ER-LBD,212,143,0.011156847700476646,7
NR-ER-LBD,126,144,0.011052509769797325,10
NR-ER-LBD,98,145,0.011051548644900322,2
NR-ER-LBD,283,146,0.011039048433303833,2
NR-ER-LBD,215,147,0.011036898009479046,4
NR-ER-LBD,276,148,0.010994401760399342,8
NR-ER-LBD,97,149,0.010983027517795563,2
NR-ER-LBD,14,150,0.010966990143060684,5
NR-ER-LBD,19,151,0.01091073453426361,4
NR-ER-LBD,16,152,0.010893559083342552,4
NR-ER-LBD,43,153,0.010860538110136986,9
NR-ER-LBD,205,154,0.010856430046260357,3
NR-ER-LBD,111,155,0.010789056308567524,5
NR-ER-LBD,20,156,0.010748965665698051,4
NR-ER-LBD,163,157,0.010698760859668255,3
NR-ER-LBD,199,158,0.010556217283010483,2
NR-ER-LBD,61,159,0.010474413633346558,6
NR-ER-LBD,65,160,0.01042068749666214,3
NR-ER-LBD,221,161,0.010327651165425777,6
NR-ER-LBD,230,162,0.010327131487429142,3
NR-ER-LBD,242,163,0.010263611562550068,6
NR-ER-LBD,274,164,0.010195829905569553,2
NR-ER-LBD,225,165,0.010173201560974121,6
NR-ER-LBD,44,166,0.01016481127589941,3
NR-ER-LBD,162,167,0.010133007541298866,3
NR-ER-LBD,250,168,0.01009722612798214,4
NR-ER-LBD,265,169,0.010048607364296913,1
NR-ER-LBD,169,170,0.010030588135123253,8
NR-ER-LBD,176,171,0.010025213472545147,5
NR-ER-LBD,218,172,0.00998402014374733,3
NR-ER-LBD,101,173,0.009946505539119244,3
NR-ER-LBD,26,174,0.009892387315630913,4
NR-ER-LBD,35,175,0.009888467378914356,4
NR-ER-LBD,94,176,0.009873831644654274,2
NR-ER-LBD,167,177,0.00986364297568798,6
NR-ER-LBD,42,178,0.009845901280641556,5
NR-ER-LBD,143,179,0.009840955026447773,5
NR-ER-LBD,186,180,0.009833169169723988,3
NR-ER-LBD,102,181,0.009815105237066746,6
NR-ER-LBD,177,182,0.00976058654487133,4
NR-ER-LBD,25,183,0.009734373539686203,8
NR-ER-LBD,187,184,0.009704554453492165,3
NR-ER-LBD,246,185,0.009690969251096249,3
NR-ER-LBD,34,186,0.009680544026196003,5
NR-ER-LBD,5,187,0.009649395011365414,4
NR-ER-LBD,256,188,0.009546342305839062,2
NR-ER-LBD,103,189,0.009344322606921196,3
NR-ER-LBD,188,190,0.009335998445749283,2
NR-ER-LBD,249,191,0.009214681573212147,3
NR-ER-LBD,227,192,0.009208211675286293,3
NR-ER-LBD,109,193,0.009159539826214314,7
NR-ER-LBD,130,194,0.009140796028077602,4
NR-ER-LBD,171,195,0.009113001637160778,2
NR-ER-LBD,106,196,0.009089237079024315,4
NR-ER-LBD,116,197,0.009019591845571995,3
NR-ER-LBD,134,198,0.009009899571537971,3
NR-ER-LBD,178,199,0.009003673680126667,2
NR-ER-LBD,107,200,0.00897423829883337,6
NR-ER-LBD,279,201,0.008957749232649803,2
NR-ER-LBD,271,202,0.008925357833504677,3
NR-ER-LBD,146,203,0.008758307434618473,5
NR-ER-LBD,259,204,0.008730738423764706,2
NR-ER-LBD,208,205,0.008647813461720943,3
NR-ER-LBD,141,206,0.008609309792518616,2
NR-ER-LBD,18,207,0.008586863055825233,4
NR-ER-LBD,222,208,0.00837881863117218,4
NR-ER-LBD,197,209,0.008345803245902061,3
NR-ER-LBD,173,210,0.008285165764391422,4
NR-ER-LBD,180,211,0.008285140618681908,5
NR-ER-LBD,267,212,0.00828266516327858,2
NR-ER-LBD,132,213,0.00827027391642332,2
NR-ER-LBD,174,214,0.00823128130286932,2
NR-ER-LBD,233,215,0.008197067305445671,6
NR-ER-LBD,40,216,0.008167722262442112,6
NR-ER-LBD,299,217,0.008148412220180035,7
NR-ER-LBD,179,218,0.008131341077387333,3
NR-ER-LBD,158,219,0.007997785694897175,3
NR-ER-LBD,38,220,0.00789607409387827,4
NR-ER-LBD,87,221,0.00785687193274498,4
NR-ER-LBD,284,222,0.007788576185703278,2
NR-ER-LBD,85,223,0.007747812662273645,3
NR-ER-LBD,282,224,0.007712263613939285,3
NR-ER-LBD,294,225,0.007673272397369146,2
NR-ER-LBD,226,226,0.007670442573726177,2
NR-ER-LBD,119,227,0.007627867162227631,2
NR-ER-LBD,244,228,0.00760126207023859,1
NR-ER-LBD,234,229,0.0075815110467374325,2
NR-ER-LBD,224,230,0.007568837609142065,2
NR-ER-LBD,137,231,0.007550916634500027,2
NR-ER-LBD,248,232,0.007550402544438839,2
NR-ER-LBD,270,233,0.007471748627722263,4
NR-ER-LBD,127,234,0.007402124814689159,4
NR-ER-LBD,78,235,0.007396392524242401,5
NR-ER-LBD,182,236,0.007395785301923752,2
NR-ER-LBD,88,237,0.007361675146967173,4
NR-ER-LBD,220,238,0.00735320383682847,2
NR-ER-LBD,298,239,0.0073216818273067474,4
NR-ER-LBD,159,240,0.007297026924788952,2
NR-ER-LBD,95,241,0.007265962660312653,4
NR-ER-LBD,247,242,0.007220085710287094,4
NR-ER-LBD,280,243,0.007208499126136303,3
NR-ER-LBD,272,244,0.007168151438236237,1
NR-ER-LBD,82,245,0.007144199218600988,4
NR-ER-LBD,291,246,0.00709746265783906,2
NR-ER-LBD,150,247,0.0070458510890603065,3
NR-ER-LBD,149,248,0.006987805012613535,2
NR-ER-LBD,202,249,0.006986863911151886,3
NR-ER-LBD,155,250,0.0067816609516739845,3
NR-ER-LBD,201,251,0.006719178520143032,4
NR-ER-LBD,138,252,0.006685814820230007,3
NR-ER-LBD,292,253,0.0066191935911774635,3
NR-ER-LBD,104,254,0.00659078499302268,4
NR-ER-LBD,91,255,0.00657258415594697,6
NR-ER-LBD,251,256,0.006535293068736792,3
NR-ER-LBD,232,257,0.006512927357107401,2
NR-ER-LBD,223,258,0.006388654466718435,2
NR-ER-LBD,185,259,0.006152658257633448,3
NR-ER-LBD,289,260,0.006056883372366428,2
NR-ER-LBD,216,261,0.006001588888466358,2
NR-ER-LBD,89,262,0.005972491577267647,3
NR-ER-LBD,273,263,0.0059494744054973125,2
NR-ER-LBD,125,264,0.00592849962413311,3
NR-ER-LBD,11,265,0.005827902816236019,2
NR-ER-LBD,207,266,0.005787800066173077,2
NR-ER-LBD,152,267,0.005650176666676998,3
NR-ER-LBD,286,268,0.005561129190027714,2
NR-ER-LBD,157,269,0.005557284690439701,2
NR-ER-LBD,268,270,0.005525545217096806,4
NR-ER-LBD,295,271,0.005477204918861389,2
NR-ER-LBD,214,272,0.0053048888221383095,2
NR-ER-LBD,76,273,0.005184586625546217,2
NR-ER-LBD,288,274,0.0050779348239302635,2
NR-ER-LBD,54,275,0.005067015532404184,5
NR-ER-LBD,264,276,0.005020622164011002,3
NR-ER-LBD,50,277,0.004955090116709471,3
NR-ER-LBD,68,278,0.0049543133936822414,2
NR-ER-LBD,277,279,0.004926728550344706,1
NR-ER-LBD,254,280,0.004855665378272533,2
NR-ER-LBD,191,281,0.004816828295588493,2
NR-ER-LBD,255,282,0.004669856280088425,2
NR-ER-LBD,151,283,0.004659128375351429,2
NR-ER-LBD,156,284,0.004626751411706209,2
NR-ER-LBD,153,285,0.004528665449470282,2
NR-ER-LBD,238,286,0.004361725877970457,1
NR-ER-LBD,285,287,0.004244743846356869,1
NR-ER-LBD,241,288,0.003939487040042877,3
NR-ER-LBD,164,289,0.003915410488843918,2
NR-ER-LBD,261,290,0.00389079749584198,3
NR-ER-LBD,278,291,0.0035025880206376314,2
NR-ER-LBD,293,292,0.003430010052397847,3
NR-ER-LBD,243,293,0.003129623830318451,2
NR-ER-LBD,281,294,0.003098036628216505,1
NR-ER-LBD,297,295,0.002864215988665819,1
NR-ER-LBD,237,296,0.0027040219865739346,2
NR-ER-LBD,266,297,0.0025120400823652744,1
NR-ER-LBD,253,298,0.002419349504634738,1
NR-ER-LBD,240,299,0.002046994399279356,1
SR-ATAD5,168,0,0.027227144688367844,79
SR-ATAD5,63,1,0.02310074493288994,51
SR-ATAD5,10,2,0.02153913490474224,17
SR-ATAD5,29,3,0.021479444578289986,39
SR-ATAD5,7,4,0.02109590172767639,33
SR-ATAD5,23,5,0.020258000120520592,30
SR-ATAD5,128,6,0.02024836279451847,42
SR-ATAD5,33,7,0.01837780326604843,17
SR-ATAD5,62,8,0.01829088293015957,24
SR-ATAD5,92,9,0.018080972135066986,21
SR-ATAD5,147,10,0.018045779317617416,16
SR-ATAD5,74,11,0.01782943122088909,19
SR-ATAD5,66,12,0.016749436035752296,13
SR-ATAD5,84,13,0.016661036759614944,15
SR-ATAD5,81,14,0.016550976783037186,19
SR-ATAD5,70,15,0.01620466448366642,27
SR-ATAD5,93,16,0.01613428071141243,16
SR-ATAD5,22,17,0.015923315659165382,13
SR-ATAD5,145,18,0.015819942578673363,17
SR-ATAD5,117,19,0.01566818729043007,7
SR-ATAD5,140,20,0.01537669263780117,19
SR-ATAD5,24,21,0.015222703106701374,21
SR-ATAD5,135,22,0.015208540484309196,9
SR-ATAD5,121,23,0.0148437125608325,7
SR-ATAD5,219,24,0.014528879895806313,16
SR-ATAD5,79,25,0.014519629068672657,9
SR-ATAD5,108,26,0.014450755901634693,14
SR-ATAD5,211,27,0.014356948435306549,13
SR-ATAD5,15,28,0.014303585514426231,26
SR-ATAD5,139,29,0.014217065647244453,12
SR-ATAD5,0,30,0.014010472223162651,20
SR-ATAD5,110,31,0.013827962800860405,20
SR-ATAD5,136,32,0.013822322711348534,18
SR-ATAD5,59,33,0.013747312128543854,8
SR-ATAD5,31,34,0.01362688560038805,20
SR-ATAD5,6,35,0.013457313179969788,18
SR-ATAD5,49,36,0.013439914211630821,17
SR-ATAD5,57,37,0.01328289695084095,9
SR-ATAD5,144,38,0.013108143582940102,7
SR-ATAD5,160,39,0.012917226180434227,11
SR-ATAD5,27,40,0.012822909280657768,8
SR-ATAD5,53,41,0.01277974434196949,6
SR-ATAD5,195,42,0.012697006575763226,11
SR-ATAD5,51,43,0.012678113766014576,10
SR-ATAD5,181,44,0.012614038772881031,4
SR-ATAD5,67,45,0.012585053220391273,16
SR-ATAD5,122,46,0.012563844211399555,6
SR-ATAD5,21,47,0.012562884017825127,13
SR-ATAD5,75,48,0.012557883746922016,13
SR-ATAD5,190,49,0.012530526146292686,13
SR-ATAD5,4,50,0.012508678250014782,9
SR-ATAD5,73,51,0.012425454333424568,16
SR-ATAD5,46,52,0.012397754937410355,13
SR-ATAD5,86,53,0.012126668356359005,9
SR-ATAD5,30,54,0.012079332023859024,5
SR-ATAD5,155,55,0.012021848931908607,3
SR-ATAD5,3,56,0.012013382278382778,6
SR-ATAD5,39,57,0.011980514973402023,9
SR-ATAD5,148,58,0.011856144294142723,14
SR-ATAD5,290,59,0.01178179495036602,10
SR-ATAD5,113,60,0.01170523650944233,13
SR-ATAD5,52,61,0.011604173108935356,16
SR-ATAD5,48,62,0.01150035671889782,7
SR-ATAD5,115,63,0.011480670422315598,4
SR-ATAD5,242,64,0.011445119976997375,6
SR-ATAD5,252,65,0.011355776339769363,4
SR-ATAD5,89,66,0.011351506225764751,3
SR-ATAD5,80,67,0.011333786882460117,8
SR-ATAD5,287,68,0.01128452643752098,8
SR-ATAD5,2,69,0.011181207373738289,14
SR-ATAD5,61,70,0.011179691180586815,6
SR-ATAD5,247,71,0.011165936477482319,4
SR-ATAD5,177,72,0.01096204575151205,4
SR-ATAD5,278,73,0.010932253673672676,2
SR-ATAD5,245,74,0.010922346264123917,15
SR-ATAD5,109,75,0.010921496897935867,7
SR-ATAD5,209,76,0.010891471058130264,7
SR-ATAD5,123,77,0.010762067511677742,11
SR-ATAD5,200,78,0.010698103345930576,8
SR-ATAD5,37,79,0.010652313008904457,7
SR-ATAD5,152,80,0.010639718733727932,3
SR-ATAD5,28,81,0.01063773687928915,7
SR-ATAD5,32,82,0.010594738647341728,8
SR-ATAD5,196,83,0.010564286261796951,4
SR-ATAD5,166,84,0.010546350851655006,6
SR-ATAD5,233,85,0.01052328385412693,6
SR-ATAD5,229,86,0.010467436164617538,7
SR-ATAD5,40,87,0.010451454669237137,6
SR-ATAD5,72,88,0.010413787327706814,15
SR-ATAD5,225,89,0.010317245498299599,6
SR-ATAD5,1,90,0.010266652330756187,6
SR-ATAD5,104,91,0.010260673239827156,4
SR-ATAD5,146,92,0.010259191505610943,5
SR-ATAD5,282,93,0.010233473032712936,3
SR-ATAD5,112,94,0.01022382639348507,10
SR-ATAD5,184,95,0.01015797071158886,7
SR-ATAD5,170,96,0.010076615959405899,6
SR-ATAD5,25,97,0.009971612133085728,8
SR-ATAD5,98,98,0.009952209889888763,2
SR-ATAD5,296,99,0.009889235720038414,10
SR-ATAD5,257,100,0.009881865233182907,8
SR-ATAD5,83,101,0.009871712885797024,9
SR-ATAD5,268,102,0.009868349879980087,4
SR-ATAD5,189,103,0.009839741513133049,9
SR-ATAD5,55,104,0.009778290055692196,6
SR-ATAD5,249,105,0.009774195030331612,3
SR-ATAD5,183,106,0.009689846076071262,7
SR-ATAD5,212,107,0.009611736051738262,7
SR-ATAD5,106,108,0.00959099642932415,4
SR-ATAD5,256,109,0.00957673229277134,2
SR-ATAD5,8,110,0.009532108902931213,6
SR-ATAD5,64,111,0.009526502341032028,7
SR-ATAD5,36,112,0.009480496868491173,7
SR-ATAD5,99,113,0.009454949758946896,7
SR-ATAD5,204,114,0.009436268359422684,7
SR-ATAD5,234,115,0.009434649720788002,2
SR-ATAD5,129,116,0.009415850974619389,9
SR-ATAD5,44,117,0.009337897412478924,3
SR-ATAD5,47,118,0.00932030938565731,4
SR-ATAD5,262,119,0.009311986155807972,3
SR-ATAD5,193,120,0.009291652590036392,9
SR-ATAD5,114,121,0.009268732741475105,7
SR-ATAD5,227,122,0.009267543442547321,3
SR-ATAD5,291,123,0.009217914193868637,2
SR-ATAD5,199,124,0.009128975681960583,2
SR-ATAD5,102,125,0.009128734469413757,6
SR-ATAD5,231,126,0.009082742966711521,8
SR-ATAD5,276,127,0.009005449712276459,8
SR-ATAD5,210,128,0.00889875553548336,6
SR-ATAD5,34,129,0.008897018618881702,5
SR-ATAD5,71,130,0.008874614723026752,11
SR-ATAD5,220,131,0.008823216892778873,2
SR-ATAD5,45,132,0.008798348717391491,8
SR-ATAD5,14,133,0.008742306381464005,5
SR-ATAD5,172,134,0.008694380521774292,4
SR-ATAD5,58,135,0.008644985035061836,10
SR-ATAD5,56,136,0.008620692417025566,17
SR-ATAD5,13,137,0.008601440116763115,6
SR-ATAD5,116,138,0.008488292805850506,3
SR-ATAD5,35,139,0.008470005355775356,4
SR-ATAD5,132,140,0.00843835063278675,2
SR-ATAD5,167,141,0.0084338104352355,6
SR-ATAD5,78,142,0.008421111851930618,5
SR-ATAD5,87,143,0.008404049091041088,4
SR-ATAD5,163,144,0.00837494246661663,3
SR-ATAD5,169,145,0.008359475061297417,8
SR-ATAD5,77,146,0.008350647054612637,5
SR-ATAD5,17,147,0.00830417312681675,5
SR-ATAD5,142,148,0.00824299268424511,3
SR-ATAD5,60,149,0.00820126011967659,3
SR-ATAD5,260,150,0.008186182007193565,5
SR-ATAD5,90,151,0.00811784528195858,6
SR-ATAD5,299,152,0.008104673586785793,7
SR-ATAD5,133,153,0.00807955302298069,6
SR-ATAD5,273,154,0.008078377693891525,2
SR-ATAD5,96,155,0.008026431314647198,5
SR-ATAD5,246,156,0.007920617237687111,3
SR-ATAD5,205,157,0.007918303832411766,3
SR-ATAD5,185,158,0.007886802777647972,3
SR-ATAD5,221,159,0.007875287905335426,6
SR-ATAD5,54,160,0.007849656976759434,5
SR-ATAD5,26,161,0.00783903244882822,4
SR-ATAD5,179,162,0.00782672967761755,3
SR-ATAD5,270,163,0.007802440319210291,4
SR-ATAD5,206,164,0.0077011436223983765,4
SR-ATAD5,213,165,0.0076844217255711555,4
SR-ATAD5,224,166,0.00768434489145875,2
SR-ATAD5,217,167,0.007584487088024616,4
SR-ATAD5,126,168,0.00756555050611496,10
SR-ATAD5,243,169,0.007462538778781891,2
SR-ATAD5,164,170,0.007405273616313934,2
SR-ATAD5,124,171,0.007298341486603022,4
SR-ATAD5,12,172,0.0072781420312821865,6
SR-ATAD5,176,173,0.007276793476194143,5
SR-ATAD5,38,174,0.007237906567752361,4
SR-ATAD5,161,175,0.007203517947345972,2
SR-ATAD5,218,176,0.007171091623604298,3
SR-ATAD5,208,177,0.007148156873881817,3
SR-ATAD5,43,178,0.0071276226080954075,9
SR-ATAD5,267,179,0.0070895603857934475,2
SR-ATAD5,201,180,0.007073274813592434,4
SR-ATAD5,85,181,0.007034860551357269,3
SR-ATAD5,42,182,0.0070345280691981316,5
SR-ATAD5,279,183,0.006940911058336496,2
SR-ATAD5,203,184,0.006927052047103643,4
SR-ATAD5,100,185,0.006898378487676382,3
SR-ATAD5,103,186,0.006897428538650274,3
SR-ATAD5,107,187,0.006808376405388117,6
SR-ATAD5,171,188,0.006793362088501453,2
SR-ATAD5,180,189,0.006718803197145462,5
SR-ATAD5,19,190,0.006656774785369635,4
SR-ATAD5,16,191,0.006653218530118465,4
SR-ATAD5,228,192,0.006647130008786917,4
SR-ATAD5,120,193,0.006539793219417334,5
SR-ATAD5,69,194,0.006537853740155697,8
SR-ATAD5,158,195,0.0065373764373362064,3
SR-ATAD5,95,196,0.006388281472027302,4
SR-ATAD5,88,197,0.0063581280410289764,4
SR-ATAD5,76,198,0.006312123499810696,2
SR-ATAD5,111,199,0.006222282536327839,5
SR-ATAD5,265,200,0.006215590983629227,1
SR-ATAD5,216,201,0.006202582735568285,2
SR-ATAD5,263,202,0.006190527230501175,6
SR-ATAD5,9,203,0.006171149201691151,3
SR-ATAD5,192,204,0.0061296033672988415,3
SR-ATAD5,254,205,0.006028571166098118,2
SR-ATAD5,285,206,0.006023857276886702,1
SR-ATAD5,202,207,0.0059730419889092445,3
SR-ATAD5,127,208,0.005920750088989735,4
SR-ATAD5,188,209,0.005900731775909662,2
SR-ATAD5,20,210,0.005854981951415539,4
SR-ATAD5,191,211,0.005851492285728455,2
SR-ATAD5,91,212,0.005750213284045458,6
SR-ATAD5,223,213,0.005697412882000208,2
SR-ATAD5,289,214,0.005693225655704737,2
SR-ATAD5,194,215,0.005666467826813459,3
SR-ATAD5,198,216,0.005651265382766724,3
SR-ATAD5,173,217,0.005651070736348629,4
SR-ATAD5,274,218,0.005586650222539902,2
SR-ATAD5,154,219,0.005583002232015133,5
SR-ATAD5,130,220,0.005564263556152582,4
SR-ATAD5,298,221,0.005553540773689747,4
SR-ATAD5,293,222,0.0055402168072760105,3
SR-ATAD5,134,223,0.00553613156080246,3
SR-ATAD5,271,224,0.0054922159761190414,3
SR-ATAD5,138,225,0.005490385927259922,3
SR-ATAD5,162,226,0.0053774514235556126,3
SR-ATAD5,156,227,0.005343112628906965,2
SR-ATAD5,175,228,0.005323380697518587,9
SR-ATAD5,222,229,0.0053164055570960045,4
SR-ATAD5,187,230,0.005311756394803524,3
SR-ATAD5,264,231,0.005220369435846806,3
SR-ATAD5,261,232,0.005075279623270035,3
SR-ATAD5,105,233,0.005001722369343042,3
SR-ATAD5,165,234,0.004980888683348894,4
SR-ATAD5,97,235,0.004944123327732086,2
SR-ATAD5,65,236,0.004939489997923374,3
SR-ATAD5,18,237,0.004921646788716316,4
SR-ATAD5,294,238,0.004906755406409502,2
SR-ATAD5,131,239,0.004869281314313412,2
SR-ATAD5,143,240,0.0048568155616521835,5
SR-ATAD5,101,241,0.00482720835134387,3
SR-ATAD5,149,242,0.004782144911587238,2
SR-ATAD5,226,243,0.00464665936306119,2
SR-ATAD5,230,244,0.004636332858353853,3
SR-ATAD5,207,245,0.004631565883755684,2
SR-ATAD5,235,246,0.004621870815753937,5
SR-ATAD5,82,247,0.004586571361869574,4
SR-ATAD5,286,248,0.004535617306828499,2
SR-ATAD5,150,249,0.004487371072173119,3
SR-ATAD5,50,250,0.004372407216578722,3
SR-ATAD5,186,251,0.0043655880726873875,3
SR-ATAD5,137,252,0.0043407948687672615,2
SR-ATAD5,118,253,0.004328615497797728,4
SR-ATAD5,237,254,0.004315371625125408,2
SR-ATAD5,5,255,0.004205969627946615,4
SR-ATAD5,159,256,0.004172087647020817,2
SR-ATAD5,288,257,0.004096838179975748,2
SR-ATAD5,239,258,0.0040906500071287155,3
SR-ATAD5,236,259,0.003994374070316553,3
SR-ATAD5,258,260,0.003989438526332378,3
SR-ATAD5,197,261,0.003964947536587715,3
SR-ATAD5,251,262,0.003958537708967924,3
SR-ATAD5,215,263,0.003948571626096964,4
SR-ATAD5,41,264,0.0038926969282329082,2
SR-ATAD5,153,265,0.003886968595907092,2
SR-ATAD5,248,266,0.003863456891849637,2
SR-ATAD5,174,267,0.0038362317718565464,2
SR-ATAD5,214,268,0.003816933836787939,2
SR-ATAD5,280,269,0.0036681457422673702,3
SR-ATAD5,272,270,0.003664720803499222,1
SR-ATAD5,232,271,0.0036257044412195683,2
SR-ATAD5,284,272,0.0036209113895893097,2
SR-ATAD5,68,273,0.0036202408373355865,2
SR-ATAD5,157,274,0.003617017762735486,2
SR-ATAD5,182,275,0.003555272240191698,2
SR-ATAD5,250,276,0.003534805029630661,4
SR-ATAD5,269,277,0.003439964260905981,4
SR-ATAD5,241,278,0.003352416679263115,3
SR-ATAD5,259,279,0.0032448836136609316,2
SR-ATAD5,297,280,0.0032278920989483595,1
SR-ATAD5,151,281,0.003187935333698988,2
SR-ATAD5,266,282,0.0031671281903982162,1
SR-ATAD5,292,283,0.0031650452874600887,3
SR-ATAD5,119,284,0.003119491273537278,2
SR-ATAD5,283,285,0.0031110348645597696,2
SR-ATAD5,94,286,0.002983751939609647,2
SR-ATAD5,125,287,0.0029458110220730305,3
SR-ATAD5,275,288,0.0029088882729411125,2
SR-ATAD5,253,289,0.002872094279155135,1
SR-ATAD5,178,290,0.002574165351688862,2
SR-ATAD5,244,291,0.0025158480275422335,1
SR-ATAD5,11,292,0.0023869893047958612,2
SR-ATAD5,240,293,0.002331229392439127,1
SR-ATAD5,295,294,0.0022261100821197033,2
SR-ATAD5,255,295,0.0022220886312425137,2
SR-ATAD5,277,296,0.0020897977519780397,1
SR-ATAD5,141,297,0.0015631107380613685,2
SR-ATAD5,281,298,0.0013961123768240213,1
SR-ATAD5,238,299,0.0009531693649478257,1
SR-p53,168,0,0.10427484661340714,79
SR-p53,63,1,0.08105175942182541,51
SR-p53,23,2,0.07871106266975403,30
SR-p53,29,3,0.07252158224582672,39
SR-p53,128,4,0.07094112783670425,42
SR-p53,7,5,0.06908801943063736,33
SR-p53,15,6,0.061924777925014496,26
SR-p53,24,7,0.06093849614262581,21
SR-p53,39,8,0.056772179901599884,9
SR-p53,33,9,0.05655701830983162,17
SR-p53,108,10,0.05631335824728012,14
SR-p53,74,11,0.055575180798769,19
SR-p53,148,12,0.05466248467564583,14
SR-p53,46,13,0.05364285781979561,13
SR-p53,135,14,0.05322062969207764,9
SR-p53,147,15,0.0531858429312706,16
SR-p53,193,16,0.0531020388007164,9
SR-p53,219,17,0.05268486589193344,16
SR-p53,245,18,0.052263252437114716,15
SR-p53,56,19,0.052135102450847626,17
SR-p53,21,20,0.05202564597129822,13
SR-p53,110,21,0.05200672149658203,20
SR-p53,70,22,0.05178014561533928,27
SR-p53,31,23,0.050792962312698364,20
SR-p53,0,24,0.05023437738418579,20
SR-p53,67,25,0.050015904009342194,16
SR-p53,83,26,0.049688346683979034,9
SR-p53,6,27,0.04965938255190849,18
SR-p53,92,28,0.049378443509340286,21
SR-p53,62,29,0.04905373603105545,24
SR-p53,99,30,0.04903785139322281,7
SR-p53,93,31,0.04867876321077347,16
SR-p53,10,32,0.048526931554079056,17
SR-p53,51,33,0.0483403280377388,10
SR-p53,136,34,0.04817040264606476,18
SR-p53,81,35,0.048133984208106995,19
SR-p53,211,36,0.048065025359392166,13
SR-p53,49,37,0.04769064858555794,17
SR-p53,140,38,0.04726555198431015,19
SR-p53,235,39,0.04664391279220581,5
SR-p53,112,40,0.04651043936610222,10
SR-p53,113,41,0.046121202409267426,13
SR-p53,290,42,0.04555754363536835,10
SR-p53,52,43,0.04527122899889946,16
SR-p53,183,44,0.04513653367757797,7
SR-p53,195,45,0.04485781490802765,11
SR-p53,123,46,0.04371223971247673,11
SR-p53,17,47,0.04347013309597969,5
SR-p53,189,48,0.04273977130651474,9
SR-p53,175,49,0.042631592601537704,9
SR-p53,43,50,0.04257424920797348,9
SR-p53,145,51,0.04231252521276474,17
SR-p53,32,52,0.04215288162231445,8
SR-p53,4,53,0.0420273132622242,9
SR-p53,90,54,0.04132573679089546,6
SR-p53,190,55,0.040988482534885406,13
SR-p53,144,56,0.0405091792345047,7
SR-p53,184,57,0.04044007137417793,7
SR-p53,177,58,0.0403948575258255,4
SR-p53,72,59,0.04030468687415123,15
SR-p53,133,60,0.040244996547698975,6
SR-p53,167,61,0.039823174476623535,6
SR-p53,48,62,0.039348602294921875,7
SR-p53,137,63,0.03931446373462677,2
SR-p53,66,64,0.0392451286315918,13
SR-p53,38,65,0.0390811562538147,4
SR-p53,36,66,0.03905058652162552,7
SR-p53,57,67,0.039017122238874435,9
SR-p53,22,68,0.03866497799754143,13
SR-p53,129,69,0.038360245525836945,9
SR-p53,242,70,0.03816746547818184,6
SR-p53,42,71,0.03803296387195587,5
SR-p53,84,72,0.03798605501651764,15
SR-p53,217,73,0.03789941221475601,4
SR-p53,27,74,0.03774597495794296,8
SR-p53,126,75,0.037684228271245956,10
SR-p53,143,76,0.037625156342983246,5
SR-p53,64,77,0.037585821002721786,7
SR-p53,13,78,0.03725528344511986,6
SR-p53,243,79,0.03721116855740547,2
SR-p53,75,80,0.03694174438714981,13
SR-p53,142,81,0.0369144082069397,3
SR-p53,192,82,0.03643465042114258,3
SR-p53,45,83,0.03626378998160362,8
SR-p53,169,84,0.036218173801898956,8
SR-p53,73,85,0.03604967147111893,16
SR-p53,121,86,0.035985253751277924,7
SR-p53,117,87,0.035867318511009216,7
SR-p53,87,88,0.03576120361685753,4
SR-p53,225,89,0.03567547723650932,6
SR-p53,25,90,0.035491712391376495,8
SR-p53,160,91,0.03546830639243126,11
SR-p53,8,92,0.03542975336313248,6
SR-p53,59,93,0.035262517631053925,8
SR-p53,88,94,0.035219378769397736,4
SR-p53,200,95,0.035181742161512375,8
SR-p53,249,96,0.03516215831041336,3
SR-p53,69,97,0.03483494743704796,8
SR-p53,204,98,0.03472915664315224,7
SR-p53,30,99,0.03403148055076599,5
SR-p53,231,100,0.03394697234034538,8
SR-p53,86,101,0.03369952365756035,9
SR-p53,139,102,0.033584028482437134,12
SR-p53,227,103,0.033505044877529144,3
SR-p53,114,104,0.03339763730764389,7
SR-p53,264,105,0.03318861126899719,3
SR-p53,34,106,0.03281566500663757,5
SR-p53,282,107,0.03273145481944084,3
SR-p53,54,108,0.03272826969623566,5
SR-p53,199,109,0.03269172087311745,2
SR-p53,2,110,0.03260381519794464,14
SR-p53,149,111,0.032570041716098785,2
SR-p53,80,112,0.032446153461933136,8
SR-p53,104,113,0.03242454677820206,4
SR-p53,263,114,0.03235242888331413,6
SR-p53,229,115,0.03221249580383301,7
SR-p53,212,116,0.0322037972509861,7
SR-p53,166,117,0.03213798254728317,6
SR-p53,28,118,0.032022666186094284,7
SR-p53,120,119,0.03201372176408768,5
SR-p53,55,120,0.031954698264598846,6
SR-p53,79,121,0.03170223906636238,9
SR-p53,233,122,0.031638093292713165,6
SR-p53,95,123,0.03163269907236099,4
SR-p53,267,124,0.031622447073459625,2
SR-p53,210,125,0.0315948948264122,6
SR-p53,276,126,0.03146427124738693,8
SR-p53,213,127,0.031255390495061874,4
SR-p53,71,128,0.03112778440117836,11
SR-p53,61,129,0.031064804643392563,6
SR-p53,103,130,0.031057137995958328,3
SR-p53,77,131,0.03022181987762451,5
SR-p53,163,132,0.02990240417420864,3
SR-p53,91,133,0.02984941005706787,6
SR-p53,12,134,0.02978505752980709,6
SR-p53,284,135,0.02957708202302456,2
SR-p53,14,136,0.029552707448601723,5
SR-p53,40,137,0.029496347531676292,6
SR-p53,162,138,0.02948889508843422,3
SR-p53,116,139,0.029426073655486107,3
SR-p53,185,140,0.02934057079255581,3
SR-p53,198,141,0.028943439945578575,3
SR-p53,247,142,0.028925463557243347,4
SR-p53,260,143,0.028817737475037575,5
SR-p53,170,144,0.028650935739278793,6
SR-p53,125,145,0.02847175858914852,3
SR-p53,194,146,0.02841944433748722,3
SR-p53,146,147,0.028317680582404137,5
SR-p53,58,148,0.028135772794485092,10
SR-p53,164,149,0.02796739898622036,2
SR-p53,82,150,0.02784125879406929,4
SR-p53,196,151,0.02759155072271824,4
SR-p53,209,152,0.027536550536751747,7
SR-p53,174,153,0.02730434015393257,2
SR-p53,299,154,0.027255039662122726,7
SR-p53,271,155,0.027144333347678185,3
SR-p53,265,156,0.027142047882080078,1
SR-p53,5,157,0.027115801349282265,4
SR-p53,239,158,0.02710750699043274,3
SR-p53,178,159,0.027006259188055992,2
SR-p53,109,160,0.026973530650138855,7
SR-p53,228,161,0.026922818273305893,4
SR-p53,252,162,0.02691618725657463,4
SR-p53,230,163,0.026908060535788536,3
SR-p53,280,164,0.026757633313536644,3
SR-p53,53,165,0.026751171797513962,6
SR-p53,37,166,0.026750201359391212,7
SR-p53,78,167,0.026604389771819115,5
SR-p53,127,168,0.02641092613339424,4
SR-p53,150,169,0.026174968108534813,3
SR-p53,221,170,0.02613111212849617,6
SR-p53,296,171,0.026095088571310043,10
SR-p53,176,172,0.025998365134000778,5
SR-p53,3,173,0.02596920169889927,6
SR-p53,97,174,0.025860439985990524,2
SR-p53,85,175,0.025800436735153198,3
SR-p53,179,176,0.025792520493268967,3
SR-p53,130,177,0.025742843747138977,4
SR-p53,181,178,0.025726914405822754,4
SR-p53,287,179,0.025672143325209618,8
SR-p53,180,180,0.025460895150899887,5
SR-p53,258,181,0.025258788838982582,3
SR-p53,158,182,0.025049874559044838,3
SR-p53,132,183,0.02499403804540634,2
SR-p53,89,184,0.02488476037979126,3
SR-p53,1,185,0.02478456124663353,6
SR-p53,156,186,0.024628493934869766,2
SR-p53,215,187,0.02444138377904892,4
SR-p53,102,188,0.024383043870329857,6
SR-p53,115,189,0.02435850165784359,4
SR-p53,216,190,0.024327460676431656,2
SR-p53,206,191,0.02429025247693062,4
SR-p53,124,192,0.024252187460660934,4
SR-p53,187,193,0.024194268509745598,3
SR-p53,165,194,0.024081656709313393,4
SR-p53,155,195,0.023727715015411377,3
SR-p53,203,196,0.023475874215364456,4
SR-p53,157,197,0.0231337808072567,2
SR-p53,173,198,0.023069795221090317,4
SR-p53,218,199,0.023044344037771225,3
SR-p53,277,200,0.022824835032224655,1
SR-p53,47,201,0.022804977372288704,4
SR-p53,298,202,0.022762514650821686,4
SR-p53,96,203,0.022662702947854996,5
SR-p53,202,204,0.02261379361152649,3
SR-p53,240,205,0.022489270195364952,1
SR-p53,237,206,0.02237667143344879,2
SR-p53,273,207,0.022364417091012,2
SR-p53,269,208,0.02227102406322956,4
SR-p53,20,209,0.022189566865563393,4
SR-p53,270,210,0.022182269021868706,4
SR-p53,44,211,0.022124165669083595,3
SR-p53,238,212,0.021982844918966293,1
SR-p53,236,213,0.021937642246484756,3
SR-p53,35,214,0.021903930231928825,4
SR-p53,16,215,0.02181130275130272,4
SR-p53,26,216,0.021799957379698753,4
SR-p53,94,217,0.02159331925213337,2
SR-p53,289,218,0.02156684175133705,2
SR-p53,285,219,0.021499890834093094,1
SR-p53,154,220,0.021487778052687645,5
SR-p53,224,221,0.021389011293649673,2
SR-p53,172,222,0.02124912664294243,4
SR-p53,60,223,0.020864780992269516,3
SR-p53,107,224,0.020720435306429863,6
SR-p53,18,225,0.02071593515574932,4
SR-p53,261,226,0.020645976066589355,3
SR-p53,111,227,0.020629191771149635,5
SR-p53,106,228,0.020532788708806038,4
SR-p53,152,229,0.020148323848843575,3
SR-p53,294,230,0.020039094612002373,2
SR-p53,251,231,0.01987716183066368,3
SR-p53,253,232,0.019872773438692093,1
SR-p53,254,233,0.019824611023068428,2
SR-p53,246,234,0.01972644403576851,3
SR-p53,19,235,0.019592981785535812,4
SR-p53,122,236,0.019376011565327644,6
SR-p53,274,237,0.019373778253793716,2
SR-p53,118,238,0.01924874074757099,4
SR-p53,288,239,0.019242357462644577,2
SR-p53,256,240,0.019205251708626747,2
SR-p53,257,241,0.019152436405420303,8
SR-p53,275,242,0.018951628357172012,2
SR-p53,241,243,0.018619630485773087,3
SR-p53,141,244,0.01834626868367195,2
SR-p53,98,245,0.018322039395570755,2
SR-p53,278,246,0.018232379108667374,2
SR-p53,205,247,0.018229341134428978,3
SR-p53,138,248,0.018182165920734406,3
SR-p53,250,249,0.017969032749533653,4
SR-p53,292,250,0.01790984719991684,3
SR-p53,226,251,0.017769422382116318,2
SR-p53,186,252,0.017702650278806686,3
SR-p53,161,253,0.01753886416554451,2
SR-p53,9,254,0.01726551540195942,3
SR-p53,291,255,0.01726304367184639,2
SR-p53,222,256,0.017261479049921036,4
SR-p53,197,257,0.017069349065423012,3
SR-p53,68,258,0.016863247379660606,2
SR-p53,131,259,0.016841670498251915,2
SR-p53,101,260,0.016783136874437332,3
SR-p53,76,261,0.01661451905965805,2
SR-p53,208,262,0.016277510672807693,3
SR-p53,283,263,0.016144322231411934,2
SR-p53,159,264,0.016040584072470665,2
SR-p53,105,265,0.015366055071353912,3
SR-p53,262,266,0.015287849120795727,3
SR-p53,220,267,0.01520103681832552,2
SR-p53,223,268,0.01512233354151249,2
SR-p53,50,269,0.015115383081138134,3
SR-p53,286,270,0.015018393285572529,2
SR-p53,171,271,0.01498404610902071,2
SR-p53,201,272,0.014725001528859138,4
SR-p53,293,273,0.014653103426098824,3
SR-p53,41,274,0.014495683833956718,2
SR-p53,279,275,0.014403088018298149,2
SR-p53,119,276,0.014237696304917336,2
SR-p53,268,277,0.014178438112139702,4
SR-p53,207,278,0.01396314799785614,2
SR-p53,214,279,0.013805592432618141,2
SR-p53,188,280,0.013348536565899849,2
SR-p53,272,281,0.01255631260573864,1
SR-p53,234,282,0.012116730213165283,2
SR-p53,191,283,0.011942480690777302,2
SR-p53,100,284,0.011929504573345184,3
SR-p53,11,285,0.011613192036747932,2
SR-p53,134,286,0.011558380909264088,3
SR-p53,295,287,0.011282696388661861,2
SR-p53,153,288,0.010652740485966206,2
SR-p53,151,289,0.00953424908220768,2
SR-p53,244,290,0.009488658979535103,1
SR-p53,259,291,0.009288260713219643,2
SR-p53,281,292,0.00906782690435648,1
SR-p53,232,293,0.008670021779835224,2
SR-p53,297,294,0.008313888683915138,1
SR-p53,266,295,0.00819648988544941,1
SR-p53,255,296,0.0079271849244833,2
SR-p53,65,297,0.007406166289001703,3
SR-p53,248,298,0.006987316999584436,2
SR-p53,182,299,0.006678733974695206,2
