cluster,task,importance,n_active,n_valid,n_toxic,n_nontoxic,pct_toxic,pct_nontoxic,rank
2,NR-AR,0.001701,363,327,11,316,3.36,96.64,1
24,NR-AR,0.001497,136,130,8,122,6.15,93.85,2
51,NR-AR,0.001404,302,291,13,278,4.47,95.53,3
178,NR-AR,0.001376,27,27,4,23,14.81,85.19,4
157,NR-AR,0.001303,62,53,3,50,5.66,94.34,5
109,NR-AR,0.001103,42,42,1,41,2.38,97.62,6
70,NR-AR,0.0011,247,225,9,216,4.0,96.0,7
35,NR-AR,0.001003,210,196,10,186,5.1,94.9,8
167,NR-AR,0.000973,143,128,6,122,4.69,95.31,9
6,NR-AR,0.000968,51,42,0,42,0.0,100.0,10
119,NR-AR,0.00089,240,224,13,211,5.8,94.2,11
82,NR-AR,0.000886,14,13,2,11,15.38,84.62,12
81,NR-AR,0.000865,47,45,3,42,6.67,93.33,13
22,NR-AR,0.000857,193,170,7,163,4.12,95.88,14
134,NR-AR,0.000846,250,226,10,216,4.42,95.58,15
60,NR-AR,0.000837,116,108,5,103,4.63,95.37,16
45,NR-AR,0.000824,67,62,4,58,6.45,93.55,17
23,NR-AR,0.000804,198,179,20,159,11.17,88.83,18
104,NR-AR,0.000801,163,150,13,137,8.67,91.33,19
183,NR-AR,0.000796,93,84,4,80,4.76,95.24,20
101,NR-AR,0.000785,36,36,1,35,2.78,97.22,21
180,NR-AR,0.000778,11,11,2,9,18.18,81.82,22
44,NR-AR,0.000777,71,68,3,65,4.41,95.59,23
43,NR-AR,0.000773,310,286,13,273,4.55,95.45,24
159,NR-AR,0.000772,127,118,6,112,5.08,94.92,25
131,NR-AR,0.000757,10,10,2,8,20.0,80.0,26
67,NR-AR,0.000736,166,157,8,149,5.1,94.9,27
94,NR-AR,0.000735,267,248,9,239,3.63,96.37,28
138,NR-AR,0.000735,81,75,2,73,2.67,97.33,29
37,NR-AR,0.000726,168,145,15,130,10.34,89.66,30
111,NR-AR,0.000725,16,14,0,14,0.0,100.0,31
72,NR-AR,0.000702,153,139,6,133,4.32,95.68,32
98,NR-AR,0.000671,39,35,0,35,0.0,100.0,33
196,NR-AR,0.000647,21,20,0,20,0.0,100.0,34
3,NR-AR,0.000643,266,243,12,231,4.94,95.06,35
133,NR-AR,0.000626,10,10,0,10,0.0,100.0,36
164,NR-AR,0.000623,11,11,1,10,9.09,90.91,37
32,NR-AR,0.00061,45,41,1,40,2.44,97.56,38
48,NR-AR,0.000599,55,50,1,49,2.0,98.0,39
150,NR-AR,0.00059,57,53,3,50,5.66,94.34,40
197,NR-AR,0.000571,55,54,2,52,3.7,96.3,41
143,NR-AR,0.00057,12,10,1,9,10.0,90.0,42
31,NR-AR,0.000559,25,22,0,22,0.0,100.0,43
78,NR-AR,0.00053,60,54,1,53,1.85,98.15,44
176,NR-AR,0.000527,39,38,2,36,5.26,94.74,45
46,NR-AR,0.000526,185,171,11,160,6.43,93.57,46
149,NR-AR,0.000525,29,27,1,26,3.7,96.3,47
185,NR-AR,0.000524,39,35,2,33,5.71,94.29,48
41,NR-AR,0.000521,36,34,3,31,8.82,91.18,49
188,NR-AR,0.00052,47,46,3,43,6.52,93.48,50
193,NR-AR,0.000503,32,30,1,29,3.33,96.67,51
66,NR-AR,0.000492,47,41,2,39,4.88,95.12,52
1,NR-AR,0.000486,36,33,0,33,0.0,100.0,53
92,NR-AR,0.000481,35,33,4,29,12.12,87.88,54
105,NR-AR,0.000479,22,19,0,19,0.0,100.0,55
49,NR-AR,0.000473,42,39,3,36,7.69,92.31,56
16,NR-AR,0.000472,103,96,2,94,2.08,97.92,57
163,NR-AR,0.000463,20,17,1,16,5.88,94.12,58
95,NR-AR,0.000463,24,24,1,23,4.17,95.83,59
10,NR-AR,0.000461,96,88,2,86,2.27,97.73,60
75,NR-AR,0.000453,97,89,8,81,8.99,91.01,61
114,NR-AR,0.000447,75,69,7,62,10.14,89.86,62
156,NR-AR,0.000435,39,32,6,26,18.75,81.25,63
18,NR-AR,0.00043,83,77,3,74,3.9,96.1,64
65,NR-AR,0.000417,119,113,3,110,2.65,97.35,65
106,NR-AR,0.000416,60,56,7,49,12.5,87.5,66
25,NR-AR,0.000407,48,45,4,41,8.89,91.11,67
170,NR-AR,0.000405,13,12,0,12,0.0,100.0,68
100,NR-AR,0.000404,33,29,0,29,0.0,100.0,69
54,NR-AR,0.000402,37,36,0,36,0.0,100.0,70
5,NR-AR,0.000399,71,64,1,63,1.56,98.44,71
83,NR-AR,0.000397,259,231,9,222,3.9,96.1,72
8,NR-AR,0.000395,208,188,6,182,3.19,96.81,73
190,NR-AR,0.000393,35,35,0,35,0.0,100.0,74
86,NR-AR,0.000391,19,17,1,16,5.88,94.12,75
68,NR-AR,0.000387,18,16,3,13,18.75,81.25,76
171,NR-AR,0.000383,22,21,0,21,0.0,100.0,77
123,NR-AR,0.000382,21,21,1,20,4.76,95.24,78
85,NR-AR,0.000381,19,19,2,17,10.53,89.47,79
71,NR-AR,0.000379,24,21,0,21,0.0,100.0,80
191,NR-AR,0.000373,17,14,1,13,7.14,92.86,81
120,NR-AR,0.000372,9,9,0,9,0.0,100.0,82
59,NR-AR,0.000359,15,15,0,15,0.0,100.0,83
36,NR-AR,0.000356,12,10,0,10,0.0,100.0,84
132,NR-AR,0.000355,19,19,3,16,15.79,84.21,85
26,NR-AR,0.000354,86,79,6,73,7.59,92.41,86
199,NR-AR,0.000354,7,7,2,5,28.57,71.43,87
42,NR-AR,0.000352,26,24,1,23,4.17,95.83,88
112,NR-AR,0.00035,33,30,2,28,6.67,93.33,89
121,NR-AR,0.00035,11,10,1,9,10.0,90.0,90
179,NR-AR,0.000347,56,50,5,45,10.0,90.0,91
117,NR-AR,0.000347,19,18,1,17,5.56,94.44,92
154,NR-AR,0.000347,27,26,1,25,3.85,96.15,93
55,NR-AR,0.000337,45,41,0,41,0.0,100.0,94
182,NR-AR,0.00033,14,10,0,10,0.0,100.0,95
74,NR-AR,0.000328,24,21,2,19,9.52,90.48,96
165,NR-AR,0.000327,8,8,0,8,0.0,100.0,97
169,NR-AR,0.000326,14,14,0,14,0.0,100.0,98
186,NR-AR,0.000326,5,5,0,5,0.0,100.0,99
14,NR-AR,0.000322,341,312,19,293,6.09,93.91,100
34,NR-AR,0.000319,84,72,2,70,2.78,97.22,101
7,NR-AR,0.000318,48,43,3,40,6.98,93.02,102
128,NR-AR,0.000317,21,18,0,18,0.0,100.0,103
12,NR-AR,0.000316,21,20,1,19,5.0,95.0,104
57,NR-AR,0.000316,10,10,1,9,10.0,90.0,105
162,NR-AR,0.000315,14,14,0,14,0.0,100.0,106
9,NR-AR,0.000313,9,8,1,7,12.5,87.5,107
140,NR-AR,0.000311,93,85,4,81,4.71,95.29,108
189,NR-AR,0.00031,10,10,1,9,10.0,90.0,109
0,NR-AR,0.000307,17,17,1,16,5.88,94.12,110
137,NR-AR,0.000305,18,16,0,16,0.0,100.0,111
184,NR-AR,0.000305,9,9,0,9,0.0,100.0,112
84,NR-AR,0.0003,20,18,0,18,0.0,100.0,113
108,NR-AR,0.000298,28,23,1,22,4.35,95.65,114
4,NR-AR,0.000297,24,24,2,22,8.33,91.67,115
53,NR-AR,0.000297,81,72,1,71,1.39,98.61,116
73,NR-AR,0.000296,14,12,0,12,0.0,100.0,117
174,NR-AR,0.000292,12,12,0,12,0.0,100.0,118
20,NR-AR,0.000291,88,82,6,76,7.32,92.68,119
144,NR-AR,0.00029,12,12,0,12,0.0,100.0,120
33,NR-AR,0.000289,43,32,1,31,3.12,96.88,121
17,NR-AR,0.000287,21,18,1,17,5.56,94.44,122
177,NR-AR,0.000284,26,23,1,22,4.35,95.65,123
91,NR-AR,0.00028,26,25,1,24,4.0,96.0,124
76,NR-AR,0.000278,52,49,2,47,4.08,95.92,125
38,NR-AR,0.000275,11,10,0,10,0.0,100.0,126
148,NR-AR,0.000268,26,26,1,25,3.85,96.15,127
129,NR-AR,0.000266,8,8,0,8,0.0,100.0,128
146,NR-AR,0.000262,21,21,0,21,0.0,100.0,129
142,NR-AR,0.000261,20,16,0,16,0.0,100.0,130
80,NR-AR,0.000261,68,64,7,57,10.94,89.06,131
130,NR-AR,0.000254,12,10,0,10,0.0,100.0,132
63,NR-AR,0.00025,21,21,0,21,0.0,100.0,133
147,NR-AR,0.000246,13,12,1,11,8.33,91.67,134
19,NR-AR,0.000245,5,5,0,5,0.0,100.0,135
160,NR-AR,0.000242,7,7,0,7,0.0,100.0,136
107,NR-AR,0.000242,8,8,0,8,0.0,100.0,137
161,NR-AR,0.000242,52,47,1,46,2.13,97.87,138
194,NR-AR,0.000233,6,6,2,4,33.33,66.67,139
64,NR-AR,0.000233,27,25,3,22,12.0,88.0,140
113,NR-AR,0.000232,81,74,1,73,1.35,98.65,141
187,NR-AR,0.000231,18,17,1,16,5.88,94.12,142
28,NR-AR,0.000231,19,18,2,16,11.11,88.89,143
88,NR-AR,0.000231,6,4,1,3,25.0,75.0,144
52,NR-AR,0.00023,10,8,0,8,0.0,100.0,145
153,NR-AR,0.000228,29,27,2,25,7.41,92.59,146
155,NR-AR,0.000228,9,9,0,9,0.0,100.0,147
30,NR-AR,0.000223,52,50,4,46,8.0,92.0,148
62,NR-AR,0.000223,9,8,0,8,0.0,100.0,149
29,NR-AR,0.000221,14,14,1,13,7.14,92.86,150
126,NR-AR,0.00022,4,2,0,2,0.0,100.0,151
58,NR-AR,0.000218,12,11,0,11,0.0,100.0,152
77,NR-AR,0.000216,20,17,1,16,5.88,94.12,153
47,NR-AR,0.000216,54,49,3,46,6.12,93.88,154
115,NR-AR,0.000213,69,63,5,58,7.94,92.06,155
181,NR-AR,0.000213,12,11,1,10,9.09,90.91,156
15,NR-AR,0.000209,26,23,2,21,8.7,91.3,157
166,NR-AR,0.000208,7,6,1,5,16.67,83.33,158
172,NR-AR,0.000208,12,11,0,11,0.0,100.0,159
198,NR-AR,0.000206,10,10,1,9,10.0,90.0,160
11,NR-AR,0.000206,23,21,1,20,4.76,95.24,161
102,NR-AR,0.000205,12,11,0,11,0.0,100.0,162
122,NR-AR,0.000204,15,14,0,14,0.0,100.0,163
61,NR-AR,0.000202,11,10,0,10,0.0,100.0,164
116,NR-AR,0.0002,9,9,0,9,0.0,100.0,165
118,NR-AR,0.000198,4,4,0,4,0.0,100.0,166
103,NR-AR,0.000198,12,12,0,12,0.0,100.0,167
69,NR-AR,0.000195,23,22,1,21,4.55,95.45,168
125,NR-AR,0.000192,21,21,2,19,9.52,90.48,169
168,NR-AR,0.000184,22,19,1,18,5.26,94.74,170
89,NR-AR,0.000182,12,11,2,9,18.18,81.82,171
145,NR-AR,0.000179,20,16,2,14,12.5,87.5,172
56,NR-AR,0.000174,7,6,0,6,0.0,100.0,173
99,NR-AR,0.000172,8,6,0,6,0.0,100.0,174
110,NR-AR,0.000171,8,8,0,8,0.0,100.0,175
90,NR-AR,0.000171,30,28,1,27,3.57,96.43,176
27,NR-AR,0.000167,14,13,0,13,0.0,100.0,177
195,NR-AR,0.000164,7,7,0,7,0.0,100.0,178
141,NR-AR,0.000162,8,8,0,8,0.0,100.0,179
136,NR-AR,0.000157,8,7,0,7,0.0,100.0,180
93,NR-AR,0.000155,9,9,0,9,0.0,100.0,181
151,NR-AR,0.00015,5,4,0,4,0.0,100.0,182
39,NR-AR,0.000149,11,11,0,11,0.0,100.0,183
96,NR-AR,0.000148,8,8,0,8,0.0,100.0,184
158,NR-AR,0.000147,24,23,1,22,4.35,95.65,185
40,NR-AR,0.000145,18,16,3,13,18.75,81.25,186
152,NR-AR,0.00014,7,7,1,6,14.29,85.71,187
21,NR-AR,0.000133,8,8,2,6,25.0,75.0,188
97,NR-AR,0.000123,6,6,0,6,0.0,100.0,189
192,NR-AR,0.000113,6,6,0,6,0.0,100.0,190
139,NR-AR,0.000106,5,5,1,4,20.0,80.0,191
124,NR-AR,0.000103,5,5,0,5,0.0,100.0,192
175,NR-AR,0.000102,7,7,0,7,0.0,100.0,193
135,NR-AR,9.8e-05,13,13,1,12,7.69,92.31,194
87,NR-AR,9.7e-05,6,5,0,5,0.0,100.0,195
13,NR-AR,7.9e-05,14,12,1,11,8.33,91.67,196
50,NR-AR,4.3e-05,4,4,0,4,0.0,100.0,197
127,NR-AR,3.3e-05,2,2,1,1,50.0,50.0,198
173,NR-AR,3e-05,2,2,0,2,0.0,100.0,199
79,NR-AR,2.5e-05,3,2,0,2,0.0,100.0,200
2,NR-AR-LBD,0.000804,363,300,11,289,3.67,96.33,1
104,NR-AR-LBD,0.00049,163,133,10,123,7.52,92.48,2
24,NR-AR-LBD,0.00049,136,125,9,116,7.2,92.8,3
23,NR-AR-LBD,0.000461,198,164,19,145,11.59,88.41,4
159,NR-AR-LBD,0.000398,127,110,7,103,6.36,93.64,5
167,NR-AR-LBD,0.000384,143,119,5,114,4.2,95.8,6
183,NR-AR-LBD,0.000382,93,76,3,73,3.95,96.05,7
178,NR-AR-LBD,0.000381,27,25,3,22,12.0,88.0,8
111,NR-AR-LBD,0.000381,16,12,0,12,0.0,100.0,9
51,NR-AR-LBD,0.00038,302,264,10,254,3.79,96.21,10
109,NR-AR-LBD,0.000371,42,42,0,42,0.0,100.0,11
6,NR-AR-LBD,0.000367,51,40,1,39,2.5,97.5,12
48,NR-AR-LBD,0.000363,55,42,0,42,0.0,100.0,13
1,NR-AR-LBD,0.000345,36,26,0,26,0.0,100.0,14
157,NR-AR-LBD,0.000341,62,50,3,47,6.0,94.0,15
22,NR-AR-LBD,0.00034,193,158,11,147,6.96,93.04,16
119,NR-AR-LBD,0.000339,240,203,8,195,3.94,96.06,17
70,NR-AR-LBD,0.000331,247,208,7,201,3.37,96.63,18
150,NR-AR-LBD,0.000326,57,51,2,49,3.92,96.08,19
3,NR-AR-LBD,0.000322,266,226,12,214,5.31,94.69,20
44,NR-AR-LBD,0.000322,71,56,1,55,1.79,98.21,21
138,NR-AR-LBD,0.000322,81,66,3,63,4.55,95.45,22
43,NR-AR-LBD,0.000308,310,266,11,255,4.14,95.86,23
180,NR-AR-LBD,0.000305,11,11,2,9,18.18,81.82,24
72,NR-AR-LBD,0.000301,153,131,9,122,6.87,93.13,25
134,NR-AR-LBD,0.0003,250,210,7,203,3.33,96.67,26
78,NR-AR-LBD,0.000294,60,50,0,50,0.0,100.0,27
92,NR-AR-LBD,0.000279,35,30,3,27,10.0,90.0,28
121,NR-AR-LBD,0.000267,11,10,1,9,10.0,90.0,29
81,NR-AR-LBD,0.000246,47,42,0,42,0.0,100.0,30
130,NR-AR-LBD,0.000246,12,9,0,9,0.0,100.0,31
188,NR-AR-LBD,0.000236,47,42,3,39,7.14,92.86,32
32,NR-AR-LBD,0.00023,45,36,0,36,0.0,100.0,33
25,NR-AR-LBD,0.000227,48,43,4,39,9.3,90.7,34
98,NR-AR-LBD,0.000227,39,31,1,30,3.23,96.77,35
5,NR-AR-LBD,0.000224,71,55,1,54,1.82,98.18,36
60,NR-AR-LBD,0.000223,116,102,5,97,4.9,95.1,37
94,NR-AR-LBD,0.000221,267,228,5,223,2.19,97.81,38
49,NR-AR-LBD,0.000217,42,36,1,35,2.78,97.22,39
177,NR-AR-LBD,0.000213,26,21,0,21,0.0,100.0,40
82,NR-AR-LBD,0.000212,14,12,2,10,16.67,83.33,41
75,NR-AR-LBD,0.000212,97,82,7,75,8.54,91.46,42
46,NR-AR-LBD,0.000211,185,153,9,144,5.88,94.12,43
37,NR-AR-LBD,0.000209,168,139,12,127,8.63,91.37,44
106,NR-AR-LBD,0.000208,60,52,4,48,7.69,92.31,45
53,NR-AR-LBD,0.000202,81,67,1,66,1.49,98.51,46
176,NR-AR-LBD,0.000199,39,36,1,35,2.78,97.22,47
185,NR-AR-LBD,0.000197,39,34,2,32,5.88,94.12,48
65,NR-AR-LBD,0.000196,119,105,3,102,2.86,97.14,49
118,NR-AR-LBD,0.000195,4,4,0,4,0.0,100.0,50
54,NR-AR-LBD,0.000193,37,34,0,34,0.0,100.0,51
45,NR-AR-LBD,0.000191,67,52,5,47,9.62,90.38,52
55,NR-AR-LBD,0.000189,45,38,0,38,0.0,100.0,53
35,NR-AR-LBD,0.000188,210,184,9,175,4.89,95.11,54
64,NR-AR-LBD,0.000184,27,22,3,19,13.64,86.36,55
197,NR-AR-LBD,0.000178,55,50,2,48,4.0,96.0,56
114,NR-AR-LBD,0.000173,75,66,6,60,9.09,90.91,57
41,NR-AR-LBD,0.000173,36,32,3,29,9.38,90.62,58
16,NR-AR-LBD,0.00017,103,88,2,86,2.27,97.73,59
101,NR-AR-LBD,0.00017,36,33,2,31,6.06,93.94,60
95,NR-AR-LBD,0.00017,24,23,0,23,0.0,100.0,61
91,NR-AR-LBD,0.000168,26,21,1,20,4.76,95.24,62
66,NR-AR-LBD,0.000166,47,37,1,36,2.7,97.3,63
67,NR-AR-LBD,0.000165,166,135,9,126,6.67,93.33,64
146,NR-AR-LBD,0.000164,21,21,0,21,0.0,100.0,65
199,NR-AR-LBD,0.000164,7,7,1,6,14.29,85.71,66
196,NR-AR-LBD,0.000164,21,20,0,20,0.0,100.0,67
83,NR-AR-LBD,0.000156,259,217,9,208,4.15,95.85,68
190,NR-AR-LBD,0.000154,35,34,0,34,0.0,100.0,69
123,NR-AR-LBD,0.00015,21,19,1,18,5.26,94.74,70
137,NR-AR-LBD,0.000149,18,15,0,15,0.0,100.0,71
8,NR-AR-LBD,0.000147,208,172,5,167,2.91,97.09,72
193,NR-AR-LBD,0.000147,32,27,1,26,3.7,96.3,73
128,NR-AR-LBD,0.000145,21,16,0,16,0.0,100.0,74
140,NR-AR-LBD,0.000145,93,82,4,78,4.88,95.12,75
38,NR-AR-LBD,0.000144,11,9,0,9,0.0,100.0,76
56,NR-AR-LBD,0.000144,7,5,0,5,0.0,100.0,77
62,NR-AR-LBD,0.00014,9,8,0,8,0.0,100.0,78
143,NR-AR-LBD,0.00014,12,8,1,7,12.5,87.5,79
148,NR-AR-LBD,0.000137,26,21,0,21,0.0,100.0,80
26,NR-AR-LBD,0.000133,86,69,3,66,4.35,95.65,81
155,NR-AR-LBD,0.000132,9,8,0,8,0.0,100.0,82
80,NR-AR-LBD,0.000131,68,56,5,51,8.93,91.07,83
112,NR-AR-LBD,0.00013,33,27,2,25,7.41,92.59,84
142,NR-AR-LBD,0.000129,20,15,0,15,0.0,100.0,85
58,NR-AR-LBD,0.000128,12,9,0,9,0.0,100.0,86
153,NR-AR-LBD,0.000128,29,25,3,22,12.0,88.0,87
192,NR-AR-LBD,0.000127,6,6,0,6,0.0,100.0,88
7,NR-AR-LBD,0.000124,48,42,1,41,2.38,97.62,89
163,NR-AR-LBD,0.000124,20,13,0,13,0.0,100.0,90
10,NR-AR-LBD,0.000124,96,83,4,79,4.82,95.18,91
156,NR-AR-LBD,0.000123,39,33,5,28,15.15,84.85,92
33,NR-AR-LBD,0.000122,43,33,1,32,3.03,96.97,93
34,NR-AR-LBD,0.000122,84,69,2,67,2.9,97.1,94
14,NR-AR-LBD,0.000121,341,290,18,272,6.21,93.79,95
171,NR-AR-LBD,0.00012,22,18,0,18,0.0,100.0,96
20,NR-AR-LBD,0.00012,88,74,5,69,6.76,93.24,97
105,NR-AR-LBD,0.00012,22,19,1,18,5.26,94.74,98
11,NR-AR-LBD,0.00012,23,20,1,19,5.0,95.0,99
168,NR-AR-LBD,0.00012,22,14,1,13,7.14,92.86,100
86,NR-AR-LBD,0.000119,19,17,1,16,5.88,94.12,101
161,NR-AR-LBD,0.000119,52,36,2,34,5.56,94.44,102
149,NR-AR-LBD,0.000116,29,21,2,19,9.52,90.48,103
187,NR-AR-LBD,0.000116,18,16,1,15,6.25,93.75,104
73,NR-AR-LBD,0.000115,14,12,0,12,0.0,100.0,105
179,NR-AR-LBD,0.000115,56,44,6,38,13.64,86.36,106
132,NR-AR-LBD,0.000114,19,17,0,17,0.0,100.0,107
136,NR-AR-LBD,0.000113,8,7,0,7,0.0,100.0,108
61,NR-AR-LBD,0.000113,11,8,0,8,0.0,100.0,109
191,NR-AR-LBD,0.000113,17,14,0,14,0.0,100.0,110
154,NR-AR-LBD,0.000111,27,24,1,23,4.17,95.83,111
42,NR-AR-LBD,0.00011,26,20,1,19,5.0,95.0,112
174,NR-AR-LBD,0.000109,12,12,1,11,8.33,91.67,113
99,NR-AR-LBD,0.000109,8,6,0,6,0.0,100.0,114
113,NR-AR-LBD,0.000108,81,64,2,62,3.12,96.88,115
19,NR-AR-LBD,0.000108,5,4,0,4,0.0,100.0,116
100,NR-AR-LBD,0.000107,33,27,0,27,0.0,100.0,117
144,NR-AR-LBD,0.000107,12,10,0,10,0.0,100.0,118
103,NR-AR-LBD,0.000106,12,10,0,10,0.0,100.0,119
71,NR-AR-LBD,0.000105,24,18,0,18,0.0,100.0,120
184,NR-AR-LBD,0.000105,9,8,0,8,0.0,100.0,121
85,NR-AR-LBD,0.000103,19,18,0,18,0.0,100.0,122
108,NR-AR-LBD,0.000102,28,20,1,19,5.0,95.0,123
18,NR-AR-LBD,0.000102,83,69,4,65,5.8,94.2,124
36,NR-AR-LBD,0.000101,12,9,0,9,0.0,100.0,125
182,NR-AR-LBD,0.000101,14,8,0,8,0.0,100.0,126
74,NR-AR-LBD,0.0001,24,19,3,16,15.79,84.21,127
17,NR-AR-LBD,0.0001,21,16,1,15,6.25,93.75,128
87,NR-AR-LBD,9.9e-05,6,3,0,3,0.0,100.0,129
68,NR-AR-LBD,9.8e-05,18,15,3,12,20.0,80.0,130
9,NR-AR-LBD,9.8e-05,9,8,1,7,12.5,87.5,131
76,NR-AR-LBD,9.8e-05,52,48,2,46,4.17,95.83,132
0,NR-AR-LBD,9.6e-05,17,15,1,14,6.67,93.33,133
116,NR-AR-LBD,9.3e-05,9,5,0,5,0.0,100.0,134
47,NR-AR-LBD,9.3e-05,54,45,2,43,4.44,95.56,135
63,NR-AR-LBD,9.1e-05,21,19,0,19,0.0,100.0,136
195,NR-AR-LBD,8.7e-05,7,6,0,6,0.0,100.0,137
28,NR-AR-LBD,8.6e-05,19,17,3,14,17.65,82.35,138
31,NR-AR-LBD,8.4e-05,25,21,0,21,0.0,100.0,139
126,NR-AR-LBD,8.4e-05,4,2,0,2,0.0,100.0,140
110,NR-AR-LBD,8.4e-05,8,7,0,7,0.0,100.0,141
145,NR-AR-LBD,8.3e-05,20,16,2,14,12.5,87.5,142
151,NR-AR-LBD,8.3e-05,5,4,0,4,0.0,100.0,143
186,NR-AR-LBD,8.2e-05,5,5,0,5,0.0,100.0,144
69,NR-AR-LBD,8.1e-05,23,21,1,20,4.76,95.24,145
29,NR-AR-LBD,8e-05,14,14,0,14,0.0,100.0,146
158,NR-AR-LBD,8e-05,24,20,0,20,0.0,100.0,147
181,NR-AR-LBD,7.9e-05,12,10,0,10,0.0,100.0,148
147,NR-AR-LBD,7.8e-05,13,11,1,10,9.09,90.91,149
30,NR-AR-LBD,7.7e-05,52,48,2,46,4.17,95.83,150
169,NR-AR-LBD,7.7e-05,14,11,0,11,0.0,100.0,151
115,NR-AR-LBD,7.6e-05,69,55,5,50,9.09,90.91,152
39,NR-AR-LBD,7.6e-05,11,10,0,10,0.0,100.0,153
27,NR-AR-LBD,7.6e-05,14,11,0,11,0.0,100.0,154
117,NR-AR-LBD,7.6e-05,19,16,1,15,6.25,93.75,155
120,NR-AR-LBD,7.4e-05,9,8,0,8,0.0,100.0,156
107,NR-AR-LBD,7.3e-05,8,7,0,7,0.0,100.0,157
122,NR-AR-LBD,7.2e-05,15,13,0,13,0.0,100.0,158
164,NR-AR-LBD,7.1e-05,11,10,0,10,0.0,100.0,159
125,NR-AR-LBD,6.9e-05,21,20,2,18,10.0,90.0,160
165,NR-AR-LBD,6.8e-05,8,8,0,8,0.0,100.0,161
198,NR-AR-LBD,6.8e-05,10,8,2,6,25.0,75.0,162
90,NR-AR-LBD,6.7e-05,30,25,1,24,4.0,96.0,163
133,NR-AR-LBD,6.2e-05,10,10,0,10,0.0,100.0,164
12,NR-AR-LBD,6.1e-05,21,19,1,18,5.26,94.74,165
189,NR-AR-LBD,6.1e-05,10,10,0,10,0.0,100.0,166
21,NR-AR-LBD,5.9e-05,8,8,2,6,25.0,75.0,167
40,NR-AR-LBD,5.9e-05,18,13,2,11,15.38,84.62,168
15,NR-AR-LBD,5.9e-05,26,23,2,21,8.7,91.3,169
141,NR-AR-LBD,5.9e-05,8,8,0,8,0.0,100.0,170
89,NR-AR-LBD,5.6e-05,12,11,1,10,9.09,90.91,171
160,NR-AR-LBD,5.5e-05,7,6,0,6,0.0,100.0,172
93,NR-AR-LBD,5.3e-05,9,8,1,7,12.5,87.5,173
129,NR-AR-LBD,5.2e-05,8,8,0,8,0.0,100.0,174
170,NR-AR-LBD,5.2e-05,13,11,1,10,9.09,90.91,175
162,NR-AR-LBD,5e-05,14,12,0,12,0.0,100.0,176
4,NR-AR-LBD,4.7e-05,24,19,3,16,15.79,84.21,177
59,NR-AR-LBD,4.5e-05,15,14,1,13,7.14,92.86,178
84,NR-AR-LBD,4.4e-05,20,14,0,14,0.0,100.0,179
131,NR-AR-LBD,4.3e-05,10,9,1,8,11.11,88.89,180
166,NR-AR-LBD,4.2e-05,7,4,1,3,25.0,75.0,181
97,NR-AR-LBD,4.1e-05,6,5,0,5,0.0,100.0,182
172,NR-AR-LBD,3.8e-05,12,10,1,9,10.0,90.0,183
96,NR-AR-LBD,3.6e-05,8,7,0,7,0.0,100.0,184
13,NR-AR-LBD,3.5e-05,14,10,1,9,10.0,90.0,185
57,NR-AR-LBD,3.4e-05,10,10,1,9,10.0,90.0,186
77,NR-AR-LBD,3e-05,20,16,1,15,6.25,93.75,187
52,NR-AR-LBD,2.7e-05,10,8,0,8,0.0,100.0,188
88,NR-AR-LBD,2.6e-05,6,4,0,4,0.0,100.0,189
102,NR-AR-LBD,2.6e-05,12,11,0,11,0.0,100.0,190
152,NR-AR-LBD,2.6e-05,7,7,1,6,14.29,85.71,191
139,NR-AR-LBD,2.5e-05,5,5,2,3,40.0,60.0,192
135,NR-AR-LBD,2.5e-05,13,13,1,12,7.69,92.31,193
79,NR-AR-LBD,2.1e-05,3,3,1,2,33.33,66.67,194
175,NR-AR-LBD,2.1e-05,7,6,0,6,0.0,100.0,195
124,NR-AR-LBD,1.9e-05,5,5,0,5,0.0,100.0,196
194,NR-AR-LBD,8e-06,6,5,1,4,20.0,80.0,197
173,NR-AR-LBD,7e-06,2,2,0,2,0.0,100.0,198
50,NR-AR-LBD,7e-06,4,4,0,4,0.0,100.0,199
127,NR-AR-LBD,3e-06,2,1,0,1,0.0,100.0,200
2,NR-AhR,0.001614,363,289,31,258,10.73,89.27,1
134,NR-AhR,0.001249,250,202,29,173,14.36,85.64,2
51,NR-AhR,0.001122,302,251,52,199,20.72,79.28,3
70,NR-AhR,0.000939,247,200,32,168,16.0,84.0,4
94,NR-AhR,0.000891,267,220,39,181,17.73,82.27,5
31,NR-AhR,0.000605,25,19,3,16,15.79,84.21,6
24,NR-AhR,0.000587,136,118,11,107,9.32,90.68,7
35,NR-AhR,0.000573,210,175,33,142,18.86,81.14,8
178,NR-AhR,0.000522,27,23,2,21,8.7,91.3,9
104,NR-AhR,0.00052,163,131,20,111,15.27,84.73,10
109,NR-AhR,0.00051,42,38,6,32,15.79,84.21,11
159,NR-AhR,0.000508,127,112,10,102,8.93,91.07,12
158,NR-AhR,0.000508,24,18,4,14,22.22,77.78,13
72,NR-AhR,0.000489,153,121,11,110,9.09,90.91,14
32,NR-AhR,0.000486,45,39,2,37,5.13,94.87,15
167,NR-AhR,0.000472,143,110,11,99,10.0,90.0,16
22,NR-AhR,0.000466,193,157,14,143,8.92,91.08,17
44,NR-AhR,0.000462,71,59,11,48,18.64,81.36,18
67,NR-AhR,0.00046,166,134,23,111,17.16,82.84,19
196,NR-AhR,0.000458,21,19,1,18,5.26,94.74,20
180,NR-AhR,0.000448,11,8,0,8,0.0,100.0,21
119,NR-AhR,0.000442,240,202,18,184,8.91,91.09,22
60,NR-AhR,0.00044,116,104,10,94,9.62,90.38,23
183,NR-AhR,0.000423,93,75,12,63,16.0,84.0,24
150,NR-AhR,0.000403,57,48,12,36,25.0,75.0,25
74,NR-AhR,0.000396,24,18,3,15,16.67,83.33,26
193,NR-AhR,0.000393,32,25,6,19,24.0,76.0,27
43,NR-AhR,0.000393,310,255,29,226,11.37,88.63,28
116,NR-AhR,0.000375,9,8,3,5,37.5,62.5,29
53,NR-AhR,0.000375,81,67,6,61,8.96,91.04,30
65,NR-AhR,0.000366,119,100,12,88,12.0,88.0,31
176,NR-AhR,0.000365,39,34,1,33,2.94,97.06,32
156,NR-AhR,0.000365,39,28,5,23,17.86,82.14,33
25,NR-AhR,0.000359,48,43,5,38,11.63,88.37,34
81,NR-AhR,0.000356,47,43,4,39,9.3,90.7,35
48,NR-AhR,0.000355,55,45,4,41,8.89,91.11,36
177,NR-AhR,0.000354,26,21,5,16,23.81,76.19,37
49,NR-AhR,0.000354,42,31,7,24,22.58,77.42,38
66,NR-AhR,0.000345,47,33,2,31,6.06,93.94,39
71,NR-AhR,0.000342,24,19,1,18,5.26,94.74,40
3,NR-AhR,0.000338,266,222,29,193,13.06,86.94,41
82,NR-AhR,0.000337,14,12,0,12,0.0,100.0,42
149,NR-AhR,0.000328,29,21,0,21,0.0,100.0,43
46,NR-AhR,0.000328,185,151,25,126,16.56,83.44,44
103,NR-AhR,0.000321,12,10,3,7,30.0,70.0,45
75,NR-AhR,0.000312,97,78,18,60,23.08,76.92,46
182,NR-AhR,0.000309,14,11,0,11,0.0,100.0,47
138,NR-AhR,0.000307,81,71,7,64,9.86,90.14,48
6,NR-AhR,0.000304,51,40,3,37,7.5,92.5,49
85,NR-AhR,0.000302,19,16,4,12,25.0,75.0,50
172,NR-AhR,0.000301,12,10,2,8,20.0,80.0,51
93,NR-AhR,0.000292,9,7,0,7,0.0,100.0,52
157,NR-AhR,0.000289,62,45,5,40,11.11,88.89,53
125,NR-AhR,0.000289,21,16,3,13,18.75,81.25,54
18,NR-AhR,0.000288,83,67,9,58,13.43,86.57,55
45,NR-AhR,0.000286,67,51,10,41,19.61,80.39,56
197,NR-AhR,0.000281,55,49,0,49,0.0,100.0,57
26,NR-AhR,0.00028,86,70,12,58,17.14,82.86,58
121,NR-AhR,0.00028,11,8,0,8,0.0,100.0,59
76,NR-AhR,0.000278,52,43,9,34,20.93,79.07,60
42,NR-AhR,0.000277,26,23,2,21,8.7,91.3,61
54,NR-AhR,0.000276,37,33,4,29,12.12,87.88,62
20,NR-AhR,0.000273,88,68,9,59,13.24,86.76,63
37,NR-AhR,0.000269,168,131,7,124,5.34,94.66,64
78,NR-AhR,0.000264,60,46,2,44,4.35,95.65,65
154,NR-AhR,0.000264,27,23,0,23,0.0,100.0,66
114,NR-AhR,0.000258,75,59,9,50,15.25,84.75,67
185,NR-AhR,0.000257,39,33,5,28,15.15,84.85,68
63,NR-AhR,0.000256,21,19,1,18,5.26,94.74,69
8,NR-AhR,0.000254,208,171,22,149,12.87,87.13,70
111,NR-AhR,0.000251,16,11,1,10,9.09,90.91,71
12,NR-AhR,0.000248,21,18,3,15,16.67,83.33,72
162,NR-AhR,0.000248,14,13,0,13,0.0,100.0,73
137,NR-AhR,0.000245,18,15,0,15,0.0,100.0,74
133,NR-AhR,0.000245,10,10,1,9,10.0,90.0,75
36,NR-AhR,0.000242,12,10,1,9,10.0,90.0,76
86,NR-AhR,0.000242,19,16,1,15,6.25,93.75,77
80,NR-AhR,0.00024,68,57,6,51,10.53,89.47,78
171,NR-AhR,0.000238,22,19,0,19,0.0,100.0,79
23,NR-AhR,0.000235,198,160,14,146,8.75,91.25,80
83,NR-AhR,0.000234,259,214,33,181,15.42,84.58,81
161,NR-AhR,0.000229,52,39,4,35,10.26,89.74,82
33,NR-AhR,0.000229,43,30,5,25,16.67,83.33,83
97,NR-AhR,0.000229,6,6,0,6,0.0,100.0,84
92,NR-AhR,0.000224,35,27,6,21,22.22,77.78,85
16,NR-AhR,0.000222,103,85,8,77,9.41,90.59,86
113,NR-AhR,0.000222,81,67,10,57,14.93,85.07,87
98,NR-AhR,0.00022,39,32,4,28,12.5,87.5,88
105,NR-AhR,0.000219,22,17,2,15,11.76,88.24,89
11,NR-AhR,0.000219,23,19,1,18,5.26,94.74,90
15,NR-AhR,0.000217,26,20,1,19,5.0,95.0,91
41,NR-AhR,0.000212,36,32,5,27,15.62,84.38,92
165,NR-AhR,0.000211,8,6,0,6,0.0,100.0,93
1,NR-AhR,0.000211,36,28,1,27,3.57,96.43,94
188,NR-AhR,0.00021,47,42,3,39,7.14,92.86,95
107,NR-AhR,0.000209,8,6,1,5,16.67,83.33,96
123,NR-AhR,0.000204,21,20,2,18,10.0,90.0,97
148,NR-AhR,0.0002,26,24,7,17,29.17,70.83,98
14,NR-AhR,0.000198,341,278,27,251,9.71,90.29,99
145,NR-AhR,0.000198,20,14,4,10,28.57,71.43,100
190,NR-AhR,0.000195,35,33,10,23,30.3,69.7,101
179,NR-AhR,0.000191,56,44,7,37,15.91,84.09,102
30,NR-AhR,0.00019,52,44,4,40,9.09,90.91,103
17,NR-AhR,0.000189,21,14,2,12,14.29,85.71,104
147,NR-AhR,0.000189,13,11,1,10,9.09,90.91,105
55,NR-AhR,0.000189,45,40,4,36,10.0,90.0,106
10,NR-AhR,0.000187,96,79,8,71,10.13,89.87,107
199,NR-AhR,0.000187,7,7,1,6,14.29,85.71,108
115,NR-AhR,0.000186,69,55,12,43,21.82,78.18,109
169,NR-AhR,0.000185,14,13,1,12,7.69,92.31,110
122,NR-AhR,0.000185,15,13,2,11,15.38,84.62,111
5,NR-AhR,0.000184,71,60,10,50,16.67,83.33,112
0,NR-AhR,0.000181,17,14,1,13,7.14,92.86,113
140,NR-AhR,0.00018,93,78,11,67,14.1,85.9,114
108,NR-AhR,0.00018,28,19,2,17,10.53,89.47,115
58,NR-AhR,0.000177,12,11,1,10,9.09,90.91,116
27,NR-AhR,0.000176,14,12,0,12,0.0,100.0,117
91,NR-AhR,0.000176,26,24,3,21,12.5,87.5,118
62,NR-AhR,0.000176,9,8,2,6,25.0,75.0,119
146,NR-AhR,0.000172,21,19,2,17,10.53,89.47,120
174,NR-AhR,0.000172,12,10,0,10,0.0,100.0,121
143,NR-AhR,0.000171,12,10,2,8,20.0,80.0,122
100,NR-AhR,0.00017,33,28,2,26,7.14,92.86,123
142,NR-AhR,0.000169,20,17,1,16,5.88,94.12,124
136,NR-AhR,0.000169,8,7,1,6,14.29,85.71,125
117,NR-AhR,0.000168,19,18,2,16,11.11,88.89,126
106,NR-AhR,0.000165,60,50,4,46,8.0,92.0,127
59,NR-AhR,0.000164,15,14,1,13,7.14,92.86,128
187,NR-AhR,0.000162,18,15,2,13,13.33,86.67,129
151,NR-AhR,0.000161,5,4,0,4,0.0,100.0,130
110,NR-AhR,0.000161,8,7,1,6,14.29,85.71,131
101,NR-AhR,0.00016,36,31,3,28,9.68,90.32,132
77,NR-AhR,0.00016,20,17,0,17,0.0,100.0,133
95,NR-AhR,0.000154,24,22,1,21,4.55,95.45,134
69,NR-AhR,0.000153,23,21,3,18,14.29,85.71,135
192,NR-AhR,0.000153,6,5,1,4,20.0,80.0,136
7,NR-AhR,0.000151,48,38,6,32,15.79,84.21,137
153,NR-AhR,0.000148,29,24,1,23,4.17,95.83,138
68,NR-AhR,0.000145,18,15,0,15,0.0,100.0,139
34,NR-AhR,0.00014,84,59,4,55,6.78,93.22,140
29,NR-AhR,0.000139,14,13,0,13,0.0,100.0,141
47,NR-AhR,0.000137,54,44,6,38,13.64,86.36,142
4,NR-AhR,0.000135,24,20,1,19,5.0,95.0,143
84,NR-AhR,0.000131,20,16,5,11,31.25,68.75,144
129,NR-AhR,0.000128,8,6,0,6,0.0,100.0,145
160,NR-AhR,0.000126,7,6,1,5,16.67,83.33,146
40,NR-AhR,0.000121,18,15,1,14,6.67,93.33,147
168,NR-AhR,0.000121,22,15,0,15,0.0,100.0,148
132,NR-AhR,0.000121,19,18,7,11,38.89,61.11,149
89,NR-AhR,0.000118,12,12,3,9,25.0,75.0,150
166,NR-AhR,0.000115,7,4,0,4,0.0,100.0,151
64,NR-AhR,0.000114,27,21,5,16,23.81,76.19,152
128,NR-AhR,0.000112,21,17,1,16,5.88,94.12,153
28,NR-AhR,0.000111,19,17,2,15,11.76,88.24,154
181,NR-AhR,0.000111,12,11,0,11,0.0,100.0,155
102,NR-AhR,0.000109,12,12,0,12,0.0,100.0,156
96,NR-AhR,0.000108,8,7,2,5,28.57,71.43,157
170,NR-AhR,0.000107,13,12,1,11,8.33,91.67,158
19,NR-AhR,0.000106,5,4,1,3,25.0,75.0,159
198,NR-AhR,0.000104,10,9,1,8,11.11,88.89,160
131,NR-AhR,0.0001,10,9,0,9,0.0,100.0,161
130,NR-AhR,9.8e-05,12,8,0,8,0.0,100.0,162
189,NR-AhR,9.8e-05,10,10,1,9,10.0,90.0,163
9,NR-AhR,9.8e-05,9,6,1,5,16.67,83.33,164
90,NR-AhR,9.7e-05,30,26,2,24,7.69,92.31,165
155,NR-AhR,9.7e-05,9,9,4,5,44.44,55.56,166
99,NR-AhR,9.5e-05,8,5,0,5,0.0,100.0,167
38,NR-AhR,9.5e-05,11,10,0,10,0.0,100.0,168
57,NR-AhR,9.5e-05,10,9,1,8,11.11,88.89,169
73,NR-AhR,9.5e-05,14,12,2,10,16.67,83.33,170
88,NR-AhR,9.4e-05,6,3,2,1,66.67,33.33,171
164,NR-AhR,9.3e-05,11,9,1,8,11.11,88.89,172
144,NR-AhR,9.3e-05,12,10,3,7,30.0,70.0,173
118,NR-AhR,9.2e-05,4,4,1,3,25.0,75.0,174
195,NR-AhR,8.4e-05,7,7,0,7,0.0,100.0,175
61,NR-AhR,8.3e-05,11,9,1,8,11.11,88.89,176
184,NR-AhR,8.2e-05,9,7,0,7,0.0,100.0,177
124,NR-AhR,8.1e-05,5,5,0,5,0.0,100.0,178
13,NR-AhR,8e-05,14,11,0,11,0.0,100.0,179
163,NR-AhR,7.6e-05,20,16,0,16,0.0,100.0,180
112,NR-AhR,7.5e-05,33,29,2,27,6.9,93.1,181
87,NR-AhR,7.1e-05,6,5,0,5,0.0,100.0,182
39,NR-AhR,6.9e-05,11,10,0,10,0.0,100.0,183
120,NR-AhR,6.9e-05,9,9,2,7,22.22,77.78,184
186,NR-AhR,6.5e-05,5,5,0,5,0.0,100.0,185
141,NR-AhR,6.4e-05,8,7,1,6,14.29,85.71,186
135,NR-AhR,6.3e-05,13,11,1,10,9.09,90.91,187
175,NR-AhR,6.3e-05,7,7,0,7,0.0,100.0,188
79,NR-AhR,6.2e-05,3,3,0,3,0.0,100.0,189
139,NR-AhR,5.5e-05,5,4,0,4,0.0,100.0,190
56,NR-AhR,5.4e-05,7,6,1,5,16.67,83.33,191
21,NR-AhR,5e-05,8,7,2,5,28.57,71.43,192
191,NR-AhR,4.9e-05,17,13,3,10,23.08,76.92,193
52,NR-AhR,4.4e-05,10,8,0,8,0.0,100.0,194
152,NR-AhR,4.3e-05,7,7,0,7,0.0,100.0,195
126,NR-AhR,3.7e-05,4,2,1,1,50.0,50.0,196
194,NR-AhR,3.6e-05,6,6,2,4,33.33,66.67,197
50,NR-AhR,2.6e-05,4,4,0,4,0.0,100.0,198
127,NR-AhR,2.6e-05,2,2,1,1,50.0,50.0,199
173,NR-AhR,1.9e-05,2,2,0,2,0.0,100.0,200
2,NR-Aromatase,0.000578,363,258,20,238,7.75,92.25,1
24,NR-Aromatase,0.00045,136,101,5,96,4.95,95.05,2
51,NR-Aromatase,0.000447,302,215,20,195,9.3,90.7,3
35,NR-Aromatase,0.00042,210,154,12,142,7.79,92.21,4
134,NR-Aromatase,0.000403,250,184,10,174,5.43,94.57,5
119,NR-Aromatase,0.000375,240,184,10,174,5.43,94.57,6
177,NR-Aromatase,0.000358,26,15,0,15,0.0,100.0,7
94,NR-Aromatase,0.000357,267,196,20,176,10.2,89.8,8
159,NR-Aromatase,0.000348,127,94,9,85,9.57,90.43,9
23,NR-Aromatase,0.000334,198,142,11,131,7.75,92.25,10
70,NR-Aromatase,0.000319,247,178,14,164,7.87,92.13,11
75,NR-Aromatase,0.000319,97,62,10,52,16.13,83.87,12
60,NR-Aromatase,0.000308,116,87,3,84,3.45,96.55,13
167,NR-Aromatase,0.000303,143,100,5,95,5.0,95.0,14
31,NR-Aromatase,0.0003,25,17,2,15,11.76,88.24,15
178,NR-Aromatase,0.000296,27,21,3,18,14.29,85.71,16
22,NR-Aromatase,0.000271,193,136,10,126,7.35,92.65,17
43,NR-Aromatase,0.00027,310,231,15,216,6.49,93.51,18
176,NR-Aromatase,0.000268,39,31,1,30,3.23,96.77,19
49,NR-Aromatase,0.000268,42,27,3,24,11.11,88.89,20
183,NR-Aromatase,0.000261,93,72,7,65,9.72,90.28,21
48,NR-Aromatase,0.000249,55,34,1,33,2.94,97.06,22
196,NR-Aromatase,0.000244,21,19,0,19,0.0,100.0,23
72,NR-Aromatase,0.000241,153,108,3,105,2.78,97.22,24
104,NR-Aromatase,0.000234,163,112,9,103,8.04,91.96,25
26,NR-Aromatase,0.000225,86,54,6,48,11.11,88.89,26
44,NR-Aromatase,0.000224,71,52,3,49,5.77,94.23,27
132,NR-Aromatase,0.000215,19,11,2,9,18.18,81.82,28
61,NR-Aromatase,0.000211,11,7,2,5,28.57,71.43,29
66,NR-Aromatase,0.000203,47,32,2,30,6.25,93.75,30
67,NR-Aromatase,0.000203,166,110,11,99,10.0,90.0,31
163,NR-Aromatase,0.000194,20,12,1,11,8.33,91.67,32
65,NR-Aromatase,0.000193,119,88,8,80,9.09,90.91,33
143,NR-Aromatase,0.000191,12,6,1,5,16.67,83.33,34
3,NR-Aromatase,0.00019,266,188,12,176,6.38,93.62,35
46,NR-Aromatase,0.000189,185,122,9,113,7.38,92.62,36
180,NR-Aromatase,0.000188,11,7,0,7,0.0,100.0,37
80,NR-Aromatase,0.000182,68,50,5,45,10.0,90.0,38
190,NR-Aromatase,0.000182,35,30,3,27,10.0,90.0,39
85,NR-Aromatase,0.000179,19,14,1,13,7.14,92.86,40
138,NR-Aromatase,0.000179,81,65,4,61,6.15,93.85,41
108,NR-Aromatase,0.000177,28,17,2,15,11.76,88.24,42
157,NR-Aromatase,0.000177,62,43,5,38,11.63,88.37,43
113,NR-Aromatase,0.000174,81,61,5,56,8.2,91.8,44
45,NR-Aromatase,0.000173,67,47,10,37,21.28,78.72,45
114,NR-Aromatase,0.000172,75,47,4,43,8.51,91.49,46
41,NR-Aromatase,0.000172,36,29,3,26,10.34,89.66,47
78,NR-Aromatase,0.000172,60,42,3,39,7.14,92.86,48
103,NR-Aromatase,0.000171,12,8,0,8,0.0,100.0,49
197,NR-Aromatase,0.000171,55,47,2,45,4.26,95.74,50
92,NR-Aromatase,0.00017,35,26,2,24,7.69,92.31,51
8,NR-Aromatase,0.000168,208,152,14,138,9.21,90.79,52
181,NR-Aromatase,0.000167,12,10,1,9,10.0,90.0,53
130,NR-Aromatase,0.000167,12,8,0,8,0.0,100.0,54
199,NR-Aromatase,0.000163,7,6,1,5,16.67,83.33,55
188,NR-Aromatase,0.000162,47,34,1,33,2.94,97.06,56
101,NR-Aromatase,0.000161,36,28,4,24,14.29,85.71,57
125,NR-Aromatase,0.000161,21,14,0,14,0.0,100.0,58
62,NR-Aromatase,0.00016,9,8,1,7,12.5,87.5,59
37,NR-Aromatase,0.000158,168,117,7,110,5.98,94.02,60
150,NR-Aromatase,0.000157,57,38,5,33,13.16,86.84,61
193,NR-Aromatase,0.000153,32,23,1,22,4.35,95.65,62
185,NR-Aromatase,0.000151,39,26,5,21,19.23,80.77,63
32,NR-Aromatase,0.000151,45,31,1,30,3.23,96.77,64
169,NR-Aromatase,0.00015,14,10,2,8,20.0,80.0,65
98,NR-Aromatase,0.000149,39,27,1,26,3.7,96.3,66
27,NR-Aromatase,0.000149,14,10,2,8,20.0,80.0,67
7,NR-Aromatase,0.000149,48,36,3,33,8.33,91.67,68
87,NR-Aromatase,0.000147,6,4,0,4,0.0,100.0,69
162,NR-Aromatase,0.000138,14,11,0,11,0.0,100.0,70
91,NR-Aromatase,0.000138,26,20,0,20,0.0,100.0,71
74,NR-Aromatase,0.000137,24,15,2,13,13.33,86.67,72
6,NR-Aromatase,0.000136,51,33,2,31,6.06,93.94,73
110,NR-Aromatase,0.000135,8,5,2,3,40.0,60.0,74
5,NR-Aromatase,0.000134,71,50,6,44,12.0,88.0,75
14,NR-Aromatase,0.000134,341,241,19,222,7.88,92.12,76
82,NR-Aromatase,0.000133,14,9,0,9,0.0,100.0,77
40,NR-Aromatase,0.000133,18,12,0,12,0.0,100.0,78
64,NR-Aromatase,0.000132,27,15,6,9,40.0,60.0,79
63,NR-Aromatase,0.000131,21,15,0,15,0.0,100.0,80
174,NR-Aromatase,0.000129,12,10,0,10,0.0,100.0,81
25,NR-Aromatase,0.000127,48,34,1,33,2.94,97.06,82
18,NR-Aromatase,0.000127,83,59,4,55,6.78,93.22,83
53,NR-Aromatase,0.000123,81,64,0,64,0.0,100.0,84
140,NR-Aromatase,0.000122,93,69,4,65,5.8,94.2,85
146,NR-Aromatase,0.000121,21,16,0,16,0.0,100.0,86
20,NR-Aromatase,0.000121,88,60,8,52,13.33,86.67,87
9,NR-Aromatase,0.000121,9,8,0,8,0.0,100.0,88
11,NR-Aromatase,0.00012,23,17,0,17,0.0,100.0,89
105,NR-Aromatase,0.00012,22,15,1,14,6.67,93.33,90
148,NR-Aromatase,0.00012,26,18,3,15,16.67,83.33,91
142,NR-Aromatase,0.000119,20,12,1,11,8.33,91.67,92
76,NR-Aromatase,0.000118,52,39,5,34,12.82,87.18,93
179,NR-Aromatase,0.000117,56,37,3,34,8.11,91.89,94
168,NR-Aromatase,0.000117,22,14,2,12,14.29,85.71,95
38,NR-Aromatase,0.000116,11,8,1,7,12.5,87.5,96
95,NR-Aromatase,0.000115,24,21,1,20,4.76,95.24,97
10,NR-Aromatase,0.000115,96,68,4,64,5.88,94.12,98
120,NR-Aromatase,0.000115,9,8,3,5,37.5,62.5,99
16,NR-Aromatase,0.000115,103,76,4,72,5.26,94.74,100
115,NR-Aromatase,0.000114,69,45,5,40,11.11,88.89,101
107,NR-Aromatase,0.000114,8,6,0,6,0.0,100.0,102
137,NR-Aromatase,0.000112,18,12,2,10,16.67,83.33,103
83,NR-Aromatase,0.00011,259,187,12,175,6.42,93.58,104
109,NR-Aromatase,0.00011,42,35,0,35,0.0,100.0,105
198,NR-Aromatase,0.00011,10,7,2,5,28.57,71.43,106
133,NR-Aromatase,0.00011,10,8,0,8,0.0,100.0,107
145,NR-Aromatase,0.000109,20,10,2,8,20.0,80.0,108
47,NR-Aromatase,0.000109,54,36,2,34,5.56,94.44,109
34,NR-Aromatase,0.000109,84,57,3,54,5.26,94.74,110
153,NR-Aromatase,0.000109,29,20,5,15,25.0,75.0,111
160,NR-Aromatase,0.000109,7,5,1,4,20.0,80.0,112
118,NR-Aromatase,0.000109,4,2,0,2,0.0,100.0,113
149,NR-Aromatase,0.000107,29,22,1,21,4.55,95.45,114
172,NR-Aromatase,0.000107,12,10,3,7,30.0,70.0,115
171,NR-Aromatase,0.000105,22,17,0,17,0.0,100.0,116
123,NR-Aromatase,0.000105,21,15,1,14,6.67,93.33,117
12,NR-Aromatase,0.000104,21,16,3,13,18.75,81.25,118
54,NR-Aromatase,0.000103,37,30,0,30,0.0,100.0,119
58,NR-Aromatase,0.000102,12,7,0,7,0.0,100.0,120
147,NR-Aromatase,0.000101,13,8,1,7,12.5,87.5,121
100,NR-Aromatase,9.9e-05,33,27,3,24,11.11,88.89,122
81,NR-Aromatase,9.8e-05,47,37,2,35,5.41,94.59,123
0,NR-Aromatase,9.5e-05,17,14,2,12,14.29,85.71,124
106,NR-Aromatase,9.4e-05,60,46,2,44,4.35,95.65,125
170,NR-Aromatase,9.4e-05,13,9,0,9,0.0,100.0,126
86,NR-Aromatase,9.3e-05,19,10,0,10,0.0,100.0,127
112,NR-Aromatase,9.3e-05,33,21,2,19,9.52,90.48,128
57,NR-Aromatase,9.3e-05,10,8,0,8,0.0,100.0,129
117,NR-Aromatase,9.1e-05,19,13,0,13,0.0,100.0,130
102,NR-Aromatase,9.1e-05,12,11,1,10,9.09,90.91,131
71,NR-Aromatase,9.1e-05,24,16,2,14,12.5,87.5,132
154,NR-Aromatase,9.1e-05,27,22,2,20,9.09,90.91,133
191,NR-Aromatase,9e-05,17,9,0,9,0.0,100.0,134
158,NR-Aromatase,8.8e-05,24,17,2,15,11.76,88.24,135
182,NR-Aromatase,8.7e-05,14,8,1,7,12.5,87.5,136
131,NR-Aromatase,8.7e-05,10,8,1,7,12.5,87.5,137
155,NR-Aromatase,8.4e-05,9,6,0,6,0.0,100.0,138
1,NR-Aromatase,8.3e-05,36,27,3,24,11.11,88.89,139
84,NR-Aromatase,8.3e-05,20,11,2,9,18.18,81.82,140
15,NR-Aromatase,8.2e-05,26,20,3,17,15.0,85.0,141
55,NR-Aromatase,8.1e-05,45,31,1,30,3.23,96.77,142
187,NR-Aromatase,8.1e-05,18,13,2,11,15.38,84.62,143
4,NR-Aromatase,8e-05,24,17,2,15,11.76,88.24,144
33,NR-Aromatase,8e-05,43,26,2,24,7.69,92.31,145
121,NR-Aromatase,8e-05,11,7,1,6,14.29,85.71,146
77,NR-Aromatase,7.9e-05,20,15,2,13,13.33,86.67,147
151,NR-Aromatase,7.9e-05,5,4,0,4,0.0,100.0,148
93,NR-Aromatase,7.9e-05,9,8,2,6,25.0,75.0,149
29,NR-Aromatase,7.9e-05,14,11,0,11,0.0,100.0,150
184,NR-Aromatase,7.8e-05,9,8,0,8,0.0,100.0,151
42,NR-Aromatase,7.6e-05,26,20,1,19,5.0,95.0,152
122,NR-Aromatase,7.5e-05,15,10,0,10,0.0,100.0,153
161,NR-Aromatase,7.4e-05,52,32,7,25,21.88,78.12,154
156,NR-Aromatase,7.3e-05,39,25,3,22,12.0,88.0,155
30,NR-Aromatase,7.2e-05,52,35,1,34,2.86,97.14,156
128,NR-Aromatase,7.1e-05,21,18,2,16,11.11,88.89,157
126,NR-Aromatase,6.7e-05,4,1,0,1,0.0,100.0,158
96,NR-Aromatase,6.7e-05,8,6,0,6,0.0,100.0,159
59,NR-Aromatase,6.5e-05,15,10,0,10,0.0,100.0,160
136,NR-Aromatase,6.5e-05,8,5,0,5,0.0,100.0,161
88,NR-Aromatase,6.3e-05,6,3,1,2,33.33,66.67,162
144,NR-Aromatase,6.2e-05,12,11,1,10,9.09,90.91,163
194,NR-Aromatase,6.2e-05,6,4,1,3,25.0,75.0,164
68,NR-Aromatase,6.1e-05,18,11,1,10,9.09,90.91,165
195,NR-Aromatase,6.1e-05,7,4,0,4,0.0,100.0,166
13,NR-Aromatase,6.1e-05,14,8,0,8,0.0,100.0,167
79,NR-Aromatase,5.8e-05,3,2,1,1,50.0,50.0,168
165,NR-Aromatase,5.7e-05,8,7,0,7,0.0,100.0,169
111,NR-Aromatase,5.7e-05,16,14,1,13,7.14,92.86,170
189,NR-Aromatase,5.6e-05,10,6,1,5,16.67,83.33,171
56,NR-Aromatase,5.6e-05,7,4,1,3,25.0,75.0,172
17,NR-Aromatase,5.6e-05,21,11,0,11,0.0,100.0,173
89,NR-Aromatase,5.5e-05,12,10,1,9,10.0,90.0,174
90,NR-Aromatase,5.3e-05,30,21,1,20,4.76,95.24,175
69,NR-Aromatase,4.9e-05,23,20,3,17,15.0,85.0,176
192,NR-Aromatase,4.9e-05,6,5,0,5,0.0,100.0,177
36,NR-Aromatase,4.7e-05,12,8,0,8,0.0,100.0,178
99,NR-Aromatase,4.6e-05,8,5,0,5,0.0,100.0,179
21,NR-Aromatase,4.6e-05,8,8,2,6,25.0,75.0,180
39,NR-Aromatase,4.5e-05,11,10,0,10,0.0,100.0,181
135,NR-Aromatase,4.1e-05,13,11,1,10,9.09,90.91,182
152,NR-Aromatase,3.9e-05,7,7,0,7,0.0,100.0,183
19,NR-Aromatase,3.8e-05,5,4,1,3,25.0,75.0,184
73,NR-Aromatase,3.6e-05,14,11,1,10,9.09,90.91,185
124,NR-Aromatase,3.6e-05,5,4,0,4,0.0,100.0,186
175,NR-Aromatase,3.5e-05,7,7,1,6,14.29,85.71,187
28,NR-Aromatase,3.5e-05,19,13,2,11,15.38,84.62,188
116,NR-Aromatase,3.3e-05,9,6,2,4,33.33,66.67,189
141,NR-Aromatase,3.3e-05,8,7,1,6,14.29,85.71,190
166,NR-Aromatase,3.1e-05,7,4,0,4,0.0,100.0,191
164,NR-Aromatase,3.1e-05,11,10,0,10,0.0,100.0,192
139,NR-Aromatase,2.5e-05,5,4,1,3,25.0,75.0,193
173,NR-Aromatase,2.5e-05,2,2,0,2,0.0,100.0,194
129,NR-Aromatase,2.4e-05,8,6,0,6,0.0,100.0,195
50,NR-Aromatase,2.2e-05,4,4,0,4,0.0,100.0,196
97,NR-Aromatase,1.9e-05,6,5,0,5,0.0,100.0,197
186,NR-Aromatase,1.8e-05,5,4,1,3,25.0,75.0,198
52,NR-Aromatase,1.3e-05,10,8,0,8,0.0,100.0,199
127,NR-Aromatase,1e-06,2,1,0,1,0.0,100.0,200
2,NR-ER,0.00245,363,261,34,227,13.03,86.97,1
157,NR-ER,0.002275,62,46,3,43,6.52,93.48,2
51,NR-ER,0.001544,302,230,38,192,16.52,83.48,3
134,NR-ER,0.001388,250,191,18,173,9.42,90.58,4
183,NR-ER,0.001371,93,67,6,61,8.96,91.04,5
24,NR-ER,0.001335,136,113,14,99,12.39,87.61,6
119,NR-ER,0.001303,240,181,25,156,13.81,86.19,7
70,NR-ER,0.001279,247,185,17,168,9.19,90.81,8
94,NR-ER,0.001217,267,205,35,170,17.07,82.93,9
45,NR-ER,0.001206,67,50,16,34,32.0,68.0,10
43,NR-ER,0.001202,310,238,25,213,10.5,89.5,11
6,NR-ER,0.001194,51,37,4,33,10.81,89.19,12
104,NR-ER,0.001155,163,123,14,109,11.38,88.62,13
60,NR-ER,0.001143,116,90,9,81,10.0,90.0,14
188,NR-ER,0.001127,47,39,7,32,17.95,82.05,15
138,NR-ER,0.001093,81,56,6,50,10.71,89.29,16
67,NR-ER,0.001079,166,123,25,98,20.33,79.67,17
72,NR-ER,0.001064,153,123,13,110,10.57,89.43,18
178,NR-ER,0.001051,27,24,4,20,16.67,83.33,19
109,NR-ER,0.001042,42,38,4,34,10.53,89.47,20
176,NR-ER,0.00103,39,30,2,28,6.67,93.33,21
159,NR-ER,0.00102,127,98,10,88,10.2,89.8,22
150,NR-ER,0.001018,57,39,3,36,7.69,92.31,23
82,NR-ER,0.001007,14,12,2,10,16.67,83.33,24
22,NR-ER,0.000993,193,141,25,116,17.73,82.27,25
41,NR-ER,0.000989,36,30,2,28,6.67,93.33,26
46,NR-ER,0.00096,185,139,17,122,12.23,87.77,27
92,NR-ER,0.000944,35,21,1,20,4.76,95.24,28
121,NR-ER,0.000938,11,8,2,6,25.0,75.0,29
154,NR-ER,0.000937,27,22,1,21,4.55,95.45,30
35,NR-ER,0.000924,210,165,23,142,13.94,86.06,31
44,NR-ER,0.000915,71,52,5,47,9.62,90.38,32
3,NR-ER,0.000885,266,197,25,172,12.69,87.31,33
167,NR-ER,0.000883,143,110,14,96,12.73,87.27,34
91,NR-ER,0.000872,26,25,4,21,16.0,84.0,35
101,NR-ER,0.000843,36,27,4,23,14.81,85.19,36
162,NR-ER,0.000838,14,12,0,12,0.0,100.0,37
31,NR-ER,0.000814,25,17,0,17,0.0,100.0,38
95,NR-ER,0.000785,24,22,1,21,4.55,95.45,39
23,NR-ER,0.000776,198,147,17,130,11.56,88.44,40
196,NR-ER,0.000771,21,19,2,17,10.53,89.47,41
98,NR-ER,0.000762,39,29,6,23,20.69,79.31,42
78,NR-ER,0.00076,60,45,1,44,2.22,97.78,43
53,NR-ER,0.000744,81,66,6,60,9.09,90.91,44
80,NR-ER,0.000733,68,51,4,47,7.84,92.16,45
49,NR-ER,0.000712,42,27,1,26,3.7,96.3,46
170,NR-ER,0.000707,13,10,1,9,10.0,90.0,47
193,NR-ER,0.0007,32,22,5,17,22.73,77.27,48
108,NR-ER,0.000698,28,20,0,20,0.0,100.0,49
26,NR-ER,0.00069,86,69,10,59,14.49,85.51,50
163,NR-ER,0.000679,20,12,3,9,25.0,75.0,51
123,NR-ER,0.000676,21,16,0,16,0.0,100.0,52
75,NR-ER,0.000671,97,69,15,54,21.74,78.26,53
37,NR-ER,0.000669,168,119,17,102,14.29,85.71,54
32,NR-ER,0.000662,45,32,3,29,9.38,90.62,55
76,NR-ER,0.00066,52,37,3,34,8.11,91.89,56
125,NR-ER,0.000647,21,15,1,14,6.67,93.33,57
100,NR-ER,0.000646,33,26,2,24,7.69,92.31,58
8,NR-ER,0.000643,208,154,21,133,13.64,86.36,59
149,NR-ER,0.000632,29,22,2,20,9.09,90.91,60
169,NR-ER,0.000624,14,7,0,7,0.0,100.0,61
18,NR-ER,0.000623,83,57,9,48,15.79,84.21,62
81,NR-ER,0.000619,47,39,2,37,5.13,94.87,63
107,NR-ER,0.000611,8,6,0,6,0.0,100.0,64
63,NR-ER,0.000607,21,16,0,16,0.0,100.0,65
5,NR-ER,0.000605,71,52,2,50,3.85,96.15,66
42,NR-ER,0.000605,26,18,4,14,22.22,77.78,67
16,NR-ER,0.000603,103,80,10,70,12.5,87.5,68
197,NR-ER,0.000599,55,47,4,43,8.51,91.49,69
142,NR-ER,0.000598,20,13,1,12,7.69,92.31,70
85,NR-ER,0.000595,19,17,3,14,17.65,82.35,71
113,NR-ER,0.000594,81,61,13,48,21.31,78.69,72
156,NR-ER,0.000593,39,26,5,21,19.23,80.77,73
111,NR-ER,0.000591,16,12,0,12,0.0,100.0,74
86,NR-ER,0.000588,19,15,1,14,6.67,93.33,75
10,NR-ER,0.000587,96,74,10,64,13.51,86.49,76
74,NR-ER,0.000582,24,15,5,10,33.33,66.67,77
66,NR-ER,0.000581,47,33,7,26,21.21,78.79,78
36,NR-ER,0.000581,12,8,0,8,0.0,100.0,79
174,NR-ER,0.000581,12,9,0,9,0.0,100.0,80
168,NR-ER,0.000572,22,14,0,14,0.0,100.0,81
106,NR-ER,0.000571,60,48,6,42,12.5,87.5,82
151,NR-ER,0.000569,5,4,0,4,0.0,100.0,83
33,NR-ER,0.000564,43,25,2,23,8.0,92.0,84
133,NR-ER,0.000557,10,8,0,8,0.0,100.0,85
185,NR-ER,0.000557,39,27,3,24,11.11,88.89,86
137,NR-ER,0.000554,18,12,1,11,8.33,91.67,87
114,NR-ER,0.000552,75,52,9,43,17.31,82.69,88
116,NR-ER,0.000551,9,5,1,4,20.0,80.0,89
48,NR-ER,0.000548,55,35,4,31,11.43,88.57,90
65,NR-ER,0.000547,119,89,7,82,7.87,92.13,91
64,NR-ER,0.000541,27,19,6,13,31.58,68.42,92
164,NR-ER,0.000531,11,11,2,9,18.18,81.82,93
97,NR-ER,0.000515,6,5,1,4,20.0,80.0,94
180,NR-ER,0.000512,11,11,5,6,45.45,54.55,95
179,NR-ER,0.00051,56,41,10,31,24.39,75.61,96
160,NR-ER,0.000509,7,6,0,6,0.0,100.0,97
147,NR-ER,0.000507,13,11,1,10,9.09,90.91,98
12,NR-ER,0.000504,21,13,3,10,23.08,76.92,99
198,NR-ER,0.0005,10,10,2,8,20.0,80.0,100
11,NR-ER,0.000499,23,17,1,16,5.88,94.12,101
199,NR-ER,0.000494,7,5,1,4,20.0,80.0,102
189,NR-ER,0.000494,10,9,1,8,11.11,88.89,103
146,NR-ER,0.000492,21,21,2,19,9.52,90.48,104
83,NR-ER,0.000484,259,187,22,165,11.76,88.24,105
191,NR-ER,0.000483,17,12,1,11,8.33,91.67,106
34,NR-ER,0.000482,84,61,5,56,8.2,91.8,107
153,NR-ER,0.000477,29,22,2,20,9.09,90.91,108
140,NR-ER,0.000475,93,69,10,59,14.49,85.51,109
14,NR-ER,0.000473,341,257,36,221,14.01,85.99,110
25,NR-ER,0.000472,48,40,9,31,22.5,77.5,111
73,NR-ER,0.00047,14,10,0,10,0.0,100.0,112
88,NR-ER,0.00047,6,2,0,2,0.0,100.0,113
122,NR-ER,0.000467,15,8,1,7,12.5,87.5,114
68,NR-ER,0.000466,18,13,2,11,15.38,84.62,115
136,NR-ER,0.000464,8,5,0,5,0.0,100.0,116
130,NR-ER,0.000457,12,9,0,9,0.0,100.0,117
52,NR-ER,0.000453,10,8,0,8,0.0,100.0,118
1,NR-ER,0.000452,36,24,0,24,0.0,100.0,119
115,NR-ER,0.000442,69,48,9,39,18.75,81.25,120
7,NR-ER,0.00044,48,34,5,29,14.71,85.29,121
171,NR-ER,0.00044,22,17,1,16,5.88,94.12,122
30,NR-ER,0.000439,52,43,5,38,11.63,88.37,123
182,NR-ER,0.000438,14,9,1,8,11.11,88.89,124
190,NR-ER,0.000438,35,24,3,21,12.5,87.5,125
166,NR-ER,0.000433,7,5,0,5,0.0,100.0,126
55,NR-ER,0.000429,45,33,4,29,12.12,87.88,127
20,NR-ER,0.000426,88,68,13,55,19.12,80.88,128
158,NR-ER,0.000424,24,19,2,17,10.53,89.47,129
105,NR-ER,0.000421,22,18,2,16,11.11,88.89,130
28,NR-ER,0.000411,19,14,2,12,14.29,85.71,131
148,NR-ER,0.00041,26,18,3,15,16.67,83.33,132
131,NR-ER,0.000409,10,9,2,7,22.22,77.78,133
71,NR-ER,0.000405,24,15,2,13,13.33,86.67,134
112,NR-ER,0.000383,33,25,3,22,12.0,88.0,135
128,NR-ER,0.000382,21,14,0,14,0.0,100.0,136
9,NR-ER,0.00038,9,7,1,6,14.29,85.71,137
120,NR-ER,0.000377,9,9,1,8,11.11,88.89,138
15,NR-ER,0.000376,26,19,1,18,5.26,94.74,139
54,NR-ER,0.000367,37,30,4,26,13.33,86.67,140
93,NR-ER,0.000364,9,8,1,7,12.5,87.5,141
69,NR-ER,0.000361,23,15,3,12,20.0,80.0,142
143,NR-ER,0.000361,12,9,1,8,11.11,88.89,143
165,NR-ER,0.000361,8,7,1,6,14.29,85.71,144
99,NR-ER,0.000357,8,4,1,3,25.0,75.0,145
77,NR-ER,0.000355,20,15,1,14,6.67,93.33,146
58,NR-ER,0.00035,12,7,0,7,0.0,100.0,147
118,NR-ER,0.000346,4,3,1,2,33.33,66.67,148
132,NR-ER,0.000345,19,15,2,13,13.33,86.67,149
103,NR-ER,0.00034,12,8,0,8,0.0,100.0,150
177,NR-ER,0.000337,26,19,5,14,26.32,73.68,151
47,NR-ER,0.000335,54,37,3,34,8.11,91.89,152
40,NR-ER,0.000328,18,13,0,13,0.0,100.0,153
38,NR-ER,0.000327,11,9,1,8,11.11,88.89,154
59,NR-ER,0.000322,15,9,1,8,11.11,88.89,155
145,NR-ER,0.000315,20,13,0,13,0.0,100.0,156
29,NR-ER,0.000315,14,14,0,14,0.0,100.0,157
0,NR-ER,0.000313,17,16,3,13,18.75,81.25,158
184,NR-ER,0.000312,9,9,0,9,0.0,100.0,159
187,NR-ER,0.000309,18,15,3,12,20.0,80.0,160
192,NR-ER,0.000309,6,6,0,6,0.0,100.0,161
27,NR-ER,0.000309,14,12,2,10,16.67,83.33,162
129,NR-ER,0.000302,8,8,0,8,0.0,100.0,163
161,NR-ER,0.000288,52,34,5,29,14.71,85.29,164
39,NR-ER,0.000287,11,11,0,11,0.0,100.0,165
117,NR-ER,0.000286,19,15,1,14,6.67,93.33,166
62,NR-ER,0.000281,9,6,0,6,0.0,100.0,167
90,NR-ER,0.000279,30,23,2,21,8.7,91.3,168
4,NR-ER,0.000268,24,18,4,14,22.22,77.78,169
102,NR-ER,0.000264,12,10,1,9,10.0,90.0,170
96,NR-ER,0.000258,8,7,0,7,0.0,100.0,171
110,NR-ER,0.000257,8,7,2,5,28.57,71.43,172
84,NR-ER,0.000254,20,12,5,7,41.67,58.33,173
87,NR-ER,0.000249,6,4,0,4,0.0,100.0,174
172,NR-ER,0.000245,12,10,1,9,10.0,90.0,175
57,NR-ER,0.00024,10,10,1,9,10.0,90.0,176
19,NR-ER,0.000237,5,3,1,2,33.33,66.67,177
89,NR-ER,0.000234,12,11,2,9,18.18,81.82,178
61,NR-ER,0.000232,11,6,0,6,0.0,100.0,179
50,NR-ER,0.000225,4,4,0,4,0.0,100.0,180
144,NR-ER,0.000225,12,10,1,9,10.0,90.0,181
186,NR-ER,0.000224,5,4,1,3,25.0,75.0,182
155,NR-ER,0.000215,9,6,0,6,0.0,100.0,183
56,NR-ER,0.000203,7,4,1,3,25.0,75.0,184
152,NR-ER,0.0002,7,7,1,6,14.29,85.71,185
194,NR-ER,0.000197,6,5,2,3,40.0,60.0,186
13,NR-ER,0.000192,14,10,2,8,20.0,80.0,187
21,NR-ER,0.000191,8,7,2,5,28.57,71.43,188
126,NR-ER,0.000177,4,2,1,1,50.0,50.0,189
175,NR-ER,0.000173,7,6,3,3,50.0,50.0,190
17,NR-ER,0.000171,21,15,4,11,26.67,73.33,191
195,NR-ER,0.00017,7,5,0,5,0.0,100.0,192
139,NR-ER,0.000154,5,4,1,3,25.0,75.0,193
181,NR-ER,0.00015,12,9,0,9,0.0,100.0,194
79,NR-ER,0.000129,3,2,0,2,0.0,100.0,195
124,NR-ER,0.000124,5,5,1,4,20.0,80.0,196
141,NR-ER,0.000121,8,7,1,6,14.29,85.71,197
135,NR-ER,0.000112,13,10,4,6,40.0,60.0,198
173,NR-ER,7.3e-05,2,1,0,1,0.0,100.0,199
127,NR-ER,4.4e-05,2,1,1,0,100.0,0.0,200
45,NR-ER-LBD,0.000723,67,54,11,43,20.37,79.63,1
2,NR-ER-LBD,0.000531,363,309,20,289,6.47,93.53,2
149,NR-ER-LBD,0.000432,29,26,3,23,11.54,88.46,3
51,NR-ER-LBD,0.000409,302,266,24,242,9.02,90.98,4
24,NR-ER-LBD,0.000306,136,123,7,116,5.69,94.31,5
178,NR-ER-LBD,0.000291,27,26,3,23,11.54,88.46,6
67,NR-ER-LBD,0.000283,166,144,17,127,11.81,88.19,7
71,NR-ER-LBD,0.000281,24,18,3,15,16.67,83.33,8
183,NR-ER-LBD,0.000262,93,80,4,76,5.0,95.0,9
81,NR-ER-LBD,0.000254,47,41,3,38,7.32,92.68,10
41,NR-ER-LBD,0.000247,36,33,1,32,3.03,96.97,11
121,NR-ER-LBD,0.000241,11,10,2,8,20.0,80.0,12
23,NR-ER-LBD,0.000241,198,170,12,158,7.06,92.94,13
111,NR-ER-LBD,0.000238,16,14,0,14,0.0,100.0,14
101,NR-ER-LBD,0.000234,36,33,4,29,12.12,87.88,15
134,NR-ER-LBD,0.000228,250,206,10,196,4.85,95.15,16
159,NR-ER-LBD,0.000225,127,107,7,100,6.54,93.46,17
94,NR-ER-LBD,0.000224,267,233,14,219,6.01,93.99,18
32,NR-ER-LBD,0.000223,45,37,2,35,5.41,94.59,19
35,NR-ER-LBD,0.000221,210,184,14,170,7.61,92.39,20
22,NR-ER-LBD,0.000221,193,161,14,147,8.7,91.3,21
43,NR-ER-LBD,0.000219,310,267,14,253,5.24,94.76,22
85,NR-ER-LBD,0.000217,19,18,2,16,11.11,88.89,23
167,NR-ER-LBD,0.000211,143,122,7,115,5.74,94.26,24
70,NR-ER-LBD,0.00021,247,211,7,204,3.32,96.68,25
72,NR-ER-LBD,0.000209,153,131,7,124,5.34,94.66,26
132,NR-ER-LBD,0.000206,19,18,3,15,16.67,83.33,27
49,NR-ER-LBD,0.000204,42,36,2,34,5.56,94.44,28
3,NR-ER-LBD,0.0002,266,229,13,216,5.68,94.32,29
113,NR-ER-LBD,0.000198,81,70,8,62,11.43,88.57,30
119,NR-ER-LBD,0.000195,240,206,14,192,6.8,93.2,31
157,NR-ER-LBD,0.000194,62,48,1,47,2.08,97.92,32
160,NR-ER-LBD,0.000192,7,7,0,7,0.0,100.0,33
46,NR-ER-LBD,0.00019,185,160,12,148,7.5,92.5,34
44,NR-ER-LBD,0.000177,71,62,2,60,3.23,96.77,35
1,NR-ER-LBD,0.000174,36,29,1,28,3.45,96.55,36
162,NR-ER-LBD,0.000173,14,12,0,12,0.0,100.0,37
137,NR-ER-LBD,0.000171,18,15,1,14,6.67,93.33,38
63,NR-ER-LBD,0.000166,21,17,0,17,0.0,100.0,39
128,NR-ER-LBD,0.000165,21,15,0,15,0.0,100.0,40
104,NR-ER-LBD,0.000164,163,138,10,128,7.25,92.75,41
92,NR-ER-LBD,0.000163,35,29,0,29,0.0,100.0,42
75,NR-ER-LBD,0.000161,97,86,9,77,10.47,89.53,43
187,NR-ER-LBD,0.000159,18,17,2,15,11.76,88.24,44
95,NR-ER-LBD,0.000157,24,23,2,21,8.7,91.3,45
29,NR-ER-LBD,0.000154,14,13,1,12,7.69,92.31,46
100,NR-ER-LBD,0.000151,33,25,0,25,0.0,100.0,47
114,NR-ER-LBD,0.000148,75,70,8,62,11.43,88.57,48
27,NR-ER-LBD,0.000143,14,13,2,11,15.38,84.62,49
5,NR-ER-LBD,0.000143,71,59,4,55,6.78,93.22,50
53,NR-ER-LBD,0.000141,81,70,5,65,7.14,92.86,51
31,NR-ER-LBD,0.000139,25,20,0,20,0.0,100.0,52
138,NR-ER-LBD,0.000133,81,73,5,68,6.85,93.15,53
151,NR-ER-LBD,0.000132,5,4,0,4,0.0,100.0,54
143,NR-ER-LBD,0.000131,12,9,1,8,11.11,88.89,55
196,NR-ER-LBD,0.000127,21,21,1,20,4.76,95.24,56
168,NR-ER-LBD,0.000126,22,18,1,17,5.56,94.44,57
110,NR-ER-LBD,0.000124,8,8,3,5,37.5,62.5,58
136,NR-ER-LBD,0.000124,8,7,0,7,0.0,100.0,59
156,NR-ER-LBD,0.000121,39,31,3,28,9.68,90.32,60
80,NR-ER-LBD,0.00012,68,57,5,52,8.77,91.23,61
25,NR-ER-LBD,0.00012,48,44,7,37,15.91,84.09,62
17,NR-ER-LBD,0.000115,21,15,4,11,26.67,73.33,63
188,NR-ER-LBD,0.000115,47,44,3,41,6.82,93.18,64
48,NR-ER-LBD,0.000115,55,46,4,42,8.7,91.3,65
115,NR-ER-LBD,0.000115,69,58,6,52,10.34,89.66,66
186,NR-ER-LBD,0.000113,5,5,1,4,20.0,80.0,67
150,NR-ER-LBD,0.000113,57,48,4,44,8.33,91.67,68
37,NR-ER-LBD,0.000111,168,137,13,124,9.49,90.51,69
65,NR-ER-LBD,0.000111,119,107,8,99,7.48,92.52,70
60,NR-ER-LBD,0.000109,116,104,4,100,3.85,96.15,71
6,NR-ER-LBD,0.000108,51,39,2,37,5.13,94.87,72
130,NR-ER-LBD,0.000107,12,9,0,9,0.0,100.0,73
76,NR-ER-LBD,0.000107,52,45,1,44,2.22,97.78,74
42,NR-ER-LBD,0.000106,26,21,2,19,9.52,90.48,75
163,NR-ER-LBD,0.000106,20,16,1,15,6.25,93.75,76
68,NR-ER-LBD,0.000106,18,13,2,11,15.38,84.62,77
105,NR-ER-LBD,0.000105,22,18,2,16,11.11,88.89,78
52,NR-ER-LBD,0.000105,10,8,0,8,0.0,100.0,79
179,NR-ER-LBD,0.000104,56,47,6,41,12.77,87.23,80
189,NR-ER-LBD,0.000104,10,9,0,9,0.0,100.0,81
14,NR-ER-LBD,0.000104,341,298,18,280,6.04,93.96,82
18,NR-ER-LBD,0.000104,83,71,5,66,7.04,92.96,83
103,NR-ER-LBD,0.000103,12,12,0,12,0.0,100.0,84
69,NR-ER-LBD,0.000102,23,19,2,17,10.53,89.47,85
118,NR-ER-LBD,0.000102,4,3,0,3,0.0,100.0,86
107,NR-ER-LBD,0.000101,8,8,0,8,0.0,100.0,87
58,NR-ER-LBD,0.000101,12,9,0,9,0.0,100.0,88
185,NR-ER-LBD,0.000101,39,35,3,32,8.57,91.43,89
34,NR-ER-LBD,0.0001,84,69,2,67,2.9,97.1,90
146,NR-ER-LBD,0.0001,21,20,2,18,10.0,90.0,91
26,NR-ER-LBD,9.8e-05,86,68,4,64,5.88,94.12,92
54,NR-ER-LBD,9.8e-05,37,33,1,32,3.03,96.97,93
99,NR-ER-LBD,9.7e-05,8,5,0,5,0.0,100.0,94
106,NR-ER-LBD,9.7e-05,60,51,3,48,5.88,94.12,95
182,NR-ER-LBD,9.7e-05,14,12,1,11,8.33,91.67,96
170,NR-ER-LBD,9.7e-05,13,10,1,9,10.0,90.0,97
109,NR-ER-LBD,9.6e-05,42,40,1,39,2.5,97.5,98
148,NR-ER-LBD,9.4e-05,26,25,3,22,12.0,88.0,99
198,NR-ER-LBD,9.4e-05,10,6,1,5,16.67,83.33,100
169,NR-ER-LBD,9.4e-05,14,11,1,10,9.09,90.91,101
171,NR-ER-LBD,9.4e-05,22,20,0,20,0.0,100.0,102
123,NR-ER-LBD,9.2e-05,21,19,2,17,10.53,89.47,103
98,NR-ER-LBD,8.9e-05,39,34,5,29,14.71,85.29,104
8,NR-ER-LBD,8.9e-05,208,176,9,167,5.11,94.89,105
180,NR-ER-LBD,8.9e-05,11,9,3,6,33.33,66.67,106
78,NR-ER-LBD,8.7e-05,60,52,2,50,3.85,96.15,107
144,NR-ER-LBD,8.7e-05,12,11,0,11,0.0,100.0,108
74,NR-ER-LBD,8.7e-05,24,20,2,18,10.0,90.0,109
73,NR-ER-LBD,8.5e-05,14,12,0,12,0.0,100.0,110
177,NR-ER-LBD,8.5e-05,26,19,3,16,15.79,84.21,111
197,NR-ER-LBD,8.5e-05,55,54,1,53,1.85,98.15,112
176,NR-ER-LBD,8.5e-05,39,35,0,35,0.0,100.0,113
158,NR-ER-LBD,8.4e-05,24,22,1,21,4.55,95.45,114
59,NR-ER-LBD,8.4e-05,15,13,2,11,15.38,84.62,115
193,NR-ER-LBD,8.3e-05,32,27,3,24,11.11,88.89,116
174,NR-ER-LBD,8.2e-05,12,10,1,9,10.0,90.0,117
16,NR-ER-LBD,8.2e-05,103,89,3,86,3.37,96.63,118
20,NR-ER-LBD,8e-05,88,76,9,67,11.84,88.16,119
140,NR-ER-LBD,8e-05,93,83,4,79,4.82,95.18,120
83,NR-ER-LBD,7.9e-05,259,221,12,209,5.43,94.57,121
166,NR-ER-LBD,7.9e-05,7,7,1,6,14.29,85.71,122
86,NR-ER-LBD,7.9e-05,19,17,0,17,0.0,100.0,123
108,NR-ER-LBD,7.9e-05,28,21,1,20,4.76,95.24,124
66,NR-ER-LBD,7.9e-05,47,37,2,35,5.41,94.59,125
190,NR-ER-LBD,7.9e-05,35,29,0,29,0.0,100.0,126
84,NR-ER-LBD,7.9e-05,20,15,1,14,6.67,93.33,127
161,NR-ER-LBD,7.8e-05,52,41,4,37,9.76,90.24,128
10,NR-ER-LBD,7.8e-05,96,85,6,79,7.06,92.94,129
30,NR-ER-LBD,7.7e-05,52,43,3,40,6.98,93.02,130
19,NR-ER-LBD,7.6e-05,5,5,0,5,0.0,100.0,131
152,NR-ER-LBD,7.4e-05,7,7,0,7,0.0,100.0,132
116,NR-ER-LBD,7.1e-05,9,7,1,6,14.29,85.71,133
184,NR-ER-LBD,6.9e-05,9,9,0,9,0.0,100.0,134
117,NR-ER-LBD,6.9e-05,19,16,1,15,6.25,93.75,135
36,NR-ER-LBD,6.9e-05,12,10,0,10,0.0,100.0,136
15,NR-ER-LBD,6.6e-05,26,22,0,22,0.0,100.0,137
175,NR-ER-LBD,6.6e-05,7,7,1,6,14.29,85.71,138
154,NR-ER-LBD,6.4e-05,27,26,1,25,3.85,96.15,139
127,NR-ER-LBD,6.4e-05,2,1,1,0,100.0,0.0,140
91,NR-ER-LBD,6.3e-05,26,24,3,21,12.5,87.5,141
33,NR-ER-LBD,6.3e-05,43,32,1,31,3.12,96.88,142
55,NR-ER-LBD,6.2e-05,45,41,3,38,7.32,92.68,143
155,NR-ER-LBD,6.2e-05,9,8,0,8,0.0,100.0,144
7,NR-ER-LBD,6.2e-05,48,37,1,36,2.7,97.3,145
102,NR-ER-LBD,6e-05,12,12,1,11,8.33,91.67,146
82,NR-ER-LBD,6e-05,14,11,1,10,9.09,90.91,147
120,NR-ER-LBD,6e-05,9,7,0,7,0.0,100.0,148
64,NR-ER-LBD,5.9e-05,27,20,2,18,10.0,90.0,149
142,NR-ER-LBD,5.9e-05,20,16,1,15,6.25,93.75,150
21,NR-ER-LBD,5.7e-05,8,6,1,5,16.67,83.33,151
131,NR-ER-LBD,5.7e-05,10,10,1,9,10.0,90.0,152
112,NR-ER-LBD,5.7e-05,33,28,1,27,3.57,96.43,153
153,NR-ER-LBD,5.6e-05,29,23,3,20,13.04,86.96,154
90,NR-ER-LBD,5.3e-05,30,26,1,25,3.85,96.15,155
12,NR-ER-LBD,5.3e-05,21,17,1,16,5.88,94.12,156
11,NR-ER-LBD,5.1e-05,23,21,0,21,0.0,100.0,157
145,NR-ER-LBD,5e-05,20,16,1,15,6.25,93.75,158
4,NR-ER-LBD,4.9e-05,24,21,4,17,19.05,80.95,159
89,NR-ER-LBD,4.9e-05,12,11,1,10,9.09,90.91,160
192,NR-ER-LBD,4.9e-05,6,6,0,6,0.0,100.0,161
61,NR-ER-LBD,4.6e-05,11,9,1,8,11.11,88.89,162
93,NR-ER-LBD,4.5e-05,9,8,0,8,0.0,100.0,163
47,NR-ER-LBD,4.5e-05,54,44,2,42,4.55,95.45,164
164,NR-ER-LBD,4.2e-05,11,11,0,11,0.0,100.0,165
13,NR-ER-LBD,3.8e-05,14,11,2,9,18.18,81.82,166
199,NR-ER-LBD,3.7e-05,7,7,1,6,14.29,85.71,167
191,NR-ER-LBD,3.7e-05,17,13,1,12,7.69,92.31,168
97,NR-ER-LBD,3.6e-05,6,6,0,6,0.0,100.0,169
147,NR-ER-LBD,3.6e-05,13,10,1,9,10.0,90.0,170
0,NR-ER-LBD,3.6e-05,17,17,2,15,11.76,88.24,171
181,NR-ER-LBD,3.6e-05,12,10,0,10,0.0,100.0,172
129,NR-ER-LBD,3.6e-05,8,7,0,7,0.0,100.0,173
38,NR-ER-LBD,3.5e-05,11,10,0,10,0.0,100.0,174
28,NR-ER-LBD,3.5e-05,19,16,3,13,18.75,81.25,175
88,NR-ER-LBD,3.4e-05,6,3,0,3,0.0,100.0,176
40,NR-ER-LBD,3.3e-05,18,14,0,14,0.0,100.0,177
165,NR-ER-LBD,3.3e-05,8,8,0,8,0.0,100.0,178
56,NR-ER-LBD,3.1e-05,7,6,1,5,16.67,83.33,179
172,NR-ER-LBD,3.1e-05,12,10,1,9,10.0,90.0,180
122,NR-ER-LBD,3e-05,15,13,0,13,0.0,100.0,181
195,NR-ER-LBD,3e-05,7,6,0,6,0.0,100.0,182
126,NR-ER-LBD,2.9e-05,4,1,0,1,0.0,100.0,183
133,NR-ER-LBD,2.6e-05,10,10,1,9,10.0,90.0,184
9,NR-ER-LBD,2.6e-05,9,8,0,8,0.0,100.0,185
139,NR-ER-LBD,2.5e-05,5,5,1,4,20.0,80.0,186
77,NR-ER-LBD,2.5e-05,20,15,1,14,6.67,93.33,187
125,NR-ER-LBD,2.1e-05,21,20,1,19,5.0,95.0,188
194,NR-ER-LBD,2e-05,6,3,1,2,33.33,66.67,189
135,NR-ER-LBD,2e-05,13,12,1,11,8.33,91.67,190
39,NR-ER-LBD,1.8e-05,11,10,0,10,0.0,100.0,191
62,NR-ER-LBD,1.7e-05,9,8,0,8,0.0,100.0,192
141,NR-ER-LBD,1.6e-05,8,8,1,7,12.5,87.5,193
57,NR-ER-LBD,1.5e-05,10,10,0,10,0.0,100.0,194
96,NR-ER-LBD,1.4e-05,8,8,0,8,0.0,100.0,195
87,NR-ER-LBD,1.3e-05,6,4,0,4,0.0,100.0,196
79,NR-ER-LBD,1.2e-05,3,2,0,2,0.0,100.0,197
124,NR-ER-LBD,1e-05,5,4,0,4,0.0,100.0,198
50,NR-ER-LBD,8e-06,4,4,0,4,0.0,100.0,199
173,NR-ER-LBD,4e-06,2,2,0,2,0.0,100.0,200
2,NR-PPAR-gamma,0.000488,363,278,8,270,2.88,97.12,1
51,NR-PPAR-gamma,0.000425,302,243,8,235,3.29,96.71,2
94,NR-PPAR-gamma,0.000413,267,217,3,214,1.38,98.62,3
149,NR-PPAR-gamma,0.000413,29,21,2,19,9.52,90.48,4
143,NR-PPAR-gamma,0.000412,12,9,2,7,22.22,77.78,5
196,NR-PPAR-gamma,0.000359,21,20,0,20,0.0,100.0,6
22,NR-PPAR-gamma,0.000335,193,147,6,141,4.08,95.92,7
134,NR-PPAR-gamma,0.000318,250,200,4,196,2.0,98.0,8
183,NR-PPAR-gamma,0.00031,93,75,1,74,1.33,98.67,9
119,NR-PPAR-gamma,0.000302,240,191,4,187,2.09,97.91,10
45,NR-PPAR-gamma,0.000275,67,47,1,46,2.13,97.87,11
104,NR-PPAR-gamma,0.000274,163,125,2,123,1.6,98.4,12
24,NR-PPAR-gamma,0.000267,136,112,4,108,3.57,96.43,13
70,NR-PPAR-gamma,0.000263,247,194,2,192,1.03,98.97,14
178,NR-PPAR-gamma,0.000257,27,25,0,25,0.0,100.0,15
67,NR-PPAR-gamma,0.000254,166,124,4,120,3.23,96.77,16
138,NR-PPAR-gamma,0.000253,81,60,1,59,1.67,98.33,17
62,NR-PPAR-gamma,0.000249,9,5,0,5,0.0,100.0,18
60,NR-PPAR-gamma,0.000249,116,91,3,88,3.3,96.7,19
48,NR-PPAR-gamma,0.000243,55,44,3,41,6.82,93.18,20
188,NR-PPAR-gamma,0.000233,47,42,0,42,0.0,100.0,21
167,NR-PPAR-gamma,0.000226,143,111,2,109,1.8,98.2,22
122,NR-PPAR-gamma,0.000226,15,10,0,10,0.0,100.0,23
43,NR-PPAR-gamma,0.000223,310,251,5,246,1.99,98.01,24
159,NR-PPAR-gamma,0.00022,127,100,4,96,4.0,96.0,25
91,NR-PPAR-gamma,0.000214,26,20,0,20,0.0,100.0,26
109,NR-PPAR-gamma,0.000213,42,38,1,37,2.63,97.37,27
103,NR-PPAR-gamma,0.000209,12,9,0,9,0.0,100.0,28
157,NR-PPAR-gamma,0.000207,62,50,4,46,8.0,92.0,29
92,NR-PPAR-gamma,0.000204,35,25,0,25,0.0,100.0,30
72,NR-PPAR-gamma,0.000203,153,126,5,121,3.97,96.03,31
37,NR-PPAR-gamma,0.000199,168,133,2,131,1.5,98.5,32
98,NR-PPAR-gamma,0.000198,39,33,2,31,6.06,93.94,33
130,NR-PPAR-gamma,0.000186,12,9,0,9,0.0,100.0,34
35,NR-PPAR-gamma,0.000185,210,168,2,166,1.19,98.81,35
3,NR-PPAR-gamma,0.000184,266,212,7,205,3.3,96.7,36
46,NR-PPAR-gamma,0.000184,185,142,5,137,3.52,96.48,37
80,NR-PPAR-gamma,0.000184,68,52,1,51,1.92,98.08,38
170,NR-PPAR-gamma,0.000182,13,11,1,10,9.09,90.91,39
12,NR-PPAR-gamma,0.000175,21,17,1,16,5.88,94.12,40
75,NR-PPAR-gamma,0.000174,97,77,4,73,5.19,94.81,41
5,NR-PPAR-gamma,0.000172,71,51,4,47,7.84,92.16,42
74,NR-PPAR-gamma,0.000172,24,20,0,20,0.0,100.0,43
153,NR-PPAR-gamma,0.00017,29,23,3,20,13.04,86.96,44
31,NR-PPAR-gamma,0.000169,25,19,1,18,5.26,94.74,45
41,NR-PPAR-gamma,0.000167,36,27,1,26,3.7,96.3,46
65,NR-PPAR-gamma,0.000165,119,99,4,95,4.04,95.96,47
23,NR-PPAR-gamma,0.000164,198,157,1,156,0.64,99.36,48
180,NR-PPAR-gamma,0.000164,11,10,1,9,10.0,90.0,49
150,NR-PPAR-gamma,0.000161,57,44,1,43,2.27,97.73,50
192,NR-PPAR-gamma,0.000157,6,5,0,5,0.0,100.0,51
158,NR-PPAR-gamma,0.000157,24,20,0,20,0.0,100.0,52
20,NR-PPAR-gamma,0.000154,88,70,1,69,1.43,98.57,53
95,NR-PPAR-gamma,0.000153,24,21,1,20,4.76,95.24,54
78,NR-PPAR-gamma,0.000148,60,48,1,47,2.08,97.92,55
190,NR-PPAR-gamma,0.000147,35,32,1,31,3.12,96.88,56
185,NR-PPAR-gamma,0.000147,39,29,0,29,0.0,100.0,57
181,NR-PPAR-gamma,0.000147,12,11,1,10,9.09,90.91,58
1,NR-PPAR-gamma,0.000147,36,25,0,25,0.0,100.0,59
171,NR-PPAR-gamma,0.000144,22,20,1,19,5.0,95.0,60
82,NR-PPAR-gamma,0.000143,14,11,1,10,9.09,90.91,61
113,NR-PPAR-gamma,0.000143,81,60,2,58,3.33,96.67,62
105,NR-PPAR-gamma,0.000142,22,18,1,17,5.56,94.44,63
36,NR-PPAR-gamma,0.000142,12,8,0,8,0.0,100.0,64
179,NR-PPAR-gamma,0.000141,56,40,2,38,5.0,95.0,65
114,NR-PPAR-gamma,0.00014,75,60,1,59,1.67,98.33,66
66,NR-PPAR-gamma,0.000137,47,35,0,35,0.0,100.0,67
115,NR-PPAR-gamma,0.000137,69,49,1,48,2.04,97.96,68
99,NR-PPAR-gamma,0.000135,8,5,0,5,0.0,100.0,69
44,NR-PPAR-gamma,0.000135,71,57,2,55,3.51,96.49,70
83,NR-PPAR-gamma,0.000134,259,203,6,197,2.96,97.04,71
10,NR-PPAR-gamma,0.000133,96,83,5,78,6.02,93.98,72
26,NR-PPAR-gamma,0.00013,86,59,1,58,1.69,98.31,73
27,NR-PPAR-gamma,0.000129,14,11,0,11,0.0,100.0,74
93,NR-PPAR-gamma,0.000127,9,8,1,7,12.5,87.5,75
42,NR-PPAR-gamma,0.000127,26,20,0,20,0.0,100.0,76
25,NR-PPAR-gamma,0.000127,48,40,2,38,5.0,95.0,77
53,NR-PPAR-gamma,0.000124,81,67,2,65,2.99,97.01,78
106,NR-PPAR-gamma,0.000123,60,52,1,51,1.92,98.08,79
197,NR-PPAR-gamma,0.000122,55,47,2,45,4.26,95.74,80
189,NR-PPAR-gamma,0.000122,10,10,0,10,0.0,100.0,81
147,NR-PPAR-gamma,0.000121,13,12,1,11,8.33,91.67,82
55,NR-PPAR-gamma,0.000119,45,35,1,34,2.86,97.14,83
8,NR-PPAR-gamma,0.000117,208,158,3,155,1.9,98.1,84
193,NR-PPAR-gamma,0.000114,32,25,2,23,8.0,92.0,85
6,NR-PPAR-gamma,0.000113,51,42,5,37,11.9,88.1,86
163,NR-PPAR-gamma,0.000113,20,12,0,12,0.0,100.0,87
68,NR-PPAR-gamma,0.000112,18,15,2,13,13.33,86.67,88
121,NR-PPAR-gamma,0.000111,11,10,0,10,0.0,100.0,89
7,NR-PPAR-gamma,0.000111,48,35,1,34,2.86,97.14,90
176,NR-PPAR-gamma,0.00011,39,33,1,32,3.03,96.97,91
49,NR-PPAR-gamma,0.00011,42,34,2,32,5.88,94.12,92
54,NR-PPAR-gamma,0.00011,37,35,2,33,5.71,94.29,93
101,NR-PPAR-gamma,0.000109,36,27,2,25,7.41,92.59,94
156,NR-PPAR-gamma,0.000109,39,31,2,29,6.45,93.55,95
128,NR-PPAR-gamma,0.000106,21,15,0,15,0.0,100.0,96
63,NR-PPAR-gamma,0.000106,21,18,1,17,5.56,94.44,97
182,NR-PPAR-gamma,0.000106,14,11,1,10,9.09,90.91,98
86,NR-PPAR-gamma,0.000105,19,13,1,12,7.69,92.31,99
110,NR-PPAR-gamma,0.000103,8,5,0,5,0.0,100.0,100
34,NR-PPAR-gamma,0.0001,84,63,0,63,0.0,100.0,101
125,NR-PPAR-gamma,0.0001,21,16,1,15,6.25,93.75,102
18,NR-PPAR-gamma,9.8e-05,83,65,1,64,1.54,98.46,103
14,NR-PPAR-gamma,9.7e-05,341,267,8,259,3.0,97.0,104
30,NR-PPAR-gamma,9.7e-05,52,39,2,37,5.13,94.87,105
11,NR-PPAR-gamma,9.6e-05,23,20,0,20,0.0,100.0,106
47,NR-PPAR-gamma,9.6e-05,54,45,1,44,2.22,97.78,107
160,NR-PPAR-gamma,9.4e-05,7,4,0,4,0.0,100.0,108
112,NR-PPAR-gamma,9.4e-05,33,28,2,26,7.14,92.86,109
81,NR-PPAR-gamma,9.3e-05,47,43,4,39,9.3,90.7,110
33,NR-PPAR-gamma,9.2e-05,43,32,1,31,3.12,96.88,111
132,NR-PPAR-gamma,9.2e-05,19,16,0,16,0.0,100.0,112
76,NR-PPAR-gamma,9e-05,52,40,0,40,0.0,100.0,113
16,NR-PPAR-gamma,8.9e-05,103,85,3,82,3.53,96.47,114
194,NR-PPAR-gamma,8.9e-05,6,4,1,3,25.0,75.0,115
100,NR-PPAR-gamma,8.8e-05,33,27,0,27,0.0,100.0,116
15,NR-PPAR-gamma,8.7e-05,26,19,0,19,0.0,100.0,117
77,NR-PPAR-gamma,8.4e-05,20,17,2,15,11.76,88.24,118
17,NR-PPAR-gamma,8.3e-05,21,15,2,13,13.33,86.67,119
161,NR-PPAR-gamma,8.3e-05,52,34,2,32,5.88,94.12,120
73,NR-PPAR-gamma,8.2e-05,14,9,0,9,0.0,100.0,121
184,NR-PPAR-gamma,8.1e-05,9,8,0,8,0.0,100.0,122
166,NR-PPAR-gamma,8e-05,7,4,0,4,0.0,100.0,123
32,NR-PPAR-gamma,8e-05,45,35,2,33,5.71,94.29,124
142,NR-PPAR-gamma,7.8e-05,20,15,1,14,6.67,93.33,125
154,NR-PPAR-gamma,7.6e-05,27,25,1,24,4.0,96.0,126
140,NR-PPAR-gamma,7.5e-05,93,76,2,74,2.63,97.37,127
117,NR-PPAR-gamma,7.4e-05,19,14,1,13,7.14,92.86,128
71,NR-PPAR-gamma,7.3e-05,24,17,1,16,5.88,94.12,129
111,NR-PPAR-gamma,7.3e-05,16,12,0,12,0.0,100.0,130
198,NR-PPAR-gamma,7.2e-05,10,9,1,8,11.11,88.89,131
85,NR-PPAR-gamma,7e-05,19,18,0,18,0.0,100.0,132
187,NR-PPAR-gamma,6.8e-05,18,16,1,15,6.25,93.75,133
57,NR-PPAR-gamma,6.8e-05,10,10,0,10,0.0,100.0,134
64,NR-PPAR-gamma,6.7e-05,27,23,1,22,4.35,95.65,135
129,NR-PPAR-gamma,6.7e-05,8,7,1,6,14.29,85.71,136
9,NR-PPAR-gamma,6.5e-05,9,8,0,8,0.0,100.0,137
90,NR-PPAR-gamma,6.5e-05,30,24,1,23,4.17,95.83,138
148,NR-PPAR-gamma,6.5e-05,26,22,2,20,9.09,90.91,139
199,NR-PPAR-gamma,6.4e-05,7,6,0,6,0.0,100.0,140
144,NR-PPAR-gamma,6.4e-05,12,12,1,11,8.33,91.67,141
4,NR-PPAR-gamma,6.3e-05,24,20,3,17,15.0,85.0,142
162,NR-PPAR-gamma,6.2e-05,14,9,2,7,22.22,77.78,143
118,NR-PPAR-gamma,6e-05,4,3,0,3,0.0,100.0,144
84,NR-PPAR-gamma,6e-05,20,13,0,13,0.0,100.0,145
39,NR-PPAR-gamma,6e-05,11,11,1,10,9.09,90.91,146
141,NR-PPAR-gamma,5.9e-05,8,7,0,7,0.0,100.0,147
13,NR-PPAR-gamma,5.9e-05,14,11,1,10,9.09,90.91,148
116,NR-PPAR-gamma,5.9e-05,9,6,0,6,0.0,100.0,149
88,NR-PPAR-gamma,5.8e-05,6,4,0,4,0.0,100.0,150
0,NR-PPAR-gamma,5.7e-05,17,16,0,16,0.0,100.0,151
177,NR-PPAR-gamma,5.5e-05,26,21,2,19,9.52,90.48,152
38,NR-PPAR-gamma,5.4e-05,11,9,1,8,11.11,88.89,153
87,NR-PPAR-gamma,5.3e-05,6,4,0,4,0.0,100.0,154
108,NR-PPAR-gamma,5.3e-05,28,20,0,20,0.0,100.0,155
97,NR-PPAR-gamma,5.3e-05,6,5,0,5,0.0,100.0,156
169,NR-PPAR-gamma,5.3e-05,14,11,1,10,9.09,90.91,157
52,NR-PPAR-gamma,5.1e-05,10,8,0,8,0.0,100.0,158
168,NR-PPAR-gamma,5e-05,22,16,1,15,6.25,93.75,159
172,NR-PPAR-gamma,4.9e-05,12,9,0,9,0.0,100.0,160
21,NR-PPAR-gamma,4.9e-05,8,8,2,6,25.0,75.0,161
165,NR-PPAR-gamma,4.8e-05,8,8,0,8,0.0,100.0,162
58,NR-PPAR-gamma,4.8e-05,12,9,0,9,0.0,100.0,163
123,NR-PPAR-gamma,4.6e-05,21,17,1,16,5.88,94.12,164
145,NR-PPAR-gamma,4.6e-05,20,13,1,12,7.69,92.31,165
131,NR-PPAR-gamma,4.6e-05,10,10,0,10,0.0,100.0,166
191,NR-PPAR-gamma,4.6e-05,17,13,0,13,0.0,100.0,167
96,NR-PPAR-gamma,4.6e-05,8,7,0,7,0.0,100.0,168
69,NR-PPAR-gamma,4.4e-05,23,19,1,18,5.26,94.74,169
135,NR-PPAR-gamma,4.4e-05,13,11,0,11,0.0,100.0,170
139,NR-PPAR-gamma,4.3e-05,5,5,0,5,0.0,100.0,171
124,NR-PPAR-gamma,4.3e-05,5,5,1,4,20.0,80.0,172
151,NR-PPAR-gamma,4.3e-05,5,3,0,3,0.0,100.0,173
155,NR-PPAR-gamma,4.1e-05,9,8,0,8,0.0,100.0,174
133,NR-PPAR-gamma,3.8e-05,10,10,2,8,20.0,80.0,175
28,NR-PPAR-gamma,3.6e-05,19,16,2,14,12.5,87.5,176
146,NR-PPAR-gamma,3.4e-05,21,21,1,20,4.76,95.24,177
174,NR-PPAR-gamma,3.3e-05,12,9,1,8,11.11,88.89,178
186,NR-PPAR-gamma,3.3e-05,5,5,1,4,20.0,80.0,179
29,NR-PPAR-gamma,3.2e-05,14,14,1,13,7.14,92.86,180
107,NR-PPAR-gamma,3e-05,8,7,1,6,14.29,85.71,181
164,NR-PPAR-gamma,3e-05,11,10,1,9,10.0,90.0,182
136,NR-PPAR-gamma,3e-05,8,7,0,7,0.0,100.0,183
59,NR-PPAR-gamma,2.9e-05,15,14,3,11,21.43,78.57,184
56,NR-PPAR-gamma,2.9e-05,7,3,0,3,0.0,100.0,185
89,NR-PPAR-gamma,2.9e-05,12,9,0,9,0.0,100.0,186
175,NR-PPAR-gamma,2.9e-05,7,7,0,7,0.0,100.0,187
152,NR-PPAR-gamma,2.8e-05,7,7,0,7,0.0,100.0,188
137,NR-PPAR-gamma,2.7e-05,18,13,0,13,0.0,100.0,189
127,NR-PPAR-gamma,2.5e-05,2,1,0,1,0.0,100.0,190
61,NR-PPAR-gamma,2.4e-05,11,7,1,6,14.29,85.71,191
120,NR-PPAR-gamma,2.4e-05,9,7,0,7,0.0,100.0,192
102,NR-PPAR-gamma,2.4e-05,12,11,0,11,0.0,100.0,193
40,NR-PPAR-gamma,1.9e-05,18,13,0,13,0.0,100.0,194
173,NR-PPAR-gamma,1.8e-05,2,1,0,1,0.0,100.0,195
19,NR-PPAR-gamma,1.7e-05,5,3,0,3,0.0,100.0,196
195,NR-PPAR-gamma,1.5e-05,7,6,0,6,0.0,100.0,197
126,NR-PPAR-gamma,1.4e-05,4,2,0,2,0.0,100.0,198
79,NR-PPAR-gamma,1.4e-05,3,3,1,2,33.33,66.67,199
50,NR-PPAR-gamma,5e-06,4,4,1,3,25.0,75.0,200
51,SR-ARE,0.001791,302,206,44,162,21.36,78.64,1
2,SR-ARE,0.001709,363,234,27,207,11.54,88.46,2
22,SR-ARE,0.001301,193,132,24,108,18.18,81.82,3
178,SR-ARE,0.001247,27,14,1,13,7.14,92.86,4
134,SR-ARE,0.001244,250,181,28,153,15.47,84.53,5
48,SR-ARE,0.001204,55,39,6,33,15.38,84.62,6
24,SR-ARE,0.001106,136,98,9,89,9.18,90.82,7
183,SR-ARE,0.001098,93,62,7,55,11.29,88.71,8
70,SR-ARE,0.001066,247,155,19,136,12.26,87.74,9
94,SR-ARE,0.001064,267,183,28,155,15.3,84.7,10
149,SR-ARE,0.000999,29,17,4,13,23.53,76.47,11
119,SR-ARE,0.000944,240,156,17,139,10.9,89.1,12
159,SR-ARE,0.000925,127,98,12,86,12.24,87.76,13
35,SR-ARE,0.000924,210,136,19,117,13.97,86.03,14
167,SR-ARE,0.000917,143,105,17,88,16.19,83.81,15
104,SR-ARE,0.000911,163,114,18,96,15.79,84.21,16
60,SR-ARE,0.000877,116,73,3,70,4.11,95.89,17
43,SR-ARE,0.000864,310,209,26,183,12.44,87.56,18
45,SR-ARE,0.000852,67,40,10,30,25.0,75.0,19
162,SR-ARE,0.000835,14,11,1,10,9.09,90.91,20
157,SR-ARE,0.000832,62,43,5,38,11.63,88.37,21
67,SR-ARE,0.000802,166,107,24,83,22.43,77.57,22
111,SR-ARE,0.000789,16,12,1,11,8.33,91.67,23
150,SR-ARE,0.000759,57,40,4,36,10.0,90.0,24
75,SR-ARE,0.000755,97,61,13,48,21.31,78.69,25
3,SR-ARE,0.00073,266,169,21,148,12.43,87.57,26
72,SR-ARE,0.000727,153,104,20,84,19.23,80.77,27
188,SR-ARE,0.000721,47,36,6,30,16.67,83.33,28
138,SR-ARE,0.000721,81,56,6,50,10.71,89.29,29
190,SR-ARE,0.0007,35,23,6,17,26.09,73.91,30
74,SR-ARE,0.000695,24,15,5,10,33.33,66.67,31
85,SR-ARE,0.000691,19,13,4,9,30.77,69.23,32
91,SR-ARE,0.000687,26,17,3,14,17.65,82.35,33
78,SR-ARE,0.000667,60,36,4,32,11.11,88.89,34
55,SR-ARE,0.000654,45,31,5,26,16.13,83.87,35
46,SR-ARE,0.000651,185,120,17,103,14.17,85.83,36
153,SR-ARE,0.000643,29,18,7,11,38.89,61.11,37
37,SR-ARE,0.000642,168,114,16,98,14.04,85.96,38
53,SR-ARE,0.000637,81,60,4,56,6.67,93.33,39
44,SR-ARE,0.000636,71,46,9,37,19.57,80.43,40
156,SR-ARE,0.000634,39,32,8,24,25.0,75.0,41
199,SR-ARE,0.000633,7,5,1,4,20.0,80.0,42
98,SR-ARE,0.000632,39,22,1,21,4.55,95.45,43
123,SR-ARE,0.000624,21,14,2,12,14.29,85.71,44
176,SR-ARE,0.000621,39,21,3,18,14.29,85.71,45
101,SR-ARE,0.000602,36,25,6,19,24.0,76.0,46
137,SR-ARE,0.000598,18,10,4,6,40.0,60.0,47
106,SR-ARE,0.000594,60,42,4,38,9.52,90.48,48
23,SR-ARE,0.000592,198,120,14,106,11.67,88.33,49
82,SR-ARE,0.000586,14,9,2,7,22.22,77.78,50
117,SR-ARE,0.000581,19,13,2,11,15.38,84.62,51
49,SR-ARE,0.000574,42,26,6,20,23.08,76.92,52
109,SR-ARE,0.000572,42,30,5,25,16.67,83.33,53
65,SR-ARE,0.000571,119,78,13,65,16.67,83.33,54
32,SR-ARE,0.000561,45,34,8,26,23.53,76.47,55
6,SR-ARE,0.000556,51,39,6,33,15.38,84.62,56
66,SR-ARE,0.000555,47,27,7,20,25.93,74.07,57
27,SR-ARE,0.000546,14,11,3,8,27.27,72.73,58
114,SR-ARE,0.000543,75,45,10,35,22.22,77.78,59
185,SR-ARE,0.000526,39,26,2,24,7.69,92.31,60
197,SR-ARE,0.000526,55,39,5,34,12.82,87.18,61
16,SR-ARE,0.00052,103,62,8,54,12.9,87.1,62
33,SR-ARE,0.000519,43,27,5,22,18.52,81.48,63
18,SR-ARE,0.000516,83,57,6,51,10.53,89.47,64
88,SR-ARE,0.000514,6,4,0,4,0.0,100.0,65
26,SR-ARE,0.000505,86,60,10,50,16.67,83.33,66
31,SR-ARE,0.000495,25,20,2,18,10.0,90.0,67
196,SR-ARE,0.000494,21,16,1,15,6.25,93.75,68
180,SR-ARE,0.000485,11,5,1,4,20.0,80.0,69
80,SR-ARE,0.000485,68,37,6,31,16.22,83.78,70
5,SR-ARE,0.000483,71,47,6,41,12.77,87.23,71
193,SR-ARE,0.000483,32,16,3,13,18.75,81.25,72
133,SR-ARE,0.00048,10,6,1,5,16.67,83.33,73
93,SR-ARE,0.000479,9,4,1,3,25.0,75.0,74
14,SR-ARE,0.000477,341,235,38,197,16.17,83.83,75
113,SR-ARE,0.000472,81,53,7,46,13.21,86.79,76
7,SR-ARE,0.000469,48,28,1,27,3.57,96.43,77
174,SR-ARE,0.000468,12,8,0,8,0.0,100.0,78
158,SR-ARE,0.000463,24,13,3,10,23.08,76.92,79
8,SR-ARE,0.000462,208,140,18,122,12.86,87.14,80
140,SR-ARE,0.000456,93,58,9,49,15.52,84.48,81
171,SR-ARE,0.000451,22,15,1,14,6.67,93.33,82
25,SR-ARE,0.00045,48,32,3,29,9.38,90.62,83
177,SR-ARE,0.000448,26,16,3,13,18.75,81.25,84
54,SR-ARE,0.000445,37,24,3,21,12.5,87.5,85
1,SR-ARE,0.000442,36,23,1,22,4.35,95.65,86
121,SR-ARE,0.000434,11,9,2,7,22.22,77.78,87
10,SR-ARE,0.000433,96,68,14,54,20.59,79.41,88
172,SR-ARE,0.000425,12,8,1,7,12.5,87.5,89
130,SR-ARE,0.000419,12,9,1,8,11.11,88.89,90
81,SR-ARE,0.000413,47,32,6,26,18.75,81.25,91
95,SR-ARE,0.00041,24,15,1,14,6.67,93.33,92
115,SR-ARE,0.000409,69,34,11,23,32.35,67.65,93
122,SR-ARE,0.000405,15,7,1,6,14.29,85.71,94
179,SR-ARE,0.000404,56,39,10,29,25.64,74.36,95
83,SR-ARE,0.000402,259,181,23,158,12.71,87.29,96
182,SR-ARE,0.000402,14,10,2,8,20.0,80.0,97
170,SR-ARE,0.000402,13,9,1,8,11.11,88.89,98
34,SR-ARE,0.000393,84,55,6,49,10.91,89.09,99
41,SR-ARE,0.000388,36,26,3,23,11.54,88.46,100
165,SR-ARE,0.000385,8,7,2,5,28.57,71.43,101
11,SR-ARE,0.000382,23,14,1,13,7.14,92.86,102
198,SR-ARE,0.000382,10,6,0,6,0.0,100.0,103
191,SR-ARE,0.000382,17,12,1,11,8.33,91.67,104
68,SR-ARE,0.000378,18,7,1,6,14.29,85.71,105
73,SR-ARE,0.000378,14,9,1,8,11.11,88.89,106
151,SR-ARE,0.000377,5,3,0,3,0.0,100.0,107
76,SR-ARE,0.000371,52,33,3,30,9.09,90.91,108
116,SR-ARE,0.00037,9,6,1,5,16.67,83.33,109
39,SR-ARE,0.000367,11,10,0,10,0.0,100.0,110
143,SR-ARE,0.000365,12,7,1,6,14.29,85.71,111
42,SR-ARE,0.000363,26,15,1,14,6.67,93.33,112
146,SR-ARE,0.000362,21,13,0,13,0.0,100.0,113
86,SR-ARE,0.000361,19,11,1,10,9.09,90.91,114
63,SR-ARE,0.000359,21,15,3,12,20.0,80.0,115
148,SR-ARE,0.000358,26,17,2,15,11.76,88.24,116
128,SR-ARE,0.000358,21,14,1,13,7.14,92.86,117
120,SR-ARE,0.000355,9,5,0,5,0.0,100.0,118
62,SR-ARE,0.000354,9,5,1,4,20.0,80.0,119
103,SR-ARE,0.000343,12,7,2,5,28.57,71.43,120
142,SR-ARE,0.000332,20,11,2,9,18.18,81.82,121
129,SR-ARE,0.000329,8,3,0,3,0.0,100.0,122
30,SR-ARE,0.000326,52,31,3,28,9.68,90.32,123
61,SR-ARE,0.000326,11,5,0,5,0.0,100.0,124
100,SR-ARE,0.000324,33,22,3,19,13.64,86.36,125
126,SR-ARE,0.000321,4,3,0,3,0.0,100.0,126
108,SR-ARE,0.000319,28,16,1,15,6.25,93.75,127
59,SR-ARE,0.000318,15,11,4,7,36.36,63.64,128
125,SR-ARE,0.000316,21,14,4,10,28.57,71.43,129
154,SR-ARE,0.000312,27,17,3,14,17.65,82.35,130
20,SR-ARE,0.00031,88,57,7,50,12.28,87.72,131
164,SR-ARE,0.000308,11,6,0,6,0.0,100.0,132
136,SR-ARE,0.000308,8,6,0,6,0.0,100.0,133
155,SR-ARE,0.000307,9,6,0,6,0.0,100.0,134
131,SR-ARE,0.000304,10,6,1,5,16.67,83.33,135
47,SR-ARE,0.000302,54,38,3,35,7.89,92.11,136
189,SR-ARE,0.000302,10,4,0,4,0.0,100.0,137
92,SR-ARE,0.000297,35,19,3,16,15.79,84.21,138
163,SR-ARE,0.000295,20,14,3,11,21.43,78.57,139
12,SR-ARE,0.000294,21,13,3,10,23.08,76.92,140
15,SR-ARE,0.000293,26,15,3,12,20.0,80.0,141
58,SR-ARE,0.000291,12,9,1,8,11.11,88.89,142
186,SR-ARE,0.000291,5,4,1,3,25.0,75.0,143
132,SR-ARE,0.000291,19,12,4,8,33.33,66.67,144
28,SR-ARE,0.000289,19,11,1,10,9.09,90.91,145
69,SR-ARE,0.000287,23,15,4,11,26.67,73.33,146
161,SR-ARE,0.000284,52,32,3,29,9.38,90.62,147
71,SR-ARE,0.000281,24,20,2,18,10.0,90.0,148
168,SR-ARE,0.000279,22,16,3,13,18.75,81.25,149
105,SR-ARE,0.000275,22,16,3,13,18.75,81.25,150
64,SR-ARE,0.000275,27,17,8,9,47.06,52.94,151
141,SR-ARE,0.000273,8,7,1,6,14.29,85.71,152
36,SR-ARE,0.00027,12,7,1,6,14.29,85.71,153
19,SR-ARE,0.000267,5,3,0,3,0.0,100.0,154
99,SR-ARE,0.000265,8,6,0,6,0.0,100.0,155
187,SR-ARE,0.000256,18,13,2,11,15.38,84.62,156
29,SR-ARE,0.000247,14,9,1,8,11.11,88.89,157
57,SR-ARE,0.000246,10,7,0,7,0.0,100.0,158
112,SR-ARE,0.00024,33,21,6,15,28.57,71.43,159
181,SR-ARE,0.00023,12,7,1,6,14.29,85.71,160
102,SR-ARE,0.000229,12,10,1,9,10.0,90.0,161
89,SR-ARE,0.000229,12,9,2,7,22.22,77.78,162
160,SR-ARE,0.000228,7,4,1,3,25.0,75.0,163
175,SR-ARE,0.000226,7,5,0,5,0.0,100.0,164
192,SR-ARE,0.000223,6,5,1,4,20.0,80.0,165
145,SR-ARE,0.000222,20,9,0,9,0.0,100.0,166
17,SR-ARE,0.000222,21,9,1,8,11.11,88.89,167
144,SR-ARE,0.000219,12,10,0,10,0.0,100.0,168
107,SR-ARE,0.000216,8,7,0,7,0.0,100.0,169
97,SR-ARE,0.000211,6,5,0,5,0.0,100.0,170
152,SR-ARE,0.000209,7,6,0,6,0.0,100.0,171
21,SR-ARE,0.000207,8,3,0,3,0.0,100.0,172
169,SR-ARE,0.000207,14,8,1,7,12.5,87.5,173
52,SR-ARE,0.000207,10,7,0,7,0.0,100.0,174
0,SR-ARE,0.000205,17,12,3,9,25.0,75.0,175
84,SR-ARE,0.000196,20,9,2,7,22.22,77.78,176
13,SR-ARE,0.000195,14,8,2,6,25.0,75.0,177
118,SR-ARE,0.000189,4,3,3,0,100.0,0.0,178
147,SR-ARE,0.000187,13,5,1,4,20.0,80.0,179
4,SR-ARE,0.000187,24,12,6,6,50.0,50.0,180
40,SR-ARE,0.000186,18,12,0,12,0.0,100.0,181
38,SR-ARE,0.000185,11,7,1,6,14.29,85.71,182
90,SR-ARE,0.000182,30,21,4,17,19.05,80.95,183
96,SR-ARE,0.000182,8,6,1,5,16.67,83.33,184
9,SR-ARE,0.000179,9,4,0,4,0.0,100.0,185
87,SR-ARE,0.000178,6,4,0,4,0.0,100.0,186
124,SR-ARE,0.000172,5,4,1,3,25.0,75.0,187
77,SR-ARE,0.000172,20,13,1,12,7.69,92.31,188
135,SR-ARE,0.000166,13,6,2,4,33.33,66.67,189
50,SR-ARE,0.000153,4,3,0,3,0.0,100.0,190
139,SR-ARE,0.000152,5,3,1,2,33.33,66.67,191
110,SR-ARE,0.00015,8,5,1,4,20.0,80.0,192
184,SR-ARE,0.000135,9,8,1,7,12.5,87.5,193
194,SR-ARE,0.000132,6,3,1,2,33.33,66.67,194
79,SR-ARE,0.000117,3,2,0,2,0.0,100.0,195
56,SR-ARE,9.7e-05,7,7,2,5,28.57,71.43,196
166,SR-ARE,9.1e-05,7,4,1,3,25.0,75.0,197
173,SR-ARE,7.8e-05,2,2,0,2,0.0,100.0,198
195,SR-ARE,7.2e-05,7,2,1,1,50.0,50.0,199
104,SR-ATAD5,0.000525,163,144,6,138,4.17,95.83,1
2,SR-ATAD5,0.000486,363,313,8,305,2.56,97.44,2
134,SR-ATAD5,0.000402,250,215,6,209,2.79,97.21,3
157,SR-ATAD5,0.000386,62,52,2,50,3.85,96.15,4
183,SR-ATAD5,0.000374,93,82,5,77,6.1,93.9,5
51,SR-ATAD5,0.000355,302,276,20,256,7.25,92.75,6
196,SR-ATAD5,0.000351,21,21,0,21,0.0,100.0,7
94,SR-ATAD5,0.000317,267,237,17,220,7.17,92.83,8
159,SR-ATAD5,0.000312,127,116,4,112,3.45,96.55,9
24,SR-ATAD5,0.00031,136,127,5,122,3.94,96.06,10
119,SR-ATAD5,0.00026,240,215,3,212,1.4,98.6,11
35,SR-ATAD5,0.000256,210,194,12,182,6.19,93.81,12
44,SR-ATAD5,0.000232,71,63,4,59,6.35,93.65,13
22,SR-ATAD5,0.000232,193,167,10,157,5.99,94.01,14
91,SR-ATAD5,0.000232,26,25,2,23,8.0,92.0,15
43,SR-ATAD5,0.000226,310,275,9,266,3.27,96.73,16
46,SR-ATAD5,0.000225,185,157,10,147,6.37,93.63,17
95,SR-ATAD5,0.000224,24,21,0,21,0.0,100.0,18
167,SR-ATAD5,0.000212,143,128,4,124,3.12,96.88,19
150,SR-ATAD5,0.000212,57,46,1,45,2.17,97.83,20
85,SR-ATAD5,0.000207,19,18,2,16,11.11,88.89,21
193,SR-ATAD5,0.000203,32,26,2,24,7.69,92.31,22
45,SR-ATAD5,0.000203,67,57,4,53,7.02,92.98,23
60,SR-ATAD5,0.000202,116,100,5,95,5.0,95.0,24
76,SR-ATAD5,0.000193,52,47,1,46,2.13,97.87,25
72,SR-ATAD5,0.00019,153,138,7,131,5.07,94.93,26
3,SR-ATAD5,0.000189,266,238,10,228,4.2,95.8,27
48,SR-ATAD5,0.000184,55,48,3,45,6.25,93.75,28
53,SR-ATAD5,0.000183,81,71,3,68,4.23,95.77,29
5,SR-ATAD5,0.000178,71,62,5,57,8.06,91.94,30
32,SR-ATAD5,0.000173,45,37,0,37,0.0,100.0,31
70,SR-ATAD5,0.000173,247,215,9,206,4.19,95.81,32
178,SR-ATAD5,0.000172,27,26,1,25,3.85,96.15,33
78,SR-ATAD5,0.000169,60,51,1,50,1.96,98.04,34
68,SR-ATAD5,0.000155,18,14,0,14,0.0,100.0,35
114,SR-ATAD5,0.000154,75,68,2,66,2.94,97.06,36
190,SR-ATAD5,0.000154,35,32,4,28,12.5,87.5,37
67,SR-ATAD5,0.000153,166,151,9,142,5.96,94.04,38
49,SR-ATAD5,0.00015,42,39,3,36,7.69,92.31,39
37,SR-ATAD5,0.000149,168,143,3,140,2.1,97.9,40
177,SR-ATAD5,0.000149,26,22,5,17,22.73,77.27,41
109,SR-ATAD5,0.000149,42,42,2,40,4.76,95.24,42
81,SR-ATAD5,0.000145,47,43,2,41,4.65,95.35,43
122,SR-ATAD5,0.000144,15,14,2,12,14.29,85.71,44
55,SR-ATAD5,0.000141,45,38,2,36,5.26,94.74,45
10,SR-ATAD5,0.000139,96,85,5,80,5.88,94.12,46
33,SR-ATAD5,0.000132,43,33,1,32,3.03,96.97,47
130,SR-ATAD5,0.000132,12,8,0,8,0.0,100.0,48
106,SR-ATAD5,0.000132,60,55,5,50,9.09,90.91,49
75,SR-ATAD5,0.000132,97,87,10,77,11.49,88.51,50
23,SR-ATAD5,0.000129,198,173,5,168,2.89,97.11,51
125,SR-ATAD5,0.000127,21,19,1,18,5.26,94.74,52
86,SR-ATAD5,0.000127,19,17,0,17,0.0,100.0,53
116,SR-ATAD5,0.000125,9,8,0,8,0.0,100.0,54
121,SR-ATAD5,0.00012,11,10,0,10,0.0,100.0,55
92,SR-ATAD5,0.00012,35,30,1,29,3.33,96.67,56
108,SR-ATAD5,0.00012,28,23,0,23,0.0,100.0,57
54,SR-ATAD5,0.000118,37,35,3,32,8.57,91.43,58
138,SR-ATAD5,0.000116,81,70,4,66,5.71,94.29,59
8,SR-ATAD5,0.000115,208,182,10,172,5.49,94.51,60
149,SR-ATAD5,0.000111,29,24,1,23,4.17,95.83,61
65,SR-ATAD5,0.000109,119,106,5,101,4.72,95.28,62
64,SR-ATAD5,0.000109,27,24,3,21,12.5,87.5,63
66,SR-ATAD5,0.000105,47,39,3,36,7.69,92.31,64
188,SR-ATAD5,0.000105,47,44,1,43,2.27,97.73,65
197,SR-ATAD5,0.000103,55,53,2,51,3.77,96.23,66
16,SR-ATAD5,0.000102,103,94,5,89,5.32,94.68,67
161,SR-ATAD5,0.0001,52,40,4,36,10.0,90.0,68
123,SR-ATAD5,9.8e-05,21,20,2,18,10.0,90.0,69
148,SR-ATAD5,9.8e-05,26,22,2,20,9.09,90.91,70
176,SR-ATAD5,9.8e-05,39,35,2,33,5.71,94.29,71
117,SR-ATAD5,9.7e-05,19,18,1,17,5.56,94.44,72
120,SR-ATAD5,9.6e-05,9,8,1,7,12.5,87.5,73
39,SR-ATAD5,9.6e-05,11,11,1,10,9.09,90.91,74
7,SR-ATAD5,9.5e-05,48,40,3,37,7.5,92.5,75
98,SR-ATAD5,9.4e-05,39,33,3,30,9.09,90.91,76
14,SR-ATAD5,9.3e-05,341,304,15,289,4.93,95.07,77
36,SR-ATAD5,9.1e-05,12,9,0,9,0.0,100.0,78
164,SR-ATAD5,8.9e-05,11,11,1,10,9.09,90.91,79
179,SR-ATAD5,8.9e-05,56,49,5,44,10.2,89.8,80
168,SR-ATAD5,8.9e-05,22,18,0,18,0.0,100.0,81
34,SR-ATAD5,8.9e-05,84,72,2,70,2.78,97.22,82
136,SR-ATAD5,8.8e-05,8,7,0,7,0.0,100.0,83
26,SR-ATAD5,8.7e-05,86,75,5,70,6.67,93.33,84
142,SR-ATAD5,8.7e-05,20,15,1,14,6.67,93.33,85
169,SR-ATAD5,8.7e-05,14,12,1,11,8.33,91.67,86
160,SR-ATAD5,8.3e-05,7,7,0,7,0.0,100.0,87
4,SR-ATAD5,8.3e-05,24,22,2,20,9.09,90.91,88
199,SR-ATAD5,8.2e-05,7,6,0,6,0.0,100.0,89
47,SR-ATAD5,8.2e-05,54,46,2,44,4.35,95.65,90
140,SR-ATAD5,8.2e-05,93,82,1,81,1.22,98.78,91
1,SR-ATAD5,8.2e-05,36,27,0,27,0.0,100.0,92
145,SR-ATAD5,8e-05,20,16,0,16,0.0,100.0,93
132,SR-ATAD5,8e-05,19,15,2,13,13.33,86.67,94
20,SR-ATAD5,7.9e-05,88,77,2,75,2.6,97.4,95
100,SR-ATAD5,7.8e-05,33,27,0,27,0.0,100.0,96
25,SR-ATAD5,7.7e-05,48,44,4,40,9.09,90.91,97
135,SR-ATAD5,7.7e-05,13,12,1,11,8.33,91.67,98
128,SR-ATAD5,7.7e-05,21,16,1,15,6.25,93.75,99
103,SR-ATAD5,7.6e-05,12,12,0,12,0.0,100.0,100
6,SR-ATAD5,7.6e-05,51,41,2,39,4.88,95.12,101
180,SR-ATAD5,7.5e-05,11,11,3,8,27.27,72.73,102
162,SR-ATAD5,7.5e-05,14,12,1,11,8.33,91.67,103
42,SR-ATAD5,7.5e-05,26,23,0,23,0.0,100.0,104
18,SR-ATAD5,7.4e-05,83,74,6,68,8.11,91.89,105
82,SR-ATAD5,7.3e-05,14,13,1,12,7.69,92.31,106
113,SR-ATAD5,7.3e-05,81,73,9,64,12.33,87.67,107
12,SR-ATAD5,7.2e-05,21,17,1,16,5.88,94.12,108
153,SR-ATAD5,7.1e-05,29,26,3,23,11.54,88.46,109
57,SR-ATAD5,6.9e-05,10,10,0,10,0.0,100.0,110
31,SR-ATAD5,6.8e-05,25,20,1,19,5.0,95.0,111
63,SR-ATAD5,6.6e-05,21,20,2,18,10.0,90.0,112
15,SR-ATAD5,6.6e-05,26,22,0,22,0.0,100.0,113
83,SR-ATAD5,6.4e-05,259,223,11,212,4.93,95.07,114
80,SR-ATAD5,6.4e-05,68,59,3,56,5.08,94.92,115
89,SR-ATAD5,6.3e-05,12,11,2,9,18.18,81.82,116
156,SR-ATAD5,6.2e-05,39,32,3,29,9.38,90.62,117
155,SR-ATAD5,6.2e-05,9,9,0,9,0.0,100.0,118
195,SR-ATAD5,6.2e-05,7,6,0,6,0.0,100.0,119
30,SR-ATAD5,6.1e-05,52,47,1,46,2.13,97.87,120
21,SR-ATAD5,6.1e-05,8,8,1,7,12.5,87.5,121
187,SR-ATAD5,6.1e-05,18,17,0,17,0.0,100.0,122
198,SR-ATAD5,6e-05,10,10,1,9,10.0,90.0,123
133,SR-ATAD5,6e-05,10,9,1,8,11.11,88.89,124
84,SR-ATAD5,6e-05,20,15,2,13,13.33,86.67,125
110,SR-ATAD5,5.8e-05,8,8,0,8,0.0,100.0,126
186,SR-ATAD5,5.8e-05,5,4,0,4,0.0,100.0,127
174,SR-ATAD5,5.7e-05,12,11,1,10,9.09,90.91,128
185,SR-ATAD5,5.7e-05,39,35,3,32,8.57,91.43,129
191,SR-ATAD5,5.7e-05,17,14,0,14,0.0,100.0,130
90,SR-ATAD5,5.6e-05,30,27,0,27,0.0,100.0,131
141,SR-ATAD5,5.5e-05,8,8,1,7,12.5,87.5,132
9,SR-ATAD5,5.5e-05,9,8,0,8,0.0,100.0,133
71,SR-ATAD5,5.5e-05,24,19,0,19,0.0,100.0,134
17,SR-ATAD5,5.5e-05,21,18,4,14,22.22,77.78,135
99,SR-ATAD5,5.4e-05,8,6,0,6,0.0,100.0,136
163,SR-ATAD5,5.4e-05,20,17,0,17,0.0,100.0,137
38,SR-ATAD5,5.4e-05,11,9,0,9,0.0,100.0,138
154,SR-ATAD5,5.3e-05,27,26,0,26,0.0,100.0,139
165,SR-ATAD5,5.3e-05,8,8,0,8,0.0,100.0,140
105,SR-ATAD5,5.2e-05,22,19,2,17,10.53,89.47,141
69,SR-ATAD5,5.1e-05,23,20,0,20,0.0,100.0,142
73,SR-ATAD5,5.1e-05,14,11,0,11,0.0,100.0,143
13,SR-ATAD5,5.1e-05,14,12,1,11,8.33,91.67,144
129,SR-ATAD5,5e-05,8,8,1,7,12.5,87.5,145
111,SR-ATAD5,4.9e-05,16,14,0,14,0.0,100.0,146
171,SR-ATAD5,4.8e-05,22,20,1,19,5.0,95.0,147
61,SR-ATAD5,4.7e-05,11,9,1,8,11.11,88.89,148
107,SR-ATAD5,4.6e-05,8,7,0,7,0.0,100.0,149
41,SR-ATAD5,4.6e-05,36,33,0,33,0.0,100.0,150
112,SR-ATAD5,4.6e-05,33,30,2,28,6.67,93.33,151
131,SR-ATAD5,4.5e-05,10,10,0,10,0.0,100.0,152
147,SR-ATAD5,4.4e-05,13,12,0,12,0.0,100.0,153
11,SR-ATAD5,4.3e-05,23,21,0,21,0.0,100.0,154
29,SR-ATAD5,4.3e-05,14,14,1,13,7.14,92.86,155
115,SR-ATAD5,4.2e-05,69,57,4,53,7.02,92.98,156
139,SR-ATAD5,4.1e-05,5,5,0,5,0.0,100.0,157
137,SR-ATAD5,4e-05,18,14,0,14,0.0,100.0,158
146,SR-ATAD5,3.8e-05,21,21,1,20,4.76,95.24,159
52,SR-ATAD5,3.8e-05,10,8,0,8,0.0,100.0,160
101,SR-ATAD5,3.7e-05,36,34,1,33,2.94,97.06,161
170,SR-ATAD5,3.7e-05,13,12,2,10,16.67,83.33,162
126,SR-ATAD5,3.6e-05,4,2,1,1,50.0,50.0,163
181,SR-ATAD5,3.5e-05,12,11,0,11,0.0,100.0,164
152,SR-ATAD5,3.5e-05,7,7,0,7,0.0,100.0,165
118,SR-ATAD5,3.4e-05,4,4,0,4,0.0,100.0,166
189,SR-ATAD5,3.4e-05,10,10,0,10,0.0,100.0,167
74,SR-ATAD5,3.3e-05,24,20,1,19,5.0,95.0,168
27,SR-ATAD5,3.3e-05,14,13,0,13,0.0,100.0,169
28,SR-ATAD5,3.3e-05,19,18,3,15,16.67,83.33,170
182,SR-ATAD5,3.2e-05,14,12,0,12,0.0,100.0,171
97,SR-ATAD5,3.1e-05,6,6,0,6,0.0,100.0,172
184,SR-ATAD5,3.1e-05,9,9,0,9,0.0,100.0,173
143,SR-ATAD5,3e-05,12,9,1,8,11.11,88.89,174
158,SR-ATAD5,3e-05,24,21,1,20,4.76,95.24,175
172,SR-ATAD5,2.8e-05,12,11,1,10,9.09,90.91,176
0,SR-ATAD5,2.8e-05,17,17,0,17,0.0,100.0,177
88,SR-ATAD5,2.8e-05,6,4,0,4,0.0,100.0,178
144,SR-ATAD5,2.7e-05,12,12,0,12,0.0,100.0,179
62,SR-ATAD5,2.6e-05,9,8,0,8,0.0,100.0,180
77,SR-ATAD5,2.5e-05,20,17,1,16,5.88,94.12,181
151,SR-ATAD5,2.5e-05,5,4,0,4,0.0,100.0,182
102,SR-ATAD5,2.4e-05,12,12,0,12,0.0,100.0,183
192,SR-ATAD5,1.9e-05,6,6,0,6,0.0,100.0,184
59,SR-ATAD5,1.9e-05,15,14,2,12,14.29,85.71,185
58,SR-ATAD5,1.8e-05,12,10,0,10,0.0,100.0,186
166,SR-ATAD5,1.7e-05,7,6,0,6,0.0,100.0,187
40,SR-ATAD5,1.7e-05,18,15,0,15,0.0,100.0,188
96,SR-ATAD5,1.5e-05,8,7,0,7,0.0,100.0,189
79,SR-ATAD5,1.5e-05,3,3,0,3,0.0,100.0,190
56,SR-ATAD5,1.3e-05,7,5,0,5,0.0,100.0,191
194,SR-ATAD5,1.3e-05,6,5,2,3,40.0,60.0,192
93,SR-ATAD5,1.2e-05,9,9,1,8,11.11,88.89,193
19,SR-ATAD5,1.1e-05,5,3,0,3,0.0,100.0,194
124,SR-ATAD5,8e-06,5,5,1,4,20.0,80.0,195
175,SR-ATAD5,7e-06,7,7,1,6,14.29,85.71,196
50,SR-ATAD5,6e-06,4,4,0,4,0.0,100.0,197
127,SR-ATAD5,6e-06,2,1,0,1,0.0,100.0,198
87,SR-ATAD5,3e-06,6,5,0,5,0.0,100.0,199
173,SR-ATAD5,1e-06,2,2,0,2,0.0,100.0,200
2,SR-HSE,0.00057,363,282,12,270,4.26,95.74,1
134,SR-HSE,0.000518,250,196,8,188,4.08,95.92,2
24,SR-HSE,0.000508,136,109,4,105,3.67,96.33,3
149,SR-HSE,0.000498,29,21,4,17,19.05,80.95,4
157,SR-HSE,0.000473,62,52,3,49,5.77,94.23,5
143,SR-HSE,0.000468,12,8,0,8,0.0,100.0,6
159,SR-HSE,0.00045,127,103,3,100,2.91,97.09,7
49,SR-HSE,0.000428,42,31,3,28,9.68,90.32,8
51,SR-HSE,0.000427,302,240,20,220,8.33,91.67,9
104,SR-HSE,0.000393,163,136,12,124,8.82,91.18,10
121,SR-HSE,0.000383,11,9,0,9,0.0,100.0,11
35,SR-HSE,0.00038,210,159,10,149,6.29,93.71,12
119,SR-HSE,0.000372,240,183,17,166,9.29,90.71,13
81,SR-HSE,0.000369,47,37,1,36,2.7,97.3,14
43,SR-HSE,0.000369,310,248,17,231,6.85,93.15,15
22,SR-HSE,0.000363,193,152,9,143,5.92,94.08,16
167,SR-HSE,0.00036,143,115,7,108,6.09,93.91,17
72,SR-HSE,0.000353,153,113,3,110,2.65,97.35,18
75,SR-HSE,0.000338,97,69,6,63,8.7,91.3,19
45,SR-HSE,0.000336,67,52,8,44,15.38,84.62,20
70,SR-HSE,0.000319,247,184,11,173,5.98,94.02,21
3,SR-HSE,0.000319,266,205,10,195,4.88,95.12,22
94,SR-HSE,0.000303,267,213,12,201,5.63,94.37,23
60,SR-HSE,0.000296,116,90,3,87,3.33,96.67,24
48,SR-HSE,0.000285,55,45,5,40,11.11,88.89,25
182,SR-HSE,0.00028,14,11,0,11,0.0,100.0,26
150,SR-HSE,0.000278,57,44,0,44,0.0,100.0,27
176,SR-HSE,0.000276,39,27,3,24,11.11,88.89,28
109,SR-HSE,0.000272,42,33,1,32,3.03,96.97,29
76,SR-HSE,0.000269,52,42,1,41,2.38,97.62,30
65,SR-HSE,0.000263,119,93,7,86,7.53,92.47,31
114,SR-HSE,0.000261,75,51,3,48,5.88,94.12,32
183,SR-HSE,0.00024,93,73,4,69,5.48,94.52,33
85,SR-HSE,0.000239,19,14,1,13,7.14,92.86,34
37,SR-HSE,0.000239,168,126,7,119,5.56,94.44,35
23,SR-HSE,0.000235,198,145,8,137,5.52,94.48,36
31,SR-HSE,0.000231,25,21,1,20,4.76,95.24,37
178,SR-HSE,0.000229,27,23,2,21,8.7,91.3,38
138,SR-HSE,0.000227,81,70,5,65,7.14,92.86,39
46,SR-HSE,0.000225,185,143,7,136,4.9,95.1,40
44,SR-HSE,0.000223,71,52,5,47,9.62,90.38,41
136,SR-HSE,0.000221,8,7,0,7,0.0,100.0,42
67,SR-HSE,0.00022,166,127,16,111,12.6,87.4,43
92,SR-HSE,0.000219,35,24,1,23,4.17,95.83,44
20,SR-HSE,0.000215,88,66,3,63,4.55,95.45,45
177,SR-HSE,0.000213,26,22,0,22,0.0,100.0,46
190,SR-HSE,0.000211,35,27,3,24,11.11,88.89,47
6,SR-HSE,0.00021,51,42,1,41,2.38,97.62,48
192,SR-HSE,0.000209,6,6,0,6,0.0,100.0,49
154,SR-HSE,0.000181,27,19,1,18,5.26,94.74,50
141,SR-HSE,0.000178,8,8,0,8,0.0,100.0,51
80,SR-HSE,0.000178,68,47,3,44,6.38,93.62,52
147,SR-HSE,0.000175,13,7,0,7,0.0,100.0,53
197,SR-HSE,0.000174,55,45,3,42,6.67,93.33,54
108,SR-HSE,0.000172,28,23,1,22,4.35,95.65,55
11,SR-HSE,0.000169,23,18,0,18,0.0,100.0,56
5,SR-HSE,0.000168,71,57,8,49,14.04,85.96,57
106,SR-HSE,0.000166,60,49,3,46,6.12,93.88,58
95,SR-HSE,0.000165,24,19,3,16,15.79,84.21,59
91,SR-HSE,0.000164,26,23,2,21,8.7,91.3,60
64,SR-HSE,0.000162,27,20,1,19,5.0,95.0,61
16,SR-HSE,0.00016,103,82,5,77,6.1,93.9,62
103,SR-HSE,0.000159,12,8,0,8,0.0,100.0,63
188,SR-HSE,0.000159,47,39,2,37,5.13,94.87,64
165,SR-HSE,0.000158,8,7,0,7,0.0,100.0,65
33,SR-HSE,0.000157,43,32,2,30,6.25,93.75,66
113,SR-HSE,0.000156,81,68,4,64,5.88,94.12,67
63,SR-HSE,0.000155,21,17,5,12,29.41,70.59,68
55,SR-HSE,0.000155,45,36,2,34,5.56,94.44,69
10,SR-HSE,0.000154,96,80,5,75,6.25,93.75,70
78,SR-HSE,0.000154,60,46,1,45,2.17,97.83,71
101,SR-HSE,0.000151,36,27,5,22,18.52,81.48,72
26,SR-HSE,0.000151,86,70,6,64,8.57,91.43,73
172,SR-HSE,0.00015,12,11,0,11,0.0,100.0,74
111,SR-HSE,0.00015,16,16,0,16,0.0,100.0,75
32,SR-HSE,0.000149,45,37,1,36,2.7,97.3,76
86,SR-HSE,0.000147,19,14,0,14,0.0,100.0,77
179,SR-HSE,0.000147,56,45,4,41,8.89,91.11,78
185,SR-HSE,0.000146,39,30,3,27,10.0,90.0,79
66,SR-HSE,0.000145,47,34,3,31,8.82,91.18,80
53,SR-HSE,0.000145,81,63,1,62,1.59,98.41,81
14,SR-HSE,0.000144,341,272,16,256,5.88,94.12,82
93,SR-HSE,0.000142,9,5,0,5,0.0,100.0,83
148,SR-HSE,0.00014,26,23,1,22,4.35,95.65,84
8,SR-HSE,0.000139,208,161,8,153,4.97,95.03,85
196,SR-HSE,0.000138,21,20,0,20,0.0,100.0,86
1,SR-HSE,0.000138,36,28,4,24,14.29,85.71,87
18,SR-HSE,0.000138,83,64,2,62,3.12,96.88,88
174,SR-HSE,0.000135,12,10,1,9,10.0,90.0,89
54,SR-HSE,0.000134,37,31,1,30,3.23,96.77,90
42,SR-HSE,0.000133,26,17,3,14,17.65,82.35,91
34,SR-HSE,0.000132,84,63,6,57,9.52,90.48,92
181,SR-HSE,0.00013,12,7,0,7,0.0,100.0,93
158,SR-HSE,0.000129,24,18,0,18,0.0,100.0,94
189,SR-HSE,0.000127,10,8,0,8,0.0,100.0,95
83,SR-HSE,0.000127,259,195,5,190,2.56,97.44,96
69,SR-HSE,0.000123,23,16,0,16,0.0,100.0,97
12,SR-HSE,0.000122,21,14,2,12,14.29,85.71,98
84,SR-HSE,0.000121,20,14,1,13,7.14,92.86,99
25,SR-HSE,0.00012,48,38,3,35,7.89,92.11,100
153,SR-HSE,0.00012,29,22,1,21,4.55,95.45,101
199,SR-HSE,0.00012,7,6,2,4,33.33,66.67,102
125,SR-HSE,0.000117,21,17,1,16,5.88,94.12,103
168,SR-HSE,0.000117,22,16,3,13,18.75,81.25,104
36,SR-HSE,0.000117,12,8,0,8,0.0,100.0,105
7,SR-HSE,0.000117,48,34,2,32,5.88,94.12,106
28,SR-HSE,0.000116,19,13,1,12,7.69,92.31,107
99,SR-HSE,0.000115,8,7,0,7,0.0,100.0,108
175,SR-HSE,0.000114,7,5,0,5,0.0,100.0,109
118,SR-HSE,0.000114,4,3,0,3,0.0,100.0,110
171,SR-HSE,0.000114,22,16,2,14,12.5,87.5,111
193,SR-HSE,0.000113,32,22,4,18,18.18,81.82,112
98,SR-HSE,0.000112,39,29,0,29,0.0,100.0,113
116,SR-HSE,0.000111,9,7,1,6,14.29,85.71,114
184,SR-HSE,0.000109,9,8,1,7,12.5,87.5,115
47,SR-HSE,0.000107,54,42,3,39,7.14,92.86,116
164,SR-HSE,0.000106,11,8,0,8,0.0,100.0,117
156,SR-HSE,0.000103,39,31,1,30,3.23,96.77,118
140,SR-HSE,0.000102,93,69,3,66,4.35,95.65,119
107,SR-HSE,0.000102,8,8,0,8,0.0,100.0,120
115,SR-HSE,0.000102,69,47,4,43,8.51,91.49,121
59,SR-HSE,0.000101,15,11,2,9,18.18,81.82,122
161,SR-HSE,0.000101,52,37,6,31,16.22,83.78,123
137,SR-HSE,0.000101,18,14,0,14,0.0,100.0,124
62,SR-HSE,9.9e-05,9,7,0,7,0.0,100.0,125
162,SR-HSE,9.9e-05,14,10,3,7,30.0,70.0,126
112,SR-HSE,9.7e-05,33,23,5,18,21.74,78.26,127
77,SR-HSE,9.7e-05,20,15,0,15,0.0,100.0,128
73,SR-HSE,9.6e-05,14,13,0,13,0.0,100.0,129
96,SR-HSE,9.6e-05,8,7,0,7,0.0,100.0,130
41,SR-HSE,9.6e-05,36,29,0,29,0.0,100.0,131
122,SR-HSE,9.5e-05,15,11,0,11,0.0,100.0,132
29,SR-HSE,9.5e-05,14,11,0,11,0.0,100.0,133
123,SR-HSE,9.3e-05,21,14,2,12,14.29,85.71,134
180,SR-HSE,9.3e-05,11,7,1,6,14.29,85.71,135
82,SR-HSE,9.3e-05,14,10,0,10,0.0,100.0,136
68,SR-HSE,9.2e-05,18,10,1,9,10.0,90.0,137
146,SR-HSE,9e-05,21,16,2,14,12.5,87.5,138
17,SR-HSE,8.9e-05,21,17,2,15,11.76,88.24,139
30,SR-HSE,8.9e-05,52,41,3,38,7.32,92.68,140
169,SR-HSE,8.8e-05,14,10,0,10,0.0,100.0,141
71,SR-HSE,8.8e-05,24,20,3,17,15.0,85.0,142
163,SR-HSE,8.7e-05,20,15,1,14,6.67,93.33,143
61,SR-HSE,8.5e-05,11,6,1,5,16.67,83.33,144
198,SR-HSE,8.4e-05,10,8,0,8,0.0,100.0,145
117,SR-HSE,8.1e-05,19,13,0,13,0.0,100.0,146
130,SR-HSE,8e-05,12,10,3,7,30.0,70.0,147
0,SR-HSE,7.9e-05,17,15,2,13,13.33,86.67,148
132,SR-HSE,7.8e-05,19,14,1,13,7.14,92.86,149
9,SR-HSE,7.7e-05,9,8,0,8,0.0,100.0,150
74,SR-HSE,7.6e-05,24,18,1,17,5.56,94.44,151
27,SR-HSE,7.3e-05,14,12,2,10,16.67,83.33,152
105,SR-HSE,7.1e-05,22,18,0,18,0.0,100.0,153
4,SR-HSE,7e-05,24,16,1,15,6.25,93.75,154
19,SR-HSE,7e-05,5,3,0,3,0.0,100.0,155
142,SR-HSE,6.9e-05,20,16,2,14,12.5,87.5,156
170,SR-HSE,6.7e-05,13,9,1,8,11.11,88.89,157
38,SR-HSE,6.6e-05,11,9,0,9,0.0,100.0,158
195,SR-HSE,6.4e-05,7,4,1,3,25.0,75.0,159
110,SR-HSE,6.4e-05,8,6,1,5,16.67,83.33,160
133,SR-HSE,6.4e-05,10,7,0,7,0.0,100.0,161
90,SR-HSE,6.2e-05,30,25,4,21,16.0,84.0,162
15,SR-HSE,6.2e-05,26,20,1,19,5.0,95.0,163
128,SR-HSE,6.1e-05,21,17,3,14,17.65,82.35,164
152,SR-HSE,6.1e-05,7,6,0,6,0.0,100.0,165
58,SR-HSE,6.1e-05,12,9,1,8,11.11,88.89,166
145,SR-HSE,5.9e-05,20,14,1,13,7.14,92.86,167
160,SR-HSE,5.9e-05,7,5,1,4,20.0,80.0,168
131,SR-HSE,5.9e-05,10,7,0,7,0.0,100.0,169
139,SR-HSE,5.5e-05,5,4,0,4,0.0,100.0,170
88,SR-HSE,5.2e-05,6,5,1,4,20.0,80.0,171
57,SR-HSE,5.1e-05,10,6,0,6,0.0,100.0,172
102,SR-HSE,5e-05,12,10,0,10,0.0,100.0,173
56,SR-HSE,5e-05,7,7,1,6,14.29,85.71,174
144,SR-HSE,4.9e-05,12,10,0,10,0.0,100.0,175
187,SR-HSE,4.8e-05,18,16,0,16,0.0,100.0,176
100,SR-HSE,4.7e-05,33,25,3,22,12.0,88.0,177
39,SR-HSE,4.7e-05,11,10,0,10,0.0,100.0,178
52,SR-HSE,4.4e-05,10,9,0,9,0.0,100.0,179
89,SR-HSE,4.3e-05,12,8,0,8,0.0,100.0,180
97,SR-HSE,4.3e-05,6,5,0,5,0.0,100.0,181
155,SR-HSE,4.1e-05,9,6,0,6,0.0,100.0,182
186,SR-HSE,4.1e-05,5,4,0,4,0.0,100.0,183
166,SR-HSE,3.9e-05,7,5,1,4,20.0,80.0,184
129,SR-HSE,3.8e-05,8,4,0,4,0.0,100.0,185
79,SR-HSE,3.6e-05,3,2,0,2,0.0,100.0,186
21,SR-HSE,3.6e-05,8,3,0,3,0.0,100.0,187
191,SR-HSE,3.6e-05,17,13,0,13,0.0,100.0,188
40,SR-HSE,3.4e-05,18,10,0,10,0.0,100.0,189
135,SR-HSE,3.3e-05,13,7,1,6,14.29,85.71,190
120,SR-HSE,3.1e-05,9,6,1,5,16.67,83.33,191
194,SR-HSE,3.1e-05,6,4,0,4,0.0,100.0,192
126,SR-HSE,2.6e-05,4,3,0,3,0.0,100.0,193
151,SR-HSE,2.6e-05,5,5,0,5,0.0,100.0,194
50,SR-HSE,2.5e-05,4,3,0,3,0.0,100.0,195
124,SR-HSE,2.4e-05,5,4,0,4,0.0,100.0,196
13,SR-HSE,2.2e-05,14,11,3,8,27.27,72.73,197
87,SR-HSE,2.2e-05,6,5,0,5,0.0,100.0,198
173,SR-HSE,1.2e-05,2,1,0,1,0.0,100.0,199
51,SR-MMP,0.000892,302,220,56,164,25.45,74.55,1
2,SR-MMP,0.000865,363,258,43,215,16.67,83.33,2
159,SR-MMP,0.000734,127,89,19,70,21.35,78.65,3
149,SR-MMP,0.000732,29,24,7,17,29.17,70.83,4
70,SR-MMP,0.000673,247,174,21,153,12.07,87.93,5
35,SR-MMP,0.000644,210,148,29,119,19.59,80.41,6
72,SR-MMP,0.0006,153,112,21,91,18.75,81.25,7
67,SR-MMP,0.000597,166,121,37,84,30.58,69.42,8
48,SR-MMP,0.000585,55,41,6,35,14.63,85.37,9
137,SR-MMP,0.000576,18,13,2,11,15.38,84.62,10
134,SR-MMP,0.000511,250,184,21,163,11.41,88.59,11
45,SR-MMP,0.000503,67,49,15,34,30.61,69.39,12
94,SR-MMP,0.000463,267,199,26,173,13.07,86.93,13
113,SR-MMP,0.00044,81,50,11,39,22.0,78.0,14
167,SR-MMP,0.000396,143,104,19,85,18.27,81.73,15
104,SR-MMP,0.000394,163,104,20,84,19.23,80.77,16
44,SR-MMP,0.000393,71,48,8,40,16.67,83.33,17
119,SR-MMP,0.000392,240,178,24,154,13.48,86.52,18
71,SR-MMP,0.000378,24,17,5,12,29.41,70.59,19
74,SR-MMP,0.00037,24,17,5,12,29.41,70.59,20
114,SR-MMP,0.00036,75,55,13,42,23.64,76.36,21
188,SR-MMP,0.000354,47,33,6,27,18.18,81.82,22
24,SR-MMP,0.000352,136,99,6,93,6.06,93.94,23
22,SR-MMP,0.000344,193,134,23,111,17.16,82.84,24
138,SR-MMP,0.000343,81,52,5,47,9.62,90.38,25
31,SR-MMP,0.000336,25,17,1,16,5.88,94.12,26
75,SR-MMP,0.000335,97,68,17,51,25.0,75.0,27
43,SR-MMP,0.000327,310,222,30,192,13.51,86.49,28
3,SR-MMP,0.000325,266,183,30,153,16.39,83.61,29
32,SR-MMP,0.000319,45,37,8,29,21.62,78.38,30
49,SR-MMP,0.000313,42,26,4,22,15.38,84.62,31
46,SR-MMP,0.000313,185,126,21,105,16.67,83.33,32
42,SR-MMP,0.000311,26,20,6,14,30.0,70.0,33
26,SR-MMP,0.000298,86,57,14,43,24.56,75.44,34
20,SR-MMP,0.000295,88,63,12,51,19.05,80.95,35
183,SR-MMP,0.000291,93,72,10,62,13.89,86.11,36
78,SR-MMP,0.000289,60,43,7,36,16.28,83.72,37
150,SR-MMP,0.000288,57,48,11,37,22.92,77.08,38
133,SR-MMP,0.000284,10,7,2,5,28.57,71.43,39
80,SR-MMP,0.000281,68,48,9,39,18.75,81.25,40
60,SR-MMP,0.000279,116,82,6,76,7.32,92.68,41
157,SR-MMP,0.000279,62,37,2,35,5.41,94.59,42
105,SR-MMP,0.000269,22,14,2,12,14.29,85.71,43
197,SR-MMP,0.000267,55,40,5,35,12.5,87.5,44
66,SR-MMP,0.000264,47,31,3,28,9.68,90.32,45
106,SR-MMP,0.000264,60,46,4,42,8.7,91.3,46
156,SR-MMP,0.000259,39,25,2,23,8.0,92.0,47
23,SR-MMP,0.000259,198,144,23,121,15.97,84.03,48
107,SR-MMP,0.000257,8,7,1,6,14.29,85.71,49
194,SR-MMP,0.000248,6,5,3,2,60.0,40.0,50
82,SR-MMP,0.000248,14,10,2,8,20.0,80.0,51
125,SR-MMP,0.000247,21,16,3,13,18.75,81.25,52
85,SR-MMP,0.000246,19,13,1,12,7.69,92.31,53
130,SR-MMP,0.000234,12,8,0,8,0.0,100.0,54
37,SR-MMP,0.000234,168,122,18,104,14.75,85.25,55
91,SR-MMP,0.00023,26,18,3,15,16.67,83.33,56
53,SR-MMP,0.000229,81,58,4,54,6.9,93.1,57
162,SR-MMP,0.000228,14,8,0,8,0.0,100.0,58
95,SR-MMP,0.000226,24,20,1,19,5.0,95.0,59
89,SR-MMP,0.000226,12,9,1,8,11.11,88.89,60
180,SR-MMP,0.000225,11,7,3,4,42.86,57.14,61
112,SR-MMP,0.000225,33,26,5,21,19.23,80.77,62
76,SR-MMP,0.00022,52,38,6,32,15.79,84.21,63
158,SR-MMP,0.000218,24,15,2,13,13.33,86.67,64
155,SR-MMP,0.000216,9,5,0,5,0.0,100.0,65
92,SR-MMP,0.000214,35,22,6,16,27.27,72.73,66
10,SR-MMP,0.000213,96,67,11,56,16.42,83.58,67
81,SR-MMP,0.000208,47,34,2,32,5.88,94.12,68
179,SR-MMP,0.000207,56,34,7,27,20.59,79.41,69
29,SR-MMP,0.000207,14,11,1,10,9.09,90.91,70
9,SR-MMP,0.000207,9,7,0,7,0.0,100.0,71
8,SR-MMP,0.000206,208,139,22,117,15.83,84.17,72
62,SR-MMP,0.000205,9,7,3,4,42.86,57.14,73
5,SR-MMP,0.000204,71,53,12,41,22.64,77.36,74
17,SR-MMP,0.000202,21,13,6,7,46.15,53.85,75
115,SR-MMP,0.000201,69,43,12,31,27.91,72.09,76
146,SR-MMP,0.0002,21,16,4,12,25.0,75.0,77
54,SR-MMP,0.000196,37,29,1,28,3.45,96.55,78
33,SR-MMP,0.000195,43,28,5,23,17.86,82.14,79
132,SR-MMP,0.000194,19,12,3,9,25.0,75.0,80
93,SR-MMP,0.000194,9,5,1,4,20.0,80.0,81
178,SR-MMP,0.000194,27,20,3,17,15.0,85.0,82
142,SR-MMP,0.000194,20,14,2,12,14.29,85.71,83
65,SR-MMP,0.000193,119,89,12,77,13.48,86.52,84
108,SR-MMP,0.000191,28,18,2,16,11.11,88.89,85
18,SR-MMP,0.00019,83,57,11,46,19.3,80.7,86
83,SR-MMP,0.000188,259,184,28,156,15.22,84.78,87
174,SR-MMP,0.000187,12,10,1,9,10.0,90.0,88
34,SR-MMP,0.000186,84,57,12,45,21.05,78.95,89
30,SR-MMP,0.000182,52,41,10,31,24.39,75.61,90
116,SR-MMP,0.000182,9,6,2,4,33.33,66.67,91
187,SR-MMP,0.000181,18,13,1,12,7.69,92.31,92
128,SR-MMP,0.000181,21,13,2,11,15.38,84.62,93
64,SR-MMP,0.00018,27,20,3,17,15.0,85.0,94
139,SR-MMP,0.000177,5,3,0,3,0.0,100.0,95
109,SR-MMP,0.000175,42,30,2,28,6.67,93.33,96
98,SR-MMP,0.000173,39,29,4,25,13.79,86.21,97
163,SR-MMP,0.000172,20,14,3,11,21.43,78.57,98
123,SR-MMP,0.000171,21,15,2,13,13.33,86.67,99
176,SR-MMP,0.000171,39,32,2,30,6.25,93.75,100
196,SR-MMP,0.000169,21,16,3,13,18.75,81.25,101
47,SR-MMP,0.000169,54,39,8,31,20.51,79.49,102
110,SR-MMP,0.000167,8,6,3,3,50.0,50.0,103
11,SR-MMP,0.000164,23,18,3,15,16.67,83.33,104
27,SR-MMP,0.000164,14,11,4,7,36.36,63.64,105
6,SR-MMP,0.000164,51,31,4,27,12.9,87.1,106
63,SR-MMP,0.000163,21,18,4,14,22.22,77.78,107
14,SR-MMP,0.000163,341,242,39,203,16.12,83.88,108
169,SR-MMP,0.000163,14,9,3,6,33.33,66.67,109
153,SR-MMP,0.000162,29,18,4,14,22.22,77.78,110
193,SR-MMP,0.000162,32,23,5,18,21.74,78.26,111
61,SR-MMP,0.000158,11,6,2,4,33.33,66.67,112
172,SR-MMP,0.000158,12,8,1,7,12.5,87.5,113
185,SR-MMP,0.000156,39,28,2,26,7.14,92.86,114
148,SR-MMP,0.000155,26,18,2,16,11.11,88.89,115
171,SR-MMP,0.000155,22,18,3,15,16.67,83.33,116
143,SR-MMP,0.000155,12,6,1,5,16.67,83.33,117
103,SR-MMP,0.000154,12,12,4,8,33.33,66.67,118
101,SR-MMP,0.000153,36,27,7,20,25.93,74.07,119
16,SR-MMP,0.00015,103,78,9,69,11.54,88.46,120
190,SR-MMP,0.000149,35,30,5,25,16.67,83.33,121
120,SR-MMP,0.000149,9,5,1,4,20.0,80.0,122
182,SR-MMP,0.000147,14,8,1,7,12.5,87.5,123
161,SR-MMP,0.000147,52,36,11,25,30.56,69.44,124
68,SR-MMP,0.000147,18,15,4,11,26.67,73.33,125
1,SR-MMP,0.000146,36,24,6,18,25.0,75.0,126
28,SR-MMP,0.000146,19,12,3,9,25.0,75.0,127
56,SR-MMP,0.000146,7,4,1,3,25.0,75.0,128
36,SR-MMP,0.000144,12,10,3,7,30.0,70.0,129
118,SR-MMP,0.000142,4,2,1,1,50.0,50.0,130
86,SR-MMP,0.000141,19,11,0,11,0.0,100.0,131
7,SR-MMP,0.000141,48,33,5,28,15.15,84.85,132
166,SR-MMP,0.000141,7,6,3,3,50.0,50.0,133
136,SR-MMP,0.00014,8,6,0,6,0.0,100.0,134
59,SR-MMP,0.000139,15,9,1,8,11.11,88.89,135
186,SR-MMP,0.000138,5,5,1,4,20.0,80.0,136
69,SR-MMP,0.000137,23,20,2,18,10.0,90.0,137
102,SR-MMP,0.000132,12,11,1,10,9.09,90.91,138
140,SR-MMP,0.00013,93,69,11,58,15.94,84.06,139
55,SR-MMP,0.00013,45,34,5,29,14.71,85.29,140
173,SR-MMP,0.00013,2,1,0,1,0.0,100.0,141
145,SR-MMP,0.000129,20,12,4,8,33.33,66.67,142
100,SR-MMP,0.000128,33,23,1,22,4.35,95.65,143
147,SR-MMP,0.000126,13,8,2,6,25.0,75.0,144
135,SR-MMP,0.000126,13,8,0,8,0.0,100.0,145
12,SR-MMP,0.000124,21,15,3,12,20.0,80.0,146
117,SR-MMP,0.000123,19,12,2,10,16.67,83.33,147
57,SR-MMP,0.000121,10,9,1,8,11.11,88.89,148
189,SR-MMP,0.000121,10,3,0,3,0.0,100.0,149
4,SR-MMP,0.000119,24,17,3,14,17.65,82.35,150
144,SR-MMP,0.000119,12,11,2,9,18.18,81.82,151
25,SR-MMP,0.000118,48,39,5,34,12.82,87.18,152
154,SR-MMP,0.000117,27,20,4,16,20.0,80.0,153
90,SR-MMP,0.000111,30,21,3,18,14.29,85.71,154
121,SR-MMP,0.000109,11,8,1,7,12.5,87.5,155
58,SR-MMP,0.000108,12,10,2,8,20.0,80.0,156
15,SR-MMP,0.000104,26,18,6,12,33.33,66.67,157
165,SR-MMP,0.000104,8,6,1,5,16.67,83.33,158
13,SR-MMP,0.000103,14,7,1,6,14.29,85.71,159
177,SR-MMP,0.000103,26,15,3,12,20.0,80.0,160
191,SR-MMP,0.000101,17,13,2,11,15.38,84.62,161
21,SR-MMP,0.000101,8,7,1,6,14.29,85.71,162
181,SR-MMP,9.8e-05,12,8,0,8,0.0,100.0,163
88,SR-MMP,9.7e-05,6,3,0,3,0.0,100.0,164
41,SR-MMP,9.5e-05,36,27,5,22,18.52,81.48,165
141,SR-MMP,9.3e-05,8,7,1,6,14.29,85.71,166
168,SR-MMP,9.2e-05,22,18,5,13,27.78,72.22,167
111,SR-MMP,8.9e-05,16,13,2,11,15.38,84.62,168
192,SR-MMP,8.6e-05,6,3,0,3,0.0,100.0,169
96,SR-MMP,8.5e-05,8,8,0,8,0.0,100.0,170
152,SR-MMP,8.2e-05,7,6,2,4,33.33,66.67,171
84,SR-MMP,8.2e-05,20,11,2,9,18.18,81.82,172
170,SR-MMP,8e-05,13,10,1,9,10.0,90.0,173
73,SR-MMP,7.8e-05,14,10,1,9,10.0,90.0,174
160,SR-MMP,7.7e-05,7,5,2,3,40.0,60.0,175
79,SR-MMP,7.7e-05,3,2,0,2,0.0,100.0,176
164,SR-MMP,7.5e-05,11,7,2,5,28.57,71.43,177
199,SR-MMP,7.4e-05,7,6,0,6,0.0,100.0,178
77,SR-MMP,7.1e-05,20,13,1,12,7.69,92.31,179
175,SR-MMP,6.9e-05,7,5,1,4,20.0,80.0,180
124,SR-MMP,6.8e-05,5,4,0,4,0.0,100.0,181
99,SR-MMP,6.4e-05,8,4,0,4,0.0,100.0,182
184,SR-MMP,6.3e-05,9,8,1,7,12.5,87.5,183
195,SR-MMP,5.6e-05,7,5,0,5,0.0,100.0,184
151,SR-MMP,5.6e-05,5,3,0,3,0.0,100.0,185
131,SR-MMP,5.5e-05,10,9,1,8,11.11,88.89,186
87,SR-MMP,5.5e-05,6,4,0,4,0.0,100.0,187
127,SR-MMP,5.3e-05,2,2,1,1,50.0,50.0,188
40,SR-MMP,5.1e-05,18,14,0,14,0.0,100.0,189
122,SR-MMP,5e-05,15,7,0,7,0.0,100.0,190
129,SR-MMP,5e-05,8,6,0,6,0.0,100.0,191
38,SR-MMP,4.9e-05,11,10,2,8,20.0,80.0,192
97,SR-MMP,4.1e-05,6,5,0,5,0.0,100.0,193
50,SR-MMP,3.9e-05,4,2,0,2,0.0,100.0,194
0,SR-MMP,3.6e-05,17,16,4,12,25.0,75.0,195
39,SR-MMP,3.2e-05,11,9,0,9,0.0,100.0,196
198,SR-MMP,3.1e-05,10,4,0,4,0.0,100.0,197
52,SR-MMP,2e-05,10,8,0,8,0.0,100.0,198
126,SR-MMP,1.3e-05,4,1,0,1,0.0,100.0,199
19,SR-MMP,9e-06,5,4,0,4,0.0,100.0,200
2,SR-p53,0.001497,363,300,18,282,6.0,94.0,1
24,SR-p53,0.001081,136,125,13,112,10.4,89.6,2
119,SR-p53,0.000786,240,199,6,193,3.02,96.98,3
51,SR-p53,0.000747,302,263,29,234,11.03,88.97,4
94,SR-p53,0.000728,267,237,24,213,10.13,89.87,5
70,SR-p53,0.000702,247,209,19,190,9.09,90.91,6
48,SR-p53,0.000691,55,46,3,43,6.52,93.48,7
49,SR-p53,0.000687,42,34,4,30,11.76,88.24,8
157,SR-p53,0.000659,62,49,4,45,8.16,91.84,9
196,SR-p53,0.000624,21,21,2,19,9.52,90.48,10
104,SR-p53,0.000607,163,138,11,127,7.97,92.03,11
81,SR-p53,0.000607,47,41,3,38,7.32,92.68,12
67,SR-p53,0.000589,166,137,17,120,12.41,87.59,13
167,SR-p53,0.000588,143,122,10,112,8.2,91.8,14
185,SR-p53,0.000569,39,35,3,32,8.57,91.43,15
134,SR-p53,0.00056,250,208,18,190,8.65,91.35,16
35,SR-p53,0.000551,210,183,19,164,10.38,89.62,17
43,SR-p53,0.000545,310,266,21,245,7.89,92.11,18
22,SR-p53,0.000544,193,158,12,146,7.59,92.41,19
149,SR-p53,0.000517,29,25,3,22,12.0,88.0,20
82,SR-p53,0.000515,14,12,1,11,8.33,91.67,21
31,SR-p53,0.000499,25,19,2,17,10.53,89.47,22
95,SR-p53,0.000498,24,20,0,20,0.0,100.0,23
197,SR-p53,0.000493,55,51,2,49,3.92,96.08,24
183,SR-p53,0.000487,93,78,5,73,6.41,93.59,25
72,SR-p53,0.000487,153,130,10,120,7.69,92.31,26
75,SR-p53,0.000483,97,83,11,72,13.25,86.75,27
46,SR-p53,0.000471,185,152,11,141,7.24,92.76,28
60,SR-p53,0.000469,116,98,6,92,6.12,93.88,29
178,SR-p53,0.000468,27,23,1,22,4.35,95.65,30
78,SR-p53,0.000465,60,52,4,48,7.69,92.31,31
3,SR-p53,0.000462,266,227,17,210,7.49,92.51,32
45,SR-p53,0.000452,67,52,9,43,17.31,82.69,33
109,SR-p53,0.000451,42,41,1,40,2.44,97.56,34
91,SR-p53,0.00045,26,24,0,24,0.0,100.0,35
138,SR-p53,0.000445,81,73,6,67,8.22,91.78,36
159,SR-p53,0.000441,127,111,7,104,6.31,93.69,37
23,SR-p53,0.000438,198,165,12,153,7.27,92.73,38
162,SR-p53,0.000433,14,13,1,12,7.69,92.31,39
37,SR-p53,0.000433,168,138,12,126,8.7,91.3,40
193,SR-p53,0.000426,32,24,3,21,12.5,87.5,41
44,SR-p53,0.000415,71,61,6,55,9.84,90.16,42
65,SR-p53,0.000409,119,100,5,95,5.0,95.0,43
74,SR-p53,0.000408,24,20,2,18,10.0,90.0,44
85,SR-p53,0.000402,19,18,2,16,11.11,88.89,45
148,SR-p53,0.000401,26,23,1,22,4.35,95.65,46
98,SR-p53,0.000399,39,31,2,29,6.45,93.55,47
150,SR-p53,0.000391,57,48,4,44,8.33,91.67,48
188,SR-p53,0.000388,47,44,5,39,11.36,88.64,49
146,SR-p53,0.000384,21,20,2,18,10.0,90.0,50
121,SR-p53,0.000382,11,9,1,8,11.11,88.89,51
154,SR-p53,0.000382,27,25,1,24,4.0,96.0,52
8,SR-p53,0.000379,208,175,15,160,8.57,91.43,53
80,SR-p53,0.000375,68,57,7,50,12.28,87.72,54
6,SR-p53,0.00037,51,41,5,36,12.2,87.8,55
41,SR-p53,0.00037,36,33,3,30,9.09,90.91,56
176,SR-p53,0.000368,39,36,5,31,13.89,86.11,57
114,SR-p53,0.000364,75,63,2,61,3.17,96.83,58
180,SR-p53,0.000364,11,11,4,7,36.36,63.64,59
92,SR-p53,0.000363,35,27,4,23,14.81,85.19,60
179,SR-p53,0.000349,56,43,5,38,11.63,88.37,61
142,SR-p53,0.000339,20,13,1,12,7.69,92.31,62
5,SR-p53,0.00033,71,54,5,49,9.26,90.74,63
107,SR-p53,0.000322,8,8,0,8,0.0,100.0,64
105,SR-p53,0.000315,22,18,2,16,11.11,88.89,65
101,SR-p53,0.000312,36,33,3,30,9.09,90.91,66
63,SR-p53,0.000309,21,19,3,16,15.79,84.21,67
190,SR-p53,0.000309,35,32,4,28,12.5,87.5,68
68,SR-p53,0.000306,18,14,1,13,7.14,92.86,69
113,SR-p53,0.000306,81,66,8,58,12.12,87.88,70
12,SR-p53,0.000299,21,20,6,14,30.0,70.0,71
55,SR-p53,0.000288,45,38,3,35,7.89,92.11,72
26,SR-p53,0.000279,86,75,13,62,17.33,82.67,73
156,SR-p53,0.000276,39,30,0,30,0.0,100.0,74
186,SR-p53,0.000272,5,4,0,4,0.0,100.0,75
25,SR-p53,0.00027,48,45,6,39,13.33,86.67,76
10,SR-p53,0.00027,96,86,10,76,11.63,88.37,77
53,SR-p53,0.000267,81,67,4,63,5.97,94.03,78
182,SR-p53,0.000262,14,9,0,9,0.0,100.0,79
163,SR-p53,0.00026,20,14,0,14,0.0,100.0,80
147,SR-p53,0.000259,13,11,2,9,18.18,81.82,81
16,SR-p53,0.000258,103,86,14,72,16.28,83.72,82
20,SR-p53,0.000253,88,73,3,70,4.11,95.89,83
158,SR-p53,0.000253,24,20,3,17,15.0,85.0,84
108,SR-p53,0.000253,28,21,1,20,4.76,95.24,85
144,SR-p53,0.000247,12,10,0,10,0.0,100.0,86
62,SR-p53,0.000244,9,7,0,7,0.0,100.0,87
1,SR-p53,0.000243,36,31,5,26,16.13,83.87,88
18,SR-p53,0.000242,83,69,7,62,10.14,89.86,89
34,SR-p53,0.00024,84,64,5,59,7.81,92.19,90
76,SR-p53,0.000237,52,43,2,41,4.65,95.35,91
177,SR-p53,0.000236,26,21,2,19,9.52,90.48,92
103,SR-p53,0.000234,12,11,2,9,18.18,81.82,93
14,SR-p53,0.000234,341,288,25,263,8.68,91.32,94
77,SR-p53,0.000232,20,17,1,16,5.88,94.12,95
128,SR-p53,0.000231,21,17,2,15,11.76,88.24,96
58,SR-p53,0.00023,12,8,0,8,0.0,100.0,97
111,SR-p53,0.000228,16,14,0,14,0.0,100.0,98
130,SR-p53,0.000227,12,8,0,8,0.0,100.0,99
99,SR-p53,0.000226,8,6,0,6,0.0,100.0,100
100,SR-p53,0.000225,33,26,2,24,7.69,92.31,101
199,SR-p53,0.000224,7,7,0,7,0.0,100.0,102
32,SR-p53,0.000223,45,35,3,32,8.57,91.43,103
27,SR-p53,0.000223,14,12,2,10,16.67,83.33,104
123,SR-p53,0.000222,21,20,3,17,15.0,85.0,105
106,SR-p53,0.000221,60,55,8,47,14.55,85.45,106
42,SR-p53,0.000216,26,17,0,17,0.0,100.0,107
171,SR-p53,0.000215,22,19,3,16,15.79,84.21,108
56,SR-p53,0.000215,7,6,0,6,0.0,100.0,109
132,SR-p53,0.000214,19,16,2,14,12.5,87.5,110
83,SR-p53,0.000213,259,219,18,201,8.22,91.78,111
122,SR-p53,0.000212,15,14,1,13,7.14,92.86,112
145,SR-p53,0.00021,20,16,1,15,6.25,93.75,113
66,SR-p53,0.000209,47,35,3,32,8.57,91.43,114
54,SR-p53,0.000209,37,35,4,31,11.43,88.57,115
90,SR-p53,0.000208,30,23,1,22,4.35,95.65,116
33,SR-p53,0.000207,43,33,5,28,15.15,84.85,117
187,SR-p53,0.000204,18,16,2,14,12.5,87.5,118
117,SR-p53,0.000201,19,14,1,13,7.14,92.86,119
15,SR-p53,0.000198,26,20,1,19,5.0,95.0,120
191,SR-p53,0.000192,17,14,2,12,14.29,85.71,121
136,SR-p53,0.00019,8,7,0,7,0.0,100.0,122
71,SR-p53,0.000189,24,18,3,15,16.67,83.33,123
131,SR-p53,0.000188,10,9,0,9,0.0,100.0,124
169,SR-p53,0.000185,14,13,1,12,7.69,92.31,125
160,SR-p53,0.000185,7,6,1,5,16.67,83.33,126
125,SR-p53,0.000184,21,19,1,18,5.26,94.74,127
168,SR-p53,0.000182,22,17,3,14,17.65,82.35,128
133,SR-p53,0.00018,10,9,0,9,0.0,100.0,129
73,SR-p53,0.000178,14,12,0,12,0.0,100.0,130
57,SR-p53,0.000176,10,9,1,8,11.11,88.89,131
120,SR-p53,0.000176,9,6,1,5,16.67,83.33,132
38,SR-p53,0.000175,11,11,0,11,0.0,100.0,133
0,SR-p53,0.000175,17,16,3,13,18.75,81.25,134
198,SR-p53,0.000175,10,9,2,7,22.22,77.78,135
11,SR-p53,0.000174,23,22,1,21,4.55,95.45,136
116,SR-p53,0.000173,9,6,2,4,33.33,66.67,137
61,SR-p53,0.000173,11,7,1,6,14.29,85.71,138
140,SR-p53,0.000171,93,80,4,76,5.0,95.0,139
170,SR-p53,0.00017,13,11,2,9,18.18,81.82,140
153,SR-p53,0.000165,29,23,2,21,8.7,91.3,141
166,SR-p53,0.000165,7,7,0,7,0.0,100.0,142
30,SR-p53,0.000164,52,44,7,37,15.91,84.09,143
137,SR-p53,0.000164,18,15,0,15,0.0,100.0,144
155,SR-p53,0.000163,9,7,1,6,14.29,85.71,145
47,SR-p53,0.000162,54,45,3,42,6.67,93.33,146
143,SR-p53,0.000157,12,10,2,8,20.0,80.0,147
161,SR-p53,0.000157,52,40,7,33,17.5,82.5,148
174,SR-p53,0.000156,12,11,2,9,18.18,81.82,149
59,SR-p53,0.000155,15,13,2,11,15.38,84.62,150
36,SR-p53,0.000155,12,10,0,10,0.0,100.0,151
172,SR-p53,0.000152,12,11,3,8,27.27,72.73,152
115,SR-p53,0.000151,69,52,6,46,11.54,88.46,153
164,SR-p53,0.000149,11,10,1,9,10.0,90.0,154
89,SR-p53,0.000148,12,12,3,9,25.0,75.0,155
64,SR-p53,0.000147,27,22,3,19,13.64,86.36,156
112,SR-p53,0.000146,33,26,3,23,11.54,88.46,157
129,SR-p53,0.000144,8,8,1,7,12.5,87.5,158
88,SR-p53,0.000144,6,4,1,3,25.0,75.0,159
194,SR-p53,0.000144,6,5,2,3,40.0,60.0,160
7,SR-p53,0.000142,48,43,6,37,13.95,86.05,161
13,SR-p53,0.000141,14,11,1,10,9.09,90.91,162
9,SR-p53,0.000138,9,8,0,8,0.0,100.0,163
4,SR-p53,0.000131,24,21,2,19,9.52,90.48,164
195,SR-p53,0.000125,7,6,1,5,16.67,83.33,165
39,SR-p53,0.000122,11,11,1,10,9.09,90.91,166
151,SR-p53,0.000118,5,4,0,4,0.0,100.0,167
69,SR-p53,0.000117,23,21,3,18,14.29,85.71,168
28,SR-p53,0.000116,19,13,2,11,15.38,84.62,169
87,SR-p53,0.000116,6,4,0,4,0.0,100.0,170
52,SR-p53,0.000114,10,8,1,7,12.5,87.5,171
184,SR-p53,0.000112,9,8,0,8,0.0,100.0,172
96,SR-p53,0.000112,8,7,0,7,0.0,100.0,173
84,SR-p53,0.000108,20,13,3,10,23.08,76.92,174
192,SR-p53,0.000108,6,6,0,6,0.0,100.0,175
93,SR-p53,0.000106,9,8,2,6,25.0,75.0,176
189,SR-p53,0.000105,10,10,2,8,20.0,80.0,177
141,SR-p53,0.000103,8,8,1,7,12.5,87.5,178
21,SR-p53,0.000103,8,7,1,6,14.29,85.71,179
29,SR-p53,0.000103,14,14,2,12,14.29,85.71,180
79,SR-p53,0.000102,3,3,1,2,33.33,66.67,181
181,SR-p53,9.8e-05,12,10,0,10,0.0,100.0,182
165,SR-p53,9.7e-05,8,8,0,8,0.0,100.0,183
17,SR-p53,9.5e-05,21,17,4,13,23.53,76.47,184
110,SR-p53,9.5e-05,8,7,1,6,14.29,85.71,185
126,SR-p53,9.1e-05,4,2,0,2,0.0,100.0,186
102,SR-p53,8.7e-05,12,11,0,11,0.0,100.0,187
139,SR-p53,8.7e-05,5,5,0,5,0.0,100.0,188
40,SR-p53,8.6e-05,18,13,1,12,7.69,92.31,189
86,SR-p53,8.3e-05,19,16,4,12,25.0,75.0,190
118,SR-p53,7.6e-05,4,4,1,3,25.0,75.0,191
152,SR-p53,6.7e-05,7,6,1,5,16.67,83.33,192
173,SR-p53,6.4e-05,2,2,0,2,0.0,100.0,193
175,SR-p53,5.5e-05,7,7,2,5,28.57,71.43,194
124,SR-p53,4.7e-05,5,5,1,4,20.0,80.0,195
97,SR-p53,4.1e-05,6,5,0,5,0.0,100.0,196
135,SR-p53,3.9e-05,13,13,3,10,23.08,76.92,197
19,SR-p53,3.3e-05,5,3,0,3,0.0,100.0,198
127,SR-p53,2.8e-05,2,1,0,1,0.0,100.0,199
50,SR-p53,2.1e-05,4,4,0,4,0.0,100.0,200
